Initialized 500 particles randomly without overlaps.
Particle Positions:
Particle 0: 2.10412, 7.94847, 3.63119
Particle 1: 4.3518, 3.67774, 7.98601
Particle 2: 5.93806, 6.49993, 0.0461864
Particle 3: 5.45031, 0.700391, 6.14817
Particle 4: 3.93596, 6.79464, 4.70321
Particle 5: 3.81208, 4.94554, 5.89324
Particle 6: 6.37055, 2.56611, 5.51347
Particle 7: 4.97318, 7.91252, 6.73614
Particle 8: 1.8551, 4.65536, 3.51395
Particle 9: 2.12664, 7.19583, 7.17189
Particle 10: 6.66889, 7.42982, 1.05602
Particle 11: 8.05104, 0.836363, 4.92422
Particle 12: 0.869354, 1.23546, 2.64228
Particle 13: 0.556009, 4.75225, 0.127409
Particle 14: 3.83047, 2.42549, 4.15663
Particle 15: 6.95564, 5.13202, 7.87545
Particle 16: 6.64816, 6.61588, 6.026
Particle 17: 1.64959, 5.22501, 2.77918
Particle 18: 5.21423, 0.518962, 3.59033
Particle 19: 4.19006, 1.56707, 6.48477
Particle 20: 3.39988, 7.70894, 0.39141
Particle 21: 5.65648, 4.41316, 1.1597
Particle 22: 3.79898, 1.16456, 0.990737
Particle 23: 0.331235, 6.92803, 8.09862
Particle 24: 5.46327, 2.86466, 0.677391
Particle 25: 7.88875, 3.20921, 3.71214
Particle 26: 6.28462, 5.40321, 2.44778
Particle 27: 7.16039, 5.59598, 0.875946
Particle 28: 0.540651, 6.21435, 7.44636
Particle 29: 7.19358, 7.94958, 5.98787
Particle 30: 6.68252, 0.661831, 1.95793
Particle 31: 2.87569, 7.72213, 2.86219
Particle 32: 6.50887, 1.4886, 0.298667
Particle 33: 7.80083, 1.60999, 4.71968
Particle 34: 3.28383, 5.93262, 3.83155
Particle 35: 1.72696, 1.42476, 6.58828
Particle 36: 4.54376, 4.34745, 6.25702
Particle 37: 1.91973, 4.74849, 4.32165
Particle 38: 3.92538, 3.97485, 5.38126
Particle 39: 4.1958, 6.20698, 2.29809
Particle 40: 3.36237, 3.97095, 3.32451
Particle 41: 2.87116, 0.810092, 6.2337
Particle 42: 6.95883, 4.31041, 7.94484
Particle 43: 7.19379, 0.0780383, 8.076
Particle 44: 0.398554, 1.70976, 3.42783
Particle 45: 0.799591, 7.57109, 2.84289
Particle 46: 5.45858, 4.48792, 7.752
Particle 47: 1.20952, 0.407566, 4.6638
Particle 48: 2.31828, 3.76558, 6.91857
Particle 49: 5.09162, 1.77928, 2.5588
Particle 50: 7.43879, 1.50412, 7.90765
Particle 51: 0.859253, 1.64812, 6.64647
Particle 52: 5.65099, 3.14404, 7.67268
Particle 53: 5.59285, 3.93394, 3.00303
Particle 54: 7.78268, 0.828678, 6.01656
Particle 55: 4.0506, 1.29668, 5.649
Particle 56: 0.122543, 0.958094, 4.1229
Particle 57: 6.31817, 4.7031, 6.41538
Particle 58: 3.40595, 5.01546, 6.89624
Particle 59: 3.16593, 6.58898, 7.67746
Particle 60: 1.91003, 7.1363, 0.316712
Particle 61: 7.75314, 0.137826, 2.88573
Particle 62: 4.4008, 5.07915, 0.907479
Particle 63: 4.64788, 2.87571, 1.71968
Particle 64: 2.27544, 5.44671, 2.157
Particle 65: 3.68503, 5.66086, 6.32639
Particle 66: 5.49306, 6.68205, 2.68335
Particle 67: 4.2255, 7.16291, 3.51227
Particle 68: 1.51078, 1.28292, 3.27225
Particle 69: 6.84705, 6.61719, 6.85778
Particle 70: 6.4521, 2.51029, 7.32463
Particle 71: 0.893665, 0.527223, 1.13299
Particle 72: 0.644289, 6.06387, 5.66796
Particle 73: 0.377623, 3.25797, 2.94102
Particle 74: 3.03434, 1.34343, 7.72548
Particle 75: 3.90274, 6.29118, 3.08899
Particle 76: 5.50555, 4.92895, 3.62023
Particle 77: 0.204167, 4.03358, 2.24727
Particle 78: 0.252717, 7.52955, 4.57284
Particle 79: 7.37088, 0.301477, 4.32346
Particle 80: 0.600631, 4.7905, 3.51891
Particle 81: 8.20476, 0.154009, 0.950144
Particle 82: 4.94419, 4.75378, 5.26741
Particle 83: 1.74666, 4.41603, 7.59958
Particle 84: 2.43711, 0.768867, 8.06048
Particle 85: 2.23892, 0.551507, 5.39892
Particle 86: 5.66842, 5.25259, 6.24804
Particle 87: 7.8366, 3.1684, 2.57259
Particle 88: 0.229395, 4.10146, 4.51665
Particle 89: 1.1891, 7.2922, 1.25608
Particle 90: 4.1093, 7.37483, 6.12686
Particle 91: 1.6948, 2.58179, 2.68617
Particle 92: 4.47069, 4.13073, 2.5879
Particle 93: 4.02272, 2.04009, 0.109867
Particle 94: 3.76435, 6.52388, 0.996342
Particle 95: 0.747075, 4.878, 5.44299
Particle 96: 6.38529, 0.655821, 7.43922
Particle 97: 4.7371, 0.74416, 1.68104
Particle 98: 2.66168, 3.03284, 7.97336
Particle 99: 7.6075, 5.51087, 6.85144
Particle 100: 5.91138, 1.71279, 2.65416
Particle 101: 2.12213, 0.379106, 7.10981
Particle 102: 1.21987, 3.15612, 4.02936
Particle 103: 2.40015, 7.37342, 1.2591
Particle 104: 6.56401, 0.834464, 4.29735
Particle 105: 4.68883, 0.587828, 0.814452
Particle 106: 6.13044, 5.70571, 4.74387
Particle 107: 7.60043, 7.07427, 2.04854
Particle 108: 2.33237, 3.79989, 2.66104
Particle 109: 5.50853, 2.6897, 4.96965
Particle 110: 5.86759, 6.88034, 5.37247
Particle 111: 3.31229, 1.51895, 5.94308
Particle 112: 4.15887, 7.96014, 8.1
Particle 113: 2.73658, 2.84834, 4.17613
Particle 114: 2.81437, 1.49499, 0.599415
Particle 115: 3.07423, 1.37499, 4.30829
Particle 116: 2.80912, 2.25375, 5.91157
Particle 117: 3.01544, 2.59571, 1.11905
Particle 118: 7.29158, 2.37828, 5.12446
Particle 119: 3.43195, 1.12709, 2.86827
Particle 120: 2.08924, 1.86464, 7.92974
Particle 121: 1.60847, 7.1422, 2.51886
Particle 122: 5.40509, 3.38586, 6.59551
Particle 123: 1.68781, 7.70241, 5.63061
Particle 124: 5.67692, 0.186247, 5.49172
Particle 125: 3.3895, 0.00915637, 5.96698
Particle 126: 1.87191, 5.90183, 7.92706
Particle 127: 6.70605, 7.52632, 3.07257
Particle 128: 5.67366, 5.85011, 7.13396
Particle 129: 2.24692, 8.17235, 4.47554
Particle 130: 4.46635, 0.375952, 6.0004
Particle 131: 4.78439, 1.19716, 5.18258
Particle 132: 4.08948, 1.78523, 2.53273
Particle 133: 5.35773, 1.0116, 4.2943
Particle 134: 2.43867, 4.95246, 7.72105
Particle 135: 3.12175, 4.98822, 2.79235
Particle 136: 3.99643, 7.94278, 4.62002
Particle 137: 6.0088, 2.80994, 3.3232
Particle 138: 6.94596, 0.114158, 6.96134
Particle 139: 8.20247, 4.59088, 1.61645
Particle 140: 2.82748, 6.95232, 2.60713
Particle 141: 1.32654, 4.92738, 6.33029
Particle 142: 3.18866, 0.806445, 5.05625
Particle 143: 4.55184, 6.12911, 7.17066
Particle 144: 7.27028, 7.28333, 0.309978
Particle 145: 7.8401, 1.97705, 6.98196
Particle 146: 7.33222, 7.58992, 6.96442
Particle 147: 6.12162, 7.29872, 6.63094
Particle 148: 7.31943, 3.72705, 1.82555
Particle 149: 6.95124, 1.82998, 6.29331
Particle 150: 7.0978, 5.28592, 2.45716
Particle 151: 4.02773, 2.45082, 5.52356
Particle 152: 5.0946, 5.36465, 2.30564
Particle 153: 4.9292, 6.18161, 0.888833
Particle 154: 1.76055, 6.01076, 4.40993
Particle 155: 2.06856, 3.82222, 5.27692
Particle 156: 7.98142, 5.7489, 4.92944
Particle 157: 6.2101, 0.903194, 2.96838
Particle 158: 1.25788, 6.79411, 5.03176
Particle 159: 1.76941, 0.514513, 1.01727
Particle 160: 0.701688, 2.77605, 7.1687
Particle 161: 0.85228, 7.33537, 6.93012
Particle 162: 3.65055, 0.276415, 2.55601
Particle 163: 6.88418, 0.213568, 5.22307
Particle 164: 8.12993, 2.97468, 6.2932
Particle 165: 7.03976, 2.87212, 0.668915
Particle 166: 1.91794, 3.67817, 1.79793
Particle 167: 5.78754, 3.52456, 3.85074
Particle 168: 0.343594, 4.57586, 6.13867
Particle 169: 0.541038, 5.86574, 2.78302
Particle 170: 4.11763, 3.45235, 6.23835
Particle 171: 0.559821, 2.68994, 5.33304
Particle 172: 5.87278, 2.67443, 6.71376
Particle 173: 1.25031, 2.20201, 1.4872
Particle 174: 1.54224, 3.31953, 6.32065
Particle 175: 6.39331, 7.58504, 7.50859
Particle 176: 2.51163, 4.86828, 0.538901
Particle 177: 6.42713, 6.6283, 4.47915
Particle 178: 1.49261, 6.4302, 2.17075
Particle 179: 7.64909, 0.654008, 7.59149
Particle 180: 5.57916, 0.338599, 1.91566
Particle 181: 3.18418, 3.96804, 6.15733
Particle 182: 3.39773, 1.88759, 7.14547
Particle 183: 4.69034, 4.44972, 0.319838
Particle 184: 2.47965, 1.49463, 2.321
Particle 185: 3.34015, 2.47988, 4.82744
Particle 186: 5.50874, 1.64592, 4.75862
Particle 187: 5.061, 6.30174, 3.45686
Particle 188: 4.56435, 5.89578, 5.07025
Particle 189: 1.17577, 2.50323, 0.157492
Particle 190: 7.63143, 8.21639, 1.88686
Particle 191: 4.84165, 8.14811, 2.1307
Particle 192: 7.43712, 1.79373, 3.21073
Particle 193: 1.90707, 3.49668, 8.18182
Particle 194: 2.02397, 3.68892, 0.745943
Particle 195: 5.32745, 0.153197, 2.73808
Particle 196: 0.949208, 0.461489, 3.11501
Particle 197: 5.56581, 4.20566, 4.31242
Particle 198: 2.5591, 1.33547, 3.13503
Particle 199: 1.54894, 5.18923, 0.161517
Particle 200: 7.62547, 1.58684, 1.26526
Particle 201: 6.49573, 3.18687, 4.23819
Particle 202: 7.6422, 4.24784, 6.29696
Particle 203: 0.757663, 0.837135, 7.81164
Particle 204: 6.01841, 0.266611, 6.80148
Particle 205: 0.985273, 4.24842, 7.39601
Particle 206: 5.58056, 6.66921, 6.25833
Particle 207: 3.48533, 7.81776, 7.56901
Particle 208: 1.86405, 0.617842, 4.18772
Particle 209: 1.54823, 6.71455, 6.0877
Particle 210: 0.292036, 3.8336, 7.30598
Particle 211: 0.71378, 5.3842, 7.52562
Particle 212: 4.30513, 0.10701, 7.36879
Particle 213: 7.3793, 3.69227, 5.24928
Particle 214: 4.77747, 2.49074, 0.373879
Particle 215: 3.95018, 6.23144, 7.98601
Particle 216: 2.36945, 1.91306, 6.96069
Particle 217: 5.09382, 5.99208, 7.87677
Particle 218: 2.26307, 2.23535, 4.8026
Particle 219: 0.311843, 2.48534, 3.70979
Particle 220: 3.43464, 0.215183, 3.65253
Particle 221: 3.14792, 6.61847, 6.46784
Particle 222: 7.84034, 6.07581, 0.415602
Particle 223: 4.18058, 7.49034, 0.617753
Particle 224: 2.53437, 4.48374, 5.62557
Particle 225: 0.932836, 6.2359, 4.37291
Particle 226: 6.4648, 1.98809, 1.76034
Particle 227: 0.626563, 3.31959, 0.0681423
Particle 228: 2.74569, 7.37199, 4.10756
Particle 229: 6.48195, 4.77756, 0.600065
Particle 230: 2.57976, 5.795, 5.36409
Particle 231: 7.98405, 4.38345, 0.268937
Particle 232: 6.64897, 2.06555, 3.17796
Particle 233: 2.89389, 4.21123, 0.00422263
Particle 234: 0.523044, 7.62095, 1.96684
Particle 235: 3.25304, 5.1921, 0.238498
Particle 236: 7.07301, 4.19011, 4.10764
Particle 237: 8.09618, 6.9719, 5.67867
Particle 238: 4.33505, 1.24388, 0.342945
Particle 239: 4.9341, 7.49704, 5.66905
Particle 240: 0.824709, 5.50042, 2.0279
Particle 241: 6.4322, 0.529913, 5.98362
Particle 242: 5.30825, 7.39915, 0.118611
Particle 243: 1.89767, 5.04736, 5.54107
Particle 244: 4.91912, 0.694944, 7.21272
Particle 245: 0.0618512, 5.35056, 1.27229
Particle 246: 4.86292, 3.79769, 1.7942
Particle 247: 7.3079, 3.70159, 0.216943
Particle 248: 2.31386, 7.81381, 6.65351
Particle 249: 5.77461, 3.70551, 2.02669
Particle 250: 2.77369, 4.93869, 6.30852
Particle 251: 8.1893, 2.71653, 0.304428
Particle 252: 7.09079, 4.90383, 5.13199
Particle 253: 3.81457, 0.825824, 6.34815
Particle 254: 5.19244, 2.73543, 4.03412
Particle 255: 6.68931, 7.4489, 4.52394
Particle 256: 3.6966, 4.72057, 1.09867
Particle 257: 1.8805, 2.13415, 3.68068
Particle 258: 3.50188, 4.86034, 3.63417
Particle 259: 4.77935, 3.11041, 5.17352
Particle 260: 2.74009, 2.33401, 3.40776
Particle 261: 3.35598, 4.31389, 7.48774
Particle 262: 2.67289, 5.56971, 4.51267
Particle 263: 4.8687, 5.73307, 3.99686
Particle 264: 2.21841, 2.02575, 1.64369
Particle 265: 5.72705, 1.92967, 3.90342
Particle 266: 4.38643, 4.3028, 4.29073
Particle 267: 6.94003, 3.59841, 3.07591
Particle 268: 6.29665, 3.0861, 1.7774
Particle 269: 5.40706, 6.89771, 4.29572
Particle 270: 5.42092, 0.0428387, 7.42822
Particle 271: 0.0999809, 2.62702, 1.7648
Particle 272: 1.96188, 1.11427, 0.51875
Particle 273: 1.03771, 3.30813, 0.909503
Particle 274: 5.21412, 1.47206, 6.85815
Particle 275: 3.3786, 3.37307, 2.56608
Particle 276: 1.45949, 1.13335, 1.51822
Particle 277: 3.16007, 3.40362, 4.69306
Particle 278: 3.44034, 7.04513, 1.5095
Particle 279: 6.11016, 3.50547, 4.9058
Particle 280: 6.42834, 1.30765, 5.25534
Particle 281: 2.2757, 2.96441, 0.517641
Particle 282: 1.2083, 5.16029, 4.83956
Particle 283: 6.41179, 3.80447, 6.50679
Particle 284: 6.78234, 6.66894, 2.3535
Particle 285: 1.52675, 1.03342, 7.95031
Particle 286: 8.14322, 4.64513, 7.5542
Particle 287: 6.862, 6.13593, 3.70111
Particle 288: 2.18213, 3.57881, 3.85012
Particle 289: 0.73742, 3.51886, 6.00572
Particle 290: 7.17452, 6.17141, 7.56968
Particle 291: 4.85194, 2.84001, 7.58739
Particle 292: 4.53995, 1.77897, 7.62862
Particle 293: 6.16904, 4.59283, 7.23797
Particle 294: 0.990453, 4.16403, 4.08508
Particle 295: 2.51079, 7.20813, 5.35855
Particle 296: 4.99985, 2.58979, 6.68087
Particle 297: 6.01172, 0.271659, 0.00604729
Particle 298: 7.23066, 2.19895, 2.16018
Particle 299: 1.12279, 6.52107, 3.29253
Particle 300: 6.37331, 5.04076, 5.68142
Particle 301: 7.01517, 3.23566, 7.69162
Particle 302: 0.700426, 8.15312, 0.378951
Particle 303: 6.4143, 7.87074, 1.7752
Particle 304: 7.82939, 5.65343, 4.05985
Particle 305: 2.51199, 5.10068, 3.37669
Particle 306: 5.69123, 2.5621, 1.79228
Particle 307: 3.91303, 6.24749, 5.51279
Particle 308: 7.24775, 5.94158, 1.9922
Particle 309: 6.76528, 3.72591, 1.01962
Particle 310: 7.45959, 3.07918, 4.40475
Particle 311: 7.69493, 6.64595, 3.05547
Particle 312: 0.697731, 7.95916, 5.52208
Particle 313: 1.4612, 7.56126, 7.82288
Particle 314: 5.99452, 6.19284, 3.41245
Particle 315: 7.71685, 3.77651, 1.02787
Particle 316: 6.29069, 4.24367, 5.15812
Particle 317: 5.30984, 6.03268, 5.63722
Particle 318: 7.52855, 6.80101, 3.87803
Particle 319: 4.93027, 7.56583, 4.86306
Particle 320: 0.1156, 1.45621, 2.33695
Particle 321: 1.55407, 4.37643, 2.01319
Particle 322: 0.449386, 2.17233, 6.18918
Particle 323: 1.54202, 7.03342, 4.16053
Particle 324: 8.21433, 7.79125, 7.81747
Particle 325: 0.11388, 0.961387, 0.642834
Particle 326: 2.30443, 2.89033, 5.40258
Particle 327: 3.65985, 3.21107, 5.38602
Particle 328: 7.16336, 3.04882, 6.58344
Particle 329: 5.8285, 0.135729, 4.10847
Particle 330: 6.91342, 0.566245, 0.930142
Particle 331: 0.0823571, 0.727522, 7.02557
Particle 332: 0.810594, 2.14996, 2.56548
Particle 333: 7.00601, 4.49527, 1.33015
Particle 334: 1.6314, 6.27881, 7.23517
Particle 335: 7.46384, 6.41056, 5.33888
Particle 336: 4.04213, 2.54509, 3.19306
Particle 337: 5.89102, 1.47795, 7.91458
Particle 338: 0.899041, 3.44571, 1.82828
Particle 339: 4.49612, 4.24086, 7.26307
Particle 340: 7.45813, 1.00521, 1.99286
Particle 341: 3.05459, 7.89252, 1.80626
Particle 342: 5.82271, 5.61712, 1.40603
Particle 343: 4.07757, 1.61688, 4.21132
Particle 344: 0.852641, 1.24241, 5.5567
Particle 345: 4.15038, 6.14615, 4.00593
Particle 346: 1.5475, 0.667816, 5.94467
Particle 347: 6.96573, 0.859589, 3.47961
Particle 348: 4.64651, 5.04149, 7.86374
Particle 349: 6.86058, 2.40848, 4.20904
Particle 350: 8.05669, 6.05328, 2.25067
Particle 351: 5.09993, 1.39284, 0.857916
Particle 352: 5.3301, 6.78154, 7.76103
Particle 353: 2.69731, 6.44418, 4.54195
Particle 354: 6.23025, 8.21795, 3.1811
Particle 355: 7.21232, 1.45935, 5.3241
Particle 356: 4.66583, 0.295469, 4.78574
Particle 357: 2.44558, 8.10722, 8.17813
Particle 358: 3.66903, 0.545296, 4.4085
Particle 359: 5.0413, 2.21402, 1.14381
Particle 360: 3.02924, 5.71652, 7.34892
Particle 361: 5.98374, 8.15306, 0.768566
Particle 362: 4.88226, 5.15111, 6.43313
Particle 363: 2.34455, 4.60522, 2.4712
Particle 364: 1.8634, 5.74305, 1.46924
Particle 365: 1.89028, 2.64377, 6.58294
Particle 366: 7.83842, 4.5648, 2.75213
Particle 367: 4.58943, 2.20324, 6.06113
Particle 368: 2.77456, 6.92474, 0.234109
Particle 369: 0.423646, 6.86494, 1.2654
Particle 370: 3.6708, 3.68751, 0.635458
Particle 371: 6.2156, 5.94431, 6.0809
Particle 372: 7.0894, 4.8839, 6.5763
Particle 373: 4.68864, 7.15638, 2.57025
Particle 374: 4.07777, 7.98155, 1.9604
Particle 375: 1.80208, 5.84245, 6.5096
Particle 376: 0.381648, 0.463023, 1.80142
Particle 377: 8.13276, 7.79752, 7.00328
Particle 378: 5.46451, 5.6137, 3.04201
Particle 379: 4.16387, 2.48524, 7.11742
Particle 380: 5.04561, 7.04906, 1.37874
Particle 381: 1.35385, 2.33621, 4.40304
Particle 382: 4.84485, 4.51209, 3.19217
Particle 383: 0.786281, 1.77198, 4.18324
Particle 384: 3.0112, 4.00665, 2.01743
Particle 385: 2.3703, 0.603218, 2.3021
Particle 386: 6.43687, 6.48505, 1.16089
Particle 387: 5.85003, 4.76575, 2.85512
Particle 388: 8.03052, 7.84074, 3.96291
Particle 389: 2.03645, 5.92184, 3.11356
Particle 390: 2.16679, 6.54234, 1.20794
Particle 391: 5.89911, 7.49088, 2.63636
Particle 392: 0.22866, 4.91145, 4.61821
Particle 393: 6.27036, 3.72547, 0.0419219
Particle 394: 0.0845808, 2.12668, 1.1172
Particle 395: 7.09882, 5.22952, 3.74441
Particle 396: 5.78541, 7.74165, 4.79838
Particle 397: 4.90544, 0.930753, 2.54269
Particle 398: 5.42885, 4.15943, 7.01893
Particle 399: 3.86208, 2.44769, 1.45339
Particle 400: 3.41269, 0.239856, 0.0138205
Particle 401: 3.54804, 5.21537, 1.79866
Particle 402: 0.134078, 7.77639, 6.15279
Particle 403: 1.48979, 7.95733, 0.626263
Particle 404: 5.71582, 4.2633, 0.284898
Particle 405: 5.88873, 5.70743, 7.91624
Particle 406: 1.63918, 6.19663, 0.628796
Particle 407: 7.86094, 6.36943, 1.24884
Particle 408: 5.85107, 1.54863, 6.24932
Particle 409: 7.70164, 5.42253, 8.03718
Particle 410: 0.396048, 1.71504, 8.04376
Particle 411: 2.92305, 1.5543, 1.60066
Particle 412: 0.690798, 4.17976, 0.947724
Particle 413: 5.69908, 6.22004, 2.00076
Particle 414: 7.76116, 6.69007, 7.01164
Particle 415: 3.44042, 4.21151, 4.58747
Particle 416: 1.91183, 7.70304, 1.8221
Particle 417: 2.49322, 4.29331, 4.66187
Particle 418: 1.5176, 1.7926, 5.42687
Particle 419: 1.3011, 3.49824, 3.2861
Particle 420: 4.39443, 8.14303, 2.88136
Particle 421: 1.4047, 5.51819, 3.74244
Particle 422: 3.38481, 6.05186, 4.75977
Particle 423: 7.71388, 7.61593, 3.23528
Particle 424: 3.92312, 7.03646, 7.51419
Particle 425: 4.12494, 1.17884, 3.33379
Particle 426: 7.6868, 2.77733, 1.23376
Particle 427: 3.7481, 0.930142, 7.46931
Particle 428: 0.404854, 1.07229, 6.29394
Particle 429: 5.79823, 1.59182, 1.40724
Particle 430: 7.05511, 1.48346, 2.53029
Particle 431: 3.62485, 2.94273, 7.95901
Particle 432: 3.55929, 2.35664, 6.44756
Particle 433: 0.66885, 5.88083, 0.996015
Particle 434: 0.0474198, 7.52802, 0.981098
Particle 435: 4.33804, 5.64477, 3.28012
Particle 436: 4.80373, 7.49955, 7.54646
Particle 437: 2.29229, 1.57488, 4.20162
Particle 438: 0.9069, 0.670671, 6.85477
Particle 439: 1.2979, 3.07782, 4.92768
Particle 440: 0.0223481, 2.38739, 2.91377
Particle 441: 4.99061, 3.87691, 5.31183
Particle 442: 4.89042, 4.63059, 1.99288
Particle 443: 2.10693, 4.81578, 1.22944
Particle 444: 5.1538, 7.70779, 3.84356
Particle 445: 7.1218, 5.81789, 5.8609
Particle 446: 1.00008, 4.63039, 2.6268
Particle 447: 7.83091, 2.71676, 7.73553
Particle 448: 1.42115, 0.436843, 2.03286
Particle 449: 3.67514, 5.19494, 5.14042
Particle 450: 5.76898, 2.03515, 0.699087
Particle 451: 4.51184, 4.25063, 1.16796
Particle 452: 2.79148, 0.776021, 1.21847
Particle 453: 0.292839, 2.96884, 4.47096
Particle 454: 1.40025, 0.300242, 7.65331
Particle 455: 4.08757, 3.43573, 4.45347
Particle 456: 5.34105, 5.31042, 4.83198
Particle 457: 5.1506, 2.85775, 2.83596
Particle 458: 6.46518, 7.26, 0.118168
Particle 459: 7.91888, 8.00423, 4.94914
Particle 460: 4.83875, 3.6402, 3.88807
Particle 461: 4.80573, 1.90827, 3.71164
Particle 462: 0.867379, 6.22098, 6.48189
Particle 463: 2.52033, 5.71273, 0.168683
Particle 464: 6.20202, 2.90494, 0.0652799
Particle 465: 3.78738, 0.201992, 1.0357
Particle 466: 4.40521, 3.40451, 1.06073
Particle 467: 7.91854, 5.40486, 5.98273
Particle 468: 6.41682, 5.38147, 6.90423
Particle 469: 5.0713, 5.49757, 0.382304
Particle 470: 1.523, 3.4939, 7.28422
Particle 471: 6.69308, 4.13477, 2.51667
Particle 472: 4.02291, 6.66582, 6.77605
Particle 473: 6.97162, 1.49663, 7.07041
Particle 474: 7.96862, 4.72376, 3.91676
Particle 475: 7.62577, 3.71321, 6.97961
Particle 476: 6.69907, 1.63269, 4.04948
Particle 477: 3.10746, 7.72747, 5.22549
Particle 478: 4.18005, 5.38269, 2.45412
Particle 479: 4.96665, 8.05563, 0.717366
Particle 480: 4.02626, 4.7172, 3.02621
Particle 481: 0.0299185, 6.4305, 4.20603
Particle 482: 5.39248, 6.14792, 4.73708
Particle 483: 7.54472, 5.09828, 1.65845
Particle 484: 8.13563, 4.06272, 3.49252
Particle 485: 0.493761, 5.76066, 3.84521
Particle 486: 2.33686, 7.10818, 3.2734
Particle 487: 3.13535, 6.04961, 0.687439
Particle 488: 5.57045, 2.93625, 5.91147
Particle 489: 3.74677, 1.54135, 1.71444
Particle 490: 1.12625, 4.1124, 6.45866
Particle 491: 0.318362, 6.68652, 5.01959
Particle 492: 3.19621, 2.96059, 7.003
Particle 493: 1.6578, 2.05922, 0.651811
Particle 494: 5.41432, 0.913648, 0.174042
Particle 495: 5.04267, 2.00728, 5.3809
Particle 496: 1.19235, 7.78867, 3.60341
Particle 497: 5.45267, 2.22765, 7.39253
Particle 498: 4.32199, 8.16688, 3.75279
Particle 499: 3.76199, 3.98404, 1.42726
Running Monte Carlo simulation for 100000000 steps...
Step 0 - Total Energy: 4707.97, Acceptance Ratio = 1, Pressure = 69.0264
Step 10000 - Total Energy: -2240.93, Acceptance Ratio = 0.362964, Pressure = 10.9197
Step 20000 - Total Energy: -2715.84, Acceptance Ratio = 0.364832, Pressure = 6.50453
Step 30000 - Total Energy: -2872.76, Acceptance Ratio = 0.370954, Pressure = 4.85616
Step 40000 - Total Energy: -2958.49, Acceptance Ratio = 0.381815, Pressure = 3.93823
Step 50000 - Total Energy: -3010.09, Acceptance Ratio = 0.388912, Pressure = 3.35765
Step 60000 - Total Energy: -3030.45, Acceptance Ratio = 0.39341, Pressure = 3.21521
Step 70000 - Total Energy: -3056.45, Acceptance Ratio = 0.39678, Pressure = 2.85966
Step 80000 - Total Energy: -3055.99, Acceptance Ratio = 0.400945, Pressure = 2.88245
Step 90000 - Total Energy: -3078.34, Acceptance Ratio = 0.40494, Pressure = 2.6712
Step 100000 - Total Energy: -3068.33, Acceptance Ratio = 0.407246, Pressure = 2.71148
Step 110000 - Total Energy: -3100.85, Acceptance Ratio = 0.409251, Pressure = 2.41097
Step 120000 - Total Energy: -3089.41, Acceptance Ratio = 0.411538, Pressure = 2.51996
Step 130000 - Total Energy: -3101.55, Acceptance Ratio = 0.413589, Pressure = 2.44234
Step 140000 - Total Energy: -3136.41, Acceptance Ratio = 0.41574, Pressure = 2.07469
Step 150000 - Total Energy: -3108.91, Acceptance Ratio = 0.416397, Pressure = 2.27364
Step 160000 - Total Energy: -3095.13, Acceptance Ratio = 0.417572, Pressure = 2.50401
Step 170000 - Total Energy: -3105.06, Acceptance Ratio = 0.418374, Pressure = 2.35328
Step 180000 - Total Energy: -3095.8, Acceptance Ratio = 0.419442, Pressure = 2.4576
Step 190000 - Total Energy: -3103.24, Acceptance Ratio = 0.420345, Pressure = 2.40045
Step 200000 - Total Energy: -3121.87, Acceptance Ratio = 0.421018, Pressure = 2.27491
Step 210000 - Total Energy: -3126.57, Acceptance Ratio = 0.421593, Pressure = 2.19625
Step 220000 - Total Energy: -3104.37, Acceptance Ratio = 0.422375, Pressure = 2.4324
Step 230000 - Total Energy: -3061.63, Acceptance Ratio = 0.422503, Pressure = 2.7549
Step 240000 - Total Energy: -3063.89, Acceptance Ratio = 0.422857, Pressure = 2.85635
Step 250000 - Total Energy: -3092.34, Acceptance Ratio = 0.423178, Pressure = 2.5536
Step 260000 - Total Energy: -3066.37, Acceptance Ratio = 0.42386, Pressure = 2.87396
Step 270000 - Total Energy: -3101.98, Acceptance Ratio = 0.423947, Pressure = 2.49915
Step 280000 - Total Energy: -3093.34, Acceptance Ratio = 0.424231, Pressure = 2.57722
Step 290000 - Total Energy: -3108.38, Acceptance Ratio = 0.424368, Pressure = 2.36677
Step 300000 - Total Energy: -3120.75, Acceptance Ratio = 0.425012, Pressure = 2.26848
Step 310000 - Total Energy: -3123.86, Acceptance Ratio = 0.425373, Pressure = 2.21386
Step 320000 - Total Energy: -3115.74, Acceptance Ratio = 0.425524, Pressure = 2.34396
Step 330000 - Total Energy: -3116.54, Acceptance Ratio = 0.425738, Pressure = 2.33751
Step 340000 - Total Energy: -3094.19, Acceptance Ratio = 0.425899, Pressure = 2.45923
Step 350000 - Total Energy: -3144.07, Acceptance Ratio = 0.426239, Pressure = 1.96487
Step 360000 - Total Energy: -3092.48, Acceptance Ratio = 0.426996, Pressure = 2.42928
Step 370000 - Total Energy: -3103.75, Acceptance Ratio = 0.427326, Pressure = 2.32836
Step 380000 - Total Energy: -3119.69, Acceptance Ratio = 0.427741, Pressure = 2.172
Step 390000 - Total Energy: -3146.03, Acceptance Ratio = 0.428019, Pressure = 1.93823
Step 400000 - Total Energy: -3100.32, Acceptance Ratio = 0.428516, Pressure = 2.37804
Step 410000 - Total Energy: -3096.52, Acceptance Ratio = 0.428765, Pressure = 2.4417
Step 420000 - Total Energy: -3121.83, Acceptance Ratio = 0.428949, Pressure = 2.25732
Step 430000 - Total Energy: -3156.66, Acceptance Ratio = 0.42935, Pressure = 1.85492
Step 440000 - Total Energy: -3135.08, Acceptance Ratio = 0.429583, Pressure = 2.07006
Step 450000 - Total Energy: -3115.13, Acceptance Ratio = 0.429857, Pressure = 2.26739
Step 460000 - Total Energy: -3101.21, Acceptance Ratio = 0.429988, Pressure = 2.38695
Step 470000 - Total Energy: -3159.74, Acceptance Ratio = 0.430316, Pressure = 1.79314
Step 480000 - Total Energy: -3125.77, Acceptance Ratio = 0.430485, Pressure = 2.13973
Step 490000 - Total Energy: -3135.48, Acceptance Ratio = 0.430605, Pressure = 2.15008
Step 500000 - Total Energy: -3138.39, Acceptance Ratio = 0.430669, Pressure = 2.02902
Step 510000 - Total Energy: -3122.51, Acceptance Ratio = 0.430782, Pressure = 2.21186
Step 520000 - Total Energy: -3107.05, Acceptance Ratio = 0.431028, Pressure = 2.39507
Step 530000 - Total Energy: -3083.54, Acceptance Ratio = 0.431256, Pressure = 2.57885
Step 540000 - Total Energy: -3109.14, Acceptance Ratio = 0.431383, Pressure = 2.35246
Step 550000 - Total Energy: -3101.34, Acceptance Ratio = 0.431459, Pressure = 2.41408
Step 560000 - Total Energy: -3121.49, Acceptance Ratio = 0.43161, Pressure = 2.23859
Step 570000 - Total Energy: -3065.59, Acceptance Ratio = 0.43172, Pressure = 2.80651
Step 580000 - Total Energy: -3065.74, Acceptance Ratio = 0.431715, Pressure = 2.69512
Step 590000 - Total Energy: -3073.47, Acceptance Ratio = 0.43173, Pressure = 2.70202
Step 600000 - Total Energy: -3099.32, Acceptance Ratio = 0.431664, Pressure = 2.50568
Step 610000 - Total Energy: -3116.55, Acceptance Ratio = 0.431801, Pressure = 2.26054
Step 620000 - Total Energy: -3114.71, Acceptance Ratio = 0.431846, Pressure = 2.28353
Step 630000 - Total Energy: -3102.65, Acceptance Ratio = 0.431964, Pressure = 2.44166
Step 640000 - Total Energy: -3122.75, Acceptance Ratio = 0.432026, Pressure = 2.19058
Step 650000 - Total Energy: -3094.92, Acceptance Ratio = 0.432095, Pressure = 2.53109
Step 660000 - Total Energy: -3072.09, Acceptance Ratio = 0.432027, Pressure = 2.8186
Step 670000 - Total Energy: -3080.58, Acceptance Ratio = 0.432034, Pressure = 2.72197
Step 680000 - Total Energy: -3095.02, Acceptance Ratio = 0.432164, Pressure = 2.51168
Step 690000 - Total Energy: -3115.59, Acceptance Ratio = 0.432163, Pressure = 2.28246
Step 700000 - Total Energy: -3096.81, Acceptance Ratio = 0.432114, Pressure = 2.47835
Step 710000 - Total Energy: -3119.23, Acceptance Ratio = 0.432175, Pressure = 2.32317
Step 720000 - Total Energy: -3086.72, Acceptance Ratio = 0.432198, Pressure = 2.61044
Step 730000 - Total Energy: -3123.21, Acceptance Ratio = 0.432245, Pressure = 2.29652
Step 740000 - Total Energy: -3127.96, Acceptance Ratio = 0.432441, Pressure = 2.21653
Step 750000 - Total Energy: -3096.19, Acceptance Ratio = 0.432329, Pressure = 2.50634
Step 760000 - Total Energy: -3145.92, Acceptance Ratio = 0.432452, Pressure = 2.00629
Step 770000 - Total Energy: -3105.61, Acceptance Ratio = 0.43249, Pressure = 2.45257
Step 780000 - Total Energy: -3097.91, Acceptance Ratio = 0.432487, Pressure = 2.467
Step 790000 - Total Energy: -3115.35, Acceptance Ratio = 0.432525, Pressure = 2.32763
Step 800000 - Total Energy: -3093.35, Acceptance Ratio = 0.432651, Pressure = 2.52634
Step 810000 - Total Energy: -3081.12, Acceptance Ratio = 0.432696, Pressure = 2.65767
Step 820000 - Total Energy: -3116.49, Acceptance Ratio = 0.432751, Pressure = 2.26795
Step 830000 - Total Energy: -3127.67, Acceptance Ratio = 0.432899, Pressure = 2.18419
Step 840000 - Total Energy: -3169.06, Acceptance Ratio = 0.432991, Pressure = 1.80897
Step 850000 - Total Energy: -3128.29, Acceptance Ratio = 0.433043, Pressure = 2.20428
Step 860000 - Total Energy: -3147.08, Acceptance Ratio = 0.433194, Pressure = 1.98343
Step 870000 - Total Energy: -3120.55, Acceptance Ratio = 0.433303, Pressure = 2.21949
Step 880000 - Total Energy: -3109.19, Acceptance Ratio = 0.433448, Pressure = 2.25949
Step 890000 - Total Energy: -3111.86, Acceptance Ratio = 0.433486, Pressure = 2.29499
Step 900000 - Total Energy: -3115.34, Acceptance Ratio = 0.43346, Pressure = 2.21821
Step 910000 - Total Energy: -3122.03, Acceptance Ratio = 0.433557, Pressure = 2.25136
Step 920000 - Total Energy: -3115.87, Acceptance Ratio = 0.433603, Pressure = 2.28732
Step 930000 - Total Energy: -3155.29, Acceptance Ratio = 0.433698, Pressure = 1.87842
Step 940000 - Total Energy: -3096.38, Acceptance Ratio = 0.433755, Pressure = 2.47195
Step 950000 - Total Energy: -3147.29, Acceptance Ratio = 0.433985, Pressure = 1.9569
Step 960000 - Total Energy: -3144.69, Acceptance Ratio = 0.433951, Pressure = 1.95867
Step 970000 - Total Energy: -3168.61, Acceptance Ratio = 0.434029, Pressure = 1.77045
Step 980000 - Total Energy: -3130.17, Acceptance Ratio = 0.434026, Pressure = 2.15045
Step 990000 - Total Energy: -3145.64, Acceptance Ratio = 0.434094, Pressure = 2.02583
Step 1000000 - Total Energy: -3163.1, Acceptance Ratio = 0.434224, Pressure = 1.75234
Step 1010000 - Total Energy: -3165.07, Acceptance Ratio = 0.434264, Pressure = 1.76511
Step 1020000 - Total Energy: -3132.75, Acceptance Ratio = 0.434316, Pressure = 2.05099
Step 1030000 - Total Energy: -3150.9, Acceptance Ratio = 0.434391, Pressure = 1.93596
Step 1040000 - Total Energy: -3159.59, Acceptance Ratio = 0.434525, Pressure = 1.76076
Step 1050000 - Total Energy: -3146.59, Acceptance Ratio = 0.434581, Pressure = 1.97132
Step 1060000 - Total Energy: -3132.85, Acceptance Ratio = 0.434636, Pressure = 2.04308
Step 1070000 - Total Energy: -3101.29, Acceptance Ratio = 0.434687, Pressure = 2.38336
Step 1080000 - Total Energy: -3106, Acceptance Ratio = 0.434736, Pressure = 2.36159
Step 1090000 - Total Energy: -3159.17, Acceptance Ratio = 0.434807, Pressure = 1.87131
Step 1100000 - Total Energy: -3140.64, Acceptance Ratio = 0.434973, Pressure = 2.06532
Step 1110000 - Total Energy: -3177.22, Acceptance Ratio = 0.435022, Pressure = 1.67858
Step 1120000 - Total Energy: -3104.21, Acceptance Ratio = 0.435085, Pressure = 2.32907
Step 1130000 - Total Energy: -3129.77, Acceptance Ratio = 0.435248, Pressure = 2.12348
Step 1140000 - Total Energy: -3118.01, Acceptance Ratio = 0.435296, Pressure = 2.2301
Step 1150000 - Total Energy: -3114.42, Acceptance Ratio = 0.435315, Pressure = 2.27745
Step 1160000 - Total Energy: -3088.51, Acceptance Ratio = 0.435287, Pressure = 2.44616
Step 1170000 - Total Energy: -3116.27, Acceptance Ratio = 0.435283, Pressure = 2.28723
Step 1180000 - Total Energy: -3114.29, Acceptance Ratio = 0.435323, Pressure = 2.27584
Step 1190000 - Total Energy: -3099.67, Acceptance Ratio = 0.435357, Pressure = 2.41811
Step 1200000 - Total Energy: -3146.43, Acceptance Ratio = 0.435373, Pressure = 2.01483
Step 1210000 - Total Energy: -3129.84, Acceptance Ratio = 0.435396, Pressure = 2.13107
Step 1220000 - Total Energy: -3115.98, Acceptance Ratio = 0.435418, Pressure = 2.2911
Step 1230000 - Total Energy: -3123.63, Acceptance Ratio = 0.435416, Pressure = 2.18833
Step 1240000 - Total Energy: -3129.85, Acceptance Ratio = 0.435409, Pressure = 2.11262
Step 1250000 - Total Energy: -3127.4, Acceptance Ratio = 0.435452, Pressure = 2.1376
Step 1260000 - Total Energy: -3125.54, Acceptance Ratio = 0.435464, Pressure = 2.16598
Step 1270000 - Total Energy: -3123.55, Acceptance Ratio = 0.435485, Pressure = 2.15619
Step 1280000 - Total Energy: -3114.51, Acceptance Ratio = 0.435403, Pressure = 2.34563
Step 1290000 - Total Energy: -3125.02, Acceptance Ratio = 0.435364, Pressure = 2.26238
Step 1300000 - Total Energy: -3131.96, Acceptance Ratio = 0.435394, Pressure = 2.11427
Step 1310000 - Total Energy: -3093.2, Acceptance Ratio = 0.435398, Pressure = 2.55849
Step 1320000 - Total Energy: -3124.04, Acceptance Ratio = 0.435425, Pressure = 2.2064
Step 1330000 - Total Energy: -3155.53, Acceptance Ratio = 0.43552, Pressure = 1.98305
Step 1340000 - Total Energy: -3145.28, Acceptance Ratio = 0.435555, Pressure = 1.9992
Step 1350000 - Total Energy: -3140.77, Acceptance Ratio = 0.435569, Pressure = 2.02458
Step 1360000 - Total Energy: -3122.66, Acceptance Ratio = 0.435592, Pressure = 2.19479
Step 1370000 - Total Energy: -3162.83, Acceptance Ratio = 0.435614, Pressure = 1.8107
Step 1380000 - Total Energy: -3131.73, Acceptance Ratio = 0.435683, Pressure = 2.09795
Step 1390000 - Total Energy: -3152.06, Acceptance Ratio = 0.435766, Pressure = 1.86315
Step 1400000 - Total Energy: -3120.84, Acceptance Ratio = 0.435777, Pressure = 2.18542
Step 1410000 - Total Energy: -3146.63, Acceptance Ratio = 0.435864, Pressure = 1.94354
Step 1420000 - Total Energy: -3122.81, Acceptance Ratio = 0.435914, Pressure = 2.19052
Step 1430000 - Total Energy: -3117.13, Acceptance Ratio = 0.435909, Pressure = 2.28074
Step 1440000 - Total Energy: -3154.58, Acceptance Ratio = 0.43588, Pressure = 1.8758
Step 1450000 - Total Energy: -3100.4, Acceptance Ratio = 0.435871, Pressure = 2.40141
Step 1460000 - Total Energy: -3145.21, Acceptance Ratio = 0.435849, Pressure = 1.97279
Step 1470000 - Total Energy: -3095.93, Acceptance Ratio = 0.43583, Pressure = 2.41533
Step 1480000 - Total Energy: -3123.96, Acceptance Ratio = 0.435834, Pressure = 2.15997
Step 1490000 - Total Energy: -3113.3, Acceptance Ratio = 0.435827, Pressure = 2.29997
Step 1500000 - Total Energy: -3088.43, Acceptance Ratio = 0.43582, Pressure = 2.43953
Step 1510000 - Total Energy: -3137.48, Acceptance Ratio = 0.435809, Pressure = 2.00337
Step 1520000 - Total Energy: -3136.6, Acceptance Ratio = 0.435821, Pressure = 2.08511
Step 1530000 - Total Energy: -3121.33, Acceptance Ratio = 0.435904, Pressure = 2.21208
Step 1540000 - Total Energy: -3111.58, Acceptance Ratio = 0.435893, Pressure = 2.28791
Step 1550000 - Total Energy: -3139.79, Acceptance Ratio = 0.435835, Pressure = 1.9437
Step 1560000 - Total Energy: -3097.88, Acceptance Ratio = 0.435847, Pressure = 2.41185
Step 1570000 - Total Energy: -3117.74, Acceptance Ratio = 0.435903, Pressure = 2.27956
Step 1580000 - Total Energy: -3090.76, Acceptance Ratio = 0.435921, Pressure = 2.57912
Step 1590000 - Total Energy: -3146.54, Acceptance Ratio = 0.435929, Pressure = 1.97211
Step 1600000 - Total Energy: -3140.04, Acceptance Ratio = 0.435943, Pressure = 2.01125
Step 1610000 - Total Energy: -3132.85, Acceptance Ratio = 0.43593, Pressure = 2.11674
Step 1620000 - Total Energy: -3092.69, Acceptance Ratio = 0.435931, Pressure = 2.52046
Step 1630000 - Total Energy: -3146.49, Acceptance Ratio = 0.435909, Pressure = 2.01192
Step 1640000 - Total Energy: -3149, Acceptance Ratio = 0.435927, Pressure = 1.97537
Step 1650000 - Total Energy: -3115.45, Acceptance Ratio = 0.435912, Pressure = 2.29063
Step 1660000 - Total Energy: -3099.87, Acceptance Ratio = 0.435893, Pressure = 2.49129
Step 1670000 - Total Energy: -3131.71, Acceptance Ratio = 0.435948, Pressure = 2.11026
Step 1680000 - Total Energy: -3125.45, Acceptance Ratio = 0.435944, Pressure = 2.24875
Step 1690000 - Total Energy: -3102.61, Acceptance Ratio = 0.435935, Pressure = 2.43208
Step 1700000 - Total Energy: -3135.14, Acceptance Ratio = 0.435912, Pressure = 2.10785
Step 1710000 - Total Energy: -3079.03, Acceptance Ratio = 0.435914, Pressure = 2.76841
Step 1720000 - Total Energy: -3074.26, Acceptance Ratio = 0.435842, Pressure = 2.76771
Step 1730000 - Total Energy: -3105.89, Acceptance Ratio = 0.435803, Pressure = 2.40073
Step 1740000 - Total Energy: -3080.76, Acceptance Ratio = 0.435799, Pressure = 2.67669
Step 1750000 - Total Energy: -3084.87, Acceptance Ratio = 0.435795, Pressure = 2.609
Step 1760000 - Total Energy: -3078.74, Acceptance Ratio = 0.435771, Pressure = 2.66724
Step 1770000 - Total Energy: -3109.79, Acceptance Ratio = 0.435815, Pressure = 2.32389
Step 1780000 - Total Energy: -3104.06, Acceptance Ratio = 0.435815, Pressure = 2.35785
Step 1790000 - Total Energy: -3081.96, Acceptance Ratio = 0.435812, Pressure = 2.60017
Step 1800000 - Total Energy: -3150.33, Acceptance Ratio = 0.43579, Pressure = 1.87451
Step 1810000 - Total Energy: -3141.68, Acceptance Ratio = 0.435766, Pressure = 2.06389
Step 1820000 - Total Energy: -3103.25, Acceptance Ratio = 0.435754, Pressure = 2.3581
Step 1830000 - Total Energy: -3074.47, Acceptance Ratio = 0.435797, Pressure = 2.71066
Step 1840000 - Total Energy: -3092.74, Acceptance Ratio = 0.435791, Pressure = 2.5185
Step 1850000 - Total Energy: -3078.8, Acceptance Ratio = 0.435792, Pressure = 2.71795
Step 1860000 - Total Energy: -3113.11, Acceptance Ratio = 0.435747, Pressure = 2.28595
Step 1870000 - Total Energy: -3116.74, Acceptance Ratio = 0.435741, Pressure = 2.25075
Step 1880000 - Total Energy: -3089.1, Acceptance Ratio = 0.435758, Pressure = 2.56223
Step 1890000 - Total Energy: -3122.03, Acceptance Ratio = 0.435762, Pressure = 2.23659
Step 1900000 - Total Energy: -3079.68, Acceptance Ratio = 0.43576, Pressure = 2.72344
Step 1910000 - Total Energy: -3127.77, Acceptance Ratio = 0.435756, Pressure = 2.23495
Step 1920000 - Total Energy: -3127.24, Acceptance Ratio = 0.435744, Pressure = 2.24778
Step 1930000 - Total Energy: -3112.81, Acceptance Ratio = 0.435797, Pressure = 2.3305
Step 1940000 - Total Energy: -3150.75, Acceptance Ratio = 0.435798, Pressure = 1.89324
Step 1950000 - Total Energy: -3134.37, Acceptance Ratio = 0.435794, Pressure = 2.09277
Step 1960000 - Total Energy: -3160.48, Acceptance Ratio = 0.435808, Pressure = 1.83742
Step 1970000 - Total Energy: -3131.57, Acceptance Ratio = 0.435876, Pressure = 2.16493
Step 1980000 - Total Energy: -3114.56, Acceptance Ratio = 0.4359, Pressure = 2.28363
Step 1990000 - Total Energy: -3149.08, Acceptance Ratio = 0.43595, Pressure = 1.9692
Step 2000000 - Total Energy: -3130.96, Acceptance Ratio = 0.435908, Pressure = 2.12341
Step 2010000 - Total Energy: -3144.06, Acceptance Ratio = 0.435908, Pressure = 1.99918
Step 2020000 - Total Energy: -3118.26, Acceptance Ratio = 0.435942, Pressure = 2.1608
Step 2030000 - Total Energy: -3124.68, Acceptance Ratio = 0.435909, Pressure = 2.11806
Step 2040000 - Total Energy: -3126.88, Acceptance Ratio = 0.435912, Pressure = 2.11907
Step 2050000 - Total Energy: -3129.5, Acceptance Ratio = 0.435881, Pressure = 2.13703
Step 2060000 - Total Energy: -3142.88, Acceptance Ratio = 0.435894, Pressure = 2.03499
Step 2070000 - Total Energy: -3118.88, Acceptance Ratio = 0.435901, Pressure = 2.23996
Step 2080000 - Total Energy: -3105.18, Acceptance Ratio = 0.435888, Pressure = 2.34617
Step 2090000 - Total Energy: -3129.92, Acceptance Ratio = 0.435906, Pressure = 2.09581
Step 2100000 - Total Energy: -3126.52, Acceptance Ratio = 0.435953, Pressure = 2.0864
Step 2110000 - Total Energy: -3113.48, Acceptance Ratio = 0.435965, Pressure = 2.33503
Step 2120000 - Total Energy: -3108.32, Acceptance Ratio = 0.435982, Pressure = 2.32397
Step 2130000 - Total Energy: -3130.3, Acceptance Ratio = 0.435984, Pressure = 2.1461
Step 2140000 - Total Energy: -3112.33, Acceptance Ratio = 0.436015, Pressure = 2.32839
Step 2150000 - Total Energy: -3108.32, Acceptance Ratio = 0.436004, Pressure = 2.42178
Step 2160000 - Total Energy: -3135.5, Acceptance Ratio = 0.435979, Pressure = 2.18953
Step 2170000 - Total Energy: -3157.72, Acceptance Ratio = 0.436, Pressure = 1.92555
Step 2180000 - Total Energy: -3111.66, Acceptance Ratio = 0.43597, Pressure = 2.30322
Step 2190000 - Total Energy: -3067.6, Acceptance Ratio = 0.43599, Pressure = 2.74331
Step 2200000 - Total Energy: -3109.88, Acceptance Ratio = 0.435997, Pressure = 2.38608
Step 2210000 - Total Energy: -3121.14, Acceptance Ratio = 0.435987, Pressure = 2.33358
Step 2220000 - Total Energy: -3118.46, Acceptance Ratio = 0.43595, Pressure = 2.42673
Step 2230000 - Total Energy: -3068.43, Acceptance Ratio = 0.43595, Pressure = 2.78996
Step 2240000 - Total Energy: -3099.59, Acceptance Ratio = 0.435929, Pressure = 2.47608
Step 2250000 - Total Energy: -3100.54, Acceptance Ratio = 0.435933, Pressure = 2.58793
Step 2260000 - Total Energy: -3077.5, Acceptance Ratio = 0.435934, Pressure = 2.79484
Step 2270000 - Total Energy: -3121.38, Acceptance Ratio = 0.435928, Pressure = 2.27124
Step 2280000 - Total Energy: -3104.39, Acceptance Ratio = 0.435908, Pressure = 2.43541
Step 2290000 - Total Energy: -3105.61, Acceptance Ratio = 0.43589, Pressure = 2.42158
Step 2300000 - Total Energy: -3086.14, Acceptance Ratio = 0.435865, Pressure = 2.6294
Step 2310000 - Total Energy: -3090.38, Acceptance Ratio = 0.435831, Pressure = 2.66576
Step 2320000 - Total Energy: -3127.65, Acceptance Ratio = 0.435801, Pressure = 2.17662
Step 2330000 - Total Energy: -3115.31, Acceptance Ratio = 0.435776, Pressure = 2.3778
Step 2340000 - Total Energy: -3146.36, Acceptance Ratio = 0.435801, Pressure = 2.02289
Step 2350000 - Total Energy: -3135.5, Acceptance Ratio = 0.435789, Pressure = 2.15806
Step 2360000 - Total Energy: -3109.87, Acceptance Ratio = 0.435793, Pressure = 2.35697
Step 2370000 - Total Energy: -3115.74, Acceptance Ratio = 0.435835, Pressure = 2.27944
Step 2380000 - Total Energy: -3123.77, Acceptance Ratio = 0.435864, Pressure = 2.25504
Step 2390000 - Total Energy: -3131.68, Acceptance Ratio = 0.435871, Pressure = 2.19175
Step 2400000 - Total Energy: -3139.25, Acceptance Ratio = 0.435856, Pressure = 2.10457
Step 2410000 - Total Energy: -3100.53, Acceptance Ratio = 0.435826, Pressure = 2.42665
Step 2420000 - Total Energy: -3098.59, Acceptance Ratio = 0.43582, Pressure = 2.42344
Step 2430000 - Total Energy: -3084.49, Acceptance Ratio = 0.43582, Pressure = 2.6246
Step 2440000 - Total Energy: -3087.84, Acceptance Ratio = 0.435784, Pressure = 2.59167
Step 2450000 - Total Energy: -3109.99, Acceptance Ratio = 0.435775, Pressure = 2.3453
Step 2460000 - Total Energy: -3094.27, Acceptance Ratio = 0.435769, Pressure = 2.47985
Step 2470000 - Total Energy: -3117.55, Acceptance Ratio = 0.43577, Pressure = 2.25163
Step 2480000 - Total Energy: -3093.19, Acceptance Ratio = 0.435809, Pressure = 2.48325
Step 2490000 - Total Energy: -3109.21, Acceptance Ratio = 0.435813, Pressure = 2.29391
Step 2500000 - Total Energy: -3123.69, Acceptance Ratio = 0.435807, Pressure = 2.15711
Step 2510000 - Total Energy: -3144.67, Acceptance Ratio = 0.435827, Pressure = 2.0133
Step 2520000 - Total Energy: -3128.17, Acceptance Ratio = 0.435873, Pressure = 2.12912
Step 2530000 - Total Energy: -3123.47, Acceptance Ratio = 0.435865, Pressure = 2.1763
Step 2540000 - Total Energy: -3114.49, Acceptance Ratio = 0.435864, Pressure = 2.28204
Step 2550000 - Total Energy: -3171.66, Acceptance Ratio = 0.435869, Pressure = 1.72484
Step 2560000 - Total Energy: -3170.73, Acceptance Ratio = 0.435908, Pressure = 1.73263
Step 2570000 - Total Energy: -3134.64, Acceptance Ratio = 0.435936, Pressure = 2.08515
Step 2580000 - Total Energy: -3149.02, Acceptance Ratio = 0.435973, Pressure = 2.00938
Step 2590000 - Total Energy: -3100.66, Acceptance Ratio = 0.436, Pressure = 2.50236
Step 2600000 - Total Energy: -3111.25, Acceptance Ratio = 0.436017, Pressure = 2.28621
Step 2610000 - Total Energy: -3090.85, Acceptance Ratio = 0.436019, Pressure = 2.47218
Step 2620000 - Total Energy: -3132.72, Acceptance Ratio = 0.436027, Pressure = 2.05844
Step 2630000 - Total Energy: -3140.09, Acceptance Ratio = 0.436047, Pressure = 2.00333
Step 2640000 - Total Energy: -3122.06, Acceptance Ratio = 0.436045, Pressure = 2.17728
Step 2650000 - Total Energy: -3110.9, Acceptance Ratio = 0.436051, Pressure = 2.2939
Step 2660000 - Total Energy: -3156.85, Acceptance Ratio = 0.436056, Pressure = 1.9034
Step 2670000 - Total Energy: -3115.23, Acceptance Ratio = 0.436081, Pressure = 2.22499
Step 2680000 - Total Energy: -3102.24, Acceptance Ratio = 0.436098, Pressure = 2.35328
Step 2690000 - Total Energy: -3111.53, Acceptance Ratio = 0.436104, Pressure = 2.30969
Step 2700000 - Total Energy: -3115.49, Acceptance Ratio = 0.436125, Pressure = 2.3147
Step 2710000 - Total Energy: -3111.9, Acceptance Ratio = 0.436122, Pressure = 2.37477
Step 2720000 - Total Energy: -3089.18, Acceptance Ratio = 0.436088, Pressure = 2.61216
Step 2730000 - Total Energy: -3116.11, Acceptance Ratio = 0.436099, Pressure = 2.32264
Step 2740000 - Total Energy: -3118.3, Acceptance Ratio = 0.436108, Pressure = 2.25367
Step 2750000 - Total Energy: -3115.58, Acceptance Ratio = 0.436129, Pressure = 2.30697
Step 2760000 - Total Energy: -3144.1, Acceptance Ratio = 0.436149, Pressure = 2.02985
Step 2770000 - Total Energy: -3144.08, Acceptance Ratio = 0.436144, Pressure = 1.98527
Step 2780000 - Total Energy: -3100.42, Acceptance Ratio = 0.436141, Pressure = 2.44824
Step 2790000 - Total Energy: -3109.82, Acceptance Ratio = 0.436142, Pressure = 2.32031
Step 2800000 - Total Energy: -3090.83, Acceptance Ratio = 0.436123, Pressure = 2.47048
Step 2810000 - Total Energy: -3149.52, Acceptance Ratio = 0.436136, Pressure = 1.88576
Step 2820000 - Total Energy: -3128.33, Acceptance Ratio = 0.436115, Pressure = 2.17732
Step 2830000 - Total Energy: -3140.32, Acceptance Ratio = 0.436124, Pressure = 2.05147
Step 2840000 - Total Energy: -3110.78, Acceptance Ratio = 0.436158, Pressure = 2.30435
Step 2850000 - Total Energy: -3098.24, Acceptance Ratio = 0.43617, Pressure = 2.47848
Step 2860000 - Total Energy: -3117.9, Acceptance Ratio = 0.43621, Pressure = 2.33034
Step 2870000 - Total Energy: -3117.66, Acceptance Ratio = 0.436224, Pressure = 2.31942
Step 2880000 - Total Energy: -3100.31, Acceptance Ratio = 0.436207, Pressure = 2.45947
Step 2890000 - Total Energy: -3143.26, Acceptance Ratio = 0.436188, Pressure = 2.08248
Step 2900000 - Total Energy: -3123.41, Acceptance Ratio = 0.436185, Pressure = 2.31301
Step 2910000 - Total Energy: -3110.47, Acceptance Ratio = 0.436211, Pressure = 2.32555
Step 2920000 - Total Energy: -3149.59, Acceptance Ratio = 0.436226, Pressure = 1.96416
Step 2930000 - Total Energy: -3117.07, Acceptance Ratio = 0.436212, Pressure = 2.29022
Step 2940000 - Total Energy: -3095.66, Acceptance Ratio = 0.436225, Pressure = 2.44677
Step 2950000 - Total Energy: -3107.32, Acceptance Ratio = 0.436232, Pressure = 2.38415
Step 2960000 - Total Energy: -3086.64, Acceptance Ratio = 0.436225, Pressure = 2.53564
Step 2970000 - Total Energy: -3088.62, Acceptance Ratio = 0.436195, Pressure = 2.609
Step 2980000 - Total Energy: -3075.83, Acceptance Ratio = 0.436173, Pressure = 2.70171
Step 2990000 - Total Energy: -3093.06, Acceptance Ratio = 0.436161, Pressure = 2.47339
Step 3000000 - Total Energy: -3077.51, Acceptance Ratio = 0.436166, Pressure = 2.62349
Step 3010000 - Total Energy: -3113.82, Acceptance Ratio = 0.436141, Pressure = 2.30525
Step 3020000 - Total Energy: -3099.89, Acceptance Ratio = 0.436148, Pressure = 2.34944
Step 3030000 - Total Energy: -3103.77, Acceptance Ratio = 0.436164, Pressure = 2.36073
Step 3040000 - Total Energy: -3118.14, Acceptance Ratio = 0.436177, Pressure = 2.26009
Step 3050000 - Total Energy: -3121.51, Acceptance Ratio = 0.436161, Pressure = 2.27824
Step 3060000 - Total Energy: -3132.84, Acceptance Ratio = 0.436159, Pressure = 2.16994
Step 3070000 - Total Energy: -3097.5, Acceptance Ratio = 0.436151, Pressure = 2.42629
Step 3080000 - Total Energy: -3117.22, Acceptance Ratio = 0.436165, Pressure = 2.23028
Step 3090000 - Total Energy: -3120.92, Acceptance Ratio = 0.436171, Pressure = 2.20488
Step 3100000 - Total Energy: -3081.25, Acceptance Ratio = 0.43614, Pressure = 2.65636
Step 3110000 - Total Energy: -3101.4, Acceptance Ratio = 0.436143, Pressure = 2.42804
Step 3120000 - Total Energy: -3101.05, Acceptance Ratio = 0.436147, Pressure = 2.43958
Step 3130000 - Total Energy: -3123.58, Acceptance Ratio = 0.436134, Pressure = 2.20123
Step 3140000 - Total Energy: -3094.33, Acceptance Ratio = 0.436112, Pressure = 2.46755
Step 3150000 - Total Energy: -3112.4, Acceptance Ratio = 0.436109, Pressure = 2.28319
Step 3160000 - Total Energy: -3126.61, Acceptance Ratio = 0.436143, Pressure = 2.14216
Step 3170000 - Total Energy: -3102.86, Acceptance Ratio = 0.436153, Pressure = 2.4141
Step 3180000 - Total Energy: -3140.19, Acceptance Ratio = 0.436172, Pressure = 2.00531
Step 3190000 - Total Energy: -3119.74, Acceptance Ratio = 0.436183, Pressure = 2.29228
Step 3200000 - Total Energy: -3129.82, Acceptance Ratio = 0.436173, Pressure = 2.10256
Step 3210000 - Total Energy: -3101.77, Acceptance Ratio = 0.436205, Pressure = 2.35752
Step 3220000 - Total Energy: -3126.05, Acceptance Ratio = 0.436207, Pressure = 2.19808
Step 3230000 - Total Energy: -3132.66, Acceptance Ratio = 0.436224, Pressure = 2.08772
Step 3240000 - Total Energy: -3115.09, Acceptance Ratio = 0.436238, Pressure = 2.28964
Step 3250000 - Total Energy: -3127.48, Acceptance Ratio = 0.436238, Pressure = 2.16133
Step 3260000 - Total Energy: -3138.06, Acceptance Ratio = 0.436224, Pressure = 2.07012
Step 3270000 - Total Energy: -3140.07, Acceptance Ratio = 0.436229, Pressure = 2.03304
Step 3280000 - Total Energy: -3091.99, Acceptance Ratio = 0.436209, Pressure = 2.5466
Step 3290000 - Total Energy: -3104, Acceptance Ratio = 0.436237, Pressure = 2.38977
Step 3300000 - Total Energy: -3092.06, Acceptance Ratio = 0.436244, Pressure = 2.54296
Step 3310000 - Total Energy: -3079.52, Acceptance Ratio = 0.436229, Pressure = 2.58351
Step 3320000 - Total Energy: -3126.31, Acceptance Ratio = 0.436257, Pressure = 2.2207
Step 3330000 - Total Energy: -3124.84, Acceptance Ratio = 0.436264, Pressure = 2.15638
Step 3340000 - Total Energy: -3080.02, Acceptance Ratio = 0.436249, Pressure = 2.61751
Step 3350000 - Total Energy: -3094.64, Acceptance Ratio = 0.436263, Pressure = 2.47039
Step 3360000 - Total Energy: -3073.71, Acceptance Ratio = 0.436223, Pressure = 2.70516
Step 3370000 - Total Energy: -3135.6, Acceptance Ratio = 0.436224, Pressure = 2.10001
Step 3380000 - Total Energy: -3131.12, Acceptance Ratio = 0.436232, Pressure = 2.11034
Step 3390000 - Total Energy: -3095.51, Acceptance Ratio = 0.436228, Pressure = 2.49628
Step 3400000 - Total Energy: -3091.74, Acceptance Ratio = 0.436241, Pressure = 2.57244
Step 3410000 - Total Energy: -3139.07, Acceptance Ratio = 0.436243, Pressure = 2.0478
Step 3420000 - Total Energy: -3151.21, Acceptance Ratio = 0.436248, Pressure = 1.92969
Step 3430000 - Total Energy: -3107.92, Acceptance Ratio = 0.436251, Pressure = 2.32201
Step 3440000 - Total Energy: -3143.14, Acceptance Ratio = 0.436257, Pressure = 2.11596
Step 3450000 - Total Energy: -3109.95, Acceptance Ratio = 0.436267, Pressure = 2.31778
Step 3460000 - Total Energy: -3149.17, Acceptance Ratio = 0.436254, Pressure = 1.93684
Step 3470000 - Total Energy: -3127.42, Acceptance Ratio = 0.436265, Pressure = 2.05316
Step 3480000 - Total Energy: -3118.84, Acceptance Ratio = 0.436265, Pressure = 2.24729
Step 3490000 - Total Energy: -3111.48, Acceptance Ratio = 0.436264, Pressure = 2.39056
Step 3500000 - Total Energy: -3122.31, Acceptance Ratio = 0.43629, Pressure = 2.26852
Step 3510000 - Total Energy: -3098.22, Acceptance Ratio = 0.436312, Pressure = 2.49097
Step 3520000 - Total Energy: -3093.77, Acceptance Ratio = 0.436314, Pressure = 2.55331
Step 3530000 - Total Energy: -3073.83, Acceptance Ratio = 0.436312, Pressure = 2.69987
Step 3540000 - Total Energy: -3118.14, Acceptance Ratio = 0.436283, Pressure = 2.23055
Step 3550000 - Total Energy: -3122.33, Acceptance Ratio = 0.436292, Pressure = 2.28569
Step 3560000 - Total Energy: -3105.43, Acceptance Ratio = 0.436263, Pressure = 2.4792
Step 3570000 - Total Energy: -3084.21, Acceptance Ratio = 0.436251, Pressure = 2.65541
Step 3580000 - Total Energy: -3086.24, Acceptance Ratio = 0.436238, Pressure = 2.63586
Step 3590000 - Total Energy: -3097.33, Acceptance Ratio = 0.436219, Pressure = 2.43783
Step 3600000 - Total Energy: -3125.94, Acceptance Ratio = 0.43622, Pressure = 2.19862
Step 3610000 - Total Energy: -3070.83, Acceptance Ratio = 0.436213, Pressure = 2.68615
Step 3620000 - Total Energy: -3080.28, Acceptance Ratio = 0.436228, Pressure = 2.60743
Step 3630000 - Total Energy: -3113.33, Acceptance Ratio = 0.436249, Pressure = 2.23829
Step 3640000 - Total Energy: -3109.56, Acceptance Ratio = 0.436254, Pressure = 2.28066
Step 3650000 - Total Energy: -3136.42, Acceptance Ratio = 0.43627, Pressure = 2.09052
Step 3660000 - Total Energy: -3139.83, Acceptance Ratio = 0.436252, Pressure = 2.05621
Step 3670000 - Total Energy: -3088.88, Acceptance Ratio = 0.436251, Pressure = 2.54368
Step 3680000 - Total Energy: -3120.86, Acceptance Ratio = 0.43627, Pressure = 2.1597
Step 3690000 - Total Energy: -3137.23, Acceptance Ratio = 0.436274, Pressure = 2.06702
Step 3700000 - Total Energy: -3100.53, Acceptance Ratio = 0.436255, Pressure = 2.46709
Step 3710000 - Total Energy: -3121.08, Acceptance Ratio = 0.43627, Pressure = 2.25066
Step 3720000 - Total Energy: -3112.51, Acceptance Ratio = 0.436278, Pressure = 2.32675
Step 3730000 - Total Energy: -3124.24, Acceptance Ratio = 0.436294, Pressure = 2.20669
Step 3740000 - Total Energy: -3106.61, Acceptance Ratio = 0.436327, Pressure = 2.41446
Step 3750000 - Total Energy: -3129.84, Acceptance Ratio = 0.436347, Pressure = 2.21909
Step 3760000 - Total Energy: -3103.2, Acceptance Ratio = 0.436363, Pressure = 2.38466
Step 3770000 - Total Energy: -3090.73, Acceptance Ratio = 0.436386, Pressure = 2.4837
Step 3780000 - Total Energy: -3116.15, Acceptance Ratio = 0.436403, Pressure = 2.33557
Step 3790000 - Total Energy: -3112.16, Acceptance Ratio = 0.436389, Pressure = 2.28668
Step 3800000 - Total Energy: -3128.51, Acceptance Ratio = 0.43638, Pressure = 2.19726
Step 3810000 - Total Energy: -3124.43, Acceptance Ratio = 0.436369, Pressure = 2.23934
Step 3820000 - Total Energy: -3116.7, Acceptance Ratio = 0.43639, Pressure = 2.24696
Step 3830000 - Total Energy: -3118.01, Acceptance Ratio = 0.436388, Pressure = 2.21889
Step 3840000 - Total Energy: -3121.11, Acceptance Ratio = 0.436397, Pressure = 2.26755
Step 3850000 - Total Energy: -3127.44, Acceptance Ratio = 0.436382, Pressure = 2.15438
Step 3860000 - Total Energy: -3122.45, Acceptance Ratio = 0.436392, Pressure = 2.24146
Step 3870000 - Total Energy: -3152.23, Acceptance Ratio = 0.436386, Pressure = 1.91691
Step 3880000 - Total Energy: -3146.04, Acceptance Ratio = 0.436395, Pressure = 1.94773
Step 3890000 - Total Energy: -3115.38, Acceptance Ratio = 0.436412, Pressure = 2.17981
Step 3900000 - Total Energy: -3121.66, Acceptance Ratio = 0.436413, Pressure = 2.23703
Step 3910000 - Total Energy: -3131.99, Acceptance Ratio = 0.436432, Pressure = 2.1029
Step 3920000 - Total Energy: -3101.13, Acceptance Ratio = 0.436432, Pressure = 2.37356
Step 3930000 - Total Energy: -3076.19, Acceptance Ratio = 0.436431, Pressure = 2.59993
Step 3940000 - Total Energy: -3095.26, Acceptance Ratio = 0.436439, Pressure = 2.48036
Step 3950000 - Total Energy: -3113.74, Acceptance Ratio = 0.436448, Pressure = 2.25136
Step 3960000 - Total Energy: -3065.53, Acceptance Ratio = 0.436459, Pressure = 2.69834
Step 3970000 - Total Energy: -3095.24, Acceptance Ratio = 0.436465, Pressure = 2.49659
Step 3980000 - Total Energy: -3115.91, Acceptance Ratio = 0.436479, Pressure = 2.32877
Step 3990000 - Total Energy: -3130.06, Acceptance Ratio = 0.436489, Pressure = 2.07059
Step 4000000 - Total Energy: -3121.42, Acceptance Ratio = 0.436482, Pressure = 2.17699
Step 4010000 - Total Energy: -3119.42, Acceptance Ratio = 0.436514, Pressure = 2.21104
Step 4020000 - Total Energy: -3121.27, Acceptance Ratio = 0.436527, Pressure = 2.18322
Step 4030000 - Total Energy: -3104.19, Acceptance Ratio = 0.436552, Pressure = 2.31235
Step 4040000 - Total Energy: -3127.41, Acceptance Ratio = 0.436571, Pressure = 2.12365
Step 4050000 - Total Energy: -3123.94, Acceptance Ratio = 0.436564, Pressure = 2.09561
Step 4060000 - Total Energy: -3124.78, Acceptance Ratio = 0.436549, Pressure = 2.17569
Step 4070000 - Total Energy: -3149.91, Acceptance Ratio = 0.436546, Pressure = 1.91767
Step 4080000 - Total Energy: -3123.38, Acceptance Ratio = 0.436545, Pressure = 2.15441
Step 4090000 - Total Energy: -3161.67, Acceptance Ratio = 0.436542, Pressure = 1.7995
Step 4100000 - Total Energy: -3131.93, Acceptance Ratio = 0.436538, Pressure = 2.09271
Step 4110000 - Total Energy: -3136.01, Acceptance Ratio = 0.436551, Pressure = 2.03323
Step 4120000 - Total Energy: -3137.64, Acceptance Ratio = 0.436556, Pressure = 2.04392
Step 4130000 - Total Energy: -3116.17, Acceptance Ratio = 0.436574, Pressure = 2.27198
Step 4140000 - Total Energy: -3144.67, Acceptance Ratio = 0.436569, Pressure = 2.06697
Step 4150000 - Total Energy: -3075.58, Acceptance Ratio = 0.436577, Pressure = 2.70878
Step 4160000 - Total Energy: -3091.38, Acceptance Ratio = 0.436575, Pressure = 2.55942
Step 4170000 - Total Energy: -3118.26, Acceptance Ratio = 0.436587, Pressure = 2.33386
Step 4180000 - Total Energy: -3115.64, Acceptance Ratio = 0.436575, Pressure = 2.27813
Step 4190000 - Total Energy: -3119.26, Acceptance Ratio = 0.436578, Pressure = 2.2462
Step 4200000 - Total Energy: -3116.47, Acceptance Ratio = 0.436588, Pressure = 2.41362
Step 4210000 - Total Energy: -3143.18, Acceptance Ratio = 0.436585, Pressure = 2.0183
Step 4220000 - Total Energy: -3105.49, Acceptance Ratio = 0.436576, Pressure = 2.43225
Step 4230000 - Total Energy: -3101.15, Acceptance Ratio = 0.436567, Pressure = 2.5612
Step 4240000 - Total Energy: -3106.39, Acceptance Ratio = 0.43658, Pressure = 2.39039
Step 4250000 - Total Energy: -3117.58, Acceptance Ratio = 0.436591, Pressure = 2.30307
Step 4260000 - Total Energy: -3089.19, Acceptance Ratio = 0.43657, Pressure = 2.52649
Step 4270000 - Total Energy: -3090.9, Acceptance Ratio = 0.436567, Pressure = 2.5164
Step 4280000 - Total Energy: -3119.06, Acceptance Ratio = 0.436567, Pressure = 2.26331
Step 4290000 - Total Energy: -3126.66, Acceptance Ratio = 0.43658, Pressure = 2.17648
Step 4300000 - Total Energy: -3120.79, Acceptance Ratio = 0.43658, Pressure = 2.22535
Step 4310000 - Total Energy: -3087.32, Acceptance Ratio = 0.436567, Pressure = 2.50747
Step 4320000 - Total Energy: -3133.12, Acceptance Ratio = 0.436577, Pressure = 2.12659
Step 4330000 - Total Energy: -3090.54, Acceptance Ratio = 0.436561, Pressure = 2.49978
Step 4340000 - Total Energy: -3132.54, Acceptance Ratio = 0.436572, Pressure = 2.14797
Step 4350000 - Total Energy: -3095.97, Acceptance Ratio = 0.436558, Pressure = 2.51324
Step 4360000 - Total Energy: -3109.7, Acceptance Ratio = 0.436549, Pressure = 2.33247
Step 4370000 - Total Energy: -3092.72, Acceptance Ratio = 0.436551, Pressure = 2.50209
Step 4380000 - Total Energy: -3070.45, Acceptance Ratio = 0.436561, Pressure = 2.79533
Step 4390000 - Total Energy: -3091.99, Acceptance Ratio = 0.436552, Pressure = 2.49137
Step 4400000 - Total Energy: -3094.14, Acceptance Ratio = 0.436551, Pressure = 2.49531
Step 4410000 - Total Energy: -3115.64, Acceptance Ratio = 0.436545, Pressure = 2.24265
Step 4420000 - Total Energy: -3138.57, Acceptance Ratio = 0.436559, Pressure = 1.98855
Step 4430000 - Total Energy: -3094.17, Acceptance Ratio = 0.436571, Pressure = 2.47028
Step 4440000 - Total Energy: -3145.75, Acceptance Ratio = 0.436592, Pressure = 1.91097
Step 4450000 - Total Energy: -3147.57, Acceptance Ratio = 0.4366, Pressure = 1.99393
Step 4460000 - Total Energy: -3089.35, Acceptance Ratio = 0.436602, Pressure = 2.51473
Step 4470000 - Total Energy: -3132.19, Acceptance Ratio = 0.436605, Pressure = 2.06046
Step 4480000 - Total Energy: -3114.31, Acceptance Ratio = 0.436618, Pressure = 2.27082
Step 4490000 - Total Energy: -3074.68, Acceptance Ratio = 0.436611, Pressure = 2.64433
Step 4500000 - Total Energy: -3081.45, Acceptance Ratio = 0.436604, Pressure = 2.68589
Step 4510000 - Total Energy: -3116.23, Acceptance Ratio = 0.436606, Pressure = 2.3238
Step 4520000 - Total Energy: -3112.31, Acceptance Ratio = 0.436599, Pressure = 2.36179
Step 4530000 - Total Energy: -3129.45, Acceptance Ratio = 0.436609, Pressure = 2.25122
Step 4540000 - Total Energy: -3105.55, Acceptance Ratio = 0.436614, Pressure = 2.41079
Step 4550000 - Total Energy: -3131.06, Acceptance Ratio = 0.436604, Pressure = 2.14526
Step 4560000 - Total Energy: -3129.09, Acceptance Ratio = 0.436619, Pressure = 2.15862
Step 4570000 - Total Energy: -3133.52, Acceptance Ratio = 0.436646, Pressure = 2.12219
Step 4580000 - Total Energy: -3099.12, Acceptance Ratio = 0.436655, Pressure = 2.46147
Step 4590000 - Total Energy: -3124.88, Acceptance Ratio = 0.436656, Pressure = 2.22332
Step 4600000 - Total Energy: -3133.25, Acceptance Ratio = 0.436674, Pressure = 2.10009
Step 4610000 - Total Energy: -3112.09, Acceptance Ratio = 0.436665, Pressure = 2.3289
Step 4620000 - Total Energy: -3117.75, Acceptance Ratio = 0.436656, Pressure = 2.30046
Step 4630000 - Total Energy: -3099.86, Acceptance Ratio = 0.436657, Pressure = 2.44044
Step 4640000 - Total Energy: -3112.63, Acceptance Ratio = 0.436645, Pressure = 2.29097
Step 4650000 - Total Energy: -3107.16, Acceptance Ratio = 0.436615, Pressure = 2.33585
Step 4660000 - Total Energy: -3111.89, Acceptance Ratio = 0.43662, Pressure = 2.27796
Step 4670000 - Total Energy: -3112.68, Acceptance Ratio = 0.436604, Pressure = 2.34608
Step 4680000 - Total Energy: -3111.13, Acceptance Ratio = 0.436614, Pressure = 2.30795
Step 4690000 - Total Energy: -3134.98, Acceptance Ratio = 0.43661, Pressure = 2.07908
Step 4700000 - Total Energy: -3128.02, Acceptance Ratio = 0.43661, Pressure = 2.12754
Step 4710000 - Total Energy: -3095.67, Acceptance Ratio = 0.436625, Pressure = 2.59678
Step 4720000 - Total Energy: -3111.23, Acceptance Ratio = 0.436619, Pressure = 2.34173
Step 4730000 - Total Energy: -3124.32, Acceptance Ratio = 0.436631, Pressure = 2.14914
Step 4740000 - Total Energy: -3133.33, Acceptance Ratio = 0.436643, Pressure = 2.03484
Step 4750000 - Total Energy: -3161.37, Acceptance Ratio = 0.436654, Pressure = 1.84972
Step 4760000 - Total Energy: -3114.16, Acceptance Ratio = 0.43666, Pressure = 2.28108
Step 4770000 - Total Energy: -3136.8, Acceptance Ratio = 0.436671, Pressure = 2.08459
Step 4780000 - Total Energy: -3152.26, Acceptance Ratio = 0.436669, Pressure = 1.88437
Step 4790000 - Total Energy: -3142.25, Acceptance Ratio = 0.436679, Pressure = 2.06735
Step 4800000 - Total Energy: -3119.61, Acceptance Ratio = 0.436698, Pressure = 2.21215
Step 4810000 - Total Energy: -3162.86, Acceptance Ratio = 0.436715, Pressure = 1.87762
Step 4820000 - Total Energy: -3127.92, Acceptance Ratio = 0.436722, Pressure = 2.10297
Step 4830000 - Total Energy: -3160.93, Acceptance Ratio = 0.436739, Pressure = 1.81499
Step 4840000 - Total Energy: -3120.78, Acceptance Ratio = 0.436756, Pressure = 2.21932
Step 4850000 - Total Energy: -3175.88, Acceptance Ratio = 0.436766, Pressure = 1.6975
Step 4860000 - Total Energy: -3130.6, Acceptance Ratio = 0.436774, Pressure = 2.05122
Step 4870000 - Total Energy: -3108.52, Acceptance Ratio = 0.436789, Pressure = 2.28028
Step 4880000 - Total Energy: -3134, Acceptance Ratio = 0.436793, Pressure = 2.09806
Step 4890000 - Total Energy: -3124.67, Acceptance Ratio = 0.436799, Pressure = 2.17833
Step 4900000 - Total Energy: -3136.94, Acceptance Ratio = 0.43681, Pressure = 2.03532
Step 4910000 - Total Energy: -3144.95, Acceptance Ratio = 0.436841, Pressure = 1.99236
Step 4920000 - Total Energy: -3116.92, Acceptance Ratio = 0.436865, Pressure = 2.23826
Step 4930000 - Total Energy: -3137.65, Acceptance Ratio = 0.436865, Pressure = 2.09694
Step 4940000 - Total Energy: -3153.28, Acceptance Ratio = 0.436882, Pressure = 1.90446
Step 4950000 - Total Energy: -3149.78, Acceptance Ratio = 0.436889, Pressure = 1.94084
Step 4960000 - Total Energy: -3146.54, Acceptance Ratio = 0.436885, Pressure = 1.90413
Step 4970000 - Total Energy: -3112.61, Acceptance Ratio = 0.436872, Pressure = 2.32639
Step 4980000 - Total Energy: -3096.46, Acceptance Ratio = 0.436879, Pressure = 2.49017
Step 4990000 - Total Energy: -3085.38, Acceptance Ratio = 0.436875, Pressure = 2.6055
Step 5000000 - Total Energy: -3116.93, Acceptance Ratio = 0.436867, Pressure = 2.31466
Step 5010000 - Total Energy: -3123.71, Acceptance Ratio = 0.436861, Pressure = 2.19418
Step 5020000 - Total Energy: -3120.52, Acceptance Ratio = 0.43687, Pressure = 2.15301
Step 5030000 - Total Energy: -3128.59, Acceptance Ratio = 0.436869, Pressure = 2.08078
Step 5040000 - Total Energy: -3174.54, Acceptance Ratio = 0.436888, Pressure = 1.59836
Step 5050000 - Total Energy: -3146, Acceptance Ratio = 0.436902, Pressure = 1.96394
Step 5060000 - Total Energy: -3123.97, Acceptance Ratio = 0.436887, Pressure = 2.23269
Step 5070000 - Total Energy: -3161.52, Acceptance Ratio = 0.436899, Pressure = 1.83568
Step 5080000 - Total Energy: -3127.51, Acceptance Ratio = 0.436901, Pressure = 2.13834
Step 5090000 - Total Energy: -3146.28, Acceptance Ratio = 0.436904, Pressure = 1.93815
Step 5100000 - Total Energy: -3104.95, Acceptance Ratio = 0.436921, Pressure = 2.34574
Step 5110000 - Total Energy: -3144.9, Acceptance Ratio = 0.436912, Pressure = 1.92432
Step 5120000 - Total Energy: -3141.9, Acceptance Ratio = 0.436902, Pressure = 1.98204
Step 5130000 - Total Energy: -3173.24, Acceptance Ratio = 0.43692, Pressure = 1.72258
Step 5140000 - Total Energy: -3115.43, Acceptance Ratio = 0.436945, Pressure = 2.20753
Step 5150000 - Total Energy: -3121.67, Acceptance Ratio = 0.436944, Pressure = 2.1792
Step 5160000 - Total Energy: -3115.41, Acceptance Ratio = 0.436944, Pressure = 2.30344
Step 5170000 - Total Energy: -3124.94, Acceptance Ratio = 0.43694, Pressure = 2.14081
Step 5180000 - Total Energy: -3099.96, Acceptance Ratio = 0.436928, Pressure = 2.4527
Step 5190000 - Total Energy: -3174.15, Acceptance Ratio = 0.436943, Pressure = 1.71288
Step 5200000 - Total Energy: -3139.11, Acceptance Ratio = 0.436948, Pressure = 2.04994
Step 5210000 - Total Energy: -3129, Acceptance Ratio = 0.436952, Pressure = 2.15995
Step 5220000 - Total Energy: -3142.39, Acceptance Ratio = 0.436963, Pressure = 1.98999
Step 5230000 - Total Energy: -3145.82, Acceptance Ratio = 0.436967, Pressure = 1.99172
Step 5240000 - Total Energy: -3099.39, Acceptance Ratio = 0.436971, Pressure = 2.35529
Step 5250000 - Total Energy: -3111.51, Acceptance Ratio = 0.436966, Pressure = 2.21513
Step 5260000 - Total Energy: -3107.05, Acceptance Ratio = 0.436972, Pressure = 2.28868
Step 5270000 - Total Energy: -3122.98, Acceptance Ratio = 0.436985, Pressure = 2.16651
Step 5280000 - Total Energy: -3131.55, Acceptance Ratio = 0.436996, Pressure = 2.10035
Step 5290000 - Total Energy: -3119.47, Acceptance Ratio = 0.436966, Pressure = 2.19774
Step 5300000 - Total Energy: -3112.51, Acceptance Ratio = 0.436977, Pressure = 2.28537
Step 5310000 - Total Energy: -3133.64, Acceptance Ratio = 0.436986, Pressure = 2.06555
Step 5320000 - Total Energy: -3164.8, Acceptance Ratio = 0.437008, Pressure = 1.6836
Step 5330000 - Total Energy: -3143.98, Acceptance Ratio = 0.437014, Pressure = 1.92422
Step 5340000 - Total Energy: -3119.45, Acceptance Ratio = 0.437015, Pressure = 2.22295
Step 5350000 - Total Energy: -3119.37, Acceptance Ratio = 0.436999, Pressure = 2.25592
Step 5360000 - Total Energy: -3120.61, Acceptance Ratio = 0.436981, Pressure = 2.20259
Step 5370000 - Total Energy: -3091.1, Acceptance Ratio = 0.436989, Pressure = 2.52701
Step 5380000 - Total Energy: -3102.72, Acceptance Ratio = 0.437002, Pressure = 2.43918
Step 5390000 - Total Energy: -3117.72, Acceptance Ratio = 0.437004, Pressure = 2.14631
Step 5400000 - Total Energy: -3099.55, Acceptance Ratio = 0.437005, Pressure = 2.3744
Step 5410000 - Total Energy: -3132.38, Acceptance Ratio = 0.437015, Pressure = 2.06106
Step 5420000 - Total Energy: -3067.78, Acceptance Ratio = 0.437009, Pressure = 2.75752
Step 5430000 - Total Energy: -3124.74, Acceptance Ratio = 0.43701, Pressure = 2.12123
Step 5440000 - Total Energy: -3127.92, Acceptance Ratio = 0.437008, Pressure = 2.14211
Step 5450000 - Total Energy: -3151.8, Acceptance Ratio = 0.437015, Pressure = 1.8784
Step 5460000 - Total Energy: -3183.24, Acceptance Ratio = 0.437041, Pressure = 1.63246
Step 5470000 - Total Energy: -3153.13, Acceptance Ratio = 0.437056, Pressure = 1.90184
Step 5480000 - Total Energy: -3115.2, Acceptance Ratio = 0.437058, Pressure = 2.31568
Step 5490000 - Total Energy: -3153.51, Acceptance Ratio = 0.437069, Pressure = 1.83976
Step 5500000 - Total Energy: -3141.45, Acceptance Ratio = 0.437068, Pressure = 2.01454
Step 5510000 - Total Energy: -3141.01, Acceptance Ratio = 0.437063, Pressure = 2.04448
Step 5520000 - Total Energy: -3133.18, Acceptance Ratio = 0.437084, Pressure = 2.09485
Step 5530000 - Total Energy: -3154.34, Acceptance Ratio = 0.43709, Pressure = 1.86022
Step 5540000 - Total Energy: -3155.42, Acceptance Ratio = 0.437114, Pressure = 1.81979
Step 5550000 - Total Energy: -3140.63, Acceptance Ratio = 0.437123, Pressure = 2.06444
Step 5560000 - Total Energy: -3150.49, Acceptance Ratio = 0.437122, Pressure = 1.91082
Step 5570000 - Total Energy: -3135.98, Acceptance Ratio = 0.437107, Pressure = 2.04346
Step 5580000 - Total Energy: -3147.4, Acceptance Ratio = 0.437102, Pressure = 1.92513
Step 5590000 - Total Energy: -3117.61, Acceptance Ratio = 0.437112, Pressure = 2.23205
Step 5600000 - Total Energy: -3115.87, Acceptance Ratio = 0.43713, Pressure = 2.21467
Step 5610000 - Total Energy: -3108.24, Acceptance Ratio = 0.437144, Pressure = 2.28251
Step 5620000 - Total Energy: -3119.23, Acceptance Ratio = 0.437145, Pressure = 2.29357
Step 5630000 - Total Energy: -3131.21, Acceptance Ratio = 0.437157, Pressure = 2.13097
Step 5640000 - Total Energy: -3117.99, Acceptance Ratio = 0.437154, Pressure = 2.18121
Step 5650000 - Total Energy: -3121.31, Acceptance Ratio = 0.437165, Pressure = 2.14673
Step 5660000 - Total Energy: -3152.25, Acceptance Ratio = 0.437161, Pressure = 1.9058
Step 5670000 - Total Energy: -3137.85, Acceptance Ratio = 0.43716, Pressure = 2.07097
Step 5680000 - Total Energy: -3155.98, Acceptance Ratio = 0.437146, Pressure = 1.92244
Step 5690000 - Total Energy: -3101.65, Acceptance Ratio = 0.437132, Pressure = 2.40927
Step 5700000 - Total Energy: -3119.6, Acceptance Ratio = 0.437133, Pressure = 2.26521
Step 5710000 - Total Energy: -3154.57, Acceptance Ratio = 0.437138, Pressure = 1.89302
Step 5720000 - Total Energy: -3146.89, Acceptance Ratio = 0.437132, Pressure = 1.99345
Step 5730000 - Total Energy: -3130, Acceptance Ratio = 0.437145, Pressure = 2.08556
Step 5740000 - Total Energy: -3106.47, Acceptance Ratio = 0.437145, Pressure = 2.33639
Step 5750000 - Total Energy: -3133.54, Acceptance Ratio = 0.437138, Pressure = 2.06959
Step 5760000 - Total Energy: -3144.15, Acceptance Ratio = 0.437154, Pressure = 1.96041
Step 5770000 - Total Energy: -3145.09, Acceptance Ratio = 0.437153, Pressure = 1.94594
Step 5780000 - Total Energy: -3138.83, Acceptance Ratio = 0.437164, Pressure = 1.98955
Step 5790000 - Total Energy: -3111.31, Acceptance Ratio = 0.437173, Pressure = 2.29374
Step 5800000 - Total Energy: -3124.29, Acceptance Ratio = 0.437158, Pressure = 2.24144
Step 5810000 - Total Energy: -3177.66, Acceptance Ratio = 0.437165, Pressure = 1.76696
Step 5820000 - Total Energy: -3128.33, Acceptance Ratio = 0.437165, Pressure = 2.14858
Step 5830000 - Total Energy: -3127.3, Acceptance Ratio = 0.437169, Pressure = 2.17786
Step 5840000 - Total Energy: -3103.38, Acceptance Ratio = 0.437171, Pressure = 2.43834
Step 5850000 - Total Energy: -3106.47, Acceptance Ratio = 0.437172, Pressure = 2.4434
Step 5860000 - Total Energy: -3133.77, Acceptance Ratio = 0.437174, Pressure = 2.15327
Step 5870000 - Total Energy: -3130.98, Acceptance Ratio = 0.437178, Pressure = 2.19837
Step 5880000 - Total Energy: -3126.12, Acceptance Ratio = 0.437187, Pressure = 2.22584
Step 5890000 - Total Energy: -3107.63, Acceptance Ratio = 0.437182, Pressure = 2.39055
Step 5900000 - Total Energy: -3118.18, Acceptance Ratio = 0.437177, Pressure = 2.30009
Step 5910000 - Total Energy: -3106.02, Acceptance Ratio = 0.437163, Pressure = 2.33221
Step 5920000 - Total Energy: -3115.14, Acceptance Ratio = 0.437161, Pressure = 2.23583
Step 5930000 - Total Energy: -3089.79, Acceptance Ratio = 0.437157, Pressure = 2.52928
Step 5940000 - Total Energy: -3084.03, Acceptance Ratio = 0.437158, Pressure = 2.62814
Step 5950000 - Total Energy: -3089.17, Acceptance Ratio = 0.437158, Pressure = 2.6076
Step 5960000 - Total Energy: -3112.68, Acceptance Ratio = 0.437167, Pressure = 2.31782
Step 5970000 - Total Energy: -3097.04, Acceptance Ratio = 0.437157, Pressure = 2.47546
Step 5980000 - Total Energy: -3104.66, Acceptance Ratio = 0.437164, Pressure = 2.4197
Step 5990000 - Total Energy: -3145.01, Acceptance Ratio = 0.437158, Pressure = 1.98956
Step 6000000 - Total Energy: -3112.81, Acceptance Ratio = 0.437159, Pressure = 2.36641
Step 6010000 - Total Energy: -3081.54, Acceptance Ratio = 0.437153, Pressure = 2.62138
Step 6020000 - Total Energy: -3109.14, Acceptance Ratio = 0.437154, Pressure = 2.33686
Step 6030000 - Total Energy: -3073.34, Acceptance Ratio = 0.437156, Pressure = 2.6403
Step 6040000 - Total Energy: -3067.43, Acceptance Ratio = 0.437142, Pressure = 2.74703
Step 6050000 - Total Energy: -3128.27, Acceptance Ratio = 0.437132, Pressure = 2.14153
Step 6060000 - Total Energy: -3105.24, Acceptance Ratio = 0.437138, Pressure = 2.38046
Step 6070000 - Total Energy: -3133.86, Acceptance Ratio = 0.437142, Pressure = 2.14497
Step 6080000 - Total Energy: -3143.3, Acceptance Ratio = 0.437149, Pressure = 2.09295
Step 6090000 - Total Energy: -3121.84, Acceptance Ratio = 0.43715, Pressure = 2.23147
Step 6100000 - Total Energy: -3077.4, Acceptance Ratio = 0.43716, Pressure = 2.62289
Step 6110000 - Total Energy: -3143.12, Acceptance Ratio = 0.437159, Pressure = 1.96502
Step 6120000 - Total Energy: -3114.21, Acceptance Ratio = 0.437165, Pressure = 2.24738
Step 6130000 - Total Energy: -3133.6, Acceptance Ratio = 0.437167, Pressure = 2.06408
Step 6140000 - Total Energy: -3080.2, Acceptance Ratio = 0.437163, Pressure = 2.64102
Step 6150000 - Total Energy: -3116.22, Acceptance Ratio = 0.437175, Pressure = 2.25703
Step 6160000 - Total Energy: -3095.52, Acceptance Ratio = 0.43716, Pressure = 2.42057
Step 6170000 - Total Energy: -3115.41, Acceptance Ratio = 0.437164, Pressure = 2.33209
Step 6180000 - Total Energy: -3120.19, Acceptance Ratio = 0.437165, Pressure = 2.27301
Step 6190000 - Total Energy: -3103.44, Acceptance Ratio = 0.437165, Pressure = 2.33968
Step 6200000 - Total Energy: -3126.41, Acceptance Ratio = 0.437163, Pressure = 2.17331
Step 6210000 - Total Energy: -3085.57, Acceptance Ratio = 0.437157, Pressure = 2.57047
Step 6220000 - Total Energy: -3130.49, Acceptance Ratio = 0.437155, Pressure = 2.11486
Step 6230000 - Total Energy: -3079.55, Acceptance Ratio = 0.437163, Pressure = 2.63496
Step 6240000 - Total Energy: -3103.04, Acceptance Ratio = 0.437157, Pressure = 2.41083
Step 6250000 - Total Energy: -3120.84, Acceptance Ratio = 0.437166, Pressure = 2.15802
Step 6260000 - Total Energy: -3133.62, Acceptance Ratio = 0.437172, Pressure = 2.12011
Step 6270000 - Total Energy: -3128.7, Acceptance Ratio = 0.437179, Pressure = 2.10789
Step 6280000 - Total Energy: -3143.31, Acceptance Ratio = 0.437185, Pressure = 2.01599
Step 6290000 - Total Energy: -3131.89, Acceptance Ratio = 0.437183, Pressure = 2.13414
Step 6300000 - Total Energy: -3085.08, Acceptance Ratio = 0.437182, Pressure = 2.62692
Step 6310000 - Total Energy: -3121.8, Acceptance Ratio = 0.437174, Pressure = 2.32174
Step 6320000 - Total Energy: -3151.65, Acceptance Ratio = 0.437163, Pressure = 1.8861
Step 6330000 - Total Energy: -3122.51, Acceptance Ratio = 0.437169, Pressure = 2.18105
Step 6340000 - Total Energy: -3111.31, Acceptance Ratio = 0.437177, Pressure = 2.35316
Step 6350000 - Total Energy: -3147.32, Acceptance Ratio = 0.437177, Pressure = 1.96285
Step 6360000 - Total Energy: -3097.65, Acceptance Ratio = 0.437179, Pressure = 2.44926
Step 6370000 - Total Energy: -3074.43, Acceptance Ratio = 0.43719, Pressure = 2.69273
Step 6380000 - Total Energy: -3127.76, Acceptance Ratio = 0.437209, Pressure = 2.1446
Step 6390000 - Total Energy: -3135.24, Acceptance Ratio = 0.437206, Pressure = 2.18337
Step 6400000 - Total Energy: -3156.76, Acceptance Ratio = 0.437225, Pressure = 1.95205
Step 6410000 - Total Energy: -3129.09, Acceptance Ratio = 0.437229, Pressure = 2.11554
Step 6420000 - Total Energy: -3151.11, Acceptance Ratio = 0.437237, Pressure = 1.94794
Step 6430000 - Total Energy: -3138.48, Acceptance Ratio = 0.437236, Pressure = 2.02082
Step 6440000 - Total Energy: -3128.64, Acceptance Ratio = 0.43723, Pressure = 2.07154
Step 6450000 - Total Energy: -3105.1, Acceptance Ratio = 0.437245, Pressure = 2.35186
Step 6460000 - Total Energy: -3090.42, Acceptance Ratio = 0.437241, Pressure = 2.44751
Step 6470000 - Total Energy: -3163.66, Acceptance Ratio = 0.437241, Pressure = 1.80304
Step 6480000 - Total Energy: -3173.61, Acceptance Ratio = 0.437253, Pressure = 1.67297
Step 6490000 - Total Energy: -3145.16, Acceptance Ratio = 0.43727, Pressure = 1.92524
Step 6500000 - Total Energy: -3133.2, Acceptance Ratio = 0.437261, Pressure = 2.11558
Step 6510000 - Total Energy: -3123.35, Acceptance Ratio = 0.437268, Pressure = 2.22661
Step 6520000 - Total Energy: -3115.83, Acceptance Ratio = 0.437275, Pressure = 2.27427
Step 6530000 - Total Energy: -3122.36, Acceptance Ratio = 0.437278, Pressure = 2.21033
Step 6540000 - Total Energy: -3148.62, Acceptance Ratio = 0.43728, Pressure = 1.94987
Step 6550000 - Total Energy: -3129.11, Acceptance Ratio = 0.437281, Pressure = 2.08775
Step 6560000 - Total Energy: -3141.94, Acceptance Ratio = 0.43729, Pressure = 1.98984
Step 6570000 - Total Energy: -3116.74, Acceptance Ratio = 0.437303, Pressure = 2.28876
Step 6580000 - Total Energy: -3103.3, Acceptance Ratio = 0.437312, Pressure = 2.30463
Step 6590000 - Total Energy: -3109.62, Acceptance Ratio = 0.437305, Pressure = 2.30659
Step 6600000 - Total Energy: -3148.12, Acceptance Ratio = 0.437315, Pressure = 1.94674
Step 6610000 - Total Energy: -3104.43, Acceptance Ratio = 0.437316, Pressure = 2.42886
Step 6620000 - Total Energy: -3125.92, Acceptance Ratio = 0.437316, Pressure = 2.19482
Step 6630000 - Total Energy: -3074.59, Acceptance Ratio = 0.437305, Pressure = 2.78518
Step 6640000 - Total Energy: -3121, Acceptance Ratio = 0.437297, Pressure = 2.22718
Step 6650000 - Total Energy: -3133.26, Acceptance Ratio = 0.437294, Pressure = 2.07546
Step 6660000 - Total Energy: -3125.58, Acceptance Ratio = 0.437295, Pressure = 2.23305
Step 6670000 - Total Energy: -3101.66, Acceptance Ratio = 0.43729, Pressure = 2.41748
Step 6680000 - Total Energy: -3074.05, Acceptance Ratio = 0.437307, Pressure = 2.69516
Step 6690000 - Total Energy: -3110.14, Acceptance Ratio = 0.43729, Pressure = 2.40165
Step 6700000 - Total Energy: -3094.49, Acceptance Ratio = 0.437296, Pressure = 2.62896
Step 6710000 - Total Energy: -3086.48, Acceptance Ratio = 0.437283, Pressure = 2.6048
Step 6720000 - Total Energy: -3127.91, Acceptance Ratio = 0.437273, Pressure = 2.17633
Step 6730000 - Total Energy: -3098.44, Acceptance Ratio = 0.437263, Pressure = 2.54431
Step 6740000 - Total Energy: -3105.28, Acceptance Ratio = 0.437268, Pressure = 2.37524
Step 6750000 - Total Energy: -3113.97, Acceptance Ratio = 0.437268, Pressure = 2.25932
Step 6760000 - Total Energy: -3108.1, Acceptance Ratio = 0.437255, Pressure = 2.32846
Step 6770000 - Total Energy: -3129.19, Acceptance Ratio = 0.437242, Pressure = 2.11185
Step 6780000 - Total Energy: -3136.4, Acceptance Ratio = 0.437237, Pressure = 2.10309
Step 6790000 - Total Energy: -3123.76, Acceptance Ratio = 0.43724, Pressure = 2.17873
Step 6800000 - Total Energy: -3090.58, Acceptance Ratio = 0.437235, Pressure = 2.51166
Step 6810000 - Total Energy: -3134.91, Acceptance Ratio = 0.437224, Pressure = 1.98845
Step 6820000 - Total Energy: -3153.96, Acceptance Ratio = 0.437227, Pressure = 1.87773
Step 6830000 - Total Energy: -3129.7, Acceptance Ratio = 0.437238, Pressure = 2.10733
Step 6840000 - Total Energy: -3145.26, Acceptance Ratio = 0.437241, Pressure = 2.04008
Step 6850000 - Total Energy: -3108.06, Acceptance Ratio = 0.437245, Pressure = 2.42225
Step 6860000 - Total Energy: -3126.55, Acceptance Ratio = 0.437238, Pressure = 2.16976
Step 6870000 - Total Energy: -3091.69, Acceptance Ratio = 0.437234, Pressure = 2.56899
Step 6880000 - Total Energy: -3109.95, Acceptance Ratio = 0.437239, Pressure = 2.44249
Step 6890000 - Total Energy: -3103.36, Acceptance Ratio = 0.437243, Pressure = 2.43422
Step 6900000 - Total Energy: -3100.51, Acceptance Ratio = 0.437239, Pressure = 2.46437
Step 6910000 - Total Energy: -3153.91, Acceptance Ratio = 0.437243, Pressure = 1.87924
Step 6920000 - Total Energy: -3100.15, Acceptance Ratio = 0.437235, Pressure = 2.37613
Step 6930000 - Total Energy: -3140.39, Acceptance Ratio = 0.437236, Pressure = 2.02114
Step 6940000 - Total Energy: -3155.46, Acceptance Ratio = 0.437233, Pressure = 1.88037
Step 6950000 - Total Energy: -3096.09, Acceptance Ratio = 0.437219, Pressure = 2.44743
Step 6960000 - Total Energy: -3088.64, Acceptance Ratio = 0.43721, Pressure = 2.54067
Step 6970000 - Total Energy: -3072.45, Acceptance Ratio = 0.437214, Pressure = 2.6409
Step 6980000 - Total Energy: -3114.78, Acceptance Ratio = 0.437224, Pressure = 2.29405
Step 6990000 - Total Energy: -3109.85, Acceptance Ratio = 0.437229, Pressure = 2.32308
Step 7000000 - Total Energy: -3155.52, Acceptance Ratio = 0.437222, Pressure = 1.85885
Step 7010000 - Total Energy: -3122.57, Acceptance Ratio = 0.437225, Pressure = 2.10972
Step 7020000 - Total Energy: -3136.36, Acceptance Ratio = 0.437215, Pressure = 2.09159
Step 7030000 - Total Energy: -3111.55, Acceptance Ratio = 0.437222, Pressure = 2.43553
Step 7040000 - Total Energy: -3118.64, Acceptance Ratio = 0.437217, Pressure = 2.35606
Step 7050000 - Total Energy: -3081.82, Acceptance Ratio = 0.437215, Pressure = 2.61049
Step 7060000 - Total Energy: -3088.36, Acceptance Ratio = 0.437209, Pressure = 2.55658
Step 7070000 - Total Energy: -3111.18, Acceptance Ratio = 0.437213, Pressure = 2.3411
Step 7080000 - Total Energy: -3111.87, Acceptance Ratio = 0.437213, Pressure = 2.37874
Step 7090000 - Total Energy: -3109.02, Acceptance Ratio = 0.437207, Pressure = 2.36155
Step 7100000 - Total Energy: -3084.3, Acceptance Ratio = 0.437186, Pressure = 2.66836
Step 7110000 - Total Energy: -3068.21, Acceptance Ratio = 0.437169, Pressure = 2.78663
Step 7120000 - Total Energy: -3064.91, Acceptance Ratio = 0.437155, Pressure = 2.74789
Step 7130000 - Total Energy: -3049.08, Acceptance Ratio = 0.437141, Pressure = 2.90715
Step 7140000 - Total Energy: -3129.93, Acceptance Ratio = 0.437131, Pressure = 2.15114
Step 7150000 - Total Energy: -3116.34, Acceptance Ratio = 0.437132, Pressure = 2.21835
Step 7160000 - Total Energy: -3111.31, Acceptance Ratio = 0.437137, Pressure = 2.25552
Step 7170000 - Total Energy: -3114.95, Acceptance Ratio = 0.437138, Pressure = 2.30609
Step 7180000 - Total Energy: -3104.59, Acceptance Ratio = 0.437137, Pressure = 2.33672
Step 7190000 - Total Energy: -3120.3, Acceptance Ratio = 0.437121, Pressure = 2.27098
Step 7200000 - Total Energy: -3111.94, Acceptance Ratio = 0.437115, Pressure = 2.34568
Step 7210000 - Total Energy: -3090.12, Acceptance Ratio = 0.437119, Pressure = 2.44737
Step 7220000 - Total Energy: -3116.17, Acceptance Ratio = 0.437121, Pressure = 2.24629
Step 7230000 - Total Energy: -3115.65, Acceptance Ratio = 0.437132, Pressure = 2.20335
Step 7240000 - Total Energy: -3122.19, Acceptance Ratio = 0.437136, Pressure = 2.2743
Step 7250000 - Total Energy: -3079.09, Acceptance Ratio = 0.437135, Pressure = 2.66413
Step 7260000 - Total Energy: -3114.76, Acceptance Ratio = 0.43713, Pressure = 2.28469
Step 7270000 - Total Energy: -3121.97, Acceptance Ratio = 0.43713, Pressure = 2.26105
Step 7280000 - Total Energy: -3111.73, Acceptance Ratio = 0.437132, Pressure = 2.29288
Step 7290000 - Total Energy: -3072.58, Acceptance Ratio = 0.437123, Pressure = 2.65689
Step 7300000 - Total Energy: -3094.7, Acceptance Ratio = 0.437116, Pressure = 2.43941
Step 7310000 - Total Energy: -3126.33, Acceptance Ratio = 0.437117, Pressure = 2.20583
Step 7320000 - Total Energy: -3099.04, Acceptance Ratio = 0.437119, Pressure = 2.46238
Step 7330000 - Total Energy: -3098.87, Acceptance Ratio = 0.437109, Pressure = 2.42282
Step 7340000 - Total Energy: -3089.01, Acceptance Ratio = 0.437099, Pressure = 2.57318
Step 7350000 - Total Energy: -3119.59, Acceptance Ratio = 0.437096, Pressure = 2.26186
Step 7360000 - Total Energy: -3114.52, Acceptance Ratio = 0.437087, Pressure = 2.2307
Step 7370000 - Total Energy: -3141.92, Acceptance Ratio = 0.437095, Pressure = 1.95954
Step 7380000 - Total Energy: -3108.28, Acceptance Ratio = 0.437102, Pressure = 2.31795
Step 7390000 - Total Energy: -3129.09, Acceptance Ratio = 0.437101, Pressure = 2.15529
Step 7400000 - Total Energy: -3118.87, Acceptance Ratio = 0.437097, Pressure = 2.31517
Step 7410000 - Total Energy: -3120.28, Acceptance Ratio = 0.437089, Pressure = 2.28128
Step 7420000 - Total Energy: -3069.94, Acceptance Ratio = 0.437095, Pressure = 2.77882
Step 7430000 - Total Energy: -3077.48, Acceptance Ratio = 0.43709, Pressure = 2.68589
Step 7440000 - Total Energy: -3094.53, Acceptance Ratio = 0.43707, Pressure = 2.50986
Step 7450000 - Total Energy: -3142.36, Acceptance Ratio = 0.437071, Pressure = 2.1127
Step 7460000 - Total Energy: -3082.95, Acceptance Ratio = 0.437065, Pressure = 2.57067
Step 7470000 - Total Energy: -3126.81, Acceptance Ratio = 0.437073, Pressure = 2.08874
Step 7480000 - Total Energy: -3128.17, Acceptance Ratio = 0.437074, Pressure = 2.19162
Step 7490000 - Total Energy: -3139.24, Acceptance Ratio = 0.437077, Pressure = 2.08817
Step 7500000 - Total Energy: -3079.52, Acceptance Ratio = 0.437079, Pressure = 2.61082
Step 7510000 - Total Energy: -3098.69, Acceptance Ratio = 0.43706, Pressure = 2.52468
Step 7520000 - Total Energy: -3141.65, Acceptance Ratio = 0.437067, Pressure = 2.00464
Step 7530000 - Total Energy: -3070.79, Acceptance Ratio = 0.43705, Pressure = 2.75408
Step 7540000 - Total Energy: -3112.67, Acceptance Ratio = 0.437054, Pressure = 2.33767
Step 7550000 - Total Energy: -3096.2, Acceptance Ratio = 0.437051, Pressure = 2.45622
Step 7560000 - Total Energy: -3119.91, Acceptance Ratio = 0.437047, Pressure = 2.2709
Step 7570000 - Total Energy: -3133.36, Acceptance Ratio = 0.437044, Pressure = 2.08345
Step 7580000 - Total Energy: -3117.59, Acceptance Ratio = 0.437052, Pressure = 2.2683
Step 7590000 - Total Energy: -3142.34, Acceptance Ratio = 0.437051, Pressure = 2.07076
Step 7600000 - Total Energy: -3152.9, Acceptance Ratio = 0.437039, Pressure = 1.88228
Step 7610000 - Total Energy: -3108.46, Acceptance Ratio = 0.437039, Pressure = 2.2816
Step 7620000 - Total Energy: -3122.03, Acceptance Ratio = 0.43704, Pressure = 2.20166
Step 7630000 - Total Energy: -3093.95, Acceptance Ratio = 0.437037, Pressure = 2.48851
Step 7640000 - Total Energy: -3115.43, Acceptance Ratio = 0.437038, Pressure = 2.2057
Step 7650000 - Total Energy: -3092.78, Acceptance Ratio = 0.437037, Pressure = 2.51908
Step 7660000 - Total Energy: -3089.65, Acceptance Ratio = 0.437026, Pressure = 2.49135
Step 7670000 - Total Energy: -3099.32, Acceptance Ratio = 0.437029, Pressure = 2.40174
Step 7680000 - Total Energy: -3110.09, Acceptance Ratio = 0.437023, Pressure = 2.32722
Step 7690000 - Total Energy: -3111.18, Acceptance Ratio = 0.43702, Pressure = 2.27954
Step 7700000 - Total Energy: -3094.85, Acceptance Ratio = 0.437019, Pressure = 2.45328
Step 7710000 - Total Energy: -3108.76, Acceptance Ratio = 0.437021, Pressure = 2.35435
Step 7720000 - Total Energy: -3110.34, Acceptance Ratio = 0.43702, Pressure = 2.32589
Step 7730000 - Total Energy: -3087.12, Acceptance Ratio = 0.437008, Pressure = 2.55877
Step 7740000 - Total Energy: -3118.77, Acceptance Ratio = 0.437013, Pressure = 2.21519
Step 7750000 - Total Energy: -3090.51, Acceptance Ratio = 0.437005, Pressure = 2.50657
Step 7760000 - Total Energy: -3087.61, Acceptance Ratio = 0.436994, Pressure = 2.64483
Step 7770000 - Total Energy: -3133.61, Acceptance Ratio = 0.436986, Pressure = 2.1042
Step 7780000 - Total Energy: -3127.84, Acceptance Ratio = 0.436974, Pressure = 2.22795
Step 7790000 - Total Energy: -3099.05, Acceptance Ratio = 0.436971, Pressure = 2.45253
Step 7800000 - Total Energy: -3091.53, Acceptance Ratio = 0.436979, Pressure = 2.47006
Step 7810000 - Total Energy: -3153.03, Acceptance Ratio = 0.436979, Pressure = 1.94636
Step 7820000 - Total Energy: -3110.97, Acceptance Ratio = 0.436982, Pressure = 2.38625
Step 7830000 - Total Energy: -3113.62, Acceptance Ratio = 0.437, Pressure = 2.27157
Step 7840000 - Total Energy: -3133.6, Acceptance Ratio = 0.437, Pressure = 2.12227
Step 7850000 - Total Energy: -3112.81, Acceptance Ratio = 0.43701, Pressure = 2.2795
Step 7860000 - Total Energy: -3103.73, Acceptance Ratio = 0.437014, Pressure = 2.44565
Step 7870000 - Total Energy: -3116.2, Acceptance Ratio = 0.437008, Pressure = 2.35672
Step 7880000 - Total Energy: -3108.43, Acceptance Ratio = 0.437014, Pressure = 2.44627
Step 7890000 - Total Energy: -3093.83, Acceptance Ratio = 0.437008, Pressure = 2.47793
Step 7900000 - Total Energy: -3104.23, Acceptance Ratio = 0.437009, Pressure = 2.35291
Step 7910000 - Total Energy: -3069.77, Acceptance Ratio = 0.437006, Pressure = 2.73747
Step 7920000 - Total Energy: -3101.51, Acceptance Ratio = 0.437006, Pressure = 2.45312
Step 7930000 - Total Energy: -3117.81, Acceptance Ratio = 0.437003, Pressure = 2.22637
Step 7940000 - Total Energy: -3112.4, Acceptance Ratio = 0.437003, Pressure = 2.2916
Step 7950000 - Total Energy: -3093.71, Acceptance Ratio = 0.437007, Pressure = 2.48472
Step 7960000 - Total Energy: -3122.01, Acceptance Ratio = 0.436997, Pressure = 2.25496
Step 7970000 - Total Energy: -3126.97, Acceptance Ratio = 0.436996, Pressure = 2.21466
Step 7980000 - Total Energy: -3117.69, Acceptance Ratio = 0.437007, Pressure = 2.23859
Step 7990000 - Total Energy: -3137.84, Acceptance Ratio = 0.437015, Pressure = 2.10322
Step 8000000 - Total Energy: -3109.92, Acceptance Ratio = 0.437009, Pressure = 2.39264
Step 8010000 - Total Energy: -3104.74, Acceptance Ratio = 0.437008, Pressure = 2.43469
Step 8020000 - Total Energy: -3123.21, Acceptance Ratio = 0.437007, Pressure = 2.25306
Step 8030000 - Total Energy: -3102.73, Acceptance Ratio = 0.437009, Pressure = 2.37744
Step 8040000 - Total Energy: -3116.12, Acceptance Ratio = 0.437012, Pressure = 2.28913
Step 8050000 - Total Energy: -3072.51, Acceptance Ratio = 0.437012, Pressure = 2.72952
Step 8060000 - Total Energy: -3113.82, Acceptance Ratio = 0.437007, Pressure = 2.31698
Step 8070000 - Total Energy: -3119.98, Acceptance Ratio = 0.437011, Pressure = 2.24641
Step 8080000 - Total Energy: -3070.91, Acceptance Ratio = 0.437019, Pressure = 2.75075
Step 8090000 - Total Energy: -3111.25, Acceptance Ratio = 0.437014, Pressure = 2.32944
Step 8100000 - Total Energy: -3107.71, Acceptance Ratio = 0.437024, Pressure = 2.37611
Step 8110000 - Total Energy: -3148.35, Acceptance Ratio = 0.437018, Pressure = 1.97755
Step 8120000 - Total Energy: -3095.04, Acceptance Ratio = 0.437021, Pressure = 2.54015
Step 8130000 - Total Energy: -3171.42, Acceptance Ratio = 0.437041, Pressure = 1.74069
Step 8140000 - Total Energy: -3121.93, Acceptance Ratio = 0.437051, Pressure = 2.268
Step 8150000 - Total Energy: -3165.05, Acceptance Ratio = 0.437056, Pressure = 1.81326
Step 8160000 - Total Energy: -3130.04, Acceptance Ratio = 0.437049, Pressure = 2.17906
Step 8170000 - Total Energy: -3110.77, Acceptance Ratio = 0.437042, Pressure = 2.34933
Step 8180000 - Total Energy: -3130.37, Acceptance Ratio = 0.437044, Pressure = 2.16579
Step 8190000 - Total Energy: -3139.87, Acceptance Ratio = 0.437051, Pressure = 2.07314
Step 8200000 - Total Energy: -3101.18, Acceptance Ratio = 0.437042, Pressure = 2.52926
Step 8210000 - Total Energy: -3115.51, Acceptance Ratio = 0.437047, Pressure = 2.34034
Step 8220000 - Total Energy: -3143.02, Acceptance Ratio = 0.43706, Pressure = 1.97909
Step 8230000 - Total Energy: -3120.71, Acceptance Ratio = 0.437071, Pressure = 2.24928
Step 8240000 - Total Energy: -3113.79, Acceptance Ratio = 0.437075, Pressure = 2.25222
Step 8250000 - Total Energy: -3119.76, Acceptance Ratio = 0.437085, Pressure = 2.22149
Step 8260000 - Total Energy: -3132.46, Acceptance Ratio = 0.437083, Pressure = 2.09208
Step 8270000 - Total Energy: -3121, Acceptance Ratio = 0.437085, Pressure = 2.17337
Step 8280000 - Total Energy: -3073.25, Acceptance Ratio = 0.437078, Pressure = 2.70214
Step 8290000 - Total Energy: -3105.85, Acceptance Ratio = 0.437071, Pressure = 2.30059
Step 8300000 - Total Energy: -3076.78, Acceptance Ratio = 0.437056, Pressure = 2.67301
Step 8310000 - Total Energy: -3084.54, Acceptance Ratio = 0.437049, Pressure = 2.5642
Step 8320000 - Total Energy: -3092.31, Acceptance Ratio = 0.437042, Pressure = 2.46358
Step 8330000 - Total Energy: -3110.23, Acceptance Ratio = 0.437041, Pressure = 2.28209
Step 8340000 - Total Energy: -3108.47, Acceptance Ratio = 0.437043, Pressure = 2.32123
Step 8350000 - Total Energy: -3131.87, Acceptance Ratio = 0.437046, Pressure = 2.11835
Step 8360000 - Total Energy: -3111.69, Acceptance Ratio = 0.437039, Pressure = 2.32395
Step 8370000 - Total Energy: -3092.77, Acceptance Ratio = 0.437038, Pressure = 2.50609
Step 8380000 - Total Energy: -3099.39, Acceptance Ratio = 0.437038, Pressure = 2.3712
Step 8390000 - Total Energy: -3102.84, Acceptance Ratio = 0.43705, Pressure = 2.3517
Step 8400000 - Total Energy: -3086.65, Acceptance Ratio = 0.437041, Pressure = 2.50081
Step 8410000 - Total Energy: -3112.04, Acceptance Ratio = 0.437034, Pressure = 2.25894
Step 8420000 - Total Energy: -3121.46, Acceptance Ratio = 0.437036, Pressure = 2.15098
Step 8430000 - Total Energy: -3073.22, Acceptance Ratio = 0.437033, Pressure = 2.74768
Step 8440000 - Total Energy: -3085.41, Acceptance Ratio = 0.437029, Pressure = 2.55871
Step 8450000 - Total Energy: -3101.61, Acceptance Ratio = 0.437026, Pressure = 2.35642
Step 8460000 - Total Energy: -3086.66, Acceptance Ratio = 0.437026, Pressure = 2.47404
Step 8470000 - Total Energy: -3085, Acceptance Ratio = 0.437016, Pressure = 2.5363
Step 8480000 - Total Energy: -3138.3, Acceptance Ratio = 0.437005, Pressure = 1.99231
Step 8490000 - Total Energy: -3115.32, Acceptance Ratio = 0.437018, Pressure = 2.21139
Step 8500000 - Total Energy: -3106.48, Acceptance Ratio = 0.437021, Pressure = 2.31897
Step 8510000 - Total Energy: -3136.35, Acceptance Ratio = 0.437021, Pressure = 2.05023
Step 8520000 - Total Energy: -3116.82, Acceptance Ratio = 0.437031, Pressure = 2.25678
Step 8530000 - Total Energy: -3105.25, Acceptance Ratio = 0.437034, Pressure = 2.30236
Step 8540000 - Total Energy: -3118.17, Acceptance Ratio = 0.43704, Pressure = 2.19193
Step 8550000 - Total Energy: -3117.93, Acceptance Ratio = 0.437032, Pressure = 2.23623
Step 8560000 - Total Energy: -3114.71, Acceptance Ratio = 0.437028, Pressure = 2.29101
Step 8570000 - Total Energy: -3125.52, Acceptance Ratio = 0.437019, Pressure = 2.05264
Step 8580000 - Total Energy: -3113.24, Acceptance Ratio = 0.437013, Pressure = 2.28438
Step 8590000 - Total Energy: -3116.79, Acceptance Ratio = 0.437021, Pressure = 2.24105
Step 8600000 - Total Energy: -3126.3, Acceptance Ratio = 0.437023, Pressure = 2.18528
Step 8610000 - Total Energy: -3126.69, Acceptance Ratio = 0.437017, Pressure = 2.16972
Step 8620000 - Total Energy: -3116.05, Acceptance Ratio = 0.437006, Pressure = 2.28761
Step 8630000 - Total Energy: -3114.81, Acceptance Ratio = 0.437004, Pressure = 2.2649
Step 8640000 - Total Energy: -3120.88, Acceptance Ratio = 0.437008, Pressure = 2.20823
Step 8650000 - Total Energy: -3141.52, Acceptance Ratio = 0.437021, Pressure = 1.94096
Step 8660000 - Total Energy: -3109.32, Acceptance Ratio = 0.43702, Pressure = 2.30244
Step 8670000 - Total Energy: -3136.4, Acceptance Ratio = 0.437023, Pressure = 2.04606
Step 8680000 - Total Energy: -3116.34, Acceptance Ratio = 0.43702, Pressure = 2.24328
Step 8690000 - Total Energy: -3104.64, Acceptance Ratio = 0.437017, Pressure = 2.33751
Step 8700000 - Total Energy: -3121.42, Acceptance Ratio = 0.437021, Pressure = 2.20352
Step 8710000 - Total Energy: -3119.85, Acceptance Ratio = 0.437015, Pressure = 2.20471
Step 8720000 - Total Energy: -3096.82, Acceptance Ratio = 0.437013, Pressure = 2.41984
Step 8730000 - Total Energy: -3101.28, Acceptance Ratio = 0.437019, Pressure = 2.44311
Step 8740000 - Total Energy: -3102.37, Acceptance Ratio = 0.437018, Pressure = 2.37952
Step 8750000 - Total Energy: -3130.34, Acceptance Ratio = 0.437006, Pressure = 2.0973
Step 8760000 - Total Energy: -3105.79, Acceptance Ratio = 0.437011, Pressure = 2.38595
Step 8770000 - Total Energy: -3134.62, Acceptance Ratio = 0.437017, Pressure = 2.06922
Step 8780000 - Total Energy: -3121.27, Acceptance Ratio = 0.437012, Pressure = 2.25643
Step 8790000 - Total Energy: -3101.48, Acceptance Ratio = 0.437012, Pressure = 2.46057
Step 8800000 - Total Energy: -3131.75, Acceptance Ratio = 0.437021, Pressure = 2.13889
Step 8810000 - Total Energy: -3107.15, Acceptance Ratio = 0.437022, Pressure = 2.36352
Step 8820000 - Total Energy: -3101.98, Acceptance Ratio = 0.437017, Pressure = 2.38991
Step 8830000 - Total Energy: -3155.05, Acceptance Ratio = 0.437007, Pressure = 1.84772
Step 8840000 - Total Energy: -3110.47, Acceptance Ratio = 0.437004, Pressure = 2.29821
Step 8850000 - Total Energy: -3129.99, Acceptance Ratio = 0.437005, Pressure = 2.06617
Step 8860000 - Total Energy: -3102.9, Acceptance Ratio = 0.437015, Pressure = 2.38144
Step 8870000 - Total Energy: -3135.33, Acceptance Ratio = 0.43703, Pressure = 2.11624
Step 8880000 - Total Energy: -3111.71, Acceptance Ratio = 0.437035, Pressure = 2.32113
Step 8890000 - Total Energy: -3135.91, Acceptance Ratio = 0.437031, Pressure = 2.08356
Step 8900000 - Total Energy: -3115.71, Acceptance Ratio = 0.43704, Pressure = 2.36333
Step 8910000 - Total Energy: -3103.46, Acceptance Ratio = 0.437039, Pressure = 2.40515
Step 8920000 - Total Energy: -3108.43, Acceptance Ratio = 0.437034, Pressure = 2.3261
Step 8930000 - Total Energy: -3142.7, Acceptance Ratio = 0.437035, Pressure = 2.00363
Step 8940000 - Total Energy: -3113.22, Acceptance Ratio = 0.437034, Pressure = 2.25088
Step 8950000 - Total Energy: -3076.74, Acceptance Ratio = 0.437039, Pressure = 2.63643
Step 8960000 - Total Energy: -3129.14, Acceptance Ratio = 0.437047, Pressure = 2.08177
Step 8970000 - Total Energy: -3093.86, Acceptance Ratio = 0.437041, Pressure = 2.47251
Step 8980000 - Total Energy: -3103.83, Acceptance Ratio = 0.437047, Pressure = 2.35599
Step 8990000 - Total Energy: -3115.3, Acceptance Ratio = 0.437047, Pressure = 2.19676
Step 9000000 - Total Energy: -3139.17, Acceptance Ratio = 0.437046, Pressure = 1.99408
Step 9010000 - Total Energy: -3132.23, Acceptance Ratio = 0.437032, Pressure = 2.13217
Step 9020000 - Total Energy: -3111.25, Acceptance Ratio = 0.437034, Pressure = 2.24872
Step 9030000 - Total Energy: -3112.99, Acceptance Ratio = 0.437043, Pressure = 2.23599
Step 9040000 - Total Energy: -3109.79, Acceptance Ratio = 0.437046, Pressure = 2.30305
Step 9050000 - Total Energy: -3122.24, Acceptance Ratio = 0.437049, Pressure = 2.23534
Step 9060000 - Total Energy: -3106.91, Acceptance Ratio = 0.43705, Pressure = 2.35357
Step 9070000 - Total Energy: -3098.62, Acceptance Ratio = 0.437048, Pressure = 2.44891
Step 9080000 - Total Energy: -3111.97, Acceptance Ratio = 0.437044, Pressure = 2.25943
Step 9090000 - Total Energy: -3112.55, Acceptance Ratio = 0.437045, Pressure = 2.38602
Step 9100000 - Total Energy: -3105.18, Acceptance Ratio = 0.437032, Pressure = 2.3577
Step 9110000 - Total Energy: -3127.13, Acceptance Ratio = 0.437037, Pressure = 2.10611
Step 9120000 - Total Energy: -3114.83, Acceptance Ratio = 0.437028, Pressure = 2.27306
Step 9130000 - Total Energy: -3124.24, Acceptance Ratio = 0.437022, Pressure = 2.14837
Step 9140000 - Total Energy: -3115.96, Acceptance Ratio = 0.437021, Pressure = 2.21009
Step 9150000 - Total Energy: -3147.53, Acceptance Ratio = 0.437032, Pressure = 2.05749
Step 9160000 - Total Energy: -3119.1, Acceptance Ratio = 0.437029, Pressure = 2.1597
Step 9170000 - Total Energy: -3153.66, Acceptance Ratio = 0.437034, Pressure = 1.93049
Step 9180000 - Total Energy: -3120.11, Acceptance Ratio = 0.437043, Pressure = 2.17199
Step 9190000 - Total Energy: -3144.41, Acceptance Ratio = 0.437043, Pressure = 1.89297
Step 9200000 - Total Energy: -3122.47, Acceptance Ratio = 0.437048, Pressure = 2.13024
Step 9210000 - Total Energy: -3121.99, Acceptance Ratio = 0.437055, Pressure = 2.24176
Step 9220000 - Total Energy: -3131.26, Acceptance Ratio = 0.43705, Pressure = 2.09431
Step 9230000 - Total Energy: -3137.31, Acceptance Ratio = 0.437046, Pressure = 2.07818
Step 9240000 - Total Energy: -3132.49, Acceptance Ratio = 0.437033, Pressure = 2.14875
Step 9250000 - Total Energy: -3108.69, Acceptance Ratio = 0.437033, Pressure = 2.31806
Step 9260000 - Total Energy: -3102.89, Acceptance Ratio = 0.437033, Pressure = 2.38411
Step 9270000 - Total Energy: -3082.21, Acceptance Ratio = 0.437034, Pressure = 2.61313
Step 9280000 - Total Energy: -3122.5, Acceptance Ratio = 0.437025, Pressure = 2.20279
Step 9290000 - Total Energy: -3091.86, Acceptance Ratio = 0.437022, Pressure = 2.49095
Step 9300000 - Total Energy: -3096.68, Acceptance Ratio = 0.437014, Pressure = 2.54067
Step 9310000 - Total Energy: -3130.52, Acceptance Ratio = 0.437017, Pressure = 2.09103
Step 9320000 - Total Energy: -3119.52, Acceptance Ratio = 0.437022, Pressure = 2.2055
Step 9330000 - Total Energy: -3105.46, Acceptance Ratio = 0.43703, Pressure = 2.36459
Step 9340000 - Total Energy: -3122.61, Acceptance Ratio = 0.437038, Pressure = 2.19446
Step 9350000 - Total Energy: -3087.03, Acceptance Ratio = 0.43704, Pressure = 2.52929
Step 9360000 - Total Energy: -3122.12, Acceptance Ratio = 0.437051, Pressure = 2.16923
Step 9370000 - Total Energy: -3105.33, Acceptance Ratio = 0.437048, Pressure = 2.28728
Step 9380000 - Total Energy: -3147.08, Acceptance Ratio = 0.43705, Pressure = 1.94118
Step 9390000 - Total Energy: -3133.14, Acceptance Ratio = 0.437048, Pressure = 2.10578
Step 9400000 - Total Energy: -3136.48, Acceptance Ratio = 0.437045, Pressure = 2.01702
Step 9410000 - Total Energy: -3115.68, Acceptance Ratio = 0.437052, Pressure = 2.22825
Step 9420000 - Total Energy: -3176.11, Acceptance Ratio = 0.437061, Pressure = 1.70826
Step 9430000 - Total Energy: -3139.59, Acceptance Ratio = 0.437067, Pressure = 1.94779
Step 9440000 - Total Energy: -3112.71, Acceptance Ratio = 0.437064, Pressure = 2.31222
Step 9450000 - Total Energy: -3126.21, Acceptance Ratio = 0.437077, Pressure = 2.1466
Step 9460000 - Total Energy: -3118.11, Acceptance Ratio = 0.437088, Pressure = 2.18714
Step 9470000 - Total Energy: -3136.79, Acceptance Ratio = 0.437097, Pressure = 1.9846
Step 9480000 - Total Energy: -3115.79, Acceptance Ratio = 0.4371, Pressure = 2.21196
Step 9490000 - Total Energy: -3078.46, Acceptance Ratio = 0.437104, Pressure = 2.63952
Step 9500000 - Total Energy: -3108.97, Acceptance Ratio = 0.437107, Pressure = 2.34935
Step 9510000 - Total Energy: -3113.9, Acceptance Ratio = 0.437096, Pressure = 2.20016
Step 9520000 - Total Energy: -3091.5, Acceptance Ratio = 0.437095, Pressure = 2.49096
Step 9530000 - Total Energy: -3127.83, Acceptance Ratio = 0.437094, Pressure = 2.11295
Step 9540000 - Total Energy: -3111.19, Acceptance Ratio = 0.437098, Pressure = 2.34443
Step 9550000 - Total Energy: -3144.34, Acceptance Ratio = 0.437101, Pressure = 1.98622
Step 9560000 - Total Energy: -3135.51, Acceptance Ratio = 0.437105, Pressure = 2.0717
Step 9570000 - Total Energy: -3121.37, Acceptance Ratio = 0.437098, Pressure = 2.2559
Step 9580000 - Total Energy: -3124.6, Acceptance Ratio = 0.437093, Pressure = 2.1714
Step 9590000 - Total Energy: -3066.63, Acceptance Ratio = 0.437105, Pressure = 2.70395
Step 9600000 - Total Energy: -3065.26, Acceptance Ratio = 0.437109, Pressure = 2.73052
Step 9610000 - Total Energy: -3101.58, Acceptance Ratio = 0.437116, Pressure = 2.45
Step 9620000 - Total Energy: -3129.57, Acceptance Ratio = 0.437114, Pressure = 2.08946
Step 9630000 - Total Energy: -3112.9, Acceptance Ratio = 0.43712, Pressure = 2.22122
Step 9640000 - Total Energy: -3113.61, Acceptance Ratio = 0.43713, Pressure = 2.35694
Step 9650000 - Total Energy: -3141.09, Acceptance Ratio = 0.437133, Pressure = 2.0808
Step 9660000 - Total Energy: -3147.54, Acceptance Ratio = 0.437136, Pressure = 2.00498
Step 9670000 - Total Energy: -3156.93, Acceptance Ratio = 0.43714, Pressure = 1.84486
Step 9680000 - Total Energy: -3169.44, Acceptance Ratio = 0.437141, Pressure = 1.73998
Step 9690000 - Total Energy: -3160.09, Acceptance Ratio = 0.43715, Pressure = 1.81045
Step 9700000 - Total Energy: -3101.1, Acceptance Ratio = 0.437148, Pressure = 2.36254
Step 9710000 - Total Energy: -3142.75, Acceptance Ratio = 0.437148, Pressure = 1.96697
Step 9720000 - Total Energy: -3091.88, Acceptance Ratio = 0.437156, Pressure = 2.47479
Step 9730000 - Total Energy: -3146.27, Acceptance Ratio = 0.437159, Pressure = 1.96829
Step 9740000 - Total Energy: -3133.73, Acceptance Ratio = 0.437162, Pressure = 2.11448
Step 9750000 - Total Energy: -3158.52, Acceptance Ratio = 0.437156, Pressure = 1.86607
Step 9760000 - Total Energy: -3149.41, Acceptance Ratio = 0.437155, Pressure = 1.95605
Step 9770000 - Total Energy: -3107.6, Acceptance Ratio = 0.437166, Pressure = 2.41652
Step 9780000 - Total Energy: -3111.32, Acceptance Ratio = 0.437181, Pressure = 2.33358
Step 9790000 - Total Energy: -3115.51, Acceptance Ratio = 0.437181, Pressure = 2.32799
Step 9800000 - Total Energy: -3110.82, Acceptance Ratio = 0.437185, Pressure = 2.26094
Step 9810000 - Total Energy: -3141.85, Acceptance Ratio = 0.437181, Pressure = 2.00517
Step 9820000 - Total Energy: -3140.08, Acceptance Ratio = 0.437178, Pressure = 2.03177
Step 9830000 - Total Energy: -3120, Acceptance Ratio = 0.437179, Pressure = 2.2858
Step 9840000 - Total Energy: -3118.21, Acceptance Ratio = 0.437178, Pressure = 2.26619
Step 9850000 - Total Energy: -3146.77, Acceptance Ratio = 0.437186, Pressure = 1.95324
Step 9860000 - Total Energy: -3159.72, Acceptance Ratio = 0.437178, Pressure = 1.81968
Step 9870000 - Total Energy: -3134.83, Acceptance Ratio = 0.437174, Pressure = 2.04828
Step 9880000 - Total Energy: -3153.22, Acceptance Ratio = 0.437174, Pressure = 1.89966
Step 9890000 - Total Energy: -3161.87, Acceptance Ratio = 0.437174, Pressure = 1.83042
Step 9900000 - Total Energy: -3130.92, Acceptance Ratio = 0.437189, Pressure = 2.07148
Step 9910000 - Total Energy: -3113.29, Acceptance Ratio = 0.437192, Pressure = 2.27554
Step 9920000 - Total Energy: -3126.94, Acceptance Ratio = 0.437186, Pressure = 2.13597
Step 9930000 - Total Energy: -3106.28, Acceptance Ratio = 0.43718, Pressure = 2.36148
Step 9940000 - Total Energy: -3143.42, Acceptance Ratio = 0.437192, Pressure = 1.96539
Step 9950000 - Total Energy: -3116.13, Acceptance Ratio = 0.437194, Pressure = 2.28375
Step 9960000 - Total Energy: -3118.78, Acceptance Ratio = 0.437194, Pressure = 2.34005
Step 9970000 - Total Energy: -3086.01, Acceptance Ratio = 0.437193, Pressure = 2.58944
Step 9980000 - Total Energy: -3139.85, Acceptance Ratio = 0.437185, Pressure = 2.0107
Step 9990000 - Total Energy: -3126.7, Acceptance Ratio = 0.437185, Pressure = 2.18332
Step 10000000 - Total Energy: -3106.63, Acceptance Ratio = 0.437185, Pressure = 2.40487
Step 10010000 - Total Energy: -3111.79, Acceptance Ratio = 0.437184, Pressure = 2.26417
Step 10020000 - Total Energy: -3130.15, Acceptance Ratio = 0.437191, Pressure = 2.18193
Step 10030000 - Total Energy: -3109.21, Acceptance Ratio = 0.437195, Pressure = 2.39587
Step 10040000 - Total Energy: -3092.32, Acceptance Ratio = 0.437201, Pressure = 2.5546
Step 10050000 - Total Energy: -3080.11, Acceptance Ratio = 0.437199, Pressure = 2.73189
Step 10060000 - Total Energy: -3115.22, Acceptance Ratio = 0.437188, Pressure = 2.30169
Step 10070000 - Total Energy: -3109.77, Acceptance Ratio = 0.437182, Pressure = 2.28347
Step 10080000 - Total Energy: -3109.64, Acceptance Ratio = 0.437185, Pressure = 2.30653
Step 10090000 - Total Energy: -3106.23, Acceptance Ratio = 0.43718, Pressure = 2.36559
Step 10100000 - Total Energy: -3131.76, Acceptance Ratio = 0.437186, Pressure = 2.09766
Step 10110000 - Total Energy: -3156.58, Acceptance Ratio = 0.437194, Pressure = 1.83395
Step 10120000 - Total Energy: -3133.63, Acceptance Ratio = 0.437193, Pressure = 2.14452
Step 10130000 - Total Energy: -3093.85, Acceptance Ratio = 0.437192, Pressure = 2.53345
Step 10140000 - Total Energy: -3118.08, Acceptance Ratio = 0.437188, Pressure = 2.2203
Step 10150000 - Total Energy: -3129.73, Acceptance Ratio = 0.437186, Pressure = 2.05656
Step 10160000 - Total Energy: -3134.45, Acceptance Ratio = 0.437189, Pressure = 2.07336
Step 10170000 - Total Energy: -3133.51, Acceptance Ratio = 0.437183, Pressure = 2.09571
Step 10180000 - Total Energy: -3100.52, Acceptance Ratio = 0.437182, Pressure = 2.38233
Step 10190000 - Total Energy: -3111.91, Acceptance Ratio = 0.437186, Pressure = 2.31309
Step 10200000 - Total Energy: -3115.11, Acceptance Ratio = 0.437184, Pressure = 2.33399
Step 10210000 - Total Energy: -3114.78, Acceptance Ratio = 0.437189, Pressure = 2.28849
Step 10220000 - Total Energy: -3121.78, Acceptance Ratio = 0.437196, Pressure = 2.16267
Step 10230000 - Total Energy: -3134.84, Acceptance Ratio = 0.437193, Pressure = 2.03608
Step 10240000 - Total Energy: -3107.23, Acceptance Ratio = 0.437198, Pressure = 2.38391
Step 10250000 - Total Energy: -3089.9, Acceptance Ratio = 0.437195, Pressure = 2.51677
Step 10260000 - Total Energy: -3137.41, Acceptance Ratio = 0.437188, Pressure = 2.09854
Step 10270000 - Total Energy: -3059.95, Acceptance Ratio = 0.437188, Pressure = 2.83075
Step 10280000 - Total Energy: -3081.1, Acceptance Ratio = 0.437182, Pressure = 2.6064
Step 10290000 - Total Energy: -3106.07, Acceptance Ratio = 0.437171, Pressure = 2.33334
Step 10300000 - Total Energy: -3101.81, Acceptance Ratio = 0.437172, Pressure = 2.39989
Step 10310000 - Total Energy: -3132.09, Acceptance Ratio = 0.43718, Pressure = 2.11415
Step 10320000 - Total Energy: -3122.42, Acceptance Ratio = 0.437171, Pressure = 2.17674
Step 10330000 - Total Energy: -3129.75, Acceptance Ratio = 0.437172, Pressure = 2.08607
Step 10340000 - Total Energy: -3133.2, Acceptance Ratio = 0.437172, Pressure = 2.09443
Step 10350000 - Total Energy: -3091.73, Acceptance Ratio = 0.437165, Pressure = 2.53814
Step 10360000 - Total Energy: -3108.62, Acceptance Ratio = 0.437168, Pressure = 2.31875
Step 10370000 - Total Energy: -3120.8, Acceptance Ratio = 0.437166, Pressure = 2.23064
Step 10380000 - Total Energy: -3124.19, Acceptance Ratio = 0.437162, Pressure = 2.21434
Step 10390000 - Total Energy: -3116.99, Acceptance Ratio = 0.437158, Pressure = 2.31963
Step 10400000 - Total Energy: -3139.3, Acceptance Ratio = 0.43715, Pressure = 2.07191
Step 10410000 - Total Energy: -3109.86, Acceptance Ratio = 0.437148, Pressure = 2.32175
Step 10420000 - Total Energy: -3106.92, Acceptance Ratio = 0.437146, Pressure = 2.31472
Step 10430000 - Total Energy: -3112.41, Acceptance Ratio = 0.437146, Pressure = 2.23857
Step 10440000 - Total Energy: -3148.2, Acceptance Ratio = 0.437142, Pressure = 1.98625
Step 10450000 - Total Energy: -3089.05, Acceptance Ratio = 0.437146, Pressure = 2.49352
Step 10460000 - Total Energy: -3117.14, Acceptance Ratio = 0.437141, Pressure = 2.25986
Step 10470000 - Total Energy: -3136.22, Acceptance Ratio = 0.437138, Pressure = 2.05711
Step 10480000 - Total Energy: -3138.93, Acceptance Ratio = 0.43714, Pressure = 2.01247
Step 10490000 - Total Energy: -3132.39, Acceptance Ratio = 0.437141, Pressure = 2.06421
Step 10500000 - Total Energy: -3137.08, Acceptance Ratio = 0.437148, Pressure = 2.02546
Step 10510000 - Total Energy: -3147.31, Acceptance Ratio = 0.437141, Pressure = 1.91481
Step 10520000 - Total Energy: -3140.67, Acceptance Ratio = 0.437147, Pressure = 2.04456
Step 10530000 - Total Energy: -3170.65, Acceptance Ratio = 0.437149, Pressure = 1.7245
Step 10540000 - Total Energy: -3153.73, Acceptance Ratio = 0.437148, Pressure = 1.92989
Step 10550000 - Total Energy: -3124.44, Acceptance Ratio = 0.437163, Pressure = 2.16249
Step 10560000 - Total Energy: -3120.47, Acceptance Ratio = 0.437163, Pressure = 2.25635
Step 10570000 - Total Energy: -3139.4, Acceptance Ratio = 0.437173, Pressure = 2.07808
Step 10580000 - Total Energy: -3111.44, Acceptance Ratio = 0.437175, Pressure = 2.34161
Step 10590000 - Total Energy: -3102.92, Acceptance Ratio = 0.437183, Pressure = 2.35011
Step 10600000 - Total Energy: -3137.12, Acceptance Ratio = 0.437192, Pressure = 1.97696
Step 10610000 - Total Energy: -3155.23, Acceptance Ratio = 0.43721, Pressure = 1.88414
Step 10620000 - Total Energy: -3149.22, Acceptance Ratio = 0.437216, Pressure = 1.95651
Step 10630000 - Total Energy: -3151.9, Acceptance Ratio = 0.437223, Pressure = 1.79112
Step 10640000 - Total Energy: -3138.39, Acceptance Ratio = 0.43723, Pressure = 1.98722
Step 10650000 - Total Energy: -3160.75, Acceptance Ratio = 0.437235, Pressure = 1.79591
Step 10660000 - Total Energy: -3131.67, Acceptance Ratio = 0.437249, Pressure = 2.08839
Step 10670000 - Total Energy: -3126.1, Acceptance Ratio = 0.437257, Pressure = 2.13732
Step 10680000 - Total Energy: -3142.98, Acceptance Ratio = 0.437263, Pressure = 1.91168
Step 10690000 - Total Energy: -3099.83, Acceptance Ratio = 0.437264, Pressure = 2.3206
Step 10700000 - Total Energy: -3133.51, Acceptance Ratio = 0.43727, Pressure = 1.98087
Step 10710000 - Total Energy: -3094.25, Acceptance Ratio = 0.437283, Pressure = 2.43928
Step 10720000 - Total Energy: -3097.96, Acceptance Ratio = 0.43729, Pressure = 2.44384
Step 10730000 - Total Energy: -3153.53, Acceptance Ratio = 0.4373, Pressure = 1.864
Step 10740000 - Total Energy: -3102.93, Acceptance Ratio = 0.437305, Pressure = 2.31814
Step 10750000 - Total Energy: -3116.22, Acceptance Ratio = 0.437311, Pressure = 2.22973
Step 10760000 - Total Energy: -3132.41, Acceptance Ratio = 0.437315, Pressure = 2.02137
Step 10770000 - Total Energy: -3139.76, Acceptance Ratio = 0.437319, Pressure = 1.9946
Step 10780000 - Total Energy: -3103.26, Acceptance Ratio = 0.43732, Pressure = 2.39965
Step 10790000 - Total Energy: -3118.75, Acceptance Ratio = 0.437318, Pressure = 2.20022
Step 10800000 - Total Energy: -3110.25, Acceptance Ratio = 0.437325, Pressure = 2.37322
Step 10810000 - Total Energy: -3157.09, Acceptance Ratio = 0.437322, Pressure = 1.91295
Step 10820000 - Total Energy: -3107.27, Acceptance Ratio = 0.43732, Pressure = 2.37006
Step 10830000 - Total Energy: -3085.11, Acceptance Ratio = 0.437319, Pressure = 2.58874
Step 10840000 - Total Energy: -3114.77, Acceptance Ratio = 0.437319, Pressure = 2.31034
Step 10850000 - Total Energy: -3121.12, Acceptance Ratio = 0.437322, Pressure = 2.20148
Step 10860000 - Total Energy: -3134.32, Acceptance Ratio = 0.437324, Pressure = 2.12724
Step 10870000 - Total Energy: -3118.89, Acceptance Ratio = 0.437319, Pressure = 2.28836
Step 10880000 - Total Energy: -3129.34, Acceptance Ratio = 0.437323, Pressure = 2.12082
Step 10890000 - Total Energy: -3106.96, Acceptance Ratio = 0.437328, Pressure = 2.38948
Step 10900000 - Total Energy: -3128.07, Acceptance Ratio = 0.43733, Pressure = 2.10932
Step 10910000 - Total Energy: -3121.46, Acceptance Ratio = 0.43733, Pressure = 2.21504
Step 10920000 - Total Energy: -3089.85, Acceptance Ratio = 0.437333, Pressure = 2.58442
Step 10930000 - Total Energy: -3125.82, Acceptance Ratio = 0.437334, Pressure = 2.13151
Step 10940000 - Total Energy: -3129.15, Acceptance Ratio = 0.43733, Pressure = 2.14813
Step 10950000 - Total Energy: -3105.84, Acceptance Ratio = 0.437325, Pressure = 2.36241
Step 10960000 - Total Energy: -3097.56, Acceptance Ratio = 0.437321, Pressure = 2.51564
Step 10970000 - Total Energy: -3102.95, Acceptance Ratio = 0.437316, Pressure = 2.43347
Step 10980000 - Total Energy: -3088.31, Acceptance Ratio = 0.437311, Pressure = 2.62503
Step 10990000 - Total Energy: -3099.14, Acceptance Ratio = 0.437299, Pressure = 2.45105
Step 11000000 - Total Energy: -3097.89, Acceptance Ratio = 0.437293, Pressure = 2.43286
Step 11010000 - Total Energy: -3139.78, Acceptance Ratio = 0.437296, Pressure = 2.08767
Step 11020000 - Total Energy: -3096.38, Acceptance Ratio = 0.437294, Pressure = 2.49101
Step 11030000 - Total Energy: -3145.7, Acceptance Ratio = 0.437299, Pressure = 1.98476
Step 11040000 - Total Energy: -3142.21, Acceptance Ratio = 0.437298, Pressure = 2.00702
Step 11050000 - Total Energy: -3165.81, Acceptance Ratio = 0.437295, Pressure = 1.75988
Step 11060000 - Total Energy: -3112.7, Acceptance Ratio = 0.437298, Pressure = 2.26621
Step 11070000 - Total Energy: -3127.57, Acceptance Ratio = 0.437301, Pressure = 2.11246
Step 11080000 - Total Energy: -3128.11, Acceptance Ratio = 0.437299, Pressure = 2.18842
Step 11090000 - Total Energy: -3129.35, Acceptance Ratio = 0.437299, Pressure = 2.10605
Step 11100000 - Total Energy: -3120.48, Acceptance Ratio = 0.437306, Pressure = 2.25471
Step 11110000 - Total Energy: -3097.78, Acceptance Ratio = 0.437298, Pressure = 2.41958
Step 11120000 - Total Energy: -3083.98, Acceptance Ratio = 0.437296, Pressure = 2.55253
Step 11130000 - Total Energy: -3114.05, Acceptance Ratio = 0.4373, Pressure = 2.26269
Step 11140000 - Total Energy: -3129.98, Acceptance Ratio = 0.437302, Pressure = 2.06376
Step 11150000 - Total Energy: -3083.1, Acceptance Ratio = 0.437302, Pressure = 2.58318
Step 11160000 - Total Energy: -3088.51, Acceptance Ratio = 0.437304, Pressure = 2.55329
Step 11170000 - Total Energy: -3126.59, Acceptance Ratio = 0.437304, Pressure = 2.2095
Step 11180000 - Total Energy: -3120.16, Acceptance Ratio = 0.437306, Pressure = 2.27014
Step 11190000 - Total Energy: -3095.12, Acceptance Ratio = 0.437304, Pressure = 2.49411
Step 11200000 - Total Energy: -3112.86, Acceptance Ratio = 0.437298, Pressure = 2.40175
Step 11210000 - Total Energy: -3122.17, Acceptance Ratio = 0.437295, Pressure = 2.2533
Step 11220000 - Total Energy: -3124.42, Acceptance Ratio = 0.437293, Pressure = 2.26392
Step 11230000 - Total Energy: -3136.93, Acceptance Ratio = 0.437282, Pressure = 2.10659
Step 11240000 - Total Energy: -3147.71, Acceptance Ratio = 0.437274, Pressure = 1.97111
Step 11250000 - Total Energy: -3148.11, Acceptance Ratio = 0.437276, Pressure = 1.99339
Step 11260000 - Total Energy: -3133.7, Acceptance Ratio = 0.437282, Pressure = 2.08005
Step 11270000 - Total Energy: -3121.83, Acceptance Ratio = 0.437288, Pressure = 2.26159
Step 11280000 - Total Energy: -3147.78, Acceptance Ratio = 0.437287, Pressure = 1.90735
Step 11290000 - Total Energy: -3156.85, Acceptance Ratio = 0.437282, Pressure = 1.74195
Step 11300000 - Total Energy: -3121.7, Acceptance Ratio = 0.437292, Pressure = 2.20112
Step 11310000 - Total Energy: -3125.41, Acceptance Ratio = 0.437289, Pressure = 2.21183
Step 11320000 - Total Energy: -3169.18, Acceptance Ratio = 0.437293, Pressure = 1.74796
Step 11330000 - Total Energy: -3107.91, Acceptance Ratio = 0.437291, Pressure = 2.41475
Step 11340000 - Total Energy: -3161.63, Acceptance Ratio = 0.437296, Pressure = 1.97637
Step 11350000 - Total Energy: -3116.07, Acceptance Ratio = 0.437296, Pressure = 2.33305
Step 11360000 - Total Energy: -3121.35, Acceptance Ratio = 0.437303, Pressure = 2.27227
Step 11370000 - Total Energy: -3124.74, Acceptance Ratio = 0.437302, Pressure = 2.27423
Step 11380000 - Total Energy: -3103.98, Acceptance Ratio = 0.437305, Pressure = 2.45
Step 11390000 - Total Energy: -3146.36, Acceptance Ratio = 0.437303, Pressure = 1.99087
Step 11400000 - Total Energy: -3138.84, Acceptance Ratio = 0.437303, Pressure = 2.05458
Step 11410000 - Total Energy: -3105.26, Acceptance Ratio = 0.4373, Pressure = 2.35763
Step 11420000 - Total Energy: -3134.1, Acceptance Ratio = 0.437305, Pressure = 2.15735
Step 11430000 - Total Energy: -3085.21, Acceptance Ratio = 0.437307, Pressure = 2.62241
Step 11440000 - Total Energy: -3132.97, Acceptance Ratio = 0.437318, Pressure = 2.1283
Step 11450000 - Total Energy: -3131.81, Acceptance Ratio = 0.437323, Pressure = 2.11949
Step 11460000 - Total Energy: -3129.86, Acceptance Ratio = 0.437321, Pressure = 2.11617
Step 11470000 - Total Energy: -3105.59, Acceptance Ratio = 0.437311, Pressure = 2.34398
Step 11480000 - Total Energy: -3122.99, Acceptance Ratio = 0.43732, Pressure = 2.19253
Step 11490000 - Total Energy: -3081.8, Acceptance Ratio = 0.437312, Pressure = 2.63708
Step 11500000 - Total Energy: -3104.44, Acceptance Ratio = 0.437316, Pressure = 2.34489
Step 11510000 - Total Energy: -3106.67, Acceptance Ratio = 0.437311, Pressure = 2.47369
Step 11520000 - Total Energy: -3108.92, Acceptance Ratio = 0.437308, Pressure = 2.46771
Step 11530000 - Total Energy: -3130.91, Acceptance Ratio = 0.437306, Pressure = 2.14339
Step 11540000 - Total Energy: -3157.07, Acceptance Ratio = 0.437297, Pressure = 1.89273
Step 11550000 - Total Energy: -3129.23, Acceptance Ratio = 0.437296, Pressure = 2.14275
Step 11560000 - Total Energy: -3149.19, Acceptance Ratio = 0.437299, Pressure = 1.92026
Step 11570000 - Total Energy: -3133.22, Acceptance Ratio = 0.437302, Pressure = 2.00681
Step 11580000 - Total Energy: -3136.53, Acceptance Ratio = 0.437304, Pressure = 2.03137
Step 11590000 - Total Energy: -3146.35, Acceptance Ratio = 0.437305, Pressure = 1.93479
Step 11600000 - Total Energy: -3141.67, Acceptance Ratio = 0.437315, Pressure = 2.03265
Step 11610000 - Total Energy: -3154.41, Acceptance Ratio = 0.437326, Pressure = 1.8713
Step 11620000 - Total Energy: -3109.48, Acceptance Ratio = 0.43733, Pressure = 2.34405
Step 11630000 - Total Energy: -3123.07, Acceptance Ratio = 0.437337, Pressure = 2.21854
Step 11640000 - Total Energy: -3102.31, Acceptance Ratio = 0.437339, Pressure = 2.41404
Step 11650000 - Total Energy: -3093.36, Acceptance Ratio = 0.437341, Pressure = 2.53435
Step 11660000 - Total Energy: -3130.49, Acceptance Ratio = 0.43734, Pressure = 2.19272
Step 11670000 - Total Energy: -3101.08, Acceptance Ratio = 0.437341, Pressure = 2.45726
Step 11680000 - Total Energy: -3108.16, Acceptance Ratio = 0.437358, Pressure = 2.35298
Step 11690000 - Total Energy: -3102.33, Acceptance Ratio = 0.437348, Pressure = 2.46129
Step 11700000 - Total Energy: -3125.15, Acceptance Ratio = 0.43735, Pressure = 2.31016
Step 11710000 - Total Energy: -3178.45, Acceptance Ratio = 0.437355, Pressure = 1.68113
Step 11720000 - Total Energy: -3115.06, Acceptance Ratio = 0.437355, Pressure = 2.31479
Step 11730000 - Total Energy: -3141.15, Acceptance Ratio = 0.437366, Pressure = 1.998
Step 11740000 - Total Energy: -3130.1, Acceptance Ratio = 0.43737, Pressure = 2.15136
Step 11750000 - Total Energy: -3151.99, Acceptance Ratio = 0.437371, Pressure = 1.92266
Step 11760000 - Total Energy: -3144.51, Acceptance Ratio = 0.437371, Pressure = 2.04839
Step 11770000 - Total Energy: -3139.68, Acceptance Ratio = 0.437381, Pressure = 2.07571
Step 11780000 - Total Energy: -3139.26, Acceptance Ratio = 0.437382, Pressure = 2.09194
Step 11790000 - Total Energy: -3097.87, Acceptance Ratio = 0.437394, Pressure = 2.43012
Step 11800000 - Total Energy: -3118.13, Acceptance Ratio = 0.437395, Pressure = 2.26174
Step 11810000 - Total Energy: -3147.02, Acceptance Ratio = 0.437392, Pressure = 1.8745
Step 11820000 - Total Energy: -3124.95, Acceptance Ratio = 0.437389, Pressure = 2.18491
Step 11830000 - Total Energy: -3103.28, Acceptance Ratio = 0.437396, Pressure = 2.43592
Step 11840000 - Total Energy: -3099.24, Acceptance Ratio = 0.437397, Pressure = 2.41082
Step 11850000 - Total Energy: -3122.39, Acceptance Ratio = 0.437395, Pressure = 2.13779
Step 11860000 - Total Energy: -3124.16, Acceptance Ratio = 0.437393, Pressure = 2.19985
Step 11870000 - Total Energy: -3137.61, Acceptance Ratio = 0.437405, Pressure = 2.03825
Step 11880000 - Total Energy: -3129.22, Acceptance Ratio = 0.437406, Pressure = 2.14337
Step 11890000 - Total Energy: -3115.45, Acceptance Ratio = 0.437413, Pressure = 2.26693
Step 11900000 - Total Energy: -3120.25, Acceptance Ratio = 0.437415, Pressure = 2.2824
Step 11910000 - Total Energy: -3102.75, Acceptance Ratio = 0.437417, Pressure = 2.41104
Step 11920000 - Total Energy: -3114.99, Acceptance Ratio = 0.437417, Pressure = 2.26132
Step 11930000 - Total Energy: -3127.98, Acceptance Ratio = 0.43742, Pressure = 2.15744
Step 11940000 - Total Energy: -3116.05, Acceptance Ratio = 0.437423, Pressure = 2.2721
Step 11950000 - Total Energy: -3128, Acceptance Ratio = 0.437428, Pressure = 2.10284
Step 11960000 - Total Energy: -3105.19, Acceptance Ratio = 0.437432, Pressure = 2.33889
Step 11970000 - Total Energy: -3104.26, Acceptance Ratio = 0.437433, Pressure = 2.379
Step 11980000 - Total Energy: -3069.31, Acceptance Ratio = 0.437432, Pressure = 2.69176
Step 11990000 - Total Energy: -3106.94, Acceptance Ratio = 0.437427, Pressure = 2.29443
Step 12000000 - Total Energy: -3127.09, Acceptance Ratio = 0.437421, Pressure = 2.09149
Step 12010000 - Total Energy: -3102.91, Acceptance Ratio = 0.437422, Pressure = 2.39935
Step 12020000 - Total Energy: -3130.49, Acceptance Ratio = 0.437419, Pressure = 2.12088
Step 12030000 - Total Energy: -3115.69, Acceptance Ratio = 0.437421, Pressure = 2.2675
Step 12040000 - Total Energy: -3110.52, Acceptance Ratio = 0.437415, Pressure = 2.30899
Step 12050000 - Total Energy: -3118.21, Acceptance Ratio = 0.437414, Pressure = 2.19577
Step 12060000 - Total Energy: -3111.54, Acceptance Ratio = 0.437418, Pressure = 2.26491
Step 12070000 - Total Energy: -3135.86, Acceptance Ratio = 0.43742, Pressure = 2.02357
Step 12080000 - Total Energy: -3113.36, Acceptance Ratio = 0.437426, Pressure = 2.31409
Step 12090000 - Total Energy: -3132.77, Acceptance Ratio = 0.437429, Pressure = 2.07851
Step 12100000 - Total Energy: -3114.32, Acceptance Ratio = 0.437428, Pressure = 2.3435
Step 12110000 - Total Energy: -3124.11, Acceptance Ratio = 0.437433, Pressure = 2.20462
Step 12120000 - Total Energy: -3117.93, Acceptance Ratio = 0.437432, Pressure = 2.3515
Step 12130000 - Total Energy: -3113.12, Acceptance Ratio = 0.437426, Pressure = 2.39237
Step 12140000 - Total Energy: -3131.88, Acceptance Ratio = 0.437425, Pressure = 2.20644
Step 12150000 - Total Energy: -3144.03, Acceptance Ratio = 0.437425, Pressure = 2.03126
Step 12160000 - Total Energy: -3119.08, Acceptance Ratio = 0.437428, Pressure = 2.21992
Step 12170000 - Total Energy: -3144.76, Acceptance Ratio = 0.437433, Pressure = 1.98692
Step 12180000 - Total Energy: -3109.73, Acceptance Ratio = 0.437424, Pressure = 2.36088
Step 12190000 - Total Energy: -3150.54, Acceptance Ratio = 0.43743, Pressure = 1.89222
Step 12200000 - Total Energy: -3094.86, Acceptance Ratio = 0.437423, Pressure = 2.38545
Step 12210000 - Total Energy: -3113.24, Acceptance Ratio = 0.437423, Pressure = 2.2368
Step 12220000 - Total Energy: -3118.44, Acceptance Ratio = 0.437421, Pressure = 2.24883
Step 12230000 - Total Energy: -3121.86, Acceptance Ratio = 0.437419, Pressure = 2.17691
Step 12240000 - Total Energy: -3096.4, Acceptance Ratio = 0.437414, Pressure = 2.45298
Step 12250000 - Total Energy: -3102.88, Acceptance Ratio = 0.437406, Pressure = 2.33931
Step 12260000 - Total Energy: -3132.74, Acceptance Ratio = 0.437396, Pressure = 2.07271
Step 12270000 - Total Energy: -3159.54, Acceptance Ratio = 0.437392, Pressure = 1.82027
Step 12280000 - Total Energy: -3100.33, Acceptance Ratio = 0.43739, Pressure = 2.43647
Step 12290000 - Total Energy: -3101.73, Acceptance Ratio = 0.437387, Pressure = 2.38846
Step 12300000 - Total Energy: -3124.86, Acceptance Ratio = 0.43739, Pressure = 2.15176
Step 12310000 - Total Energy: -3102.99, Acceptance Ratio = 0.437391, Pressure = 2.46389
Step 12320000 - Total Energy: -3100.78, Acceptance Ratio = 0.437382, Pressure = 2.34064
Step 12330000 - Total Energy: -3146.3, Acceptance Ratio = 0.437383, Pressure = 1.94903
Step 12340000 - Total Energy: -3136.71, Acceptance Ratio = 0.437391, Pressure = 2.04661
Step 12350000 - Total Energy: -3128.32, Acceptance Ratio = 0.437392, Pressure = 2.14574
Step 12360000 - Total Energy: -3128.3, Acceptance Ratio = 0.437394, Pressure = 2.15107
Step 12370000 - Total Energy: -3148.59, Acceptance Ratio = 0.437395, Pressure = 1.93687
Step 12380000 - Total Energy: -3110.44, Acceptance Ratio = 0.4374, Pressure = 2.26201
Step 12390000 - Total Energy: -3105.78, Acceptance Ratio = 0.437392, Pressure = 2.37638
Step 12400000 - Total Energy: -3105.5, Acceptance Ratio = 0.437391, Pressure = 2.40823
Step 12410000 - Total Energy: -3067.89, Acceptance Ratio = 0.437386, Pressure = 2.75102
Step 12420000 - Total Energy: -3107.64, Acceptance Ratio = 0.437387, Pressure = 2.31479
Step 12430000 - Total Energy: -3100.7, Acceptance Ratio = 0.437386, Pressure = 2.42173
Step 12440000 - Total Energy: -3092.33, Acceptance Ratio = 0.437394, Pressure = 2.45895
Step 12450000 - Total Energy: -3146.14, Acceptance Ratio = 0.437398, Pressure = 1.95718
Step 12460000 - Total Energy: -3056.66, Acceptance Ratio = 0.437394, Pressure = 2.83704
Step 12470000 - Total Energy: -3094.03, Acceptance Ratio = 0.437388, Pressure = 2.4794
Step 12480000 - Total Energy: -3097.29, Acceptance Ratio = 0.437387, Pressure = 2.47612
Step 12490000 - Total Energy: -3115.29, Acceptance Ratio = 0.437386, Pressure = 2.33754
Step 12500000 - Total Energy: -3122.95, Acceptance Ratio = 0.43738, Pressure = 2.23806
Step 12510000 - Total Energy: -3085.71, Acceptance Ratio = 0.437374, Pressure = 2.51191
Step 12520000 - Total Energy: -3100.74, Acceptance Ratio = 0.437372, Pressure = 2.41915
Step 12530000 - Total Energy: -3069.83, Acceptance Ratio = 0.437374, Pressure = 2.68
Step 12540000 - Total Energy: -3098.75, Acceptance Ratio = 0.437367, Pressure = 2.48984
Step 12550000 - Total Energy: -3100.81, Acceptance Ratio = 0.437355, Pressure = 2.44994
Step 12560000 - Total Energy: -3083.1, Acceptance Ratio = 0.437357, Pressure = 2.62147
Step 12570000 - Total Energy: -3123.4, Acceptance Ratio = 0.437358, Pressure = 2.16117
Step 12580000 - Total Energy: -3095.34, Acceptance Ratio = 0.437354, Pressure = 2.43532
Step 12590000 - Total Energy: -3122.22, Acceptance Ratio = 0.437351, Pressure = 2.15458
Step 12600000 - Total Energy: -3106.3, Acceptance Ratio = 0.437355, Pressure = 2.38582
Step 12610000 - Total Energy: -3142.38, Acceptance Ratio = 0.437347, Pressure = 2.12915
Step 12620000 - Total Energy: -3101.95, Acceptance Ratio = 0.437338, Pressure = 2.43884
Step 12630000 - Total Energy: -3124.09, Acceptance Ratio = 0.437336, Pressure = 2.23588
Step 12640000 - Total Energy: -3093.06, Acceptance Ratio = 0.43734, Pressure = 2.60655
Step 12650000 - Total Energy: -3139.32, Acceptance Ratio = 0.437339, Pressure = 2.09658
Step 12660000 - Total Energy: -3141.27, Acceptance Ratio = 0.437338, Pressure = 2.02917
Step 12670000 - Total Energy: -3136.62, Acceptance Ratio = 0.437339, Pressure = 1.99218
Step 12680000 - Total Energy: -3119.93, Acceptance Ratio = 0.437347, Pressure = 2.20407
Step 12690000 - Total Energy: -3128.4, Acceptance Ratio = 0.437346, Pressure = 2.18382
Step 12700000 - Total Energy: -3068.61, Acceptance Ratio = 0.437345, Pressure = 2.77864
Step 12710000 - Total Energy: -3134.6, Acceptance Ratio = 0.43734, Pressure = 2.07323
Step 12720000 - Total Energy: -3085.2, Acceptance Ratio = 0.437345, Pressure = 2.57088
Step 12730000 - Total Energy: -3123.64, Acceptance Ratio = 0.437344, Pressure = 2.20158
Step 12740000 - Total Energy: -3119.41, Acceptance Ratio = 0.437341, Pressure = 2.23916
Step 12750000 - Total Energy: -3084.4, Acceptance Ratio = 0.437345, Pressure = 2.50006
Step 12760000 - Total Energy: -3104.2, Acceptance Ratio = 0.437342, Pressure = 2.41125
Step 12770000 - Total Energy: -3116.09, Acceptance Ratio = 0.437338, Pressure = 2.22056
Step 12780000 - Total Energy: -3130.93, Acceptance Ratio = 0.43734, Pressure = 2.09836
Step 12790000 - Total Energy: -3113.27, Acceptance Ratio = 0.437342, Pressure = 2.29804
Step 12800000 - Total Energy: -3104.36, Acceptance Ratio = 0.437339, Pressure = 2.44535
Step 12810000 - Total Energy: -3083.4, Acceptance Ratio = 0.437336, Pressure = 2.52023
Step 12820000 - Total Energy: -3119.06, Acceptance Ratio = 0.437331, Pressure = 2.2033
Step 12830000 - Total Energy: -3145.74, Acceptance Ratio = 0.437324, Pressure = 1.95725
Step 12840000 - Total Energy: -3135.14, Acceptance Ratio = 0.437325, Pressure = 2.05582
Step 12850000 - Total Energy: -3131.54, Acceptance Ratio = 0.437329, Pressure = 2.09292
Step 12860000 - Total Energy: -3127.61, Acceptance Ratio = 0.437325, Pressure = 2.19946
Step 12870000 - Total Energy: -3094.36, Acceptance Ratio = 0.437325, Pressure = 2.47068
Step 12880000 - Total Energy: -3126.15, Acceptance Ratio = 0.437318, Pressure = 2.20505
Step 12890000 - Total Energy: -3129.41, Acceptance Ratio = 0.437322, Pressure = 2.09651
Step 12900000 - Total Energy: -3123.67, Acceptance Ratio = 0.43732, Pressure = 2.19116
Step 12910000 - Total Energy: -3140.74, Acceptance Ratio = 0.437323, Pressure = 2.01959
Step 12920000 - Total Energy: -3129.29, Acceptance Ratio = 0.437321, Pressure = 2.15431
Step 12930000 - Total Energy: -3101.6, Acceptance Ratio = 0.437317, Pressure = 2.42694
Step 12940000 - Total Energy: -3096.27, Acceptance Ratio = 0.437313, Pressure = 2.47442
Step 12950000 - Total Energy: -3115.76, Acceptance Ratio = 0.437305, Pressure = 2.27819
Step 12960000 - Total Energy: -3125.46, Acceptance Ratio = 0.437304, Pressure = 2.1168
Step 12970000 - Total Energy: -3100.96, Acceptance Ratio = 0.437297, Pressure = 2.44455
Step 12980000 - Total Energy: -3138.81, Acceptance Ratio = 0.437295, Pressure = 2.10697
Step 12990000 - Total Energy: -3123.49, Acceptance Ratio = 0.437297, Pressure = 2.21338
Step 13000000 - Total Energy: -3082.83, Acceptance Ratio = 0.437299, Pressure = 2.51543
Step 13010000 - Total Energy: -3095.53, Acceptance Ratio = 0.437296, Pressure = 2.48869
Step 13020000 - Total Energy: -3130.51, Acceptance Ratio = 0.437296, Pressure = 2.08702
Step 13030000 - Total Energy: -3112.03, Acceptance Ratio = 0.437299, Pressure = 2.34817
Step 13040000 - Total Energy: -3114.18, Acceptance Ratio = 0.437299, Pressure = 2.2578
Step 13050000 - Total Energy: -3140.71, Acceptance Ratio = 0.437287, Pressure = 2.04005
Step 13060000 - Total Energy: -3137.91, Acceptance Ratio = 0.437291, Pressure = 2.02553
Step 13070000 - Total Energy: -3155.99, Acceptance Ratio = 0.437294, Pressure = 1.87792
Step 13080000 - Total Energy: -3125.27, Acceptance Ratio = 0.437294, Pressure = 2.1659
Step 13090000 - Total Energy: -3133.31, Acceptance Ratio = 0.437292, Pressure = 2.11191
Step 13100000 - Total Energy: -3088.2, Acceptance Ratio = 0.437292, Pressure = 2.49823
Step 13110000 - Total Energy: -3112.89, Acceptance Ratio = 0.437293, Pressure = 2.25505
Step 13120000 - Total Energy: -3149.83, Acceptance Ratio = 0.437295, Pressure = 1.90483
Step 13130000 - Total Energy: -3143.42, Acceptance Ratio = 0.437291, Pressure = 2.0408
Step 13140000 - Total Energy: -3105.04, Acceptance Ratio = 0.43729, Pressure = 2.42466
Step 13150000 - Total Energy: -3105.6, Acceptance Ratio = 0.437289, Pressure = 2.39703
Step 13160000 - Total Energy: -3153.44, Acceptance Ratio = 0.437292, Pressure = 1.93839
Step 13170000 - Total Energy: -3156.92, Acceptance Ratio = 0.437294, Pressure = 1.89139
Step 13180000 - Total Energy: -3133.63, Acceptance Ratio = 0.437291, Pressure = 2.1165
Step 13190000 - Total Energy: -3129.68, Acceptance Ratio = 0.43729, Pressure = 2.08657
Step 13200000 - Total Energy: -3108.38, Acceptance Ratio = 0.437285, Pressure = 2.29926
Step 13210000 - Total Energy: -3106.12, Acceptance Ratio = 0.437286, Pressure = 2.39548
Step 13220000 - Total Energy: -3124.89, Acceptance Ratio = 0.437288, Pressure = 2.20419
Step 13230000 - Total Energy: -3126.33, Acceptance Ratio = 0.437285, Pressure = 2.14599
Step 13240000 - Total Energy: -3139.38, Acceptance Ratio = 0.437283, Pressure = 2.08255
Step 13250000 - Total Energy: -3092.49, Acceptance Ratio = 0.437289, Pressure = 2.58468
Step 13260000 - Total Energy: -3102.54, Acceptance Ratio = 0.437288, Pressure = 2.3559
Step 13270000 - Total Energy: -3127.83, Acceptance Ratio = 0.437293, Pressure = 2.13662
Step 13280000 - Total Energy: -3124.86, Acceptance Ratio = 0.437295, Pressure = 2.30018
Step 13290000 - Total Energy: -3129.48, Acceptance Ratio = 0.437286, Pressure = 2.17892
Step 13300000 - Total Energy: -3096.72, Acceptance Ratio = 0.437284, Pressure = 2.51792
Step 13310000 - Total Energy: -3103.25, Acceptance Ratio = 0.437287, Pressure = 2.44079
Step 13320000 - Total Energy: -3131.63, Acceptance Ratio = 0.437288, Pressure = 2.02907
Step 13330000 - Total Energy: -3076.26, Acceptance Ratio = 0.43729, Pressure = 2.58905
Step 13340000 - Total Energy: -3105.08, Acceptance Ratio = 0.437295, Pressure = 2.43736
Step 13350000 - Total Energy: -3096.98, Acceptance Ratio = 0.437291, Pressure = 2.4367
Step 13360000 - Total Energy: -3078.42, Acceptance Ratio = 0.437295, Pressure = 2.54099
Step 13370000 - Total Energy: -3081.42, Acceptance Ratio = 0.437293, Pressure = 2.61091
Step 13380000 - Total Energy: -3127.19, Acceptance Ratio = 0.437298, Pressure = 2.10503
Step 13390000 - Total Energy: -3117.28, Acceptance Ratio = 0.4373, Pressure = 2.30589
Step 13400000 - Total Energy: -3153.63, Acceptance Ratio = 0.437301, Pressure = 1.86984
Step 13410000 - Total Energy: -3111.47, Acceptance Ratio = 0.4373, Pressure = 2.25389
Step 13420000 - Total Energy: -3117.57, Acceptance Ratio = 0.437305, Pressure = 2.25412
Step 13430000 - Total Energy: -3127.01, Acceptance Ratio = 0.43731, Pressure = 2.16193
Step 13440000 - Total Energy: -3110.16, Acceptance Ratio = 0.437306, Pressure = 2.29767
Step 13450000 - Total Energy: -3112.37, Acceptance Ratio = 0.437306, Pressure = 2.24351
Step 13460000 - Total Energy: -3122.66, Acceptance Ratio = 0.437303, Pressure = 2.14092
Step 13470000 - Total Energy: -3126.5, Acceptance Ratio = 0.437307, Pressure = 2.16647
Step 13480000 - Total Energy: -3114.67, Acceptance Ratio = 0.437305, Pressure = 2.26701
Step 13490000 - Total Energy: -3121.36, Acceptance Ratio = 0.437305, Pressure = 2.22558
Step 13500000 - Total Energy: -3138.18, Acceptance Ratio = 0.437306, Pressure = 2.11083
Step 13510000 - Total Energy: -3145.95, Acceptance Ratio = 0.437311, Pressure = 1.90924
Step 13520000 - Total Energy: -3108.69, Acceptance Ratio = 0.437312, Pressure = 2.35868
Step 13530000 - Total Energy: -3128.4, Acceptance Ratio = 0.437314, Pressure = 2.13751
Step 13540000 - Total Energy: -3134.59, Acceptance Ratio = 0.437317, Pressure = 2.0945
Step 13550000 - Total Energy: -3132.78, Acceptance Ratio = 0.43732, Pressure = 2.14607
Step 13560000 - Total Energy: -3104.65, Acceptance Ratio = 0.437324, Pressure = 2.36447
Step 13570000 - Total Energy: -3076.35, Acceptance Ratio = 0.437326, Pressure = 2.61719
Step 13580000 - Total Energy: -3096.1, Acceptance Ratio = 0.437325, Pressure = 2.39894
Step 13590000 - Total Energy: -3119.88, Acceptance Ratio = 0.437322, Pressure = 2.20927
Step 13600000 - Total Energy: -3111.57, Acceptance Ratio = 0.437324, Pressure = 2.25672
Step 13610000 - Total Energy: -3117.3, Acceptance Ratio = 0.437325, Pressure = 2.22545
Step 13620000 - Total Energy: -3094.69, Acceptance Ratio = 0.437331, Pressure = 2.4538
Step 13630000 - Total Energy: -3091.03, Acceptance Ratio = 0.437332, Pressure = 2.47627
Step 13640000 - Total Energy: -3103.87, Acceptance Ratio = 0.437334, Pressure = 2.37493
Step 13650000 - Total Energy: -3139.53, Acceptance Ratio = 0.43733, Pressure = 2.04246
Step 13660000 - Total Energy: -3125.36, Acceptance Ratio = 0.437332, Pressure = 2.25874
Step 13670000 - Total Energy: -3122.59, Acceptance Ratio = 0.437332, Pressure = 2.2256
Step 13680000 - Total Energy: -3170.73, Acceptance Ratio = 0.437336, Pressure = 1.70059
Step 13690000 - Total Energy: -3096.44, Acceptance Ratio = 0.437337, Pressure = 2.40702
Step 13700000 - Total Energy: -3119.71, Acceptance Ratio = 0.437333, Pressure = 2.20037
Step 13710000 - Total Energy: -3144.24, Acceptance Ratio = 0.437334, Pressure = 2.07731
Step 13720000 - Total Energy: -3142.26, Acceptance Ratio = 0.437336, Pressure = 2.03584
Step 13730000 - Total Energy: -3111.39, Acceptance Ratio = 0.437334, Pressure = 2.29488
Step 13740000 - Total Energy: -3111.16, Acceptance Ratio = 0.437337, Pressure = 2.37869
Step 13750000 - Total Energy: -3147.04, Acceptance Ratio = 0.437339, Pressure = 1.99417
Step 13760000 - Total Energy: -3097.65, Acceptance Ratio = 0.437336, Pressure = 2.45617
Step 13770000 - Total Energy: -3137.9, Acceptance Ratio = 0.437332, Pressure = 1.98414
Step 13780000 - Total Energy: -3136.38, Acceptance Ratio = 0.437339, Pressure = 2.15658
Step 13790000 - Total Energy: -3128.06, Acceptance Ratio = 0.43733, Pressure = 2.22208
Step 13800000 - Total Energy: -3134.8, Acceptance Ratio = 0.43733, Pressure = 2.053
Step 13810000 - Total Energy: -3117.63, Acceptance Ratio = 0.437331, Pressure = 2.23559
Step 13820000 - Total Energy: -3125.49, Acceptance Ratio = 0.437333, Pressure = 2.18009
Step 13830000 - Total Energy: -3104.69, Acceptance Ratio = 0.437335, Pressure = 2.3862
Step 13840000 - Total Energy: -3112.31, Acceptance Ratio = 0.437334, Pressure = 2.28319
Step 13850000 - Total Energy: -3122.52, Acceptance Ratio = 0.437334, Pressure = 2.20496
Step 13860000 - Total Energy: -3106.63, Acceptance Ratio = 0.437339, Pressure = 2.47422
Step 13870000 - Total Energy: -3114.05, Acceptance Ratio = 0.437336, Pressure = 2.37495
Step 13880000 - Total Energy: -3109.29, Acceptance Ratio = 0.437339, Pressure = 2.38475
Step 13890000 - Total Energy: -3123.09, Acceptance Ratio = 0.437338, Pressure = 2.28649
Step 13900000 - Total Energy: -3116.66, Acceptance Ratio = 0.437332, Pressure = 2.24736
Step 13910000 - Total Energy: -3112.4, Acceptance Ratio = 0.437326, Pressure = 2.35936
Step 13920000 - Total Energy: -3083.86, Acceptance Ratio = 0.437322, Pressure = 2.63193
Step 13930000 - Total Energy: -3118.11, Acceptance Ratio = 0.437326, Pressure = 2.28586
Step 13940000 - Total Energy: -3095.22, Acceptance Ratio = 0.437318, Pressure = 2.41687
Step 13950000 - Total Energy: -3103.2, Acceptance Ratio = 0.437317, Pressure = 2.42564
Step 13960000 - Total Energy: -3089.44, Acceptance Ratio = 0.437317, Pressure = 2.56626
Step 13970000 - Total Energy: -3092.14, Acceptance Ratio = 0.437312, Pressure = 2.58088
Step 13980000 - Total Energy: -3088.07, Acceptance Ratio = 0.437313, Pressure = 2.62638
Step 13990000 - Total Energy: -3083.18, Acceptance Ratio = 0.437311, Pressure = 2.6129
Step 14000000 - Total Energy: -3132.33, Acceptance Ratio = 0.437306, Pressure = 2.185
Step 14010000 - Total Energy: -3096.53, Acceptance Ratio = 0.437308, Pressure = 2.48948
Step 14020000 - Total Energy: -3045.6, Acceptance Ratio = 0.437305, Pressure = 2.94766
Step 14030000 - Total Energy: -3067.63, Acceptance Ratio = 0.437303, Pressure = 2.8004
Step 14040000 - Total Energy: -3099.95, Acceptance Ratio = 0.437304, Pressure = 2.41722
Step 14050000 - Total Energy: -3112.15, Acceptance Ratio = 0.437299, Pressure = 2.38068
Step 14060000 - Total Energy: -3128.45, Acceptance Ratio = 0.437295, Pressure = 2.18456
Step 14070000 - Total Energy: -3095.21, Acceptance Ratio = 0.437293, Pressure = 2.53539
Step 14080000 - Total Energy: -3114.68, Acceptance Ratio = 0.43729, Pressure = 2.33931
Step 14090000 - Total Energy: -3080.55, Acceptance Ratio = 0.437285, Pressure = 2.67022
Step 14100000 - Total Energy: -3116.56, Acceptance Ratio = 0.437279, Pressure = 2.3497
Step 14110000 - Total Energy: -3148.12, Acceptance Ratio = 0.437276, Pressure = 1.99212
Step 14120000 - Total Energy: -3108.23, Acceptance Ratio = 0.437272, Pressure = 2.33708
Step 14130000 - Total Energy: -3071.93, Acceptance Ratio = 0.437268, Pressure = 2.74877
Step 14140000 - Total Energy: -3122.32, Acceptance Ratio = 0.437269, Pressure = 2.22773
Step 14150000 - Total Energy: -3106.68, Acceptance Ratio = 0.437265, Pressure = 2.30027
Step 14160000 - Total Energy: -3128.41, Acceptance Ratio = 0.43727, Pressure = 2.06492
Step 14170000 - Total Energy: -3111.35, Acceptance Ratio = 0.437268, Pressure = 2.35137
Step 14180000 - Total Energy: -3126.28, Acceptance Ratio = 0.437267, Pressure = 2.17627
Step 14190000 - Total Energy: -3120.6, Acceptance Ratio = 0.437269, Pressure = 2.22495
Step 14200000 - Total Energy: -3103.37, Acceptance Ratio = 0.437272, Pressure = 2.34507
Step 14210000 - Total Energy: -3159.4, Acceptance Ratio = 0.437279, Pressure = 1.77715
Step 14220000 - Total Energy: -3127.43, Acceptance Ratio = 0.437283, Pressure = 2.11225
Step 14230000 - Total Energy: -3121.87, Acceptance Ratio = 0.437286, Pressure = 2.26535
Step 14240000 - Total Energy: -3111.93, Acceptance Ratio = 0.437284, Pressure = 2.33433
Step 14250000 - Total Energy: -3111, Acceptance Ratio = 0.437287, Pressure = 2.34987
Step 14260000 - Total Energy: -3153.3, Acceptance Ratio = 0.437286, Pressure = 1.88487
Step 14270000 - Total Energy: -3119.87, Acceptance Ratio = 0.437286, Pressure = 2.2819
Step 14280000 - Total Energy: -3122.99, Acceptance Ratio = 0.437292, Pressure = 2.20636
Step 14290000 - Total Energy: -3143.69, Acceptance Ratio = 0.437295, Pressure = 2.00842
Step 14300000 - Total Energy: -3109.12, Acceptance Ratio = 0.437299, Pressure = 2.35421
Step 14310000 - Total Energy: -3115.63, Acceptance Ratio = 0.437297, Pressure = 2.30325
Step 14320000 - Total Energy: -3142.36, Acceptance Ratio = 0.437294, Pressure = 2.04176
Step 14330000 - Total Energy: -3142.61, Acceptance Ratio = 0.437294, Pressure = 2.01864
Step 14340000 - Total Energy: -3082.23, Acceptance Ratio = 0.437295, Pressure = 2.54118
Step 14350000 - Total Energy: -3114.85, Acceptance Ratio = 0.437295, Pressure = 2.2852
Step 14360000 - Total Energy: -3084.11, Acceptance Ratio = 0.437298, Pressure = 2.53872
Step 14370000 - Total Energy: -3128.55, Acceptance Ratio = 0.437301, Pressure = 2.17645
Step 14380000 - Total Energy: -3114.7, Acceptance Ratio = 0.437297, Pressure = 2.35513
Step 14390000 - Total Energy: -3087.81, Acceptance Ratio = 0.437285, Pressure = 2.65445
Step 14400000 - Total Energy: -3079.56, Acceptance Ratio = 0.437279, Pressure = 2.70923
Step 14410000 - Total Energy: -3095.79, Acceptance Ratio = 0.437281, Pressure = 2.55447
Step 14420000 - Total Energy: -3146.03, Acceptance Ratio = 0.437274, Pressure = 2.02689
Step 14430000 - Total Energy: -3151.76, Acceptance Ratio = 0.437275, Pressure = 1.99203
Step 14440000 - Total Energy: -3123.34, Acceptance Ratio = 0.437274, Pressure = 2.27655
Step 14450000 - Total Energy: -3106.23, Acceptance Ratio = 0.43728, Pressure = 2.42155
Step 14460000 - Total Energy: -3136.85, Acceptance Ratio = 0.43728, Pressure = 2.06948
Step 14470000 - Total Energy: -3138.54, Acceptance Ratio = 0.437287, Pressure = 2.06063
Step 14480000 - Total Energy: -3105.68, Acceptance Ratio = 0.437287, Pressure = 2.41572
Step 14490000 - Total Energy: -3124.44, Acceptance Ratio = 0.437291, Pressure = 2.20874
Step 14500000 - Total Energy: -3126.13, Acceptance Ratio = 0.437293, Pressure = 2.22363
Step 14510000 - Total Energy: -3119.77, Acceptance Ratio = 0.437289, Pressure = 2.22499
Step 14520000 - Total Energy: -3101.32, Acceptance Ratio = 0.43729, Pressure = 2.40542
Step 14530000 - Total Energy: -3134.22, Acceptance Ratio = 0.437295, Pressure = 2.10516
Step 14540000 - Total Energy: -3102.64, Acceptance Ratio = 0.437293, Pressure = 2.44085
Step 14550000 - Total Energy: -3129.97, Acceptance Ratio = 0.437294, Pressure = 2.14746
Step 14560000 - Total Energy: -3131.83, Acceptance Ratio = 0.437287, Pressure = 2.0432
Step 14570000 - Total Energy: -3133.75, Acceptance Ratio = 0.437285, Pressure = 2.0828
Step 14580000 - Total Energy: -3144.53, Acceptance Ratio = 0.437287, Pressure = 2.0022
Step 14590000 - Total Energy: -3128.43, Acceptance Ratio = 0.437287, Pressure = 2.21787
Step 14600000 - Total Energy: -3082.65, Acceptance Ratio = 0.437284, Pressure = 2.56083
Step 14610000 - Total Energy: -3123.69, Acceptance Ratio = 0.437282, Pressure = 2.21212
Step 14620000 - Total Energy: -3098.28, Acceptance Ratio = 0.437285, Pressure = 2.46884
Step 14630000 - Total Energy: -3128.85, Acceptance Ratio = 0.437298, Pressure = 2.09916
Step 14640000 - Total Energy: -3100.91, Acceptance Ratio = 0.437291, Pressure = 2.47588
Step 14650000 - Total Energy: -3096.79, Acceptance Ratio = 0.437289, Pressure = 2.42846
Step 14660000 - Total Energy: -3104.55, Acceptance Ratio = 0.437292, Pressure = 2.44431
Step 14670000 - Total Energy: -3107.72, Acceptance Ratio = 0.437289, Pressure = 2.30943
Step 14680000 - Total Energy: -3140.22, Acceptance Ratio = 0.437294, Pressure = 2.05371
Step 14690000 - Total Energy: -3108.42, Acceptance Ratio = 0.437294, Pressure = 2.39275
Step 14700000 - Total Energy: -3125.66, Acceptance Ratio = 0.437296, Pressure = 2.1773
Step 14710000 - Total Energy: -3094.12, Acceptance Ratio = 0.437294, Pressure = 2.54713
Step 14720000 - Total Energy: -3162.1, Acceptance Ratio = 0.437299, Pressure = 1.82296
Step 14730000 - Total Energy: -3144.75, Acceptance Ratio = 0.437303, Pressure = 1.98767
Step 14740000 - Total Energy: -3133.67, Acceptance Ratio = 0.437303, Pressure = 2.14878
Step 14750000 - Total Energy: -3094.41, Acceptance Ratio = 0.437309, Pressure = 2.48262
Step 14760000 - Total Energy: -3121.57, Acceptance Ratio = 0.437305, Pressure = 2.27538
Step 14770000 - Total Energy: -3132.18, Acceptance Ratio = 0.437307, Pressure = 2.10276
Step 14780000 - Total Energy: -3093.75, Acceptance Ratio = 0.437307, Pressure = 2.44258
Step 14790000 - Total Energy: -3142.59, Acceptance Ratio = 0.437312, Pressure = 2.0222
Step 14800000 - Total Energy: -3126.38, Acceptance Ratio = 0.437308, Pressure = 2.18812
Step 14810000 - Total Energy: -3118.59, Acceptance Ratio = 0.437309, Pressure = 2.20503
Step 14820000 - Total Energy: -3121, Acceptance Ratio = 0.437311, Pressure = 2.15533
Step 14830000 - Total Energy: -3163.56, Acceptance Ratio = 0.437316, Pressure = 1.77325
Step 14840000 - Total Energy: -3149.74, Acceptance Ratio = 0.437319, Pressure = 1.9635
Step 14850000 - Total Energy: -3126.84, Acceptance Ratio = 0.437323, Pressure = 2.08801
Step 14860000 - Total Energy: -3145.22, Acceptance Ratio = 0.437329, Pressure = 2.00167
Step 14870000 - Total Energy: -3128.35, Acceptance Ratio = 0.437332, Pressure = 2.13944
Step 14880000 - Total Energy: -3123.93, Acceptance Ratio = 0.437338, Pressure = 2.27438
Step 14890000 - Total Energy: -3115.81, Acceptance Ratio = 0.43734, Pressure = 2.31936
Step 14900000 - Total Energy: -3123.87, Acceptance Ratio = 0.437337, Pressure = 2.25908
Step 14910000 - Total Energy: -3143.96, Acceptance Ratio = 0.437343, Pressure = 2.07491
Step 14920000 - Total Energy: -3123.69, Acceptance Ratio = 0.437349, Pressure = 2.20176
Step 14930000 - Total Energy: -3158.74, Acceptance Ratio = 0.437355, Pressure = 1.87456
Step 14940000 - Total Energy: -3132.2, Acceptance Ratio = 0.437353, Pressure = 2.11255
Step 14950000 - Total Energy: -3102.11, Acceptance Ratio = 0.43735, Pressure = 2.4197
Step 14960000 - Total Energy: -3078.5, Acceptance Ratio = 0.43735, Pressure = 2.69364
Step 14970000 - Total Energy: -3124.73, Acceptance Ratio = 0.437349, Pressure = 2.19147
Step 14980000 - Total Energy: -3084.93, Acceptance Ratio = 0.437355, Pressure = 2.60908
Step 14990000 - Total Energy: -3127.39, Acceptance Ratio = 0.437353, Pressure = 2.19038
Step 15000000 - Total Energy: -3128.96, Acceptance Ratio = 0.437354, Pressure = 2.14465
Step 15010000 - Total Energy: -3142.44, Acceptance Ratio = 0.437351, Pressure = 2.00746
Step 15020000 - Total Energy: -3124.36, Acceptance Ratio = 0.437356, Pressure = 2.22053
Step 15030000 - Total Energy: -3113.62, Acceptance Ratio = 0.437356, Pressure = 2.23954
Step 15040000 - Total Energy: -3102.13, Acceptance Ratio = 0.437355, Pressure = 2.422
Step 15050000 - Total Energy: -3124.85, Acceptance Ratio = 0.437353, Pressure = 2.19016
Step 15060000 - Total Energy: -3092.77, Acceptance Ratio = 0.437356, Pressure = 2.52887
Step 15070000 - Total Energy: -3123.74, Acceptance Ratio = 0.437361, Pressure = 2.20216
Step 15080000 - Total Energy: -3107.15, Acceptance Ratio = 0.437361, Pressure = 2.3078
Step 15090000 - Total Energy: -3143.8, Acceptance Ratio = 0.437361, Pressure = 2.0324
Step 15100000 - Total Energy: -3146.17, Acceptance Ratio = 0.437366, Pressure = 1.93636
Step 15110000 - Total Energy: -3114.47, Acceptance Ratio = 0.437369, Pressure = 2.34499
Step 15120000 - Total Energy: -3118.35, Acceptance Ratio = 0.437372, Pressure = 2.31951
Step 15130000 - Total Energy: -3135.13, Acceptance Ratio = 0.437371, Pressure = 2.08144
Step 15140000 - Total Energy: -3127.46, Acceptance Ratio = 0.437376, Pressure = 2.16991
Step 15150000 - Total Energy: -3136.01, Acceptance Ratio = 0.437381, Pressure = 2.08899
Step 15160000 - Total Energy: -3135.54, Acceptance Ratio = 0.437385, Pressure = 2.01631
Step 15170000 - Total Energy: -3110.94, Acceptance Ratio = 0.437386, Pressure = 2.30557
Step 15180000 - Total Energy: -3059.19, Acceptance Ratio = 0.43739, Pressure = 2.76281
Step 15190000 - Total Energy: -3112.6, Acceptance Ratio = 0.437387, Pressure = 2.25209
Step 15200000 - Total Energy: -3129.08, Acceptance Ratio = 0.437391, Pressure = 2.12387
Step 15210000 - Total Energy: -3089.49, Acceptance Ratio = 0.437393, Pressure = 2.48932
Step 15220000 - Total Energy: -3137, Acceptance Ratio = 0.4374, Pressure = 1.98898
Step 15230000 - Total Energy: -3112.01, Acceptance Ratio = 0.437399, Pressure = 2.32146
Step 15240000 - Total Energy: -3092.89, Acceptance Ratio = 0.437398, Pressure = 2.4836
Step 15250000 - Total Energy: -3128.5, Acceptance Ratio = 0.437398, Pressure = 2.14516
Step 15260000 - Total Energy: -3125.3, Acceptance Ratio = 0.4374, Pressure = 2.16321
Step 15270000 - Total Energy: -3117.75, Acceptance Ratio = 0.437397, Pressure = 2.24528
Step 15280000 - Total Energy: -3134.09, Acceptance Ratio = 0.437397, Pressure = 2.12239
Step 15290000 - Total Energy: -3126.36, Acceptance Ratio = 0.437395, Pressure = 2.14891
Step 15300000 - Total Energy: -3155.47, Acceptance Ratio = 0.437396, Pressure = 1.89287
Step 15310000 - Total Energy: -3103.8, Acceptance Ratio = 0.437391, Pressure = 2.43483
Step 15320000 - Total Energy: -3122.61, Acceptance Ratio = 0.43739, Pressure = 2.21693
Step 15330000 - Total Energy: -3118.91, Acceptance Ratio = 0.437394, Pressure = 2.2937
Step 15340000 - Total Energy: -3144.51, Acceptance Ratio = 0.437388, Pressure = 1.97681
Step 15350000 - Total Energy: -3105.66, Acceptance Ratio = 0.437386, Pressure = 2.43151
Step 15360000 - Total Energy: -3131.22, Acceptance Ratio = 0.437384, Pressure = 2.1287
Step 15370000 - Total Energy: -3098.59, Acceptance Ratio = 0.437384, Pressure = 2.45181
Step 15380000 - Total Energy: -3127.95, Acceptance Ratio = 0.437379, Pressure = 2.13195
Step 15390000 - Total Energy: -3131.57, Acceptance Ratio = 0.437378, Pressure = 2.13694
Step 15400000 - Total Energy: -3134.37, Acceptance Ratio = 0.437379, Pressure = 2.13818
Step 15410000 - Total Energy: -3153.9, Acceptance Ratio = 0.43738, Pressure = 1.90312
Step 15420000 - Total Energy: -3140.85, Acceptance Ratio = 0.437383, Pressure = 2.036
Step 15430000 - Total Energy: -3122.49, Acceptance Ratio = 0.437386, Pressure = 2.27035
Step 15440000 - Total Energy: -3133.26, Acceptance Ratio = 0.437381, Pressure = 2.10963
Step 15450000 - Total Energy: -3131.49, Acceptance Ratio = 0.43738, Pressure = 2.06049
Step 15460000 - Total Energy: -3115.75, Acceptance Ratio = 0.437383, Pressure = 2.31228
Step 15470000 - Total Energy: -3112.53, Acceptance Ratio = 0.437382, Pressure = 2.34222
Step 15480000 - Total Energy: -3110.71, Acceptance Ratio = 0.437375, Pressure = 2.35749
Step 15490000 - Total Energy: -3112.79, Acceptance Ratio = 0.437377, Pressure = 2.34174
Step 15500000 - Total Energy: -3118.54, Acceptance Ratio = 0.437382, Pressure = 2.22027
Step 15510000 - Total Energy: -3102.74, Acceptance Ratio = 0.437385, Pressure = 2.38289
Step 15520000 - Total Energy: -3123.72, Acceptance Ratio = 0.437386, Pressure = 2.19183
Step 15530000 - Total Energy: -3102.22, Acceptance Ratio = 0.437383, Pressure = 2.44128
Step 15540000 - Total Energy: -3089.66, Acceptance Ratio = 0.43738, Pressure = 2.55707
Step 15550000 - Total Energy: -3109.62, Acceptance Ratio = 0.437376, Pressure = 2.27751
Step 15560000 - Total Energy: -3150.52, Acceptance Ratio = 0.437377, Pressure = 1.93933
Step 15570000 - Total Energy: -3073.39, Acceptance Ratio = 0.437376, Pressure = 2.73042
Step 15580000 - Total Energy: -3114.14, Acceptance Ratio = 0.437369, Pressure = 2.40392
Step 15590000 - Total Energy: -3109.25, Acceptance Ratio = 0.437367, Pressure = 2.408
Step 15600000 - Total Energy: -3072.01, Acceptance Ratio = 0.437365, Pressure = 2.78913
Step 15610000 - Total Energy: -3109.67, Acceptance Ratio = 0.437357, Pressure = 2.33875
Step 15620000 - Total Energy: -3135.22, Acceptance Ratio = 0.437352, Pressure = 2.12118
Step 15630000 - Total Energy: -3128.3, Acceptance Ratio = 0.437357, Pressure = 2.08883
Step 15640000 - Total Energy: -3157.92, Acceptance Ratio = 0.437358, Pressure = 1.88866
Step 15650000 - Total Energy: -3113.76, Acceptance Ratio = 0.43736, Pressure = 2.31487
Step 15660000 - Total Energy: -3128.94, Acceptance Ratio = 0.437358, Pressure = 2.17133
Step 15670000 - Total Energy: -3109.93, Acceptance Ratio = 0.437362, Pressure = 2.27768
Step 15680000 - Total Energy: -3108.2, Acceptance Ratio = 0.437356, Pressure = 2.29251
Step 15690000 - Total Energy: -3147.15, Acceptance Ratio = 0.437354, Pressure = 1.91851
Step 15700000 - Total Energy: -3106.29, Acceptance Ratio = 0.437346, Pressure = 2.35161
Step 15710000 - Total Energy: -3114.83, Acceptance Ratio = 0.437347, Pressure = 2.28199
Step 15720000 - Total Energy: -3116.81, Acceptance Ratio = 0.437347, Pressure = 2.22161
Step 15730000 - Total Energy: -3159.29, Acceptance Ratio = 0.437345, Pressure = 1.81962
Step 15740000 - Total Energy: -3098.46, Acceptance Ratio = 0.437341, Pressure = 2.38517
Step 15750000 - Total Energy: -3115.79, Acceptance Ratio = 0.437336, Pressure = 2.26634
Step 15760000 - Total Energy: -3082.48, Acceptance Ratio = 0.437334, Pressure = 2.62467
Step 15770000 - Total Energy: -3111.08, Acceptance Ratio = 0.437338, Pressure = 2.33384
Step 15780000 - Total Energy: -3081.31, Acceptance Ratio = 0.437334, Pressure = 2.58013
Step 15790000 - Total Energy: -3119.98, Acceptance Ratio = 0.437334, Pressure = 2.32591
Step 15800000 - Total Energy: -3116.41, Acceptance Ratio = 0.437332, Pressure = 2.30522
Step 15810000 - Total Energy: -3121.24, Acceptance Ratio = 0.43733, Pressure = 2.18326
Step 15820000 - Total Energy: -3095.37, Acceptance Ratio = 0.437325, Pressure = 2.44897
Step 15830000 - Total Energy: -3064.02, Acceptance Ratio = 0.437322, Pressure = 2.86651
Step 15840000 - Total Energy: -3111.47, Acceptance Ratio = 0.437314, Pressure = 2.35351
Step 15850000 - Total Energy: -3078.3, Acceptance Ratio = 0.437309, Pressure = 2.65241
Step 15860000 - Total Energy: -3122.39, Acceptance Ratio = 0.437309, Pressure = 2.28713
Step 15870000 - Total Energy: -3131.32, Acceptance Ratio = 0.437309, Pressure = 2.19153
Step 15880000 - Total Energy: -3117.79, Acceptance Ratio = 0.437302, Pressure = 2.36099
Step 15890000 - Total Energy: -3114.65, Acceptance Ratio = 0.437302, Pressure = 2.3352
Step 15900000 - Total Energy: -3097.25, Acceptance Ratio = 0.437302, Pressure = 2.41299
Step 15910000 - Total Energy: -3108.2, Acceptance Ratio = 0.437302, Pressure = 2.3736
Step 15920000 - Total Energy: -3135.24, Acceptance Ratio = 0.437304, Pressure = 2.0941
Step 15930000 - Total Energy: -3149.13, Acceptance Ratio = 0.437308, Pressure = 1.91011
Step 15940000 - Total Energy: -3106.95, Acceptance Ratio = 0.437311, Pressure = 2.33103
Step 15950000 - Total Energy: -3092.23, Acceptance Ratio = 0.437315, Pressure = 2.48807
Step 15960000 - Total Energy: -3131.77, Acceptance Ratio = 0.437312, Pressure = 2.183
Step 15970000 - Total Energy: -3100.56, Acceptance Ratio = 0.437312, Pressure = 2.49311
Step 15980000 - Total Energy: -3067.62, Acceptance Ratio = 0.43731, Pressure = 2.78487
Step 15990000 - Total Energy: -3123.29, Acceptance Ratio = 0.437299, Pressure = 2.16843
Step 16000000 - Total Energy: -3087.07, Acceptance Ratio = 0.437302, Pressure = 2.47381
Step 16010000 - Total Energy: -3107.9, Acceptance Ratio = 0.437306, Pressure = 2.29016
Step 16020000 - Total Energy: -3119.42, Acceptance Ratio = 0.437308, Pressure = 2.18225
Step 16030000 - Total Energy: -3103.14, Acceptance Ratio = 0.437305, Pressure = 2.45507
Step 16040000 - Total Energy: -3122.98, Acceptance Ratio = 0.437306, Pressure = 2.15029
Step 16050000 - Total Energy: -3104.84, Acceptance Ratio = 0.437302, Pressure = 2.30917
Step 16060000 - Total Energy: -3109.71, Acceptance Ratio = 0.437303, Pressure = 2.33737
Step 16070000 - Total Energy: -3095.02, Acceptance Ratio = 0.437302, Pressure = 2.45882
Step 16080000 - Total Energy: -3094.65, Acceptance Ratio = 0.437292, Pressure = 2.45986
Step 16090000 - Total Energy: -3109.81, Acceptance Ratio = 0.437296, Pressure = 2.33884
Step 16100000 - Total Energy: -3114.82, Acceptance Ratio = 0.437297, Pressure = 2.24108
Step 16110000 - Total Energy: -3133.71, Acceptance Ratio = 0.4373, Pressure = 2.11921
Step 16120000 - Total Energy: -3098.39, Acceptance Ratio = 0.437296, Pressure = 2.4592
Step 16130000 - Total Energy: -3090.52, Acceptance Ratio = 0.437296, Pressure = 2.54518
Step 16140000 - Total Energy: -3132.27, Acceptance Ratio = 0.437293, Pressure = 2.13847
Step 16150000 - Total Energy: -3141.87, Acceptance Ratio = 0.43729, Pressure = 2.04838
Step 16160000 - Total Energy: -3147.09, Acceptance Ratio = 0.437291, Pressure = 1.90311
Step 16170000 - Total Energy: -3138.24, Acceptance Ratio = 0.437297, Pressure = 2.05836
Step 16180000 - Total Energy: -3107.42, Acceptance Ratio = 0.4373, Pressure = 2.37495
Step 16190000 - Total Energy: -3114.25, Acceptance Ratio = 0.437305, Pressure = 2.26716
Step 16200000 - Total Energy: -3135.37, Acceptance Ratio = 0.437311, Pressure = 1.98245
Step 16210000 - Total Energy: -3176.39, Acceptance Ratio = 0.437308, Pressure = 1.60906
Step 16220000 - Total Energy: -3098.45, Acceptance Ratio = 0.437311, Pressure = 2.35028
Step 16230000 - Total Energy: -3126.56, Acceptance Ratio = 0.437315, Pressure = 2.08578
Step 16240000 - Total Energy: -3152.66, Acceptance Ratio = 0.43732, Pressure = 1.7814
Step 16250000 - Total Energy: -3135.84, Acceptance Ratio = 0.437321, Pressure = 2.02659
Step 16260000 - Total Energy: -3126.96, Acceptance Ratio = 0.437326, Pressure = 2.1068
Step 16270000 - Total Energy: -3156.84, Acceptance Ratio = 0.437331, Pressure = 1.84294
Step 16280000 - Total Energy: -3135.67, Acceptance Ratio = 0.437333, Pressure = 2.01042
Step 16290000 - Total Energy: -3115.74, Acceptance Ratio = 0.437336, Pressure = 2.27212
Step 16300000 - Total Energy: -3127.83, Acceptance Ratio = 0.437333, Pressure = 2.08302
Step 16310000 - Total Energy: -3115.99, Acceptance Ratio = 0.437338, Pressure = 2.21993
Step 16320000 - Total Energy: -3159.41, Acceptance Ratio = 0.437341, Pressure = 1.81074
Step 16330000 - Total Energy: -3108.44, Acceptance Ratio = 0.437342, Pressure = 2.31258
Step 16340000 - Total Energy: -3145.85, Acceptance Ratio = 0.437341, Pressure = 1.95479
Step 16350000 - Total Energy: -3125.81, Acceptance Ratio = 0.437345, Pressure = 2.18729
Step 16360000 - Total Energy: -3130.38, Acceptance Ratio = 0.437346, Pressure = 2.10351
Step 16370000 - Total Energy: -3148.31, Acceptance Ratio = 0.437351, Pressure = 1.93406
Step 16380000 - Total Energy: -3134.27, Acceptance Ratio = 0.43736, Pressure = 2.08546
Step 16390000 - Total Energy: -3138, Acceptance Ratio = 0.437363, Pressure = 2.04685
Step 16400000 - Total Energy: -3112.03, Acceptance Ratio = 0.437363, Pressure = 2.3123
Step 16410000 - Total Energy: -3111.43, Acceptance Ratio = 0.437362, Pressure = 2.31148
Step 16420000 - Total Energy: -3138.52, Acceptance Ratio = 0.437366, Pressure = 2.01221
Step 16430000 - Total Energy: -3152.86, Acceptance Ratio = 0.43737, Pressure = 1.86145
Step 16440000 - Total Energy: -3151.63, Acceptance Ratio = 0.437371, Pressure = 1.90584
Step 16450000 - Total Energy: -3108.79, Acceptance Ratio = 0.437369, Pressure = 2.3871
Step 16460000 - Total Energy: -3122.86, Acceptance Ratio = 0.43737, Pressure = 2.27098
Step 16470000 - Total Energy: -3107.75, Acceptance Ratio = 0.437377, Pressure = 2.37259
Step 16480000 - Total Energy: -3118.89, Acceptance Ratio = 0.437377, Pressure = 2.24589
Step 16490000 - Total Energy: -3135.8, Acceptance Ratio = 0.437377, Pressure = 2.09201
Step 16500000 - Total Energy: -3105.74, Acceptance Ratio = 0.437379, Pressure = 2.31433
Step 16510000 - Total Energy: -3101.11, Acceptance Ratio = 0.43738, Pressure = 2.40788
Step 16520000 - Total Energy: -3135.59, Acceptance Ratio = 0.437384, Pressure = 2.06897
Step 16530000 - Total Energy: -3118.44, Acceptance Ratio = 0.43739, Pressure = 2.25198
Step 16540000 - Total Energy: -3127.53, Acceptance Ratio = 0.437395, Pressure = 2.17225
Step 16550000 - Total Energy: -3146.12, Acceptance Ratio = 0.437396, Pressure = 1.91073
Step 16560000 - Total Energy: -3148.73, Acceptance Ratio = 0.437395, Pressure = 1.92704
Step 16570000 - Total Energy: -3142.48, Acceptance Ratio = 0.437397, Pressure = 2.03087
Step 16580000 - Total Energy: -3122.6, Acceptance Ratio = 0.437395, Pressure = 2.22376
Step 16590000 - Total Energy: -3081.61, Acceptance Ratio = 0.437396, Pressure = 2.67526
Step 16600000 - Total Energy: -3112.83, Acceptance Ratio = 0.437397, Pressure = 2.302
Step 16610000 - Total Energy: -3115.04, Acceptance Ratio = 0.437397, Pressure = 2.31659
Step 16620000 - Total Energy: -3104.47, Acceptance Ratio = 0.437397, Pressure = 2.38967
Step 16630000 - Total Energy: -3151.35, Acceptance Ratio = 0.4374, Pressure = 1.91757
Step 16640000 - Total Energy: -3109.34, Acceptance Ratio = 0.437399, Pressure = 2.31484
Step 16650000 - Total Energy: -3136.06, Acceptance Ratio = 0.437398, Pressure = 2.0136
Step 16660000 - Total Energy: -3076.85, Acceptance Ratio = 0.437402, Pressure = 2.54431
Step 16670000 - Total Energy: -3099.58, Acceptance Ratio = 0.437405, Pressure = 2.40617
Step 16680000 - Total Energy: -3110.01, Acceptance Ratio = 0.437404, Pressure = 2.32258
Step 16690000 - Total Energy: -3089.68, Acceptance Ratio = 0.437404, Pressure = 2.56709
Step 16700000 - Total Energy: -3094.52, Acceptance Ratio = 0.437399, Pressure = 2.44964
Step 16710000 - Total Energy: -3119.97, Acceptance Ratio = 0.437396, Pressure = 2.28987
Step 16720000 - Total Energy: -3112.21, Acceptance Ratio = 0.437395, Pressure = 2.32687
Step 16730000 - Total Energy: -3094.68, Acceptance Ratio = 0.437391, Pressure = 2.51602
Step 16740000 - Total Energy: -3094.62, Acceptance Ratio = 0.437394, Pressure = 2.54261
Step 16750000 - Total Energy: -3142.02, Acceptance Ratio = 0.437391, Pressure = 2.15328
Step 16760000 - Total Energy: -3113.88, Acceptance Ratio = 0.437397, Pressure = 2.37763
Step 16770000 - Total Energy: -3121.98, Acceptance Ratio = 0.437398, Pressure = 2.27771
Step 16780000 - Total Energy: -3084.4, Acceptance Ratio = 0.437391, Pressure = 2.57974
Step 16790000 - Total Energy: -3111.3, Acceptance Ratio = 0.437388, Pressure = 2.36118
Step 16800000 - Total Energy: -3127.01, Acceptance Ratio = 0.437387, Pressure = 2.08412
Step 16810000 - Total Energy: -3115.7, Acceptance Ratio = 0.437387, Pressure = 2.22232
Step 16820000 - Total Energy: -3149.41, Acceptance Ratio = 0.437389, Pressure = 1.99287
Step 16830000 - Total Energy: -3131.92, Acceptance Ratio = 0.437389, Pressure = 2.13313
Step 16840000 - Total Energy: -3130.49, Acceptance Ratio = 0.43739, Pressure = 2.11001
Step 16850000 - Total Energy: -3099.57, Acceptance Ratio = 0.43739, Pressure = 2.37938
Step 16860000 - Total Energy: -3105.77, Acceptance Ratio = 0.437393, Pressure = 2.4507
Step 16870000 - Total Energy: -3127.21, Acceptance Ratio = 0.437386, Pressure = 2.214
Step 16880000 - Total Energy: -3106.81, Acceptance Ratio = 0.437381, Pressure = 2.38106
Step 16890000 - Total Energy: -3146.25, Acceptance Ratio = 0.437377, Pressure = 2.00616
Step 16900000 - Total Energy: -3171.38, Acceptance Ratio = 0.437379, Pressure = 1.71205
Step 16910000 - Total Energy: -3157.48, Acceptance Ratio = 0.43738, Pressure = 1.91169
Step 16920000 - Total Energy: -3144.71, Acceptance Ratio = 0.437382, Pressure = 2.02405
Step 16930000 - Total Energy: -3119.76, Acceptance Ratio = 0.437387, Pressure = 2.26774
Step 16940000 - Total Energy: -3125.17, Acceptance Ratio = 0.437384, Pressure = 2.13
Step 16950000 - Total Energy: -3121.89, Acceptance Ratio = 0.437382, Pressure = 2.24999
Step 16960000 - Total Energy: -3112.3, Acceptance Ratio = 0.437382, Pressure = 2.35689
Step 16970000 - Total Energy: -3114.37, Acceptance Ratio = 0.437388, Pressure = 2.26606
Step 16980000 - Total Energy: -3092.63, Acceptance Ratio = 0.437392, Pressure = 2.48949
Step 16990000 - Total Energy: -3145.51, Acceptance Ratio = 0.437391, Pressure = 1.96143
Step 17000000 - Total Energy: -3158, Acceptance Ratio = 0.437393, Pressure = 1.85256
Step 17010000 - Total Energy: -3135.53, Acceptance Ratio = 0.437396, Pressure = 2.00867
Step 17020000 - Total Energy: -3105.33, Acceptance Ratio = 0.437397, Pressure = 2.32406
Step 17030000 - Total Energy: -3092.44, Acceptance Ratio = 0.437396, Pressure = 2.48064
Step 17040000 - Total Energy: -3117.39, Acceptance Ratio = 0.437403, Pressure = 2.21619
Step 17050000 - Total Energy: -3115.7, Acceptance Ratio = 0.437402, Pressure = 2.22169
Step 17060000 - Total Energy: -3075.63, Acceptance Ratio = 0.437403, Pressure = 2.624
Step 17070000 - Total Energy: -3136.1, Acceptance Ratio = 0.437402, Pressure = 2.08608
Step 17080000 - Total Energy: -3130.03, Acceptance Ratio = 0.437403, Pressure = 2.0847
Step 17090000 - Total Energy: -3130.12, Acceptance Ratio = 0.437415, Pressure = 2.1014
Step 17100000 - Total Energy: -3152.63, Acceptance Ratio = 0.437415, Pressure = 1.93183
Step 17110000 - Total Energy: -3169.25, Acceptance Ratio = 0.437415, Pressure = 1.76358
Step 17120000 - Total Energy: -3108.87, Acceptance Ratio = 0.437415, Pressure = 2.289
Step 17130000 - Total Energy: -3117.64, Acceptance Ratio = 0.437415, Pressure = 2.31746
Step 17140000 - Total Energy: -3134.68, Acceptance Ratio = 0.437417, Pressure = 2.14212
Step 17150000 - Total Energy: -3121.89, Acceptance Ratio = 0.437416, Pressure = 2.23588
Step 17160000 - Total Energy: -3146.01, Acceptance Ratio = 0.437415, Pressure = 2.02689
Step 17170000 - Total Energy: -3089.9, Acceptance Ratio = 0.43741, Pressure = 2.51359
Step 17180000 - Total Energy: -3125.81, Acceptance Ratio = 0.437409, Pressure = 2.13987
Step 17190000 - Total Energy: -3152.06, Acceptance Ratio = 0.437407, Pressure = 1.95895
Step 17200000 - Total Energy: -3109.13, Acceptance Ratio = 0.437407, Pressure = 2.3227
Step 17210000 - Total Energy: -3143.99, Acceptance Ratio = 0.437412, Pressure = 1.97913
Step 17220000 - Total Energy: -3094.26, Acceptance Ratio = 0.437413, Pressure = 2.49325
Step 17230000 - Total Energy: -3114.37, Acceptance Ratio = 0.437408, Pressure = 2.29241
Step 17240000 - Total Energy: -3132.08, Acceptance Ratio = 0.437402, Pressure = 2.0702
Step 17250000 - Total Energy: -3133.97, Acceptance Ratio = 0.437401, Pressure = 2.07695
Step 17260000 - Total Energy: -3077.95, Acceptance Ratio = 0.437407, Pressure = 2.5924
Step 17270000 - Total Energy: -3119.95, Acceptance Ratio = 0.437411, Pressure = 2.24806
Step 17280000 - Total Energy: -3104.67, Acceptance Ratio = 0.437411, Pressure = 2.43721
Step 17290000 - Total Energy: -3084.69, Acceptance Ratio = 0.437413, Pressure = 2.57345
Step 17300000 - Total Energy: -3109.53, Acceptance Ratio = 0.437412, Pressure = 2.31642
Step 17310000 - Total Energy: -3114.48, Acceptance Ratio = 0.437413, Pressure = 2.30376
Step 17320000 - Total Energy: -3103.31, Acceptance Ratio = 0.437417, Pressure = 2.38113
Step 17330000 - Total Energy: -3081.23, Acceptance Ratio = 0.437417, Pressure = 2.61994
Step 17340000 - Total Energy: -3092.49, Acceptance Ratio = 0.437413, Pressure = 2.48001
Step 17350000 - Total Energy: -3122.09, Acceptance Ratio = 0.437409, Pressure = 2.1203
Step 17360000 - Total Energy: -3103.16, Acceptance Ratio = 0.437405, Pressure = 2.36216
Step 17370000 - Total Energy: -3102.43, Acceptance Ratio = 0.437406, Pressure = 2.32
Step 17380000 - Total Energy: -3130.5, Acceptance Ratio = 0.437409, Pressure = 2.10866
Step 17390000 - Total Energy: -3101.25, Acceptance Ratio = 0.437413, Pressure = 2.39543
Step 17400000 - Total Energy: -3106.46, Acceptance Ratio = 0.437414, Pressure = 2.32562
Step 17410000 - Total Energy: -3097.71, Acceptance Ratio = 0.437418, Pressure = 2.44362
Step 17420000 - Total Energy: -3082.13, Acceptance Ratio = 0.437415, Pressure = 2.64495
Step 17430000 - Total Energy: -3094.79, Acceptance Ratio = 0.437412, Pressure = 2.53173
Step 17440000 - Total Energy: -3134.35, Acceptance Ratio = 0.437416, Pressure = 2.10444
Step 17450000 - Total Energy: -3141.46, Acceptance Ratio = 0.437412, Pressure = 1.96099
Step 17460000 - Total Energy: -3123.15, Acceptance Ratio = 0.437411, Pressure = 2.19244
Step 17470000 - Total Energy: -3113.3, Acceptance Ratio = 0.437415, Pressure = 2.26687
Step 17480000 - Total Energy: -3137.37, Acceptance Ratio = 0.437418, Pressure = 2.06555
Step 17490000 - Total Energy: -3107.82, Acceptance Ratio = 0.437421, Pressure = 2.36362
Step 17500000 - Total Energy: -3094.84, Acceptance Ratio = 0.437418, Pressure = 2.40847
Step 17510000 - Total Energy: -3119.78, Acceptance Ratio = 0.437416, Pressure = 2.20503
Step 17520000 - Total Energy: -3131.06, Acceptance Ratio = 0.437415, Pressure = 2.09105
Step 17530000 - Total Energy: -3099, Acceptance Ratio = 0.437421, Pressure = 2.4306
Step 17540000 - Total Energy: -3113.4, Acceptance Ratio = 0.437418, Pressure = 2.30933
Step 17550000 - Total Energy: -3132.47, Acceptance Ratio = 0.437425, Pressure = 2.18833
Step 17560000 - Total Energy: -3121.08, Acceptance Ratio = 0.437422, Pressure = 2.28195
Step 17570000 - Total Energy: -3096.4, Acceptance Ratio = 0.437421, Pressure = 2.46042
Step 17580000 - Total Energy: -3112.74, Acceptance Ratio = 0.437414, Pressure = 2.35383
Step 17590000 - Total Energy: -3090.38, Acceptance Ratio = 0.43741, Pressure = 2.59696
Step 17600000 - Total Energy: -3122.05, Acceptance Ratio = 0.437412, Pressure = 2.19939
Step 17610000 - Total Energy: -3098.33, Acceptance Ratio = 0.437411, Pressure = 2.47196
Step 17620000 - Total Energy: -3053.13, Acceptance Ratio = 0.437408, Pressure = 2.95014
Step 17630000 - Total Energy: -3078.26, Acceptance Ratio = 0.437405, Pressure = 2.68483
Step 17640000 - Total Energy: -3064.52, Acceptance Ratio = 0.437403, Pressure = 2.78945
Step 17650000 - Total Energy: -3096.43, Acceptance Ratio = 0.437401, Pressure = 2.45982
Step 17660000 - Total Energy: -3095.87, Acceptance Ratio = 0.437397, Pressure = 2.49148
Step 17670000 - Total Energy: -3129.43, Acceptance Ratio = 0.4374, Pressure = 2.19258
Step 17680000 - Total Energy: -3108.79, Acceptance Ratio = 0.437393, Pressure = 2.42833
Step 17690000 - Total Energy: -3119.6, Acceptance Ratio = 0.437393, Pressure = 2.35044
Step 17700000 - Total Energy: -3153.86, Acceptance Ratio = 0.43739, Pressure = 1.9852
Step 17710000 - Total Energy: -3111.24, Acceptance Ratio = 0.437391, Pressure = 2.34124
Step 17720000 - Total Energy: -3144.56, Acceptance Ratio = 0.437391, Pressure = 1.97
Step 17730000 - Total Energy: -3115.68, Acceptance Ratio = 0.437393, Pressure = 2.29846
Step 17740000 - Total Energy: -3097.45, Acceptance Ratio = 0.437389, Pressure = 2.47002
Step 17750000 - Total Energy: -3087.73, Acceptance Ratio = 0.437388, Pressure = 2.6537
Step 17760000 - Total Energy: -3109.11, Acceptance Ratio = 0.437385, Pressure = 2.38599
Step 17770000 - Total Energy: -3101.38, Acceptance Ratio = 0.437387, Pressure = 2.4657
Step 17780000 - Total Energy: -3136.03, Acceptance Ratio = 0.437387, Pressure = 2.07128
Step 17790000 - Total Energy: -3131.96, Acceptance Ratio = 0.437389, Pressure = 2.12609
Step 17800000 - Total Energy: -3159.96, Acceptance Ratio = 0.437393, Pressure = 1.84951
Step 17810000 - Total Energy: -3161.87, Acceptance Ratio = 0.437399, Pressure = 1.85636
Step 17820000 - Total Energy: -3165.27, Acceptance Ratio = 0.437399, Pressure = 1.78317
Step 17830000 - Total Energy: -3133.31, Acceptance Ratio = 0.437402, Pressure = 2.15394
Step 17840000 - Total Energy: -3110.59, Acceptance Ratio = 0.4374, Pressure = 2.41826
Step 17850000 - Total Energy: -3111.68, Acceptance Ratio = 0.4374, Pressure = 2.3133
Step 17860000 - Total Energy: -3117.87, Acceptance Ratio = 0.437399, Pressure = 2.24645
Step 17870000 - Total Energy: -3100.03, Acceptance Ratio = 0.437396, Pressure = 2.51616
Step 17880000 - Total Energy: -3124.28, Acceptance Ratio = 0.437391, Pressure = 2.28668
Step 17890000 - Total Energy: -3109.61, Acceptance Ratio = 0.437393, Pressure = 2.4023
Step 17900000 - Total Energy: -3125.75, Acceptance Ratio = 0.437395, Pressure = 2.17323
Step 17910000 - Total Energy: -3119.42, Acceptance Ratio = 0.4374, Pressure = 2.20245
Step 17920000 - Total Energy: -3115.93, Acceptance Ratio = 0.437396, Pressure = 2.20907
Step 17930000 - Total Energy: -3119.2, Acceptance Ratio = 0.437396, Pressure = 2.25867
Step 17940000 - Total Energy: -3106.51, Acceptance Ratio = 0.437394, Pressure = 2.37898
Step 17950000 - Total Energy: -3105.67, Acceptance Ratio = 0.437393, Pressure = 2.3772
Step 17960000 - Total Energy: -3151.51, Acceptance Ratio = 0.437392, Pressure = 1.93695
Step 17970000 - Total Energy: -3111.04, Acceptance Ratio = 0.43739, Pressure = 2.3867
Step 17980000 - Total Energy: -3135.5, Acceptance Ratio = 0.437391, Pressure = 2.16342
Step 17990000 - Total Energy: -3129.71, Acceptance Ratio = 0.437393, Pressure = 2.14512
Step 18000000 - Total Energy: -3175.91, Acceptance Ratio = 0.437404, Pressure = 1.69371
Step 18010000 - Total Energy: -3149.12, Acceptance Ratio = 0.437405, Pressure = 1.90502
Step 18020000 - Total Energy: -3139.69, Acceptance Ratio = 0.437407, Pressure = 2.07105
Step 18030000 - Total Energy: -3127.46, Acceptance Ratio = 0.437409, Pressure = 2.1389
Step 18040000 - Total Energy: -3121.67, Acceptance Ratio = 0.43741, Pressure = 2.15728
Step 18050000 - Total Energy: -3177.39, Acceptance Ratio = 0.437417, Pressure = 1.58697
Step 18060000 - Total Energy: -3155.99, Acceptance Ratio = 0.437421, Pressure = 1.84728
Step 18070000 - Total Energy: -3112.49, Acceptance Ratio = 0.437419, Pressure = 2.2438
Step 18080000 - Total Energy: -3144.39, Acceptance Ratio = 0.437422, Pressure = 1.96066
Step 18090000 - Total Energy: -3138.97, Acceptance Ratio = 0.43742, Pressure = 2.05533
Step 18100000 - Total Energy: -3138.02, Acceptance Ratio = 0.43742, Pressure = 1.96783
Step 18110000 - Total Energy: -3128.67, Acceptance Ratio = 0.437422, Pressure = 2.12954
Step 18120000 - Total Energy: -3134.49, Acceptance Ratio = 0.437424, Pressure = 2.11569
Step 18130000 - Total Energy: -3112.18, Acceptance Ratio = 0.437427, Pressure = 2.31279
Step 18140000 - Total Energy: -3131.72, Acceptance Ratio = 0.437428, Pressure = 2.12653
Step 18150000 - Total Energy: -3123.56, Acceptance Ratio = 0.437431, Pressure = 2.11979
Step 18160000 - Total Energy: -3113.86, Acceptance Ratio = 0.437429, Pressure = 2.32859
Step 18170000 - Total Energy: -3150.75, Acceptance Ratio = 0.437429, Pressure = 1.84911
Step 18180000 - Total Energy: -3141.53, Acceptance Ratio = 0.437431, Pressure = 2.00508
Step 18190000 - Total Energy: -3136.45, Acceptance Ratio = 0.437433, Pressure = 2.07597
Step 18200000 - Total Energy: -3121.59, Acceptance Ratio = 0.437434, Pressure = 2.20158
Step 18210000 - Total Energy: -3091.18, Acceptance Ratio = 0.437435, Pressure = 2.48627
Step 18220000 - Total Energy: -3082.38, Acceptance Ratio = 0.437438, Pressure = 2.63454
Step 18230000 - Total Energy: -3131.28, Acceptance Ratio = 0.437434, Pressure = 2.13681
Step 18240000 - Total Energy: -3142.09, Acceptance Ratio = 0.437435, Pressure = 2.07866
Step 18250000 - Total Energy: -3137.28, Acceptance Ratio = 0.437434, Pressure = 2.08737
Step 18260000 - Total Energy: -3127.33, Acceptance Ratio = 0.437435, Pressure = 2.24789
Step 18270000 - Total Energy: -3150.21, Acceptance Ratio = 0.437433, Pressure = 2.02419
Step 18280000 - Total Energy: -3141.37, Acceptance Ratio = 0.437444, Pressure = 2.06457
Step 18290000 - Total Energy: -3141.47, Acceptance Ratio = 0.437449, Pressure = 1.99453
Step 18300000 - Total Energy: -3111.86, Acceptance Ratio = 0.43745, Pressure = 2.34401
Step 18310000 - Total Energy: -3123.14, Acceptance Ratio = 0.437446, Pressure = 2.26079
Step 18320000 - Total Energy: -3089.92, Acceptance Ratio = 0.437446, Pressure = 2.50959
Step 18330000 - Total Energy: -3131.82, Acceptance Ratio = 0.437443, Pressure = 2.15645
Step 18340000 - Total Energy: -3136.73, Acceptance Ratio = 0.437442, Pressure = 2.113
Step 18350000 - Total Energy: -3123.76, Acceptance Ratio = 0.437446, Pressure = 2.19806
Step 18360000 - Total Energy: -3148.21, Acceptance Ratio = 0.437448, Pressure = 2.04411
Step 18370000 - Total Energy: -3122.37, Acceptance Ratio = 0.437448, Pressure = 2.27253
Step 18380000 - Total Energy: -3119.03, Acceptance Ratio = 0.437447, Pressure = 2.26549
Step 18390000 - Total Energy: -3115.55, Acceptance Ratio = 0.43745, Pressure = 2.34382
Step 18400000 - Total Energy: -3145.58, Acceptance Ratio = 0.437451, Pressure = 2.04036
Step 18410000 - Total Energy: -3083.49, Acceptance Ratio = 0.437451, Pressure = 2.6151
Step 18420000 - Total Energy: -3137.19, Acceptance Ratio = 0.437452, Pressure = 2.05422
Step 18430000 - Total Energy: -3124.09, Acceptance Ratio = 0.437453, Pressure = 2.20999
Step 18440000 - Total Energy: -3118.54, Acceptance Ratio = 0.437454, Pressure = 2.2623
Step 18450000 - Total Energy: -3143.83, Acceptance Ratio = 0.437459, Pressure = 2.06629
Step 18460000 - Total Energy: -3134.56, Acceptance Ratio = 0.437456, Pressure = 2.15963
Step 18470000 - Total Energy: -3144.83, Acceptance Ratio = 0.437454, Pressure = 1.99788
Step 18480000 - Total Energy: -3157.04, Acceptance Ratio = 0.437459, Pressure = 1.86631
Step 18490000 - Total Energy: -3109.02, Acceptance Ratio = 0.437463, Pressure = 2.39099
Step 18500000 - Total Energy: -3146, Acceptance Ratio = 0.437462, Pressure = 2.00397
Step 18510000 - Total Energy: -3151.26, Acceptance Ratio = 0.437465, Pressure = 1.99627
Step 18520000 - Total Energy: -3157.44, Acceptance Ratio = 0.437464, Pressure = 1.98657
Step 18530000 - Total Energy: -3130.27, Acceptance Ratio = 0.437461, Pressure = 2.15078
Step 18540000 - Total Energy: -3132.51, Acceptance Ratio = 0.437464, Pressure = 2.14996
Step 18550000 - Total Energy: -3135.2, Acceptance Ratio = 0.437471, Pressure = 2.04779
Step 18560000 - Total Energy: -3148.44, Acceptance Ratio = 0.437473, Pressure = 2.01228
Step 18570000 - Total Energy: -3110.29, Acceptance Ratio = 0.437475, Pressure = 2.38088
Step 18580000 - Total Energy: -3142.96, Acceptance Ratio = 0.43747, Pressure = 2.06418
Step 18590000 - Total Energy: -3099.12, Acceptance Ratio = 0.437472, Pressure = 2.42125
Step 18600000 - Total Energy: -3109.89, Acceptance Ratio = 0.437475, Pressure = 2.3209
Step 18610000 - Total Energy: -3117.58, Acceptance Ratio = 0.437481, Pressure = 2.2511
Step 18620000 - Total Energy: -3146.83, Acceptance Ratio = 0.437482, Pressure = 2.00294
Step 18630000 - Total Energy: -3108.63, Acceptance Ratio = 0.437486, Pressure = 2.37663
Step 18640000 - Total Energy: -3107.57, Acceptance Ratio = 0.437487, Pressure = 2.34931
Step 18650000 - Total Energy: -3146.86, Acceptance Ratio = 0.437485, Pressure = 1.87874
Step 18660000 - Total Energy: -3139.03, Acceptance Ratio = 0.437493, Pressure = 1.99395
Step 18670000 - Total Energy: -3150.32, Acceptance Ratio = 0.437501, Pressure = 1.86262
Step 18680000 - Total Energy: -3170.53, Acceptance Ratio = 0.437504, Pressure = 1.76112
Step 18690000 - Total Energy: -3141.01, Acceptance Ratio = 0.437508, Pressure = 1.97766
Step 18700000 - Total Energy: -3114.27, Acceptance Ratio = 0.437509, Pressure = 2.24852
Step 18710000 - Total Energy: -3096.28, Acceptance Ratio = 0.437511, Pressure = 2.45618
Step 18720000 - Total Energy: -3117.04, Acceptance Ratio = 0.437511, Pressure = 2.26193
Step 18730000 - Total Energy: -3111.25, Acceptance Ratio = 0.437511, Pressure = 2.27253
Step 18740000 - Total Energy: -3118.98, Acceptance Ratio = 0.437503, Pressure = 2.21981
Step 18750000 - Total Energy: -3115.1, Acceptance Ratio = 0.437503, Pressure = 2.27325
Step 18760000 - Total Energy: -3137.76, Acceptance Ratio = 0.437502, Pressure = 2.07094
Step 18770000 - Total Energy: -3099.97, Acceptance Ratio = 0.437495, Pressure = 2.42294
Step 18780000 - Total Energy: -3089.49, Acceptance Ratio = 0.437492, Pressure = 2.53281
Step 18790000 - Total Energy: -3117.77, Acceptance Ratio = 0.43749, Pressure = 2.23658
Step 18800000 - Total Energy: -3075.58, Acceptance Ratio = 0.437487, Pressure = 2.67207
Step 18810000 - Total Energy: -3117.57, Acceptance Ratio = 0.437487, Pressure = 2.27254
Step 18820000 - Total Energy: -3134.23, Acceptance Ratio = 0.437488, Pressure = 2.04104
Step 18830000 - Total Energy: -3105.78, Acceptance Ratio = 0.437481, Pressure = 2.3296
Step 18840000 - Total Energy: -3092.73, Acceptance Ratio = 0.437477, Pressure = 2.48955
Step 18850000 - Total Energy: -3112.8, Acceptance Ratio = 0.437478, Pressure = 2.28437
Step 18860000 - Total Energy: -3105.56, Acceptance Ratio = 0.437476, Pressure = 2.34825
Step 18870000 - Total Energy: -3127.17, Acceptance Ratio = 0.43748, Pressure = 2.1507
Step 18880000 - Total Energy: -3128.84, Acceptance Ratio = 0.437482, Pressure = 2.12425
Step 18890000 - Total Energy: -3089.95, Acceptance Ratio = 0.437485, Pressure = 2.5511
Step 18900000 - Total Energy: -3129.46, Acceptance Ratio = 0.437483, Pressure = 2.20707
Step 18910000 - Total Energy: -3125.59, Acceptance Ratio = 0.437483, Pressure = 2.20699
Step 18920000 - Total Energy: -3106.78, Acceptance Ratio = 0.437472, Pressure = 2.37492
Step 18930000 - Total Energy: -3136.06, Acceptance Ratio = 0.437474, Pressure = 2.10545
Step 18940000 - Total Energy: -3099.39, Acceptance Ratio = 0.437479, Pressure = 2.50929
Step 18950000 - Total Energy: -3091.05, Acceptance Ratio = 0.437478, Pressure = 2.54902
Step 18960000 - Total Energy: -3079.1, Acceptance Ratio = 0.437475, Pressure = 2.64899
Step 18970000 - Total Energy: -3127.09, Acceptance Ratio = 0.437471, Pressure = 2.25027
Step 18980000 - Total Energy: -3080.65, Acceptance Ratio = 0.437463, Pressure = 2.68142
Step 18990000 - Total Energy: -3094.18, Acceptance Ratio = 0.437465, Pressure = 2.53046
Step 19000000 - Total Energy: -3100.19, Acceptance Ratio = 0.437465, Pressure = 2.43476
Step 19010000 - Total Energy: -3086.76, Acceptance Ratio = 0.437464, Pressure = 2.59877
Step 19020000 - Total Energy: -3120.13, Acceptance Ratio = 0.437466, Pressure = 2.20172
Step 19030000 - Total Energy: -3139.43, Acceptance Ratio = 0.437463, Pressure = 2.01391
Step 19040000 - Total Energy: -3114.66, Acceptance Ratio = 0.437463, Pressure = 2.25958
Step 19050000 - Total Energy: -3066.06, Acceptance Ratio = 0.437468, Pressure = 2.74865
Step 19060000 - Total Energy: -3119.28, Acceptance Ratio = 0.437467, Pressure = 2.19908
Step 19070000 - Total Energy: -3137.39, Acceptance Ratio = 0.437467, Pressure = 2.0746
Step 19080000 - Total Energy: -3107.05, Acceptance Ratio = 0.437466, Pressure = 2.41861
Step 19090000 - Total Energy: -3088.38, Acceptance Ratio = 0.437469, Pressure = 2.54062
Step 19100000 - Total Energy: -3096.79, Acceptance Ratio = 0.437468, Pressure = 2.47886
Step 19110000 - Total Energy: -3125.1, Acceptance Ratio = 0.437467, Pressure = 2.13472
Step 19120000 - Total Energy: -3101.25, Acceptance Ratio = 0.43747, Pressure = 2.43445
Step 19130000 - Total Energy: -3114.3, Acceptance Ratio = 0.437464, Pressure = 2.25328
Step 19140000 - Total Energy: -3132.88, Acceptance Ratio = 0.43746, Pressure = 2.06854
Step 19150000 - Total Energy: -3143.88, Acceptance Ratio = 0.437461, Pressure = 1.94298
Step 19160000 - Total Energy: -3103.84, Acceptance Ratio = 0.437462, Pressure = 2.3614
Step 19170000 - Total Energy: -3079.02, Acceptance Ratio = 0.437464, Pressure = 2.61527
Step 19180000 - Total Energy: -3106.84, Acceptance Ratio = 0.437466, Pressure = 2.25492
Step 19190000 - Total Energy: -3132.93, Acceptance Ratio = 0.437465, Pressure = 2.1251
Step 19200000 - Total Energy: -3107.26, Acceptance Ratio = 0.43746, Pressure = 2.4138
Step 19210000 - Total Energy: -3103.07, Acceptance Ratio = 0.437458, Pressure = 2.33254
Step 19220000 - Total Energy: -3111.78, Acceptance Ratio = 0.437458, Pressure = 2.33936
Step 19230000 - Total Energy: -3107.4, Acceptance Ratio = 0.437458, Pressure = 2.34586
Step 19240000 - Total Energy: -3117.29, Acceptance Ratio = 0.437461, Pressure = 2.2391
Step 19250000 - Total Energy: -3093.22, Acceptance Ratio = 0.437467, Pressure = 2.44897
Step 19260000 - Total Energy: -3108.59, Acceptance Ratio = 0.43747, Pressure = 2.3385
Step 19270000 - Total Energy: -3118.76, Acceptance Ratio = 0.437477, Pressure = 2.24657
Step 19280000 - Total Energy: -3072.05, Acceptance Ratio = 0.437479, Pressure = 2.59207
Step 19290000 - Total Energy: -3118.48, Acceptance Ratio = 0.437479, Pressure = 2.27379
Step 19300000 - Total Energy: -3126.97, Acceptance Ratio = 0.437477, Pressure = 2.16771
Step 19310000 - Total Energy: -3124.71, Acceptance Ratio = 0.437477, Pressure = 2.22439
Step 19320000 - Total Energy: -3137.12, Acceptance Ratio = 0.437479, Pressure = 2.0723
Step 19330000 - Total Energy: -3123.23, Acceptance Ratio = 0.437483, Pressure = 2.20063
Step 19340000 - Total Energy: -3135.89, Acceptance Ratio = 0.437486, Pressure = 2.06113
Step 19350000 - Total Energy: -3129.78, Acceptance Ratio = 0.437487, Pressure = 2.13437
Step 19360000 - Total Energy: -3124.36, Acceptance Ratio = 0.437488, Pressure = 2.12372
Step 19370000 - Total Energy: -3116.96, Acceptance Ratio = 0.437485, Pressure = 2.25096
Step 19380000 - Total Energy: -3093.31, Acceptance Ratio = 0.437487, Pressure = 2.44489
Step 19390000 - Total Energy: -3143.23, Acceptance Ratio = 0.437487, Pressure = 1.90459
Step 19400000 - Total Energy: -3131.7, Acceptance Ratio = 0.437496, Pressure = 1.98493
Step 19410000 - Total Energy: -3104.68, Acceptance Ratio = 0.437497, Pressure = 2.29894
Step 19420000 - Total Energy: -3115.95, Acceptance Ratio = 0.437499, Pressure = 2.27633
Step 19430000 - Total Energy: -3137.77, Acceptance Ratio = 0.437498, Pressure = 2.1268
Step 19440000 - Total Energy: -3160.26, Acceptance Ratio = 0.437498, Pressure = 1.88738
Step 19450000 - Total Energy: -3135.37, Acceptance Ratio = 0.437499, Pressure = 2.1244
Step 19460000 - Total Energy: -3143.76, Acceptance Ratio = 0.437497, Pressure = 2.04386
Step 19470000 - Total Energy: -3122.76, Acceptance Ratio = 0.437494, Pressure = 2.23916
Step 19480000 - Total Energy: -3126.34, Acceptance Ratio = 0.437494, Pressure = 2.24533
Step 19490000 - Total Energy: -3111.94, Acceptance Ratio = 0.437493, Pressure = 2.3371
Step 19500000 - Total Energy: -3118.92, Acceptance Ratio = 0.437492, Pressure = 2.24738
Step 19510000 - Total Energy: -3115.47, Acceptance Ratio = 0.437491, Pressure = 2.29948
Step 19520000 - Total Energy: -3129.32, Acceptance Ratio = 0.43749, Pressure = 2.19095
Step 19530000 - Total Energy: -3112.42, Acceptance Ratio = 0.437488, Pressure = 2.34158
Step 19540000 - Total Energy: -3099.44, Acceptance Ratio = 0.437488, Pressure = 2.48468
Step 19550000 - Total Energy: -3128.83, Acceptance Ratio = 0.437488, Pressure = 2.14909
Step 19560000 - Total Energy: -3115.94, Acceptance Ratio = 0.43749, Pressure = 2.25522
Step 19570000 - Total Energy: -3105.11, Acceptance Ratio = 0.437489, Pressure = 2.39015
Step 19580000 - Total Energy: -3135.83, Acceptance Ratio = 0.437493, Pressure = 2.0342
Step 19590000 - Total Energy: -3132.78, Acceptance Ratio = 0.437493, Pressure = 2.09325
Step 19600000 - Total Energy: -3154.24, Acceptance Ratio = 0.437495, Pressure = 1.92209
Step 19610000 - Total Energy: -3141.12, Acceptance Ratio = 0.437497, Pressure = 1.95659
Step 19620000 - Total Energy: -3139.99, Acceptance Ratio = 0.4375, Pressure = 2.05647
Step 19630000 - Total Energy: -3119.91, Acceptance Ratio = 0.437498, Pressure = 2.20825
Step 19640000 - Total Energy: -3125.55, Acceptance Ratio = 0.437497, Pressure = 2.1815
Step 19650000 - Total Energy: -3141.79, Acceptance Ratio = 0.437503, Pressure = 2.01952
Step 19660000 - Total Energy: -3145.91, Acceptance Ratio = 0.437509, Pressure = 1.88102
Step 19670000 - Total Energy: -3139.48, Acceptance Ratio = 0.437514, Pressure = 1.98991
Step 19680000 - Total Energy: -3143.51, Acceptance Ratio = 0.437518, Pressure = 1.95654
Step 19690000 - Total Energy: -3124.76, Acceptance Ratio = 0.437515, Pressure = 2.15698
Step 19700000 - Total Energy: -3158.03, Acceptance Ratio = 0.43752, Pressure = 1.78331
Step 19710000 - Total Energy: -3131.57, Acceptance Ratio = 0.437527, Pressure = 2.09297
Step 19720000 - Total Energy: -3138.67, Acceptance Ratio = 0.43753, Pressure = 1.96526
Step 19730000 - Total Energy: -3153.34, Acceptance Ratio = 0.437528, Pressure = 1.84595
Step 19740000 - Total Energy: -3149.65, Acceptance Ratio = 0.437529, Pressure = 1.91305
Step 19750000 - Total Energy: -3153.37, Acceptance Ratio = 0.43753, Pressure = 1.90073
Step 19760000 - Total Energy: -3123.45, Acceptance Ratio = 0.437532, Pressure = 2.2303
Step 19770000 - Total Energy: -3143.2, Acceptance Ratio = 0.437535, Pressure = 1.9898
Step 19780000 - Total Energy: -3146.37, Acceptance Ratio = 0.437532, Pressure = 1.97813
Step 19790000 - Total Energy: -3113.17, Acceptance Ratio = 0.437532, Pressure = 2.28367
Step 19800000 - Total Energy: -3121.28, Acceptance Ratio = 0.437535, Pressure = 2.1996
Step 19810000 - Total Energy: -3144.06, Acceptance Ratio = 0.437532, Pressure = 2.01854
Step 19820000 - Total Energy: -3124.78, Acceptance Ratio = 0.437532, Pressure = 2.17361
Step 19830000 - Total Energy: -3130.89, Acceptance Ratio = 0.437532, Pressure = 2.09991
Step 19840000 - Total Energy: -3149, Acceptance Ratio = 0.437528, Pressure = 1.93537
Step 19850000 - Total Energy: -3106.25, Acceptance Ratio = 0.437529, Pressure = 2.32512
Step 19860000 - Total Energy: -3088.68, Acceptance Ratio = 0.437526, Pressure = 2.51878
Step 19870000 - Total Energy: -3100.3, Acceptance Ratio = 0.437528, Pressure = 2.3911
Step 19880000 - Total Energy: -3111.29, Acceptance Ratio = 0.437528, Pressure = 2.36027
Step 19890000 - Total Energy: -3117.49, Acceptance Ratio = 0.437529, Pressure = 2.20375
Step 19900000 - Total Energy: -3084.97, Acceptance Ratio = 0.437532, Pressure = 2.53289
Step 19910000 - Total Energy: -3143.27, Acceptance Ratio = 0.437533, Pressure = 1.99079
Step 19920000 - Total Energy: -3120.43, Acceptance Ratio = 0.437532, Pressure = 2.22211
Step 19930000 - Total Energy: -3127.8, Acceptance Ratio = 0.437536, Pressure = 2.15122
Step 19940000 - Total Energy: -3150.42, Acceptance Ratio = 0.437536, Pressure = 1.8822
Step 19950000 - Total Energy: -3139.45, Acceptance Ratio = 0.437538, Pressure = 2.04424
Step 19960000 - Total Energy: -3110.66, Acceptance Ratio = 0.437539, Pressure = 2.32122
Step 19970000 - Total Energy: -3120.1, Acceptance Ratio = 0.437541, Pressure = 2.24192
Step 19980000 - Total Energy: -3089.55, Acceptance Ratio = 0.437543, Pressure = 2.49962
Step 19990000 - Total Energy: -3120.8, Acceptance Ratio = 0.43754, Pressure = 2.19012
Step 20000000 - Total Energy: -3139.49, Acceptance Ratio = 0.437544, Pressure = 2.00692
Step 20010000 - Total Energy: -3143.06, Acceptance Ratio = 0.437546, Pressure = 1.98744
Step 20020000 - Total Energy: -3131.09, Acceptance Ratio = 0.437547, Pressure = 2.07357
Step 20030000 - Total Energy: -3125.54, Acceptance Ratio = 0.437546, Pressure = 2.16953
Step 20040000 - Total Energy: -3156.17, Acceptance Ratio = 0.437551, Pressure = 1.86577
Step 20050000 - Total Energy: -3144.88, Acceptance Ratio = 0.437551, Pressure = 1.98772
Step 20060000 - Total Energy: -3130.84, Acceptance Ratio = 0.437553, Pressure = 2.1151
Step 20070000 - Total Energy: -3119.24, Acceptance Ratio = 0.437556, Pressure = 2.23277
Step 20080000 - Total Energy: -3116.85, Acceptance Ratio = 0.437555, Pressure = 2.2021
Step 20090000 - Total Energy: -3113.57, Acceptance Ratio = 0.437559, Pressure = 2.26988
Step 20100000 - Total Energy: -3119.09, Acceptance Ratio = 0.437556, Pressure = 2.28843
Step 20110000 - Total Energy: -3135.86, Acceptance Ratio = 0.437553, Pressure = 2.10834
Step 20120000 - Total Energy: -3149.73, Acceptance Ratio = 0.437552, Pressure = 1.98906
Step 20130000 - Total Energy: -3119.46, Acceptance Ratio = 0.437551, Pressure = 2.31707
Step 20140000 - Total Energy: -3109.11, Acceptance Ratio = 0.437552, Pressure = 2.43532
Step 20150000 - Total Energy: -3115.19, Acceptance Ratio = 0.437552, Pressure = 2.36985
Step 20160000 - Total Energy: -3119.64, Acceptance Ratio = 0.437549, Pressure = 2.25457
Step 20170000 - Total Energy: -3096.89, Acceptance Ratio = 0.437549, Pressure = 2.43357
Step 20180000 - Total Energy: -3124.71, Acceptance Ratio = 0.437554, Pressure = 2.17484
Step 20190000 - Total Energy: -3121.7, Acceptance Ratio = 0.437546, Pressure = 2.22033
Step 20200000 - Total Energy: -3101.16, Acceptance Ratio = 0.437544, Pressure = 2.41103
Step 20210000 - Total Energy: -3129.65, Acceptance Ratio = 0.437545, Pressure = 2.19236
Step 20220000 - Total Energy: -3110, Acceptance Ratio = 0.437543, Pressure = 2.42776
Step 20230000 - Total Energy: -3152.23, Acceptance Ratio = 0.437543, Pressure = 1.98496
Step 20240000 - Total Energy: -3068.37, Acceptance Ratio = 0.437544, Pressure = 2.77796
Step 20250000 - Total Energy: -3132.69, Acceptance Ratio = 0.43754, Pressure = 2.15553
Step 20260000 - Total Energy: -3104.74, Acceptance Ratio = 0.43754, Pressure = 2.44033
Step 20270000 - Total Energy: -3093.51, Acceptance Ratio = 0.437537, Pressure = 2.50929
Step 20280000 - Total Energy: -3121.38, Acceptance Ratio = 0.437534, Pressure = 2.16284
Step 20290000 - Total Energy: -3132.32, Acceptance Ratio = 0.437535, Pressure = 2.14261
Step 20300000 - Total Energy: -3094.46, Acceptance Ratio = 0.437541, Pressure = 2.48632
Step 20310000 - Total Energy: -3132.01, Acceptance Ratio = 0.437536, Pressure = 2.08196
Step 20320000 - Total Energy: -3101.59, Acceptance Ratio = 0.43753, Pressure = 2.43509
Step 20330000 - Total Energy: -3115.27, Acceptance Ratio = 0.437526, Pressure = 2.29775
Step 20340000 - Total Energy: -3126.14, Acceptance Ratio = 0.437524, Pressure = 2.17974
Step 20350000 - Total Energy: -3114.57, Acceptance Ratio = 0.437522, Pressure = 2.26654
Step 20360000 - Total Energy: -3118.71, Acceptance Ratio = 0.437528, Pressure = 2.23995
Step 20370000 - Total Energy: -3079.94, Acceptance Ratio = 0.437529, Pressure = 2.68181
Step 20380000 - Total Energy: -3148.87, Acceptance Ratio = 0.437532, Pressure = 1.94307
Step 20390000 - Total Energy: -3120.85, Acceptance Ratio = 0.437529, Pressure = 2.19409
Step 20400000 - Total Energy: -3107.53, Acceptance Ratio = 0.437526, Pressure = 2.34257
Step 20410000 - Total Energy: -3109.92, Acceptance Ratio = 0.43753, Pressure = 2.28729
Step 20420000 - Total Energy: -3111.19, Acceptance Ratio = 0.437529, Pressure = 2.30779
Step 20430000 - Total Energy: -3118.52, Acceptance Ratio = 0.437527, Pressure = 2.2735
Step 20440000 - Total Energy: -3125.5, Acceptance Ratio = 0.437528, Pressure = 2.19576
Step 20450000 - Total Energy: -3128.9, Acceptance Ratio = 0.437531, Pressure = 2.18944
Step 20460000 - Total Energy: -3138.89, Acceptance Ratio = 0.437529, Pressure = 2.1143
Step 20470000 - Total Energy: -3109.57, Acceptance Ratio = 0.437525, Pressure = 2.34759
Step 20480000 - Total Energy: -3083.01, Acceptance Ratio = 0.437525, Pressure = 2.60722
Step 20490000 - Total Energy: -3151.09, Acceptance Ratio = 0.437523, Pressure = 1.93254
Step 20500000 - Total Energy: -3144.18, Acceptance Ratio = 0.437527, Pressure = 1.90899
Step 20510000 - Total Energy: -3134.76, Acceptance Ratio = 0.437533, Pressure = 2.10204
Step 20520000 - Total Energy: -3196.78, Acceptance Ratio = 0.437536, Pressure = 1.44715
Step 20530000 - Total Energy: -3153.7, Acceptance Ratio = 0.437539, Pressure = 1.91253
Step 20540000 - Total Energy: -3135.46, Acceptance Ratio = 0.437546, Pressure = 2.04969
Step 20550000 - Total Energy: -3076.62, Acceptance Ratio = 0.437545, Pressure = 2.57408
Step 20560000 - Total Energy: -3114.07, Acceptance Ratio = 0.437548, Pressure = 2.32631
Step 20570000 - Total Energy: -3143.24, Acceptance Ratio = 0.437546, Pressure = 1.99717
Step 20580000 - Total Energy: -3148.48, Acceptance Ratio = 0.437545, Pressure = 1.94179
Step 20590000 - Total Energy: -3098.39, Acceptance Ratio = 0.437543, Pressure = 2.4081
Step 20600000 - Total Energy: -3120.69, Acceptance Ratio = 0.437541, Pressure = 2.15996
Step 20610000 - Total Energy: -3169.42, Acceptance Ratio = 0.437544, Pressure = 1.79319
Step 20620000 - Total Energy: -3149.75, Acceptance Ratio = 0.437547, Pressure = 1.91036
Step 20630000 - Total Energy: -3155.44, Acceptance Ratio = 0.43755, Pressure = 1.86583
Step 20640000 - Total Energy: -3135.25, Acceptance Ratio = 0.43755, Pressure = 2.0873
Step 20650000 - Total Energy: -3135.4, Acceptance Ratio = 0.437554, Pressure = 2.07778
Step 20660000 - Total Energy: -3120.12, Acceptance Ratio = 0.437554, Pressure = 2.23764
Step 20670000 - Total Energy: -3142.35, Acceptance Ratio = 0.437558, Pressure = 2.0387
Step 20680000 - Total Energy: -3136.13, Acceptance Ratio = 0.437558, Pressure = 2.09934
Step 20690000 - Total Energy: -3104.77, Acceptance Ratio = 0.437557, Pressure = 2.41431
Step 20700000 - Total Energy: -3117.84, Acceptance Ratio = 0.437557, Pressure = 2.26746
Step 20710000 - Total Energy: -3154.19, Acceptance Ratio = 0.437562, Pressure = 1.94985
Step 20720000 - Total Energy: -3128.24, Acceptance Ratio = 0.437565, Pressure = 2.14547
Step 20730000 - Total Energy: -3131.33, Acceptance Ratio = 0.437563, Pressure = 2.16075
Step 20740000 - Total Energy: -3119.12, Acceptance Ratio = 0.437564, Pressure = 2.26097
Step 20750000 - Total Energy: -3142.97, Acceptance Ratio = 0.437566, Pressure = 1.99948
Step 20760000 - Total Energy: -3113.11, Acceptance Ratio = 0.437564, Pressure = 2.25379
Step 20770000 - Total Energy: -3133.7, Acceptance Ratio = 0.437566, Pressure = 2.084
Step 20780000 - Total Energy: -3154.99, Acceptance Ratio = 0.437565, Pressure = 1.84136
Step 20790000 - Total Energy: -3112.42, Acceptance Ratio = 0.43757, Pressure = 2.35314
Step 20800000 - Total Energy: -3120.79, Acceptance Ratio = 0.437569, Pressure = 2.17921
Step 20810000 - Total Energy: -3128.52, Acceptance Ratio = 0.43757, Pressure = 2.12384
Step 20820000 - Total Energy: -3125.82, Acceptance Ratio = 0.437568, Pressure = 2.1706
Step 20830000 - Total Energy: -3108.07, Acceptance Ratio = 0.437566, Pressure = 2.31593
Step 20840000 - Total Energy: -3168.97, Acceptance Ratio = 0.437561, Pressure = 1.81107
Step 20850000 - Total Energy: -3134.72, Acceptance Ratio = 0.437564, Pressure = 2.07994
Step 20860000 - Total Energy: -3125.6, Acceptance Ratio = 0.43757, Pressure = 2.21524
Step 20870000 - Total Energy: -3137.94, Acceptance Ratio = 0.437572, Pressure = 2.05575
Step 20880000 - Total Energy: -3109.72, Acceptance Ratio = 0.437574, Pressure = 2.3095
Step 20890000 - Total Energy: -3111.39, Acceptance Ratio = 0.437576, Pressure = 2.30752
Step 20900000 - Total Energy: -3125.68, Acceptance Ratio = 0.437576, Pressure = 2.19675
Step 20910000 - Total Energy: -3145.22, Acceptance Ratio = 0.437578, Pressure = 2.00199
Step 20920000 - Total Energy: -3089.38, Acceptance Ratio = 0.43758, Pressure = 2.50452
Step 20930000 - Total Energy: -3121.85, Acceptance Ratio = 0.437579, Pressure = 2.24986
Step 20940000 - Total Energy: -3124.96, Acceptance Ratio = 0.437583, Pressure = 2.206
Step 20950000 - Total Energy: -3142.9, Acceptance Ratio = 0.437583, Pressure = 2.09494
Step 20960000 - Total Energy: -3112.88, Acceptance Ratio = 0.43758, Pressure = 2.31497
Step 20970000 - Total Energy: -3081.99, Acceptance Ratio = 0.43758, Pressure = 2.69941
Step 20980000 - Total Energy: -3079.09, Acceptance Ratio = 0.437578, Pressure = 2.69111
Step 20990000 - Total Energy: -3121.08, Acceptance Ratio = 0.437583, Pressure = 2.27226
Step 21000000 - Total Energy: -3099.73, Acceptance Ratio = 0.437581, Pressure = 2.45228
Step 21010000 - Total Energy: -3079.56, Acceptance Ratio = 0.437577, Pressure = 2.65491
Step 21020000 - Total Energy: -3079.89, Acceptance Ratio = 0.437573, Pressure = 2.62625
Step 21030000 - Total Energy: -3054, Acceptance Ratio = 0.437569, Pressure = 2.88529
Step 21040000 - Total Energy: -3102.13, Acceptance Ratio = 0.437566, Pressure = 2.46793
Step 21050000 - Total Energy: -3090.07, Acceptance Ratio = 0.437564, Pressure = 2.5195
Step 21060000 - Total Energy: -3144.29, Acceptance Ratio = 0.437562, Pressure = 1.96793
Step 21070000 - Total Energy: -3114.08, Acceptance Ratio = 0.437564, Pressure = 2.28207
Step 21080000 - Total Energy: -3122.43, Acceptance Ratio = 0.437565, Pressure = 2.20981
Step 21090000 - Total Energy: -3106.95, Acceptance Ratio = 0.437565, Pressure = 2.34575
Step 21100000 - Total Energy: -3109.18, Acceptance Ratio = 0.437568, Pressure = 2.34069
Step 21110000 - Total Energy: -3133.31, Acceptance Ratio = 0.437566, Pressure = 2.01925
Step 21120000 - Total Energy: -3157.89, Acceptance Ratio = 0.437567, Pressure = 1.79452
Step 21130000 - Total Energy: -3132.68, Acceptance Ratio = 0.437567, Pressure = 2.06516
Step 21140000 - Total Energy: -3143.12, Acceptance Ratio = 0.437569, Pressure = 1.94173
Step 21150000 - Total Energy: -3128.84, Acceptance Ratio = 0.437571, Pressure = 2.22457
Step 21160000 - Total Energy: -3106.03, Acceptance Ratio = 0.437576, Pressure = 2.39245
Step 21170000 - Total Energy: -3116.38, Acceptance Ratio = 0.437575, Pressure = 2.26626
Step 21180000 - Total Energy: -3110.31, Acceptance Ratio = 0.437572, Pressure = 2.37638
Step 21190000 - Total Energy: -3145.25, Acceptance Ratio = 0.437575, Pressure = 2.06914
Step 21200000 - Total Energy: -3129.56, Acceptance Ratio = 0.437578, Pressure = 2.1714
Step 21210000 - Total Energy: -3139.52, Acceptance Ratio = 0.437576, Pressure = 2.07286
Step 21220000 - Total Energy: -3103.56, Acceptance Ratio = 0.437577, Pressure = 2.42229
Step 21230000 - Total Energy: -3154.6, Acceptance Ratio = 0.437575, Pressure = 1.84851
Step 21240000 - Total Energy: -3096.33, Acceptance Ratio = 0.437574, Pressure = 2.50433
Step 21250000 - Total Energy: -3094.58, Acceptance Ratio = 0.437576, Pressure = 2.47004
Step 21260000 - Total Energy: -3106.36, Acceptance Ratio = 0.437579, Pressure = 2.43016
Step 21270000 - Total Energy: -3113.8, Acceptance Ratio = 0.437576, Pressure = 2.24929
Step 21280000 - Total Energy: -3122.15, Acceptance Ratio = 0.437577, Pressure = 2.22362
Step 21290000 - Total Energy: -3111.66, Acceptance Ratio = 0.437577, Pressure = 2.31228
Step 21300000 - Total Energy: -3114.13, Acceptance Ratio = 0.43758, Pressure = 2.32563
Step 21310000 - Total Energy: -3130.68, Acceptance Ratio = 0.437578, Pressure = 2.17197
Step 21320000 - Total Energy: -3098.05, Acceptance Ratio = 0.437576, Pressure = 2.50416
Step 21330000 - Total Energy: -3124.69, Acceptance Ratio = 0.437573, Pressure = 2.19483
Step 21340000 - Total Energy: -3112.36, Acceptance Ratio = 0.437576, Pressure = 2.31489
Step 21350000 - Total Energy: -3126.64, Acceptance Ratio = 0.437576, Pressure = 2.1675
Step 21360000 - Total Energy: -3137.88, Acceptance Ratio = 0.437575, Pressure = 2.07178
Step 21370000 - Total Energy: -3116.45, Acceptance Ratio = 0.43757, Pressure = 2.2651
Step 21380000 - Total Energy: -3138.84, Acceptance Ratio = 0.437572, Pressure = 2.07006
Step 21390000 - Total Energy: -3124.46, Acceptance Ratio = 0.437576, Pressure = 2.19616
Step 21400000 - Total Energy: -3131.27, Acceptance Ratio = 0.437578, Pressure = 2.16007
Step 21410000 - Total Energy: -3141.6, Acceptance Ratio = 0.437582, Pressure = 2.00915
Step 21420000 - Total Energy: -3124.96, Acceptance Ratio = 0.437581, Pressure = 2.18267
Step 21430000 - Total Energy: -3145.53, Acceptance Ratio = 0.437581, Pressure = 2.06
Step 21440000 - Total Energy: -3132.56, Acceptance Ratio = 0.437583, Pressure = 2.18494
Step 21450000 - Total Energy: -3117.77, Acceptance Ratio = 0.437582, Pressure = 2.21799
Step 21460000 - Total Energy: -3139.86, Acceptance Ratio = 0.437584, Pressure = 2.03123
Step 21470000 - Total Energy: -3084.87, Acceptance Ratio = 0.437583, Pressure = 2.56263
Step 21480000 - Total Energy: -3143.09, Acceptance Ratio = 0.437584, Pressure = 2.03824
Step 21490000 - Total Energy: -3107.21, Acceptance Ratio = 0.437585, Pressure = 2.34722
Step 21500000 - Total Energy: -3108.95, Acceptance Ratio = 0.437584, Pressure = 2.39549
Step 21510000 - Total Energy: -3101.16, Acceptance Ratio = 0.437585, Pressure = 2.4116
Step 21520000 - Total Energy: -3140.21, Acceptance Ratio = 0.437581, Pressure = 2.02041
Step 21530000 - Total Energy: -3133.13, Acceptance Ratio = 0.437583, Pressure = 2.15351
Step 21540000 - Total Energy: -3109.4, Acceptance Ratio = 0.437583, Pressure = 2.31829
Step 21550000 - Total Energy: -3107.93, Acceptance Ratio = 0.437587, Pressure = 2.36848
Step 21560000 - Total Energy: -3085.73, Acceptance Ratio = 0.437589, Pressure = 2.52455
Step 21570000 - Total Energy: -3102.89, Acceptance Ratio = 0.437587, Pressure = 2.40927
Step 21580000 - Total Energy: -3144.51, Acceptance Ratio = 0.43759, Pressure = 2.07689
Step 21590000 - Total Energy: -3141.92, Acceptance Ratio = 0.437587, Pressure = 1.94059
Step 21600000 - Total Energy: -3137.4, Acceptance Ratio = 0.437586, Pressure = 2.03641
Step 21610000 - Total Energy: -3136.16, Acceptance Ratio = 0.43759, Pressure = 2.03198
Step 21620000 - Total Energy: -3111.17, Acceptance Ratio = 0.437591, Pressure = 2.32034
Step 21630000 - Total Energy: -3077.66, Acceptance Ratio = 0.437592, Pressure = 2.65186
Step 21640000 - Total Energy: -3105.6, Acceptance Ratio = 0.437592, Pressure = 2.35423
Step 21650000 - Total Energy: -3119.23, Acceptance Ratio = 0.437591, Pressure = 2.28373
Step 21660000 - Total Energy: -3095.93, Acceptance Ratio = 0.437587, Pressure = 2.46695
Step 21670000 - Total Energy: -3101.84, Acceptance Ratio = 0.437589, Pressure = 2.36023
Step 21680000 - Total Energy: -3109.8, Acceptance Ratio = 0.437589, Pressure = 2.35608
Step 21690000 - Total Energy: -3128.5, Acceptance Ratio = 0.437588, Pressure = 2.13497
Step 21700000 - Total Energy: -3158.9, Acceptance Ratio = 0.437587, Pressure = 1.88062
Step 21710000 - Total Energy: -3161.99, Acceptance Ratio = 0.437588, Pressure = 1.82303
Step 21720000 - Total Energy: -3126.99, Acceptance Ratio = 0.437587, Pressure = 2.1829
Step 21730000 - Total Energy: -3130.37, Acceptance Ratio = 0.43759, Pressure = 2.10318
Step 21740000 - Total Energy: -3132.32, Acceptance Ratio = 0.437595, Pressure = 2.05848
Step 21750000 - Total Energy: -3128.45, Acceptance Ratio = 0.437599, Pressure = 2.16115
Step 21760000 - Total Energy: -3153.12, Acceptance Ratio = 0.437596, Pressure = 1.86165
Step 21770000 - Total Energy: -3102.59, Acceptance Ratio = 0.4376, Pressure = 2.36929
Step 21780000 - Total Energy: -3113.37, Acceptance Ratio = 0.4376, Pressure = 2.26996
Step 21790000 - Total Energy: -3100.9, Acceptance Ratio = 0.437602, Pressure = 2.43921
Step 21800000 - Total Energy: -3096.88, Acceptance Ratio = 0.437605, Pressure = 2.50759
Step 21810000 - Total Energy: -3136.66, Acceptance Ratio = 0.437607, Pressure = 2.13862
Step 21820000 - Total Energy: -3099.94, Acceptance Ratio = 0.43761, Pressure = 2.48269
Step 21830000 - Total Energy: -3129.3, Acceptance Ratio = 0.437608, Pressure = 2.316
Step 21840000 - Total Energy: -3091.42, Acceptance Ratio = 0.437607, Pressure = 2.51428
Step 21850000 - Total Energy: -3142.28, Acceptance Ratio = 0.437608, Pressure = 2.07528
Step 21860000 - Total Energy: -3125.85, Acceptance Ratio = 0.437606, Pressure = 2.26016
Step 21870000 - Total Energy: -3129.59, Acceptance Ratio = 0.437603, Pressure = 2.11611
Step 21880000 - Total Energy: -3076, Acceptance Ratio = 0.437606, Pressure = 2.60795
Step 21890000 - Total Energy: -3101.64, Acceptance Ratio = 0.437609, Pressure = 2.41375
Step 21900000 - Total Energy: -3118.57, Acceptance Ratio = 0.437608, Pressure = 2.27247
Step 21910000 - Total Energy: -3140.3, Acceptance Ratio = 0.437606, Pressure = 2.05643
Step 21920000 - Total Energy: -3114.07, Acceptance Ratio = 0.437608, Pressure = 2.26117
Step 21930000 - Total Energy: -3121.46, Acceptance Ratio = 0.437605, Pressure = 2.26104
Step 21940000 - Total Energy: -3158.68, Acceptance Ratio = 0.437604, Pressure = 1.81552
Step 21950000 - Total Energy: -3118.49, Acceptance Ratio = 0.4376, Pressure = 2.26245
Step 21960000 - Total Energy: -3110.51, Acceptance Ratio = 0.437599, Pressure = 2.38587
Step 21970000 - Total Energy: -3120.37, Acceptance Ratio = 0.4376, Pressure = 2.24717
Step 21980000 - Total Energy: -3109.34, Acceptance Ratio = 0.437595, Pressure = 2.3241
Step 21990000 - Total Energy: -3098.42, Acceptance Ratio = 0.437592, Pressure = 2.38826
Step 22000000 - Total Energy: -3130.72, Acceptance Ratio = 0.437585, Pressure = 2.15724
Step 22010000 - Total Energy: -3097.71, Acceptance Ratio = 0.437585, Pressure = 2.46644
Step 22020000 - Total Energy: -3134.72, Acceptance Ratio = 0.437587, Pressure = 2.09421
Step 22030000 - Total Energy: -3133.8, Acceptance Ratio = 0.437586, Pressure = 2.09628
Step 22040000 - Total Energy: -3142.18, Acceptance Ratio = 0.437587, Pressure = 2.04788
Step 22050000 - Total Energy: -3111.81, Acceptance Ratio = 0.437585, Pressure = 2.29704
Step 22060000 - Total Energy: -3126.61, Acceptance Ratio = 0.437582, Pressure = 2.11675
Step 22070000 - Total Energy: -3113.89, Acceptance Ratio = 0.437579, Pressure = 2.30258
Step 22080000 - Total Energy: -3120.84, Acceptance Ratio = 0.43758, Pressure = 2.24114
Step 22090000 - Total Energy: -3139.46, Acceptance Ratio = 0.437577, Pressure = 2.05566
Step 22100000 - Total Energy: -3124.68, Acceptance Ratio = 0.437577, Pressure = 2.25188
Step 22110000 - Total Energy: -3128.78, Acceptance Ratio = 0.437578, Pressure = 2.14453
Step 22120000 - Total Energy: -3098.31, Acceptance Ratio = 0.43758, Pressure = 2.40978
Step 22130000 - Total Energy: -3070, Acceptance Ratio = 0.437579, Pressure = 2.70657
Step 22140000 - Total Energy: -3139.3, Acceptance Ratio = 0.437577, Pressure = 2.16705
Step 22150000 - Total Energy: -3102.55, Acceptance Ratio = 0.437575, Pressure = 2.47457
Step 22160000 - Total Energy: -3069.48, Acceptance Ratio = 0.437574, Pressure = 2.77046
Step 22170000 - Total Energy: -3072.37, Acceptance Ratio = 0.437578, Pressure = 2.71945
Step 22180000 - Total Energy: -3118.42, Acceptance Ratio = 0.437575, Pressure = 2.21784
Step 22190000 - Total Energy: -3094.15, Acceptance Ratio = 0.437576, Pressure = 2.48663
Step 22200000 - Total Energy: -3078.59, Acceptance Ratio = 0.437579, Pressure = 2.60113
Step 22210000 - Total Energy: -3113.25, Acceptance Ratio = 0.437576, Pressure = 2.38572
Step 22220000 - Total Energy: -3065.91, Acceptance Ratio = 0.437575, Pressure = 2.78164
Step 22230000 - Total Energy: -3123.33, Acceptance Ratio = 0.437573, Pressure = 2.2022
Step 22240000 - Total Energy: -3106.59, Acceptance Ratio = 0.437574, Pressure = 2.39696
Step 22250000 - Total Energy: -3117.94, Acceptance Ratio = 0.437572, Pressure = 2.3651
Step 22260000 - Total Energy: -3123.59, Acceptance Ratio = 0.43757, Pressure = 2.24875
Step 22270000 - Total Energy: -3119.31, Acceptance Ratio = 0.437571, Pressure = 2.29881
Step 22280000 - Total Energy: -3123.59, Acceptance Ratio = 0.437571, Pressure = 2.1892
Step 22290000 - Total Energy: -3099.67, Acceptance Ratio = 0.437572, Pressure = 2.42708
Step 22300000 - Total Energy: -3107.33, Acceptance Ratio = 0.437568, Pressure = 2.41127
Step 22310000 - Total Energy: -3114, Acceptance Ratio = 0.437569, Pressure = 2.46024
Step 22320000 - Total Energy: -3132.63, Acceptance Ratio = 0.437564, Pressure = 2.22462
Step 22330000 - Total Energy: -3084.39, Acceptance Ratio = 0.437562, Pressure = 2.64066
Step 22340000 - Total Energy: -3122.68, Acceptance Ratio = 0.437558, Pressure = 2.21333
Step 22350000 - Total Energy: -3077.8, Acceptance Ratio = 0.437555, Pressure = 2.70331
Step 22360000 - Total Energy: -3094.83, Acceptance Ratio = 0.437551, Pressure = 2.52645
Step 22370000 - Total Energy: -3071.66, Acceptance Ratio = 0.437547, Pressure = 2.75778
Step 22380000 - Total Energy: -3109.98, Acceptance Ratio = 0.437543, Pressure = 2.35068
Step 22390000 - Total Energy: -3163.76, Acceptance Ratio = 0.437541, Pressure = 1.82398
Step 22400000 - Total Energy: -3113.99, Acceptance Ratio = 0.43754, Pressure = 2.27093
Step 22410000 - Total Energy: -3116.4, Acceptance Ratio = 0.437541, Pressure = 2.21437
Step 22420000 - Total Energy: -3120.98, Acceptance Ratio = 0.43754, Pressure = 2.19314
Step 22430000 - Total Energy: -3128.27, Acceptance Ratio = 0.437539, Pressure = 2.20745
Step 22440000 - Total Energy: -3113.57, Acceptance Ratio = 0.437539, Pressure = 2.29779
Step 22450000 - Total Energy: -3152.04, Acceptance Ratio = 0.437536, Pressure = 1.95191
Step 22460000 - Total Energy: -3113.16, Acceptance Ratio = 0.437537, Pressure = 2.29563
Step 22470000 - Total Energy: -3112.19, Acceptance Ratio = 0.437539, Pressure = 2.24196
Step 22480000 - Total Energy: -3124.3, Acceptance Ratio = 0.437536, Pressure = 2.18811
Step 22490000 - Total Energy: -3122.69, Acceptance Ratio = 0.437536, Pressure = 2.26118
Step 22500000 - Total Energy: -3132.29, Acceptance Ratio = 0.437534, Pressure = 2.12207
Step 22510000 - Total Energy: -3156.38, Acceptance Ratio = 0.437534, Pressure = 1.96507
Step 22520000 - Total Energy: -3139.61, Acceptance Ratio = 0.437536, Pressure = 2.08726
Step 22530000 - Total Energy: -3163.93, Acceptance Ratio = 0.437538, Pressure = 1.79735
Step 22540000 - Total Energy: -3145.55, Acceptance Ratio = 0.437539, Pressure = 1.98302
Step 22550000 - Total Energy: -3112.9, Acceptance Ratio = 0.43754, Pressure = 2.29569
Step 22560000 - Total Energy: -3104.53, Acceptance Ratio = 0.437541, Pressure = 2.39575
Step 22570000 - Total Energy: -3123.26, Acceptance Ratio = 0.437542, Pressure = 2.22204
Step 22580000 - Total Energy: -3149.59, Acceptance Ratio = 0.437544, Pressure = 1.89762
Step 22590000 - Total Energy: -3178.14, Acceptance Ratio = 0.437546, Pressure = 1.65706
Step 22600000 - Total Energy: -3129.45, Acceptance Ratio = 0.437547, Pressure = 2.14377
Step 22610000 - Total Energy: -3092.9, Acceptance Ratio = 0.437551, Pressure = 2.46317
Step 22620000 - Total Energy: -3130.6, Acceptance Ratio = 0.437549, Pressure = 2.06716
Step 22630000 - Total Energy: -3110.42, Acceptance Ratio = 0.437552, Pressure = 2.29199
Step 22640000 - Total Energy: -3097.02, Acceptance Ratio = 0.437553, Pressure = 2.39413
Step 22650000 - Total Energy: -3079.19, Acceptance Ratio = 0.437553, Pressure = 2.59805
Step 22660000 - Total Energy: -3116.01, Acceptance Ratio = 0.437551, Pressure = 2.28542
Step 22670000 - Total Energy: -3098.6, Acceptance Ratio = 0.437549, Pressure = 2.36581
Step 22680000 - Total Energy: -3089.14, Acceptance Ratio = 0.437547, Pressure = 2.52451
Step 22690000 - Total Energy: -3133.8, Acceptance Ratio = 0.437547, Pressure = 2.05295
Step 22700000 - Total Energy: -3137.28, Acceptance Ratio = 0.437544, Pressure = 2.04314
Step 22710000 - Total Energy: -3106.32, Acceptance Ratio = 0.437543, Pressure = 2.38101
Step 22720000 - Total Energy: -3105.5, Acceptance Ratio = 0.437544, Pressure = 2.44693
Step 22730000 - Total Energy: -3118.1, Acceptance Ratio = 0.437543, Pressure = 2.31885
Step 22740000 - Total Energy: -3126.91, Acceptance Ratio = 0.437543, Pressure = 2.14743
Step 22750000 - Total Energy: -3106.36, Acceptance Ratio = 0.437541, Pressure = 2.3599
Step 22760000 - Total Energy: -3109.51, Acceptance Ratio = 0.437539, Pressure = 2.36375
Step 22770000 - Total Energy: -3103.48, Acceptance Ratio = 0.437537, Pressure = 2.45063
Step 22780000 - Total Energy: -3125.72, Acceptance Ratio = 0.43754, Pressure = 2.19399
Step 22790000 - Total Energy: -3128.64, Acceptance Ratio = 0.437534, Pressure = 2.18802
Step 22800000 - Total Energy: -3108.35, Acceptance Ratio = 0.437535, Pressure = 2.42092
Step 22810000 - Total Energy: -3123.18, Acceptance Ratio = 0.437538, Pressure = 2.24207
Step 22820000 - Total Energy: -3102.53, Acceptance Ratio = 0.437537, Pressure = 2.48234
Step 22830000 - Total Energy: -3129.81, Acceptance Ratio = 0.437538, Pressure = 2.16728
Step 22840000 - Total Energy: -3121.34, Acceptance Ratio = 0.437538, Pressure = 2.24171
Step 22850000 - Total Energy: -3132.46, Acceptance Ratio = 0.437539, Pressure = 1.99292
Step 22860000 - Total Energy: -3138.67, Acceptance Ratio = 0.43754, Pressure = 2.04254
Step 22870000 - Total Energy: -3111.45, Acceptance Ratio = 0.437538, Pressure = 2.31927
Step 22880000 - Total Energy: -3124.35, Acceptance Ratio = 0.437542, Pressure = 2.12414
Step 22890000 - Total Energy: -3124.35, Acceptance Ratio = 0.437544, Pressure = 2.19956
Step 22900000 - Total Energy: -3083.64, Acceptance Ratio = 0.437546, Pressure = 2.56521
Step 22910000 - Total Energy: -3108.55, Acceptance Ratio = 0.437551, Pressure = 2.23213
Step 22920000 - Total Energy: -3141.16, Acceptance Ratio = 0.437554, Pressure = 1.98363
Step 22930000 - Total Energy: -3141.09, Acceptance Ratio = 0.437557, Pressure = 2.00593
Step 22940000 - Total Energy: -3137.44, Acceptance Ratio = 0.437559, Pressure = 2.00854
Step 22950000 - Total Energy: -3168.61, Acceptance Ratio = 0.437559, Pressure = 1.71436
Step 22960000 - Total Energy: -3108.36, Acceptance Ratio = 0.43756, Pressure = 2.38023
Step 22970000 - Total Energy: -3137.44, Acceptance Ratio = 0.437559, Pressure = 2.09438
Step 22980000 - Total Energy: -3133.46, Acceptance Ratio = 0.437559, Pressure = 2.11853
Step 22990000 - Total Energy: -3121.14, Acceptance Ratio = 0.437559, Pressure = 2.22505
Step 23000000 - Total Energy: -3144.55, Acceptance Ratio = 0.437561, Pressure = 1.97325
Step 23010000 - Total Energy: -3115.96, Acceptance Ratio = 0.43756, Pressure = 2.29071
Step 23020000 - Total Energy: -3123.02, Acceptance Ratio = 0.437559, Pressure = 2.13842
Step 23030000 - Total Energy: -3105.02, Acceptance Ratio = 0.437561, Pressure = 2.36263
Step 23040000 - Total Energy: -3172.98, Acceptance Ratio = 0.437563, Pressure = 1.68413
Step 23050000 - Total Energy: -3140.67, Acceptance Ratio = 0.437565, Pressure = 2.01875
Step 23060000 - Total Energy: -3127.51, Acceptance Ratio = 0.437566, Pressure = 2.21164
Step 23070000 - Total Energy: -3175.74, Acceptance Ratio = 0.437572, Pressure = 1.68263
Step 23080000 - Total Energy: -3144.87, Acceptance Ratio = 0.437576, Pressure = 1.95132
Step 23090000 - Total Energy: -3125.36, Acceptance Ratio = 0.437578, Pressure = 2.15914
Step 23100000 - Total Energy: -3161.8, Acceptance Ratio = 0.437588, Pressure = 1.79118
Step 23110000 - Total Energy: -3131.38, Acceptance Ratio = 0.43759, Pressure = 2.06165
Step 23120000 - Total Energy: -3153.33, Acceptance Ratio = 0.43759, Pressure = 1.97095
Step 23130000 - Total Energy: -3121.01, Acceptance Ratio = 0.437593, Pressure = 2.19706
Step 23140000 - Total Energy: -3135, Acceptance Ratio = 0.437593, Pressure = 2.08673
Step 23150000 - Total Energy: -3174.94, Acceptance Ratio = 0.437595, Pressure = 1.6521
Step 23160000 - Total Energy: -3141, Acceptance Ratio = 0.437599, Pressure = 2.00614
Step 23170000 - Total Energy: -3120.27, Acceptance Ratio = 0.437599, Pressure = 2.24436
Step 23180000 - Total Energy: -3113.24, Acceptance Ratio = 0.437597, Pressure = 2.31406
Step 23190000 - Total Energy: -3151.58, Acceptance Ratio = 0.437598, Pressure = 1.96447
Step 23200000 - Total Energy: -3125.12, Acceptance Ratio = 0.437604, Pressure = 2.15628
Step 23210000 - Total Energy: -3130.98, Acceptance Ratio = 0.437607, Pressure = 2.11847
Step 23220000 - Total Energy: -3135.03, Acceptance Ratio = 0.437606, Pressure = 1.98058
Step 23230000 - Total Energy: -3125.59, Acceptance Ratio = 0.43761, Pressure = 2.11076
Step 23240000 - Total Energy: -3140.1, Acceptance Ratio = 0.437613, Pressure = 1.99568
Step 23250000 - Total Energy: -3098.59, Acceptance Ratio = 0.437615, Pressure = 2.42818
Step 23260000 - Total Energy: -3115.92, Acceptance Ratio = 0.437617, Pressure = 2.29455
Step 23270000 - Total Energy: -3119.3, Acceptance Ratio = 0.437615, Pressure = 2.29105
Step 23280000 - Total Energy: -3130.44, Acceptance Ratio = 0.437615, Pressure = 2.13148
Step 23290000 - Total Energy: -3149.41, Acceptance Ratio = 0.437616, Pressure = 1.87242
Step 23300000 - Total Energy: -3090.53, Acceptance Ratio = 0.437616, Pressure = 2.47281
Step 23310000 - Total Energy: -3115.48, Acceptance Ratio = 0.437616, Pressure = 2.2226
Step 23320000 - Total Energy: -3088.43, Acceptance Ratio = 0.437615, Pressure = 2.58355
Step 23330000 - Total Energy: -3132.07, Acceptance Ratio = 0.437618, Pressure = 2.12033
Step 23340000 - Total Energy: -3111.53, Acceptance Ratio = 0.437616, Pressure = 2.28849
Step 23350000 - Total Energy: -3130.02, Acceptance Ratio = 0.437615, Pressure = 2.08425
Step 23360000 - Total Energy: -3122.54, Acceptance Ratio = 0.437617, Pressure = 2.21842
Step 23370000 - Total Energy: -3120.71, Acceptance Ratio = 0.437619, Pressure = 2.17818
Step 23380000 - Total Energy: -3129.15, Acceptance Ratio = 0.437618, Pressure = 2.11705
Step 23390000 - Total Energy: -3081.12, Acceptance Ratio = 0.437617, Pressure = 2.67669
Step 23400000 - Total Energy: -3124.43, Acceptance Ratio = 0.437615, Pressure = 2.18877
Step 23410000 - Total Energy: -3101.78, Acceptance Ratio = 0.43762, Pressure = 2.47136
Step 23420000 - Total Energy: -3118.4, Acceptance Ratio = 0.437621, Pressure = 2.33611
Step 23430000 - Total Energy: -3133.74, Acceptance Ratio = 0.43762, Pressure = 2.1008
Step 23440000 - Total Energy: -3123.15, Acceptance Ratio = 0.437619, Pressure = 2.2049
Step 23450000 - Total Energy: -3132.21, Acceptance Ratio = 0.437623, Pressure = 2.12087
Step 23460000 - Total Energy: -3141.86, Acceptance Ratio = 0.43762, Pressure = 2.05668
Step 23470000 - Total Energy: -3112.52, Acceptance Ratio = 0.437624, Pressure = 2.25303
Step 23480000 - Total Energy: -3100.59, Acceptance Ratio = 0.437621, Pressure = 2.47633
Step 23490000 - Total Energy: -3141.84, Acceptance Ratio = 0.43762, Pressure = 1.99564
Step 23500000 - Total Energy: -3129.61, Acceptance Ratio = 0.437618, Pressure = 2.11013
Step 23510000 - Total Energy: -3144.27, Acceptance Ratio = 0.43762, Pressure = 1.97213
Step 23520000 - Total Energy: -3104.71, Acceptance Ratio = 0.437618, Pressure = 2.34301
Step 23530000 - Total Energy: -3128.13, Acceptance Ratio = 0.437625, Pressure = 2.17258
Step 23540000 - Total Energy: -3145.6, Acceptance Ratio = 0.437624, Pressure = 2.0277
Step 23550000 - Total Energy: -3135.31, Acceptance Ratio = 0.437624, Pressure = 2.103
Step 23560000 - Total Energy: -3124.56, Acceptance Ratio = 0.437624, Pressure = 2.25885
Step 23570000 - Total Energy: -3114.56, Acceptance Ratio = 0.437623, Pressure = 2.29107
Step 23580000 - Total Energy: -3127.23, Acceptance Ratio = 0.437627, Pressure = 2.19482
Step 23590000 - Total Energy: -3145.44, Acceptance Ratio = 0.437632, Pressure = 1.99463
Step 23600000 - Total Energy: -3124.39, Acceptance Ratio = 0.437631, Pressure = 2.23915
Step 23610000 - Total Energy: -3087.34, Acceptance Ratio = 0.437632, Pressure = 2.52504
Step 23620000 - Total Energy: -3145.86, Acceptance Ratio = 0.437631, Pressure = 2.0272
Step 23630000 - Total Energy: -3107.64, Acceptance Ratio = 0.437627, Pressure = 2.40766
Step 23640000 - Total Energy: -3170.62, Acceptance Ratio = 0.437627, Pressure = 1.78246
Step 23650000 - Total Energy: -3130.29, Acceptance Ratio = 0.437626, Pressure = 2.16972
Step 23660000 - Total Energy: -3103.72, Acceptance Ratio = 0.437626, Pressure = 2.40264
Step 23670000 - Total Energy: -3122.27, Acceptance Ratio = 0.437624, Pressure = 2.14974
Step 23680000 - Total Energy: -3096.05, Acceptance Ratio = 0.437624, Pressure = 2.50879
Step 23690000 - Total Energy: -3094.34, Acceptance Ratio = 0.437623, Pressure = 2.50739
Step 23700000 - Total Energy: -3106.19, Acceptance Ratio = 0.437622, Pressure = 2.42209
Step 23710000 - Total Energy: -3076.94, Acceptance Ratio = 0.437622, Pressure = 2.63078
Step 23720000 - Total Energy: -3083.46, Acceptance Ratio = 0.437622, Pressure = 2.7197
Step 23730000 - Total Energy: -3111.49, Acceptance Ratio = 0.437619, Pressure = 2.47579
Step 23740000 - Total Energy: -3120.87, Acceptance Ratio = 0.437618, Pressure = 2.24342
Step 23750000 - Total Energy: -3145.36, Acceptance Ratio = 0.437616, Pressure = 1.98267
Step 23760000 - Total Energy: -3165.18, Acceptance Ratio = 0.437619, Pressure = 1.77609
Step 23770000 - Total Energy: -3126.69, Acceptance Ratio = 0.437619, Pressure = 2.16182
Step 23780000 - Total Energy: -3160.86, Acceptance Ratio = 0.43762, Pressure = 1.80919
Step 23790000 - Total Energy: -3117.34, Acceptance Ratio = 0.437623, Pressure = 2.28709
Step 23800000 - Total Energy: -3093.69, Acceptance Ratio = 0.437624, Pressure = 2.52394
Step 23810000 - Total Energy: -3138.97, Acceptance Ratio = 0.437627, Pressure = 2.04919
Step 23820000 - Total Energy: -3126.67, Acceptance Ratio = 0.43763, Pressure = 2.17923
Step 23830000 - Total Energy: -3113.73, Acceptance Ratio = 0.437627, Pressure = 2.28966
Step 23840000 - Total Energy: -3105.76, Acceptance Ratio = 0.437626, Pressure = 2.38002
Step 23850000 - Total Energy: -3140.32, Acceptance Ratio = 0.437627, Pressure = 2.07725
Step 23860000 - Total Energy: -3107.31, Acceptance Ratio = 0.437626, Pressure = 2.43285
Step 23870000 - Total Energy: -3117.85, Acceptance Ratio = 0.437625, Pressure = 2.28169
Step 23880000 - Total Energy: -3134.13, Acceptance Ratio = 0.437627, Pressure = 2.1705
Step 23890000 - Total Energy: -3150.47, Acceptance Ratio = 0.437628, Pressure = 1.99281
Step 23900000 - Total Energy: -3142.77, Acceptance Ratio = 0.437626, Pressure = 2.07769
Step 23910000 - Total Energy: -3137.1, Acceptance Ratio = 0.437623, Pressure = 2.10889
Step 23920000 - Total Energy: -3134.98, Acceptance Ratio = 0.437624, Pressure = 2.1951
Step 23930000 - Total Energy: -3122.31, Acceptance Ratio = 0.437628, Pressure = 2.21832
Step 23940000 - Total Energy: -3121.99, Acceptance Ratio = 0.437625, Pressure = 2.26257
Step 23950000 - Total Energy: -3119.41, Acceptance Ratio = 0.437624, Pressure = 2.23418
Step 23960000 - Total Energy: -3135.73, Acceptance Ratio = 0.437627, Pressure = 2.0807
Step 23970000 - Total Energy: -3156.01, Acceptance Ratio = 0.437632, Pressure = 1.82037
Step 23980000 - Total Energy: -3104.19, Acceptance Ratio = 0.437631, Pressure = 2.39793
Step 23990000 - Total Energy: -3084.46, Acceptance Ratio = 0.437631, Pressure = 2.64862
Step 24000000 - Total Energy: -3101.32, Acceptance Ratio = 0.437629, Pressure = 2.46198
Step 24010000 - Total Energy: -3168.96, Acceptance Ratio = 0.437625, Pressure = 1.76617
Step 24020000 - Total Energy: -3103.49, Acceptance Ratio = 0.437623, Pressure = 2.47308
Step 24030000 - Total Energy: -3101.06, Acceptance Ratio = 0.437626, Pressure = 2.41899
Step 24040000 - Total Energy: -3109.05, Acceptance Ratio = 0.437623, Pressure = 2.40365
Step 24050000 - Total Energy: -3151.99, Acceptance Ratio = 0.437628, Pressure = 1.91552
Step 24060000 - Total Energy: -3136.62, Acceptance Ratio = 0.437628, Pressure = 2.11409
Step 24070000 - Total Energy: -3135.47, Acceptance Ratio = 0.437625, Pressure = 2.04477
Step 24080000 - Total Energy: -3156.51, Acceptance Ratio = 0.437626, Pressure = 1.87996
Step 24090000 - Total Energy: -3099.82, Acceptance Ratio = 0.437628, Pressure = 2.46606
Step 24100000 - Total Energy: -3152.57, Acceptance Ratio = 0.437628, Pressure = 1.94948
Step 24110000 - Total Energy: -3108.63, Acceptance Ratio = 0.437625, Pressure = 2.33957
Step 24120000 - Total Energy: -3125.94, Acceptance Ratio = 0.437626, Pressure = 2.2092
Step 24130000 - Total Energy: -3121.04, Acceptance Ratio = 0.437628, Pressure = 2.23939
Step 24140000 - Total Energy: -3113.99, Acceptance Ratio = 0.437628, Pressure = 2.33107
Step 24150000 - Total Energy: -3113.06, Acceptance Ratio = 0.437625, Pressure = 2.2743
Step 24160000 - Total Energy: -3088.27, Acceptance Ratio = 0.437625, Pressure = 2.52786
Step 24170000 - Total Energy: -3094.05, Acceptance Ratio = 0.437623, Pressure = 2.48778
Step 24180000 - Total Energy: -3145.45, Acceptance Ratio = 0.437624, Pressure = 1.99044
Step 24190000 - Total Energy: -3089.77, Acceptance Ratio = 0.437626, Pressure = 2.51779
Step 24200000 - Total Energy: -3110.94, Acceptance Ratio = 0.437626, Pressure = 2.38016
Step 24210000 - Total Energy: -3078.07, Acceptance Ratio = 0.437626, Pressure = 2.66332
Step 24220000 - Total Energy: -3114.47, Acceptance Ratio = 0.437625, Pressure = 2.29775
Step 24230000 - Total Energy: -3124.5, Acceptance Ratio = 0.437624, Pressure = 2.27634
Step 24240000 - Total Energy: -3098.02, Acceptance Ratio = 0.437626, Pressure = 2.49583
Step 24250000 - Total Energy: -3065.29, Acceptance Ratio = 0.437624, Pressure = 2.7476
Step 24260000 - Total Energy: -3133.29, Acceptance Ratio = 0.437625, Pressure = 2.10524
Step 24270000 - Total Energy: -3114.91, Acceptance Ratio = 0.437625, Pressure = 2.31784
Step 24280000 - Total Energy: -3127.59, Acceptance Ratio = 0.437624, Pressure = 2.22235
Step 24290000 - Total Energy: -3139.26, Acceptance Ratio = 0.437623, Pressure = 2.08829
Step 24300000 - Total Energy: -3109.46, Acceptance Ratio = 0.437624, Pressure = 2.30548
Step 24310000 - Total Energy: -3088.46, Acceptance Ratio = 0.437622, Pressure = 2.52409
Step 24320000 - Total Energy: -3130.29, Acceptance Ratio = 0.437625, Pressure = 2.16006
Step 24330000 - Total Energy: -3088.09, Acceptance Ratio = 0.437623, Pressure = 2.61794
Step 24340000 - Total Energy: -3101.05, Acceptance Ratio = 0.437617, Pressure = 2.41927
Step 24350000 - Total Energy: -3104.27, Acceptance Ratio = 0.437614, Pressure = 2.38051
Step 24360000 - Total Energy: -3096.84, Acceptance Ratio = 0.437611, Pressure = 2.48511
Step 24370000 - Total Energy: -3103.58, Acceptance Ratio = 0.437609, Pressure = 2.45246
Step 24380000 - Total Energy: -3138.6, Acceptance Ratio = 0.437605, Pressure = 2.10866
Step 24390000 - Total Energy: -3128.64, Acceptance Ratio = 0.437604, Pressure = 2.15533
Step 24400000 - Total Energy: -3131.87, Acceptance Ratio = 0.437607, Pressure = 2.20289
Step 24410000 - Total Energy: -3095.62, Acceptance Ratio = 0.437604, Pressure = 2.39986
Step 24420000 - Total Energy: -3092.68, Acceptance Ratio = 0.437602, Pressure = 2.48753
Step 24430000 - Total Energy: -3131.18, Acceptance Ratio = 0.437602, Pressure = 2.06722
Step 24440000 - Total Energy: -3085.78, Acceptance Ratio = 0.437598, Pressure = 2.49284
Step 24450000 - Total Energy: -3107, Acceptance Ratio = 0.437598, Pressure = 2.3406
Step 24460000 - Total Energy: -3131.94, Acceptance Ratio = 0.437595, Pressure = 2.11943
Step 24470000 - Total Energy: -3129.38, Acceptance Ratio = 0.437593, Pressure = 2.07996
Step 24480000 - Total Energy: -3127.06, Acceptance Ratio = 0.437595, Pressure = 2.18172
Step 24490000 - Total Energy: -3112.17, Acceptance Ratio = 0.437593, Pressure = 2.30861
Step 24500000 - Total Energy: -3101.59, Acceptance Ratio = 0.437594, Pressure = 2.42696
Step 24510000 - Total Energy: -3109.41, Acceptance Ratio = 0.437597, Pressure = 2.36118
Step 24520000 - Total Energy: -3108.4, Acceptance Ratio = 0.437595, Pressure = 2.40482
Step 24530000 - Total Energy: -3098.29, Acceptance Ratio = 0.437595, Pressure = 2.47774
Step 24540000 - Total Energy: -3146.48, Acceptance Ratio = 0.437596, Pressure = 1.9905
Step 24550000 - Total Energy: -3124.53, Acceptance Ratio = 0.437597, Pressure = 2.16857
Step 24560000 - Total Energy: -3100.07, Acceptance Ratio = 0.437596, Pressure = 2.37951
Step 24570000 - Total Energy: -3130.38, Acceptance Ratio = 0.437596, Pressure = 2.14338
Step 24580000 - Total Energy: -3123.69, Acceptance Ratio = 0.437595, Pressure = 2.26129
Step 24590000 - Total Energy: -3089.49, Acceptance Ratio = 0.437595, Pressure = 2.57555
Step 24600000 - Total Energy: -3107, Acceptance Ratio = 0.437595, Pressure = 2.32314
Step 24610000 - Total Energy: -3076.12, Acceptance Ratio = 0.437598, Pressure = 2.5939
Step 24620000 - Total Energy: -3125.04, Acceptance Ratio = 0.437596, Pressure = 2.25195
Step 24630000 - Total Energy: -3109.89, Acceptance Ratio = 0.437598, Pressure = 2.35728
Step 24640000 - Total Energy: -3093.29, Acceptance Ratio = 0.437592, Pressure = 2.56802
Step 24650000 - Total Energy: -3122.04, Acceptance Ratio = 0.437592, Pressure = 2.26403
Step 24660000 - Total Energy: -3127.44, Acceptance Ratio = 0.437591, Pressure = 2.21663
Step 24670000 - Total Energy: -3113.45, Acceptance Ratio = 0.43759, Pressure = 2.34218
Step 24680000 - Total Energy: -3143.95, Acceptance Ratio = 0.437591, Pressure = 2.02932
Step 24690000 - Total Energy: -3129.62, Acceptance Ratio = 0.437587, Pressure = 2.18571
Step 24700000 - Total Energy: -3136.24, Acceptance Ratio = 0.43759, Pressure = 2.12865
Step 24710000 - Total Energy: -3100.7, Acceptance Ratio = 0.437589, Pressure = 2.43017
Step 24720000 - Total Energy: -3111.06, Acceptance Ratio = 0.437587, Pressure = 2.33125
Step 24730000 - Total Energy: -3120.98, Acceptance Ratio = 0.437589, Pressure = 2.21764
Step 24740000 - Total Energy: -3081.6, Acceptance Ratio = 0.437592, Pressure = 2.66898
Step 24750000 - Total Energy: -3114.58, Acceptance Ratio = 0.437591, Pressure = 2.29202
Step 24760000 - Total Energy: -3111.44, Acceptance Ratio = 0.437589, Pressure = 2.35746
Step 24770000 - Total Energy: -3124.44, Acceptance Ratio = 0.437587, Pressure = 2.23602
Step 24780000 - Total Energy: -3134.57, Acceptance Ratio = 0.437589, Pressure = 2.13089
Step 24790000 - Total Energy: -3105.55, Acceptance Ratio = 0.437585, Pressure = 2.39408
Step 24800000 - Total Energy: -3112.54, Acceptance Ratio = 0.437584, Pressure = 2.2955
Step 24810000 - Total Energy: -3097.73, Acceptance Ratio = 0.437586, Pressure = 2.50845
Step 24820000 - Total Energy: -3108.63, Acceptance Ratio = 0.437582, Pressure = 2.32206
Step 24830000 - Total Energy: -3126.05, Acceptance Ratio = 0.437581, Pressure = 2.10385
Step 24840000 - Total Energy: -3116.46, Acceptance Ratio = 0.43758, Pressure = 2.23988
Step 24850000 - Total Energy: -3107.82, Acceptance Ratio = 0.437579, Pressure = 2.44194
Step 24860000 - Total Energy: -3095.18, Acceptance Ratio = 0.437579, Pressure = 2.49172
Step 24870000 - Total Energy: -3074.05, Acceptance Ratio = 0.437581, Pressure = 2.80496
Step 24880000 - Total Energy: -3085.99, Acceptance Ratio = 0.437577, Pressure = 2.58773
Step 24890000 - Total Energy: -3106.82, Acceptance Ratio = 0.437573, Pressure = 2.35192
Step 24900000 - Total Energy: -3101.05, Acceptance Ratio = 0.437568, Pressure = 2.43352
Step 24910000 - Total Energy: -3128.09, Acceptance Ratio = 0.437561, Pressure = 2.13869
Step 24920000 - Total Energy: -3083.08, Acceptance Ratio = 0.437559, Pressure = 2.61667
Step 24930000 - Total Energy: -3102.98, Acceptance Ratio = 0.437558, Pressure = 2.44262
Step 24940000 - Total Energy: -3108.22, Acceptance Ratio = 0.437559, Pressure = 2.34641
Step 24950000 - Total Energy: -3101.72, Acceptance Ratio = 0.437561, Pressure = 2.3767
Step 24960000 - Total Energy: -3095.18, Acceptance Ratio = 0.43756, Pressure = 2.52882
Step 24970000 - Total Energy: -3147.69, Acceptance Ratio = 0.437559, Pressure = 1.95065
Step 24980000 - Total Energy: -3069.36, Acceptance Ratio = 0.437561, Pressure = 2.72592
Step 24990000 - Total Energy: -3154.59, Acceptance Ratio = 0.437566, Pressure = 1.83184
Step 25000000 - Total Energy: -3156.97, Acceptance Ratio = 0.43757, Pressure = 1.92801
Step 25010000 - Total Energy: -3152.03, Acceptance Ratio = 0.437568, Pressure = 1.96357
Step 25020000 - Total Energy: -3122.12, Acceptance Ratio = 0.43757, Pressure = 2.19076
Step 25030000 - Total Energy: -3132.99, Acceptance Ratio = 0.43757, Pressure = 2.04693
Step 25040000 - Total Energy: -3148.47, Acceptance Ratio = 0.437568, Pressure = 1.97796
Step 25050000 - Total Energy: -3111.26, Acceptance Ratio = 0.437569, Pressure = 2.36047
Step 25060000 - Total Energy: -3099.5, Acceptance Ratio = 0.437572, Pressure = 2.46325
Step 25070000 - Total Energy: -3122.35, Acceptance Ratio = 0.437574, Pressure = 2.24182
Step 25080000 - Total Energy: -3100.28, Acceptance Ratio = 0.437572, Pressure = 2.39251
Step 25090000 - Total Energy: -3122.44, Acceptance Ratio = 0.437574, Pressure = 2.18702
Step 25100000 - Total Energy: -3149.73, Acceptance Ratio = 0.437573, Pressure = 1.97795
Step 25110000 - Total Energy: -3101.73, Acceptance Ratio = 0.437573, Pressure = 2.42224
Step 25120000 - Total Energy: -3098.65, Acceptance Ratio = 0.437574, Pressure = 2.49329
Step 25130000 - Total Energy: -3112.43, Acceptance Ratio = 0.437576, Pressure = 2.24621
Step 25140000 - Total Energy: -3121.99, Acceptance Ratio = 0.437572, Pressure = 2.15638
Step 25150000 - Total Energy: -3149.1, Acceptance Ratio = 0.437575, Pressure = 1.97707
Step 25160000 - Total Energy: -3146.42, Acceptance Ratio = 0.437578, Pressure = 1.93407
Step 25170000 - Total Energy: -3105, Acceptance Ratio = 0.437577, Pressure = 2.39707
Step 25180000 - Total Energy: -3144.28, Acceptance Ratio = 0.437577, Pressure = 1.96385
Step 25190000 - Total Energy: -3086.94, Acceptance Ratio = 0.437578, Pressure = 2.50813
Step 25200000 - Total Energy: -3116.93, Acceptance Ratio = 0.437578, Pressure = 2.24595
Step 25210000 - Total Energy: -3098.06, Acceptance Ratio = 0.43758, Pressure = 2.39532
Step 25220000 - Total Energy: -3116.79, Acceptance Ratio = 0.43758, Pressure = 2.18452
Step 25230000 - Total Energy: -3144.67, Acceptance Ratio = 0.437582, Pressure = 1.94026
Step 25240000 - Total Energy: -3117.96, Acceptance Ratio = 0.437584, Pressure = 2.24634
Step 25250000 - Total Energy: -3132.62, Acceptance Ratio = 0.437587, Pressure = 2.10364
Step 25260000 - Total Energy: -3137.4, Acceptance Ratio = 0.437589, Pressure = 2.04775
Step 25270000 - Total Energy: -3136.01, Acceptance Ratio = 0.437584, Pressure = 2.05974
Step 25280000 - Total Energy: -3123.37, Acceptance Ratio = 0.437589, Pressure = 2.10506
Step 25290000 - Total Energy: -3129.16, Acceptance Ratio = 0.437593, Pressure = 2.08851
Step 25300000 - Total Energy: -3111.56, Acceptance Ratio = 0.437589, Pressure = 2.30174
Step 25310000 - Total Energy: -3123.22, Acceptance Ratio = 0.437592, Pressure = 2.17939
Step 25320000 - Total Energy: -3107.23, Acceptance Ratio = 0.437588, Pressure = 2.32088
Step 25330000 - Total Energy: -3118.9, Acceptance Ratio = 0.437588, Pressure = 2.25427
Step 25340000 - Total Energy: -3129.52, Acceptance Ratio = 0.437586, Pressure = 2.17337
Step 25350000 - Total Energy: -3087.7, Acceptance Ratio = 0.437587, Pressure = 2.56344
Step 25360000 - Total Energy: -3121.06, Acceptance Ratio = 0.437585, Pressure = 2.21128
Step 25370000 - Total Energy: -3101.97, Acceptance Ratio = 0.437585, Pressure = 2.44445
Step 25380000 - Total Energy: -3144.79, Acceptance Ratio = 0.437585, Pressure = 1.99094
Step 25390000 - Total Energy: -3124.13, Acceptance Ratio = 0.437585, Pressure = 2.1781
Step 25400000 - Total Energy: -3120.46, Acceptance Ratio = 0.437586, Pressure = 2.22072
Step 25410000 - Total Energy: -3155.25, Acceptance Ratio = 0.437588, Pressure = 1.85542
Step 25420000 - Total Energy: -3136.47, Acceptance Ratio = 0.437588, Pressure = 2.08497
Step 25430000 - Total Energy: -3139.76, Acceptance Ratio = 0.437591, Pressure = 2.00652
Step 25440000 - Total Energy: -3155.77, Acceptance Ratio = 0.437589, Pressure = 1.8817
Step 25450000 - Total Energy: -3118, Acceptance Ratio = 0.437588, Pressure = 2.2798
Step 25460000 - Total Energy: -3137.77, Acceptance Ratio = 0.437588, Pressure = 2.07816
Step 25470000 - Total Energy: -3154.52, Acceptance Ratio = 0.437588, Pressure = 1.88863
Step 25480000 - Total Energy: -3159.86, Acceptance Ratio = 0.437591, Pressure = 1.93144
Step 25490000 - Total Energy: -3135.53, Acceptance Ratio = 0.43759, Pressure = 2.05288
Step 25500000 - Total Energy: -3125.33, Acceptance Ratio = 0.437591, Pressure = 2.11513
Step 25510000 - Total Energy: -3104.34, Acceptance Ratio = 0.437591, Pressure = 2.36596
Step 25520000 - Total Energy: -3119.5, Acceptance Ratio = 0.437588, Pressure = 2.22216
Step 25530000 - Total Energy: -3085.03, Acceptance Ratio = 0.437586, Pressure = 2.59309
Step 25540000 - Total Energy: -3105.49, Acceptance Ratio = 0.437586, Pressure = 2.38335
Step 25550000 - Total Energy: -3124.4, Acceptance Ratio = 0.437588, Pressure = 2.15118
Step 25560000 - Total Energy: -3107.85, Acceptance Ratio = 0.437586, Pressure = 2.39513
Step 25570000 - Total Energy: -3114.94, Acceptance Ratio = 0.437588, Pressure = 2.3059
Step 25580000 - Total Energy: -3141.1, Acceptance Ratio = 0.437589, Pressure = 2.03631
Step 25590000 - Total Energy: -3139.39, Acceptance Ratio = 0.437595, Pressure = 2.06227
Step 25600000 - Total Energy: -3144.39, Acceptance Ratio = 0.437594, Pressure = 2.02098
Step 25610000 - Total Energy: -3116.77, Acceptance Ratio = 0.437593, Pressure = 2.33125
Step 25620000 - Total Energy: -3099.65, Acceptance Ratio = 0.437595, Pressure = 2.42529
Step 25630000 - Total Energy: -3133.38, Acceptance Ratio = 0.437596, Pressure = 2.13138
Step 25640000 - Total Energy: -3107.92, Acceptance Ratio = 0.43759, Pressure = 2.42609
Step 25650000 - Total Energy: -3117.95, Acceptance Ratio = 0.437587, Pressure = 2.23439
Step 25660000 - Total Energy: -3138.73, Acceptance Ratio = 0.43759, Pressure = 2.08366
Step 25670000 - Total Energy: -3120.85, Acceptance Ratio = 0.437594, Pressure = 2.24843
Step 25680000 - Total Energy: -3163.95, Acceptance Ratio = 0.437596, Pressure = 1.82929
Step 25690000 - Total Energy: -3103.83, Acceptance Ratio = 0.437597, Pressure = 2.37209
Step 25700000 - Total Energy: -3149.05, Acceptance Ratio = 0.437594, Pressure = 1.93465
Step 25710000 - Total Energy: -3122.91, Acceptance Ratio = 0.437592, Pressure = 2.19993
Step 25720000 - Total Energy: -3106.99, Acceptance Ratio = 0.437592, Pressure = 2.41406
Step 25730000 - Total Energy: -3133.11, Acceptance Ratio = 0.437598, Pressure = 2.15421
Step 25740000 - Total Energy: -3121.24, Acceptance Ratio = 0.4376, Pressure = 2.20427
Step 25750000 - Total Energy: -3123.97, Acceptance Ratio = 0.437598, Pressure = 2.18469
Step 25760000 - Total Energy: -3098.15, Acceptance Ratio = 0.437597, Pressure = 2.53494
Step 25770000 - Total Energy: -3152.55, Acceptance Ratio = 0.437594, Pressure = 1.96511
Step 25780000 - Total Energy: -3113.23, Acceptance Ratio = 0.437596, Pressure = 2.29908
Step 25790000 - Total Energy: -3143.52, Acceptance Ratio = 0.437593, Pressure = 2.01586
Step 25800000 - Total Energy: -3137.03, Acceptance Ratio = 0.43759, Pressure = 2.09036
Step 25810000 - Total Energy: -3130.52, Acceptance Ratio = 0.437594, Pressure = 2.19718
Step 25820000 - Total Energy: -3107.16, Acceptance Ratio = 0.437595, Pressure = 2.35818
Step 25830000 - Total Energy: -3141.7, Acceptance Ratio = 0.437593, Pressure = 2.03283
Step 25840000 - Total Energy: -3160.2, Acceptance Ratio = 0.437591, Pressure = 1.77412
Step 25850000 - Total Energy: -3138.96, Acceptance Ratio = 0.437594, Pressure = 2.01687
Step 25860000 - Total Energy: -3139.74, Acceptance Ratio = 0.437595, Pressure = 2.11178
Step 25870000 - Total Energy: -3103.93, Acceptance Ratio = 0.437598, Pressure = 2.4534
Step 25880000 - Total Energy: -3129.19, Acceptance Ratio = 0.437599, Pressure = 2.2148
Step 25890000 - Total Energy: -3123.73, Acceptance Ratio = 0.437601, Pressure = 2.23087
Step 25900000 - Total Energy: -3154.71, Acceptance Ratio = 0.437599, Pressure = 1.9275
Step 25910000 - Total Energy: -3140.07, Acceptance Ratio = 0.437603, Pressure = 2.03497
Step 25920000 - Total Energy: -3127.01, Acceptance Ratio = 0.4376, Pressure = 2.23238
Step 25930000 - Total Energy: -3137.17, Acceptance Ratio = 0.437602, Pressure = 2.00072
Step 25940000 - Total Energy: -3109.77, Acceptance Ratio = 0.437602, Pressure = 2.2476
Step 25950000 - Total Energy: -3089.61, Acceptance Ratio = 0.437606, Pressure = 2.55463
Step 25960000 - Total Energy: -3070.99, Acceptance Ratio = 0.437606, Pressure = 2.68334
Step 25970000 - Total Energy: -3120.15, Acceptance Ratio = 0.437609, Pressure = 2.18538
Step 25980000 - Total Energy: -3151.93, Acceptance Ratio = 0.437611, Pressure = 1.94362
Step 25990000 - Total Energy: -3142.31, Acceptance Ratio = 0.437612, Pressure = 1.99991
Step 26000000 - Total Energy: -3098.77, Acceptance Ratio = 0.437611, Pressure = 2.48768
Step 26010000 - Total Energy: -3134.43, Acceptance Ratio = 0.437607, Pressure = 2.14391
Step 26020000 - Total Energy: -3099.93, Acceptance Ratio = 0.437608, Pressure = 2.44609
Step 26030000 - Total Energy: -3155.31, Acceptance Ratio = 0.437607, Pressure = 1.95733
Step 26040000 - Total Energy: -3132.51, Acceptance Ratio = 0.437604, Pressure = 2.15593
Step 26050000 - Total Energy: -3102.72, Acceptance Ratio = 0.437602, Pressure = 2.47932
Step 26060000 - Total Energy: -3120.07, Acceptance Ratio = 0.437601, Pressure = 2.30201
Step 26070000 - Total Energy: -3127.47, Acceptance Ratio = 0.437601, Pressure = 2.23252
Step 26080000 - Total Energy: -3126.99, Acceptance Ratio = 0.437602, Pressure = 2.2386
Step 26090000 - Total Energy: -3154.05, Acceptance Ratio = 0.4376, Pressure = 1.89916
Step 26100000 - Total Energy: -3139.94, Acceptance Ratio = 0.437596, Pressure = 2.11875
Step 26110000 - Total Energy: -3131.09, Acceptance Ratio = 0.437594, Pressure = 2.13333
Step 26120000 - Total Energy: -3124.58, Acceptance Ratio = 0.437596, Pressure = 2.29209
Step 26130000 - Total Energy: -3128.88, Acceptance Ratio = 0.437597, Pressure = 2.14023
Step 26140000 - Total Energy: -3132.26, Acceptance Ratio = 0.437599, Pressure = 2.16529
Step 26150000 - Total Energy: -3155.36, Acceptance Ratio = 0.437597, Pressure = 1.93032
Step 26160000 - Total Energy: -3106.41, Acceptance Ratio = 0.437601, Pressure = 2.34436
Step 26170000 - Total Energy: -3097.86, Acceptance Ratio = 0.437602, Pressure = 2.42185
Step 26180000 - Total Energy: -3120.87, Acceptance Ratio = 0.4376, Pressure = 2.16728
Step 26190000 - Total Energy: -3125.61, Acceptance Ratio = 0.437602, Pressure = 2.16534
Step 26200000 - Total Energy: -3116.98, Acceptance Ratio = 0.437601, Pressure = 2.20594
Step 26210000 - Total Energy: -3120.36, Acceptance Ratio = 0.437601, Pressure = 2.25154
Step 26220000 - Total Energy: -3102.33, Acceptance Ratio = 0.437598, Pressure = 2.41758
Step 26230000 - Total Energy: -3143.19, Acceptance Ratio = 0.437598, Pressure = 2.00018
Step 26240000 - Total Energy: -3135.74, Acceptance Ratio = 0.437596, Pressure = 2.05355
Step 26250000 - Total Energy: -3141.91, Acceptance Ratio = 0.437594, Pressure = 1.98557
Step 26260000 - Total Energy: -3128.94, Acceptance Ratio = 0.437596, Pressure = 2.08522
Step 26270000 - Total Energy: -3141.45, Acceptance Ratio = 0.437598, Pressure = 2.02447
Step 26280000 - Total Energy: -3146.87, Acceptance Ratio = 0.437597, Pressure = 1.90615
Step 26290000 - Total Energy: -3116.17, Acceptance Ratio = 0.437596, Pressure = 2.26276
Step 26300000 - Total Energy: -3098.32, Acceptance Ratio = 0.4376, Pressure = 2.44887
Step 26310000 - Total Energy: -3132.28, Acceptance Ratio = 0.437599, Pressure = 2.0687
Step 26320000 - Total Energy: -3141.35, Acceptance Ratio = 0.4376, Pressure = 1.97569
Step 26330000 - Total Energy: -3109.1, Acceptance Ratio = 0.437601, Pressure = 2.30024
Step 26340000 - Total Energy: -3105.15, Acceptance Ratio = 0.437602, Pressure = 2.41588
Step 26350000 - Total Energy: -3126.17, Acceptance Ratio = 0.437599, Pressure = 2.27128
Step 26360000 - Total Energy: -3147.09, Acceptance Ratio = 0.437598, Pressure = 2.01584
Step 26370000 - Total Energy: -3110.73, Acceptance Ratio = 0.437598, Pressure = 2.34458
Step 26380000 - Total Energy: -3114.66, Acceptance Ratio = 0.437598, Pressure = 2.278
Step 26390000 - Total Energy: -3124.28, Acceptance Ratio = 0.4376, Pressure = 2.19347
Step 26400000 - Total Energy: -3163.38, Acceptance Ratio = 0.437602, Pressure = 1.86637
Step 26410000 - Total Energy: -3115.13, Acceptance Ratio = 0.437605, Pressure = 2.30622
Step 26420000 - Total Energy: -3139.45, Acceptance Ratio = 0.43761, Pressure = 1.96715
Step 26430000 - Total Energy: -3116.06, Acceptance Ratio = 0.437611, Pressure = 2.20596
Step 26440000 - Total Energy: -3131.97, Acceptance Ratio = 0.437613, Pressure = 2.11895
Step 26450000 - Total Energy: -3124.12, Acceptance Ratio = 0.437616, Pressure = 2.18428
Step 26460000 - Total Energy: -3143.4, Acceptance Ratio = 0.437618, Pressure = 1.98613
Step 26470000 - Total Energy: -3134.3, Acceptance Ratio = 0.43762, Pressure = 2.06428
Step 26480000 - Total Energy: -3116.21, Acceptance Ratio = 0.437616, Pressure = 2.3354
Step 26490000 - Total Energy: -3116.79, Acceptance Ratio = 0.437618, Pressure = 2.2484
Step 26500000 - Total Energy: -3115.11, Acceptance Ratio = 0.437619, Pressure = 2.24482
Step 26510000 - Total Energy: -3110.49, Acceptance Ratio = 0.43762, Pressure = 2.26594
Step 26520000 - Total Energy: -3096.22, Acceptance Ratio = 0.43762, Pressure = 2.43599
Step 26530000 - Total Energy: -3135.28, Acceptance Ratio = 0.437623, Pressure = 2.03054
Step 26540000 - Total Energy: -3149.29, Acceptance Ratio = 0.437625, Pressure = 1.94135
Step 26550000 - Total Energy: -3110.52, Acceptance Ratio = 0.437626, Pressure = 2.28783
Step 26560000 - Total Energy: -3150.65, Acceptance Ratio = 0.437624, Pressure = 1.91955
Step 26570000 - Total Energy: -3131.81, Acceptance Ratio = 0.437623, Pressure = 2.10594
Step 26580000 - Total Energy: -3134.99, Acceptance Ratio = 0.437622, Pressure = 2.01988
Step 26590000 - Total Energy: -3156.86, Acceptance Ratio = 0.437623, Pressure = 1.79523
Step 26600000 - Total Energy: -3120.92, Acceptance Ratio = 0.437624, Pressure = 2.18378
Step 26610000 - Total Energy: -3136.26, Acceptance Ratio = 0.437629, Pressure = 2.03367
Step 26620000 - Total Energy: -3113.64, Acceptance Ratio = 0.43763, Pressure = 2.23815
Step 26630000 - Total Energy: -3121.77, Acceptance Ratio = 0.437629, Pressure = 2.18773
Step 26640000 - Total Energy: -3173.06, Acceptance Ratio = 0.437628, Pressure = 1.63157
Step 26650000 - Total Energy: -3125, Acceptance Ratio = 0.437631, Pressure = 2.08746
Step 26660000 - Total Energy: -3121.8, Acceptance Ratio = 0.437631, Pressure = 2.11306
Step 26670000 - Total Energy: -3138.11, Acceptance Ratio = 0.437634, Pressure = 2.01734
Step 26680000 - Total Energy: -3147.78, Acceptance Ratio = 0.437638, Pressure = 1.90118
Step 26690000 - Total Energy: -3078.91, Acceptance Ratio = 0.437641, Pressure = 2.55447
Step 26700000 - Total Energy: -3113.09, Acceptance Ratio = 0.437644, Pressure = 2.2598
Step 26710000 - Total Energy: -3135.22, Acceptance Ratio = 0.437644, Pressure = 1.993
Step 26720000 - Total Energy: -3140.58, Acceptance Ratio = 0.437647, Pressure = 2.0371
Step 26730000 - Total Energy: -3127.39, Acceptance Ratio = 0.43765, Pressure = 2.15628
Step 26740000 - Total Energy: -3122.13, Acceptance Ratio = 0.43765, Pressure = 2.26125
Step 26750000 - Total Energy: -3155.94, Acceptance Ratio = 0.437652, Pressure = 1.86183
Step 26760000 - Total Energy: -3152.2, Acceptance Ratio = 0.437655, Pressure = 1.93144
Step 26770000 - Total Energy: -3087.68, Acceptance Ratio = 0.437655, Pressure = 2.56546
Step 26780000 - Total Energy: -3130.28, Acceptance Ratio = 0.437654, Pressure = 2.14514
Step 26790000 - Total Energy: -3145.68, Acceptance Ratio = 0.437661, Pressure = 1.95566
Step 26800000 - Total Energy: -3156.1, Acceptance Ratio = 0.437664, Pressure = 1.8034
Step 26810000 - Total Energy: -3141.94, Acceptance Ratio = 0.437666, Pressure = 1.96236
Step 26820000 - Total Energy: -3129.51, Acceptance Ratio = 0.437671, Pressure = 2.05114
Step 26830000 - Total Energy: -3152.21, Acceptance Ratio = 0.437672, Pressure = 1.89469
Step 26840000 - Total Energy: -3150.6, Acceptance Ratio = 0.437675, Pressure = 1.91203
Step 26850000 - Total Energy: -3167.02, Acceptance Ratio = 0.437675, Pressure = 1.78529
Step 26860000 - Total Energy: -3142.81, Acceptance Ratio = 0.437678, Pressure = 2.00413
Step 26870000 - Total Energy: -3116.17, Acceptance Ratio = 0.437674, Pressure = 2.23716
Step 26880000 - Total Energy: -3134.69, Acceptance Ratio = 0.437672, Pressure = 2.04297
Step 26890000 - Total Energy: -3130.41, Acceptance Ratio = 0.437672, Pressure = 2.19052
Step 26900000 - Total Energy: -3147.34, Acceptance Ratio = 0.437673, Pressure = 1.95113
Step 26910000 - Total Energy: -3169.05, Acceptance Ratio = 0.437674, Pressure = 1.70598
Step 26920000 - Total Energy: -3111.08, Acceptance Ratio = 0.437674, Pressure = 2.32318
Step 26930000 - Total Energy: -3155.5, Acceptance Ratio = 0.437674, Pressure = 1.92514
Step 26940000 - Total Energy: -3114.5, Acceptance Ratio = 0.437672, Pressure = 2.33457
Step 26950000 - Total Energy: -3117.25, Acceptance Ratio = 0.437673, Pressure = 2.30185
Step 26960000 - Total Energy: -3105.27, Acceptance Ratio = 0.437673, Pressure = 2.4015
Step 26970000 - Total Energy: -3135.51, Acceptance Ratio = 0.437676, Pressure = 2.02959
Step 26980000 - Total Energy: -3126.37, Acceptance Ratio = 0.437677, Pressure = 2.19532
Step 26990000 - Total Energy: -3104.8, Acceptance Ratio = 0.437678, Pressure = 2.37686
Step 27000000 - Total Energy: -3140.24, Acceptance Ratio = 0.43768, Pressure = 2.09234
Step 27010000 - Total Energy: -3079.12, Acceptance Ratio = 0.43768, Pressure = 2.59053
Step 27020000 - Total Energy: -3135.1, Acceptance Ratio = 0.43768, Pressure = 2.08076
Step 27030000 - Total Energy: -3123.85, Acceptance Ratio = 0.43768, Pressure = 2.14413
Step 27040000 - Total Energy: -3118.76, Acceptance Ratio = 0.437679, Pressure = 2.24434
Step 27050000 - Total Energy: -3161.75, Acceptance Ratio = 0.43768, Pressure = 1.81188
Step 27060000 - Total Energy: -3135.49, Acceptance Ratio = 0.437681, Pressure = 2.04188
Step 27070000 - Total Energy: -3137.93, Acceptance Ratio = 0.437683, Pressure = 2.07734
Step 27080000 - Total Energy: -3141.21, Acceptance Ratio = 0.437684, Pressure = 2.00079
Step 27090000 - Total Energy: -3156.23, Acceptance Ratio = 0.437684, Pressure = 1.92032
Step 27100000 - Total Energy: -3143.64, Acceptance Ratio = 0.437686, Pressure = 1.99161
Step 27110000 - Total Energy: -3145.76, Acceptance Ratio = 0.437686, Pressure = 1.99007
Step 27120000 - Total Energy: -3125.88, Acceptance Ratio = 0.437686, Pressure = 2.1505
Step 27130000 - Total Energy: -3149.96, Acceptance Ratio = 0.437691, Pressure = 1.94317
Step 27140000 - Total Energy: -3153.19, Acceptance Ratio = 0.437693, Pressure = 1.81592
Step 27150000 - Total Energy: -3104.3, Acceptance Ratio = 0.437695, Pressure = 2.32304
Step 27160000 - Total Energy: -3139.2, Acceptance Ratio = 0.437698, Pressure = 2.01969
Step 27170000 - Total Energy: -3129.69, Acceptance Ratio = 0.4377, Pressure = 2.19056
Step 27180000 - Total Energy: -3105.98, Acceptance Ratio = 0.437698, Pressure = 2.35328
Step 27190000 - Total Energy: -3126.11, Acceptance Ratio = 0.437698, Pressure = 2.20235
Step 27200000 - Total Energy: -3169.82, Acceptance Ratio = 0.437695, Pressure = 1.69612
Step 27210000 - Total Energy: -3148.53, Acceptance Ratio = 0.437698, Pressure = 1.98637
Step 27220000 - Total Energy: -3155.52, Acceptance Ratio = 0.437699, Pressure = 1.85677
Step 27230000 - Total Energy: -3143.16, Acceptance Ratio = 0.437699, Pressure = 1.96912
Step 27240000 - Total Energy: -3085.01, Acceptance Ratio = 0.437701, Pressure = 2.57344
Step 27250000 - Total Energy: -3088.79, Acceptance Ratio = 0.4377, Pressure = 2.58235
Step 27260000 - Total Energy: -3120.16, Acceptance Ratio = 0.4377, Pressure = 2.20623
Step 27270000 - Total Energy: -3122.13, Acceptance Ratio = 0.437699, Pressure = 2.16777
Step 27280000 - Total Energy: -3077.69, Acceptance Ratio = 0.437699, Pressure = 2.68336
Step 27290000 - Total Energy: -3115.74, Acceptance Ratio = 0.437699, Pressure = 2.27931
Step 27300000 - Total Energy: -3116.54, Acceptance Ratio = 0.437699, Pressure = 2.33773
Step 27310000 - Total Energy: -3098.31, Acceptance Ratio = 0.4377, Pressure = 2.45257
Step 27320000 - Total Energy: -3110.68, Acceptance Ratio = 0.437703, Pressure = 2.349
Step 27330000 - Total Energy: -3157.03, Acceptance Ratio = 0.437705, Pressure = 1.91223
Step 27340000 - Total Energy: -3104.06, Acceptance Ratio = 0.437707, Pressure = 2.46082
Step 27350000 - Total Energy: -3128.34, Acceptance Ratio = 0.437705, Pressure = 2.17433
Step 27360000 - Total Energy: -3133.87, Acceptance Ratio = 0.437709, Pressure = 2.08103
Step 27370000 - Total Energy: -3100.16, Acceptance Ratio = 0.437707, Pressure = 2.39695
Step 27380000 - Total Energy: -3126.26, Acceptance Ratio = 0.437706, Pressure = 2.19102
Step 27390000 - Total Energy: -3147.36, Acceptance Ratio = 0.437708, Pressure = 1.95323
Step 27400000 - Total Energy: -3129.1, Acceptance Ratio = 0.437713, Pressure = 2.11601
Step 27410000 - Total Energy: -3158.32, Acceptance Ratio = 0.437713, Pressure = 1.82942
Step 27420000 - Total Energy: -3139.72, Acceptance Ratio = 0.437713, Pressure = 2.11815
Step 27430000 - Total Energy: -3161.9, Acceptance Ratio = 0.437711, Pressure = 1.82048
Step 27440000 - Total Energy: -3141.65, Acceptance Ratio = 0.437711, Pressure = 2.05331
Step 27450000 - Total Energy: -3151.15, Acceptance Ratio = 0.437717, Pressure = 1.90995
Step 27460000 - Total Energy: -3156.22, Acceptance Ratio = 0.437718, Pressure = 1.82994
Step 27470000 - Total Energy: -3133.1, Acceptance Ratio = 0.437718, Pressure = 2.09309
Step 27480000 - Total Energy: -3145.38, Acceptance Ratio = 0.437718, Pressure = 1.9577
Step 27490000 - Total Energy: -3125.58, Acceptance Ratio = 0.437717, Pressure = 2.15576
Step 27500000 - Total Energy: -3131.06, Acceptance Ratio = 0.437716, Pressure = 2.12769
Step 27510000 - Total Energy: -3133.76, Acceptance Ratio = 0.43772, Pressure = 2.0814
Step 27520000 - Total Energy: -3089.75, Acceptance Ratio = 0.437719, Pressure = 2.61904
Step 27530000 - Total Energy: -3117.83, Acceptance Ratio = 0.437718, Pressure = 2.29252
Step 27540000 - Total Energy: -3126.2, Acceptance Ratio = 0.437716, Pressure = 2.28526
Step 27550000 - Total Energy: -3110.24, Acceptance Ratio = 0.437713, Pressure = 2.39592
Step 27560000 - Total Energy: -3120.46, Acceptance Ratio = 0.437714, Pressure = 2.23465
Step 27570000 - Total Energy: -3099.13, Acceptance Ratio = 0.437713, Pressure = 2.46144
Step 27580000 - Total Energy: -3121.2, Acceptance Ratio = 0.437711, Pressure = 2.23683
Step 27590000 - Total Energy: -3127.99, Acceptance Ratio = 0.437714, Pressure = 2.18785
Step 27600000 - Total Energy: -3108.45, Acceptance Ratio = 0.437714, Pressure = 2.30648
Step 27610000 - Total Energy: -3146.31, Acceptance Ratio = 0.437716, Pressure = 1.96202
Step 27620000 - Total Energy: -3105.87, Acceptance Ratio = 0.437717, Pressure = 2.31152
Step 27630000 - Total Energy: -3113.46, Acceptance Ratio = 0.437713, Pressure = 2.26678
Step 27640000 - Total Energy: -3120.18, Acceptance Ratio = 0.437715, Pressure = 2.28663
Step 27650000 - Total Energy: -3093.92, Acceptance Ratio = 0.437716, Pressure = 2.39186
Step 27660000 - Total Energy: -3141.96, Acceptance Ratio = 0.437716, Pressure = 2.01491
Step 27670000 - Total Energy: -3097.67, Acceptance Ratio = 0.437715, Pressure = 2.50659
Step 27680000 - Total Energy: -3131.62, Acceptance Ratio = 0.437718, Pressure = 2.11539
Step 27690000 - Total Energy: -3095.73, Acceptance Ratio = 0.437721, Pressure = 2.45736
Step 27700000 - Total Energy: -3137.22, Acceptance Ratio = 0.437722, Pressure = 2.06939
Step 27710000 - Total Energy: -3127.28, Acceptance Ratio = 0.437723, Pressure = 2.14486
Step 27720000 - Total Energy: -3129.74, Acceptance Ratio = 0.437722, Pressure = 2.1543
Step 27730000 - Total Energy: -3108.13, Acceptance Ratio = 0.43772, Pressure = 2.32454
Step 27740000 - Total Energy: -3150.64, Acceptance Ratio = 0.437719, Pressure = 1.92731
Step 27750000 - Total Energy: -3120.01, Acceptance Ratio = 0.437717, Pressure = 2.19353
Step 27760000 - Total Energy: -3118.5, Acceptance Ratio = 0.437718, Pressure = 2.21084
Step 27770000 - Total Energy: -3131.71, Acceptance Ratio = 0.437718, Pressure = 2.07033
Step 27780000 - Total Energy: -3116.29, Acceptance Ratio = 0.437717, Pressure = 2.29986
Step 27790000 - Total Energy: -3133.03, Acceptance Ratio = 0.437716, Pressure = 2.05986
Step 27800000 - Total Energy: -3139.47, Acceptance Ratio = 0.437719, Pressure = 2.02596
Step 27810000 - Total Energy: -3109.48, Acceptance Ratio = 0.437717, Pressure = 2.24089
Step 27820000 - Total Energy: -3155.49, Acceptance Ratio = 0.437714, Pressure = 1.87978
Step 27830000 - Total Energy: -3113.35, Acceptance Ratio = 0.437718, Pressure = 2.29668
Step 27840000 - Total Energy: -3141.19, Acceptance Ratio = 0.437723, Pressure = 2.06822
Step 27850000 - Total Energy: -3146.09, Acceptance Ratio = 0.43772, Pressure = 1.91971
Step 27860000 - Total Energy: -3100.57, Acceptance Ratio = 0.437723, Pressure = 2.37824
Step 27870000 - Total Energy: -3132.06, Acceptance Ratio = 0.437722, Pressure = 2.08489
Step 27880000 - Total Energy: -3139.28, Acceptance Ratio = 0.437724, Pressure = 1.95948
Step 27890000 - Total Energy: -3140.85, Acceptance Ratio = 0.437725, Pressure = 1.97538
Step 27900000 - Total Energy: -3118.36, Acceptance Ratio = 0.437724, Pressure = 2.20127
Step 27910000 - Total Energy: -3143.15, Acceptance Ratio = 0.437724, Pressure = 1.96788
Step 27920000 - Total Energy: -3098.77, Acceptance Ratio = 0.437722, Pressure = 2.4067
Step 27930000 - Total Energy: -3114.35, Acceptance Ratio = 0.437719, Pressure = 2.31423
Step 27940000 - Total Energy: -3132.12, Acceptance Ratio = 0.437721, Pressure = 2.10305
Step 27950000 - Total Energy: -3166.44, Acceptance Ratio = 0.43772, Pressure = 1.73965
Step 27960000 - Total Energy: -3097.91, Acceptance Ratio = 0.437718, Pressure = 2.42959
Step 27970000 - Total Energy: -3113.58, Acceptance Ratio = 0.437716, Pressure = 2.25179
Step 27980000 - Total Energy: -3095.93, Acceptance Ratio = 0.437715, Pressure = 2.5541
Step 27990000 - Total Energy: -3109.62, Acceptance Ratio = 0.437713, Pressure = 2.35036
Step 28000000 - Total Energy: -3111.16, Acceptance Ratio = 0.437714, Pressure = 2.33344
Step 28010000 - Total Energy: -3100.37, Acceptance Ratio = 0.437713, Pressure = 2.47008
Step 28020000 - Total Energy: -3132.39, Acceptance Ratio = 0.43771, Pressure = 2.12999
Step 28030000 - Total Energy: -3121.36, Acceptance Ratio = 0.437712, Pressure = 2.21453
Step 28040000 - Total Energy: -3111.42, Acceptance Ratio = 0.437712, Pressure = 2.31908
Step 28050000 - Total Energy: -3121.69, Acceptance Ratio = 0.437708, Pressure = 2.21283
Step 28060000 - Total Energy: -3084.79, Acceptance Ratio = 0.437709, Pressure = 2.64364
Step 28070000 - Total Energy: -3120.42, Acceptance Ratio = 0.437706, Pressure = 2.19913
Step 28080000 - Total Energy: -3138.83, Acceptance Ratio = 0.437706, Pressure = 2.03809
Step 28090000 - Total Energy: -3119.5, Acceptance Ratio = 0.437706, Pressure = 2.28848
Step 28100000 - Total Energy: -3142, Acceptance Ratio = 0.437704, Pressure = 2.03046
Step 28110000 - Total Energy: -3125.93, Acceptance Ratio = 0.437704, Pressure = 2.19152
Step 28120000 - Total Energy: -3104.24, Acceptance Ratio = 0.437704, Pressure = 2.37101
Step 28130000 - Total Energy: -3090.3, Acceptance Ratio = 0.437705, Pressure = 2.5797
Step 28140000 - Total Energy: -3125.51, Acceptance Ratio = 0.437706, Pressure = 2.18534
Step 28150000 - Total Energy: -3080.17, Acceptance Ratio = 0.437708, Pressure = 2.6431
Step 28160000 - Total Energy: -3080.72, Acceptance Ratio = 0.437709, Pressure = 2.65982
Step 28170000 - Total Energy: -3116.24, Acceptance Ratio = 0.437707, Pressure = 2.29701
Step 28180000 - Total Energy: -3158.42, Acceptance Ratio = 0.437706, Pressure = 1.84181
Step 28190000 - Total Energy: -3150.49, Acceptance Ratio = 0.437705, Pressure = 1.92574
Step 28200000 - Total Energy: -3106.98, Acceptance Ratio = 0.437708, Pressure = 2.33207
Step 28210000 - Total Energy: -3154.74, Acceptance Ratio = 0.437707, Pressure = 1.943
Step 28220000 - Total Energy: -3124.13, Acceptance Ratio = 0.437708, Pressure = 2.26473
Step 28230000 - Total Energy: -3101.21, Acceptance Ratio = 0.43771, Pressure = 2.48793
Step 28240000 - Total Energy: -3113.22, Acceptance Ratio = 0.43771, Pressure = 2.36466
Step 28250000 - Total Energy: -3096.81, Acceptance Ratio = 0.437706, Pressure = 2.49236
Step 28260000 - Total Energy: -3099.03, Acceptance Ratio = 0.437706, Pressure = 2.47275
Step 28270000 - Total Energy: -3121.15, Acceptance Ratio = 0.437706, Pressure = 2.26663
Step 28280000 - Total Energy: -3126.37, Acceptance Ratio = 0.437709, Pressure = 2.2407
Step 28290000 - Total Energy: -3160.61, Acceptance Ratio = 0.43771, Pressure = 1.89906
Step 28300000 - Total Energy: -3133.58, Acceptance Ratio = 0.437711, Pressure = 2.14359
Step 28310000 - Total Energy: -3082.66, Acceptance Ratio = 0.437712, Pressure = 2.5693
Step 28320000 - Total Energy: -3107.66, Acceptance Ratio = 0.43771, Pressure = 2.32344
Step 28330000 - Total Energy: -3113.09, Acceptance Ratio = 0.437711, Pressure = 2.29632
Step 28340000 - Total Energy: -3130.61, Acceptance Ratio = 0.437706, Pressure = 2.10273
Step 28350000 - Total Energy: -3097.65, Acceptance Ratio = 0.437709, Pressure = 2.5046
Step 28360000 - Total Energy: -3160.56, Acceptance Ratio = 0.437709, Pressure = 1.84874
Step 28370000 - Total Energy: -3114.97, Acceptance Ratio = 0.43771, Pressure = 2.41792
Step 28380000 - Total Energy: -3149.95, Acceptance Ratio = 0.437709, Pressure = 1.97695
Step 28390000 - Total Energy: -3119.52, Acceptance Ratio = 0.437707, Pressure = 2.30111
Step 28400000 - Total Energy: -3113.36, Acceptance Ratio = 0.437708, Pressure = 2.27798
Step 28410000 - Total Energy: -3085.3, Acceptance Ratio = 0.437709, Pressure = 2.58514
Step 28420000 - Total Energy: -3111.55, Acceptance Ratio = 0.437711, Pressure = 2.2956
Step 28430000 - Total Energy: -3121.83, Acceptance Ratio = 0.437713, Pressure = 2.16079
Step 28440000 - Total Energy: -3148.11, Acceptance Ratio = 0.437712, Pressure = 1.86699
Step 28450000 - Total Energy: -3139.41, Acceptance Ratio = 0.437714, Pressure = 1.98871
Step 28460000 - Total Energy: -3133.87, Acceptance Ratio = 0.437713, Pressure = 2.08891
Step 28470000 - Total Energy: -3142.36, Acceptance Ratio = 0.437715, Pressure = 2.01309
Step 28480000 - Total Energy: -3128.47, Acceptance Ratio = 0.437716, Pressure = 2.13506
Step 28490000 - Total Energy: -3088.67, Acceptance Ratio = 0.437718, Pressure = 2.45407
Step 28500000 - Total Energy: -3115.59, Acceptance Ratio = 0.437717, Pressure = 2.30789
Step 28510000 - Total Energy: -3133.99, Acceptance Ratio = 0.437716, Pressure = 2.0787
Step 28520000 - Total Energy: -3122.58, Acceptance Ratio = 0.437715, Pressure = 2.21004
Step 28530000 - Total Energy: -3174.45, Acceptance Ratio = 0.437713, Pressure = 1.74683
Step 28540000 - Total Energy: -3155.35, Acceptance Ratio = 0.437713, Pressure = 1.90112
Step 28550000 - Total Energy: -3111.78, Acceptance Ratio = 0.437715, Pressure = 2.34486
Step 28560000 - Total Energy: -3108.51, Acceptance Ratio = 0.437717, Pressure = 2.35512
Step 28570000 - Total Energy: -3095.89, Acceptance Ratio = 0.437717, Pressure = 2.47444
Step 28580000 - Total Energy: -3105.18, Acceptance Ratio = 0.437715, Pressure = 2.49019
Step 28590000 - Total Energy: -3110.23, Acceptance Ratio = 0.437714, Pressure = 2.39659
Step 28600000 - Total Energy: -3121.24, Acceptance Ratio = 0.437716, Pressure = 2.27945
Step 28610000 - Total Energy: -3087.66, Acceptance Ratio = 0.437718, Pressure = 2.58727
Step 28620000 - Total Energy: -3127.43, Acceptance Ratio = 0.437718, Pressure = 2.19002
Step 28630000 - Total Energy: -3125.4, Acceptance Ratio = 0.437719, Pressure = 2.18888
Step 28640000 - Total Energy: -3146.77, Acceptance Ratio = 0.437722, Pressure = 2.00665
Step 28650000 - Total Energy: -3128.61, Acceptance Ratio = 0.437722, Pressure = 2.15822
Step 28660000 - Total Energy: -3108.18, Acceptance Ratio = 0.437723, Pressure = 2.35386
Step 28670000 - Total Energy: -3139.3, Acceptance Ratio = 0.437722, Pressure = 2.11605
Step 28680000 - Total Energy: -3111.71, Acceptance Ratio = 0.437721, Pressure = 2.29263
Step 28690000 - Total Energy: -3106.06, Acceptance Ratio = 0.43772, Pressure = 2.38745
Step 28700000 - Total Energy: -3101.74, Acceptance Ratio = 0.437719, Pressure = 2.44329
Step 28710000 - Total Energy: -3115.4, Acceptance Ratio = 0.437719, Pressure = 2.29947
Step 28720000 - Total Energy: -3105.33, Acceptance Ratio = 0.437722, Pressure = 2.36106
Step 28730000 - Total Energy: -3122.31, Acceptance Ratio = 0.437722, Pressure = 2.17214
Step 28740000 - Total Energy: -3126.63, Acceptance Ratio = 0.43772, Pressure = 2.20237
Step 28750000 - Total Energy: -3081.03, Acceptance Ratio = 0.437718, Pressure = 2.66148
Step 28760000 - Total Energy: -3114.41, Acceptance Ratio = 0.437717, Pressure = 2.27975
Step 28770000 - Total Energy: -3132.73, Acceptance Ratio = 0.437716, Pressure = 2.09902
Step 28780000 - Total Energy: -3120.59, Acceptance Ratio = 0.437719, Pressure = 2.21212
Step 28790000 - Total Energy: -3130.56, Acceptance Ratio = 0.43772, Pressure = 2.06403
Step 28800000 - Total Energy: -3120.3, Acceptance Ratio = 0.437722, Pressure = 2.15717
Step 28810000 - Total Energy: -3126.85, Acceptance Ratio = 0.437722, Pressure = 2.18428
Step 28820000 - Total Energy: -3141.23, Acceptance Ratio = 0.437721, Pressure = 2.01124
Step 28830000 - Total Energy: -3119.23, Acceptance Ratio = 0.437724, Pressure = 2.19047
Step 28840000 - Total Energy: -3112.73, Acceptance Ratio = 0.437723, Pressure = 2.27294
Step 28850000 - Total Energy: -3129.53, Acceptance Ratio = 0.437722, Pressure = 2.11013
Step 28860000 - Total Energy: -3099.93, Acceptance Ratio = 0.437722, Pressure = 2.43136
Step 28870000 - Total Energy: -3135.18, Acceptance Ratio = 0.437723, Pressure = 2.141
Step 28880000 - Total Energy: -3114.26, Acceptance Ratio = 0.437722, Pressure = 2.3307
Step 28890000 - Total Energy: -3058.46, Acceptance Ratio = 0.43772, Pressure = 2.86045
Step 28900000 - Total Energy: -3125.65, Acceptance Ratio = 0.437721, Pressure = 2.20434
Step 28910000 - Total Energy: -3100.19, Acceptance Ratio = 0.43772, Pressure = 2.41188
Step 28920000 - Total Energy: -3153.67, Acceptance Ratio = 0.43772, Pressure = 1.90118
Step 28930000 - Total Energy: -3162.62, Acceptance Ratio = 0.437722, Pressure = 1.78207
Step 28940000 - Total Energy: -3153.52, Acceptance Ratio = 0.437721, Pressure = 1.87862
Step 28950000 - Total Energy: -3122.57, Acceptance Ratio = 0.437722, Pressure = 2.26884
Step 28960000 - Total Energy: -3117.7, Acceptance Ratio = 0.437724, Pressure = 2.31207
Step 28970000 - Total Energy: -3123.29, Acceptance Ratio = 0.437723, Pressure = 2.14918
Step 28980000 - Total Energy: -3104.27, Acceptance Ratio = 0.437723, Pressure = 2.31934
Step 28990000 - Total Energy: -3108.15, Acceptance Ratio = 0.437723, Pressure = 2.3105
Step 29000000 - Total Energy: -3141.48, Acceptance Ratio = 0.437723, Pressure = 2.01887
Step 29010000 - Total Energy: -3119.75, Acceptance Ratio = 0.437722, Pressure = 2.24637
Step 29020000 - Total Energy: -3164.02, Acceptance Ratio = 0.437724, Pressure = 1.74338
Step 29030000 - Total Energy: -3135.69, Acceptance Ratio = 0.437724, Pressure = 2.06518
Step 29040000 - Total Energy: -3126.33, Acceptance Ratio = 0.437723, Pressure = 2.19575
Step 29050000 - Total Energy: -3122.79, Acceptance Ratio = 0.437723, Pressure = 2.23581
Step 29060000 - Total Energy: -3130.5, Acceptance Ratio = 0.437729, Pressure = 2.14024
Step 29070000 - Total Energy: -3135.51, Acceptance Ratio = 0.437727, Pressure = 2.09461
Step 29080000 - Total Energy: -3121.76, Acceptance Ratio = 0.437728, Pressure = 2.23981
Step 29090000 - Total Energy: -3095.95, Acceptance Ratio = 0.437727, Pressure = 2.54548
Step 29100000 - Total Energy: -3118.85, Acceptance Ratio = 0.437727, Pressure = 2.2072
Step 29110000 - Total Energy: -3137.77, Acceptance Ratio = 0.437729, Pressure = 1.96253
Step 29120000 - Total Energy: -3115.39, Acceptance Ratio = 0.437731, Pressure = 2.2511
Step 29130000 - Total Energy: -3087.22, Acceptance Ratio = 0.437735, Pressure = 2.46975
Step 29140000 - Total Energy: -3121.29, Acceptance Ratio = 0.437737, Pressure = 2.10517
Step 29150000 - Total Energy: -3094.2, Acceptance Ratio = 0.437736, Pressure = 2.36746
Step 29160000 - Total Energy: -3140.73, Acceptance Ratio = 0.437736, Pressure = 2.03014
Step 29170000 - Total Energy: -3127.08, Acceptance Ratio = 0.437738, Pressure = 2.22063
Step 29180000 - Total Energy: -3132.5, Acceptance Ratio = 0.437736, Pressure = 2.14692
Step 29190000 - Total Energy: -3119.12, Acceptance Ratio = 0.437734, Pressure = 2.26837
Step 29200000 - Total Energy: -3101.26, Acceptance Ratio = 0.437733, Pressure = 2.3738
Step 29210000 - Total Energy: -3102.93, Acceptance Ratio = 0.43773, Pressure = 2.45358
Step 29220000 - Total Energy: -3122.05, Acceptance Ratio = 0.43773, Pressure = 2.27161
Step 29230000 - Total Energy: -3143.9, Acceptance Ratio = 0.437728, Pressure = 2.03083
Step 29240000 - Total Energy: -3148.27, Acceptance Ratio = 0.437727, Pressure = 1.94617
Step 29250000 - Total Energy: -3132.25, Acceptance Ratio = 0.437728, Pressure = 2.14783
Step 29260000 - Total Energy: -3114.75, Acceptance Ratio = 0.437729, Pressure = 2.29674
Step 29270000 - Total Energy: -3118.54, Acceptance Ratio = 0.437731, Pressure = 2.24327
Step 29280000 - Total Energy: -3145.89, Acceptance Ratio = 0.437729, Pressure = 1.94886
Step 29290000 - Total Energy: -3103.44, Acceptance Ratio = 0.437728, Pressure = 2.43529
Step 29300000 - Total Energy: -3131.53, Acceptance Ratio = 0.437728, Pressure = 2.1494
Step 29310000 - Total Energy: -3114.08, Acceptance Ratio = 0.437727, Pressure = 2.28943
Step 29320000 - Total Energy: -3095.62, Acceptance Ratio = 0.437723, Pressure = 2.47466
Step 29330000 - Total Energy: -3066.45, Acceptance Ratio = 0.437721, Pressure = 2.81976
Step 29340000 - Total Energy: -3116.87, Acceptance Ratio = 0.437719, Pressure = 2.25825
Step 29350000 - Total Energy: -3091.96, Acceptance Ratio = 0.437722, Pressure = 2.54152
Step 29360000 - Total Energy: -3105.38, Acceptance Ratio = 0.437719, Pressure = 2.44996
Step 29370000 - Total Energy: -3081.29, Acceptance Ratio = 0.43772, Pressure = 2.70327
Step 29380000 - Total Energy: -3080.27, Acceptance Ratio = 0.437717, Pressure = 2.63795
Step 29390000 - Total Energy: -3095.39, Acceptance Ratio = 0.437717, Pressure = 2.46267
Step 29400000 - Total Energy: -3116.86, Acceptance Ratio = 0.437718, Pressure = 2.28201
Step 29410000 - Total Energy: -3124.09, Acceptance Ratio = 0.437718, Pressure = 2.2756
Step 29420000 - Total Energy: -3070.11, Acceptance Ratio = 0.437719, Pressure = 2.73397
Step 29430000 - Total Energy: -3067.43, Acceptance Ratio = 0.437718, Pressure = 2.82322
Step 29440000 - Total Energy: -3138.54, Acceptance Ratio = 0.437717, Pressure = 2.06013
Step 29450000 - Total Energy: -3114.1, Acceptance Ratio = 0.437715, Pressure = 2.32525
Step 29460000 - Total Energy: -3136.58, Acceptance Ratio = 0.437714, Pressure = 2.08854
Step 29470000 - Total Energy: -3107.83, Acceptance Ratio = 0.437712, Pressure = 2.33208
Step 29480000 - Total Energy: -3112.04, Acceptance Ratio = 0.437709, Pressure = 2.2945
Step 29490000 - Total Energy: -3147.92, Acceptance Ratio = 0.437708, Pressure = 1.99983
Step 29500000 - Total Energy: -3144.89, Acceptance Ratio = 0.437709, Pressure = 2.04999
Step 29510000 - Total Energy: -3138.63, Acceptance Ratio = 0.437708, Pressure = 2.08246
Step 29520000 - Total Energy: -3083.56, Acceptance Ratio = 0.437707, Pressure = 2.58577
Step 29530000 - Total Energy: -3102.95, Acceptance Ratio = 0.437707, Pressure = 2.43121
Step 29540000 - Total Energy: -3098.43, Acceptance Ratio = 0.437709, Pressure = 2.47463
Step 29550000 - Total Energy: -3080.94, Acceptance Ratio = 0.43771, Pressure = 2.60292
Step 29560000 - Total Energy: -3157.58, Acceptance Ratio = 0.437709, Pressure = 1.91641
Step 29570000 - Total Energy: -3130.95, Acceptance Ratio = 0.437711, Pressure = 2.17254
Step 29580000 - Total Energy: -3148.32, Acceptance Ratio = 0.43771, Pressure = 1.99057
Step 29590000 - Total Energy: -3112.54, Acceptance Ratio = 0.437711, Pressure = 2.3436
Step 29600000 - Total Energy: -3090.26, Acceptance Ratio = 0.437711, Pressure = 2.50048
Step 29610000 - Total Energy: -3114.27, Acceptance Ratio = 0.43771, Pressure = 2.29629
Step 29620000 - Total Energy: -3147.58, Acceptance Ratio = 0.437713, Pressure = 1.91405
Step 29630000 - Total Energy: -3113.25, Acceptance Ratio = 0.437713, Pressure = 2.27239
Step 29640000 - Total Energy: -3117.34, Acceptance Ratio = 0.437711, Pressure = 2.2138
Step 29650000 - Total Energy: -3186.62, Acceptance Ratio = 0.43771, Pressure = 1.5929
Step 29660000 - Total Energy: -3153.86, Acceptance Ratio = 0.437711, Pressure = 1.88977
Step 29670000 - Total Energy: -3132.69, Acceptance Ratio = 0.437712, Pressure = 2.1159
Step 29680000 - Total Energy: -3160.45, Acceptance Ratio = 0.437713, Pressure = 1.79974
Step 29690000 - Total Energy: -3147.88, Acceptance Ratio = 0.437716, Pressure = 1.91344
Step 29700000 - Total Energy: -3120.38, Acceptance Ratio = 0.437715, Pressure = 2.2449
Step 29710000 - Total Energy: -3132.42, Acceptance Ratio = 0.437718, Pressure = 2.12818
Step 29720000 - Total Energy: -3142.91, Acceptance Ratio = 0.437718, Pressure = 2.00322
Step 29730000 - Total Energy: -3121.52, Acceptance Ratio = 0.437718, Pressure = 2.1935
Step 29740000 - Total Energy: -3146.37, Acceptance Ratio = 0.43772, Pressure = 2.04076
Step 29750000 - Total Energy: -3138.35, Acceptance Ratio = 0.437722, Pressure = 2.08474
Step 29760000 - Total Energy: -3141.79, Acceptance Ratio = 0.437723, Pressure = 1.98513
Step 29770000 - Total Energy: -3109.87, Acceptance Ratio = 0.437725, Pressure = 2.2625
Step 29780000 - Total Energy: -3113.03, Acceptance Ratio = 0.437724, Pressure = 2.28746
Step 29790000 - Total Energy: -3110.45, Acceptance Ratio = 0.437725, Pressure = 2.23516
Step 29800000 - Total Energy: -3157.77, Acceptance Ratio = 0.437723, Pressure = 1.87534
Step 29810000 - Total Energy: -3138.16, Acceptance Ratio = 0.437725, Pressure = 2.10093
Step 29820000 - Total Energy: -3100.32, Acceptance Ratio = 0.437726, Pressure = 2.4471
Step 29830000 - Total Energy: -3101.87, Acceptance Ratio = 0.437723, Pressure = 2.46107
Step 29840000 - Total Energy: -3112.43, Acceptance Ratio = 0.437723, Pressure = 2.31982
Step 29850000 - Total Energy: -3117.1, Acceptance Ratio = 0.437726, Pressure = 2.27226
Step 29860000 - Total Energy: -3126.03, Acceptance Ratio = 0.437729, Pressure = 2.13138
Step 29870000 - Total Energy: -3163.16, Acceptance Ratio = 0.437732, Pressure = 1.80458
Step 29880000 - Total Energy: -3143.75, Acceptance Ratio = 0.437734, Pressure = 1.98097
Step 29890000 - Total Energy: -3142.79, Acceptance Ratio = 0.437739, Pressure = 2.03535
Step 29900000 - Total Energy: -3115.25, Acceptance Ratio = 0.43774, Pressure = 2.28094
Step 29910000 - Total Energy: -3107.61, Acceptance Ratio = 0.437739, Pressure = 2.32844
Step 29920000 - Total Energy: -3121.26, Acceptance Ratio = 0.437739, Pressure = 2.13019
Step 29930000 - Total Energy: -3137.08, Acceptance Ratio = 0.437739, Pressure = 2.02076
Step 29940000 - Total Energy: -3117.76, Acceptance Ratio = 0.43774, Pressure = 2.31199
Step 29950000 - Total Energy: -3100.2, Acceptance Ratio = 0.437741, Pressure = 2.46958
Step 29960000 - Total Energy: -3101.1, Acceptance Ratio = 0.437741, Pressure = 2.48816
Step 29970000 - Total Energy: -3102.76, Acceptance Ratio = 0.437741, Pressure = 2.47776
Step 29980000 - Total Energy: -3112.04, Acceptance Ratio = 0.437735, Pressure = 2.35028
Step 29990000 - Total Energy: -3146.58, Acceptance Ratio = 0.437738, Pressure = 1.94024
Step 30000000 - Total Energy: -3094.06, Acceptance Ratio = 0.437739, Pressure = 2.43673
Step 30010000 - Total Energy: -3097.67, Acceptance Ratio = 0.437741, Pressure = 2.38751
Step 30020000 - Total Energy: -3082.06, Acceptance Ratio = 0.437741, Pressure = 2.59748
Step 30030000 - Total Energy: -3134.21, Acceptance Ratio = 0.437744, Pressure = 2.00433
Step 30040000 - Total Energy: -3086.85, Acceptance Ratio = 0.437746, Pressure = 2.5962
Step 30050000 - Total Energy: -3124.33, Acceptance Ratio = 0.437745, Pressure = 2.24587
Step 30060000 - Total Energy: -3129.33, Acceptance Ratio = 0.437746, Pressure = 2.15657
Step 30070000 - Total Energy: -3165.17, Acceptance Ratio = 0.437747, Pressure = 1.72066
Step 30080000 - Total Energy: -3128.75, Acceptance Ratio = 0.437749, Pressure = 2.16062
Step 30090000 - Total Energy: -3112.2, Acceptance Ratio = 0.437747, Pressure = 2.28751
Step 30100000 - Total Energy: -3129.87, Acceptance Ratio = 0.437747, Pressure = 2.14957
Step 30110000 - Total Energy: -3121.65, Acceptance Ratio = 0.43775, Pressure = 2.2798
Step 30120000 - Total Energy: -3136.82, Acceptance Ratio = 0.43775, Pressure = 2.11538
Step 30130000 - Total Energy: -3152.58, Acceptance Ratio = 0.437751, Pressure = 1.94329
Step 30140000 - Total Energy: -3134.09, Acceptance Ratio = 0.437754, Pressure = 2.07993
Step 30150000 - Total Energy: -3087.7, Acceptance Ratio = 0.437755, Pressure = 2.59923
Step 30160000 - Total Energy: -3149.14, Acceptance Ratio = 0.437754, Pressure = 1.95919
Step 30170000 - Total Energy: -3131.09, Acceptance Ratio = 0.437752, Pressure = 2.16199
Step 30180000 - Total Energy: -3121.55, Acceptance Ratio = 0.43775, Pressure = 2.16207
Step 30190000 - Total Energy: -3147.78, Acceptance Ratio = 0.437751, Pressure = 1.96733
Step 30200000 - Total Energy: -3129.46, Acceptance Ratio = 0.43775, Pressure = 2.13962
Step 30210000 - Total Energy: -3147.85, Acceptance Ratio = 0.437751, Pressure = 1.99942
Step 30220000 - Total Energy: -3136.9, Acceptance Ratio = 0.437753, Pressure = 2.00309
Step 30230000 - Total Energy: -3123.45, Acceptance Ratio = 0.437752, Pressure = 2.21229
Step 30240000 - Total Energy: -3159.06, Acceptance Ratio = 0.437752, Pressure = 1.86503
Step 30250000 - Total Energy: -3138.64, Acceptance Ratio = 0.437752, Pressure = 2.06557
Step 30260000 - Total Energy: -3100.38, Acceptance Ratio = 0.437751, Pressure = 2.45252
Step 30270000 - Total Energy: -3107.9, Acceptance Ratio = 0.437749, Pressure = 2.37425
Step 30280000 - Total Energy: -3100.41, Acceptance Ratio = 0.437749, Pressure = 2.39131
Step 30290000 - Total Energy: -3109.15, Acceptance Ratio = 0.437746, Pressure = 2.39665
Step 30300000 - Total Energy: -3108.94, Acceptance Ratio = 0.437746, Pressure = 2.3975
Step 30310000 - Total Energy: -3128.71, Acceptance Ratio = 0.437747, Pressure = 2.18748
Step 30320000 - Total Energy: -3151.41, Acceptance Ratio = 0.437747, Pressure = 1.94172
Step 30330000 - Total Energy: -3138.02, Acceptance Ratio = 0.437752, Pressure = 1.94521
Step 30340000 - Total Energy: -3141.45, Acceptance Ratio = 0.437754, Pressure = 2.06288
Step 30350000 - Total Energy: -3103.74, Acceptance Ratio = 0.437755, Pressure = 2.35931
Step 30360000 - Total Energy: -3105.56, Acceptance Ratio = 0.437757, Pressure = 2.39294
Step 30370000 - Total Energy: -3128.6, Acceptance Ratio = 0.437759, Pressure = 2.12814
Step 30380000 - Total Energy: -3115.05, Acceptance Ratio = 0.437761, Pressure = 2.28735
Step 30390000 - Total Energy: -3132.48, Acceptance Ratio = 0.437761, Pressure = 2.03761
Step 30400000 - Total Energy: -3095.84, Acceptance Ratio = 0.437762, Pressure = 2.4987
Step 30410000 - Total Energy: -3146.59, Acceptance Ratio = 0.437762, Pressure = 1.9515
Step 30420000 - Total Energy: -3081.56, Acceptance Ratio = 0.437761, Pressure = 2.59376
Step 30430000 - Total Energy: -3152.07, Acceptance Ratio = 0.437766, Pressure = 1.85006
Step 30440000 - Total Energy: -3110.23, Acceptance Ratio = 0.437767, Pressure = 2.29567
Step 30450000 - Total Energy: -3131.52, Acceptance Ratio = 0.437767, Pressure = 2.08419
Step 30460000 - Total Energy: -3151.4, Acceptance Ratio = 0.437767, Pressure = 1.93052
Step 30470000 - Total Energy: -3117.56, Acceptance Ratio = 0.437767, Pressure = 2.25623
Step 30480000 - Total Energy: -3157.25, Acceptance Ratio = 0.437769, Pressure = 1.84761
Step 30490000 - Total Energy: -3111.88, Acceptance Ratio = 0.437771, Pressure = 2.29236
Step 30500000 - Total Energy: -3126.9, Acceptance Ratio = 0.437774, Pressure = 2.11305
Step 30510000 - Total Energy: -3114.65, Acceptance Ratio = 0.437773, Pressure = 2.26168
Step 30520000 - Total Energy: -3115.14, Acceptance Ratio = 0.437774, Pressure = 2.21847
Step 30530000 - Total Energy: -3121.99, Acceptance Ratio = 0.437776, Pressure = 2.10861
Step 30540000 - Total Energy: -3111.34, Acceptance Ratio = 0.437774, Pressure = 2.29072
Step 30550000 - Total Energy: -3135.04, Acceptance Ratio = 0.437774, Pressure = 2.09561
Step 30560000 - Total Energy: -3125.97, Acceptance Ratio = 0.437776, Pressure = 2.1011
Step 30570000 - Total Energy: -3123.42, Acceptance Ratio = 0.437776, Pressure = 2.18521
Step 30580000 - Total Energy: -3146.65, Acceptance Ratio = 0.437778, Pressure = 1.93972
Step 30590000 - Total Energy: -3112.85, Acceptance Ratio = 0.437781, Pressure = 2.29937
Step 30600000 - Total Energy: -3125.17, Acceptance Ratio = 0.437781, Pressure = 2.21569
Step 30610000 - Total Energy: -3101.4, Acceptance Ratio = 0.43778, Pressure = 2.40843
Step 30620000 - Total Energy: -3148.8, Acceptance Ratio = 0.437781, Pressure = 1.96191
Step 30630000 - Total Energy: -3136.91, Acceptance Ratio = 0.43778, Pressure = 2.0912
Step 30640000 - Total Energy: -3140.67, Acceptance Ratio = 0.43778, Pressure = 1.93283
Step 30650000 - Total Energy: -3157.15, Acceptance Ratio = 0.437781, Pressure = 1.76025
Step 30660000 - Total Energy: -3133.83, Acceptance Ratio = 0.437781, Pressure = 2.09445
Step 30670000 - Total Energy: -3140.88, Acceptance Ratio = 0.437785, Pressure = 1.99332
Step 30680000 - Total Energy: -3130.68, Acceptance Ratio = 0.437786, Pressure = 2.18127
Step 30690000 - Total Energy: -3101.99, Acceptance Ratio = 0.437788, Pressure = 2.42287
Step 30700000 - Total Energy: -3153.59, Acceptance Ratio = 0.437789, Pressure = 1.85011
Step 30710000 - Total Energy: -3122.67, Acceptance Ratio = 0.43779, Pressure = 2.08116
Step 30720000 - Total Energy: -3114.66, Acceptance Ratio = 0.437788, Pressure = 2.23679
Step 30730000 - Total Energy: -3117.19, Acceptance Ratio = 0.437787, Pressure = 2.25108
Step 30740000 - Total Energy: -3101.56, Acceptance Ratio = 0.437788, Pressure = 2.41261
Step 30750000 - Total Energy: -3094.92, Acceptance Ratio = 0.437786, Pressure = 2.49187
Step 30760000 - Total Energy: -3133.1, Acceptance Ratio = 0.437791, Pressure = 2.06937
Step 30770000 - Total Energy: -3115.49, Acceptance Ratio = 0.437791, Pressure = 2.3097
Step 30780000 - Total Energy: -3166.8, Acceptance Ratio = 0.43779, Pressure = 1.76444
Step 30790000 - Total Energy: -3120.16, Acceptance Ratio = 0.43779, Pressure = 2.1867
Step 30800000 - Total Energy: -3107.05, Acceptance Ratio = 0.437792, Pressure = 2.31097
Step 30810000 - Total Energy: -3114.74, Acceptance Ratio = 0.437793, Pressure = 2.2468
Step 30820000 - Total Energy: -3110.4, Acceptance Ratio = 0.437792, Pressure = 2.36614
Step 30830000 - Total Energy: -3114.23, Acceptance Ratio = 0.437793, Pressure = 2.32806
Step 30840000 - Total Energy: -3145.57, Acceptance Ratio = 0.437793, Pressure = 1.98604
Step 30850000 - Total Energy: -3104.7, Acceptance Ratio = 0.437796, Pressure = 2.4141
Step 30860000 - Total Energy: -3109.55, Acceptance Ratio = 0.437792, Pressure = 2.36225
Step 30870000 - Total Energy: -3127.84, Acceptance Ratio = 0.437794, Pressure = 2.21563
Step 30880000 - Total Energy: -3135.75, Acceptance Ratio = 0.437793, Pressure = 2.05759
Step 30890000 - Total Energy: -3127.08, Acceptance Ratio = 0.437791, Pressure = 2.15473
Step 30900000 - Total Energy: -3123.48, Acceptance Ratio = 0.437791, Pressure = 2.17396
Step 30910000 - Total Energy: -3115.49, Acceptance Ratio = 0.437789, Pressure = 2.24982
Step 30920000 - Total Energy: -3131.75, Acceptance Ratio = 0.437789, Pressure = 2.1109
Step 30930000 - Total Energy: -3094.37, Acceptance Ratio = 0.437789, Pressure = 2.48956
Step 30940000 - Total Energy: -3089.86, Acceptance Ratio = 0.43779, Pressure = 2.50972
Step 30950000 - Total Energy: -3136.75, Acceptance Ratio = 0.43779, Pressure = 2.00561
Step 30960000 - Total Energy: -3138.83, Acceptance Ratio = 0.437792, Pressure = 1.98314
Step 30970000 - Total Energy: -3130.55, Acceptance Ratio = 0.437791, Pressure = 2.11937
Step 30980000 - Total Energy: -3132.16, Acceptance Ratio = 0.437793, Pressure = 2.17925
Step 30990000 - Total Energy: -3121.94, Acceptance Ratio = 0.437795, Pressure = 2.26993
Step 31000000 - Total Energy: -3107.61, Acceptance Ratio = 0.437797, Pressure = 2.3729
Step 31010000 - Total Energy: -3111.2, Acceptance Ratio = 0.437799, Pressure = 2.29436
Step 31020000 - Total Energy: -3131.96, Acceptance Ratio = 0.4378, Pressure = 2.05831
Step 31030000 - Total Energy: -3103.18, Acceptance Ratio = 0.437804, Pressure = 2.33901
Step 31040000 - Total Energy: -3104.86, Acceptance Ratio = 0.437807, Pressure = 2.36188
Step 31050000 - Total Energy: -3097.75, Acceptance Ratio = 0.437806, Pressure = 2.39301
Step 31060000 - Total Energy: -3109.11, Acceptance Ratio = 0.437805, Pressure = 2.34341
Step 31070000 - Total Energy: -3128.49, Acceptance Ratio = 0.437804, Pressure = 2.10858
Step 31080000 - Total Energy: -3098.7, Acceptance Ratio = 0.437805, Pressure = 2.41279
Step 31090000 - Total Energy: -3069.53, Acceptance Ratio = 0.437801, Pressure = 2.7229
Step 31100000 - Total Energy: -3114.42, Acceptance Ratio = 0.437801, Pressure = 2.34073
Step 31110000 - Total Energy: -3096.06, Acceptance Ratio = 0.437802, Pressure = 2.48989
Step 31120000 - Total Energy: -3082.84, Acceptance Ratio = 0.4378, Pressure = 2.62532
Step 31130000 - Total Energy: -3117.29, Acceptance Ratio = 0.437798, Pressure = 2.33117
Step 31140000 - Total Energy: -3133.29, Acceptance Ratio = 0.437795, Pressure = 2.08357
Step 31150000 - Total Energy: -3160.99, Acceptance Ratio = 0.437797, Pressure = 1.74679
Step 31160000 - Total Energy: -3132.72, Acceptance Ratio = 0.437801, Pressure = 2.10575
Step 31170000 - Total Energy: -3116.41, Acceptance Ratio = 0.437797, Pressure = 2.26248
Step 31180000 - Total Energy: -3107.76, Acceptance Ratio = 0.437799, Pressure = 2.36827
Step 31190000 - Total Energy: -3120.44, Acceptance Ratio = 0.4378, Pressure = 2.20073
Step 31200000 - Total Energy: -3066.12, Acceptance Ratio = 0.4378, Pressure = 2.79766
Step 31210000 - Total Energy: -3101.08, Acceptance Ratio = 0.4378, Pressure = 2.46773
Step 31220000 - Total Energy: -3137.79, Acceptance Ratio = 0.437799, Pressure = 2.08983
Step 31230000 - Total Energy: -3139.89, Acceptance Ratio = 0.437801, Pressure = 2.06728
Step 31240000 - Total Energy: -3113.44, Acceptance Ratio = 0.437802, Pressure = 2.30747
Step 31250000 - Total Energy: -3152.43, Acceptance Ratio = 0.437799, Pressure = 1.95768
Step 31260000 - Total Energy: -3148.81, Acceptance Ratio = 0.4378, Pressure = 1.93508
Step 31270000 - Total Energy: -3100.22, Acceptance Ratio = 0.4378, Pressure = 2.35987
Step 31280000 - Total Energy: -3113.3, Acceptance Ratio = 0.4378, Pressure = 2.33927
Step 31290000 - Total Energy: -3132.32, Acceptance Ratio = 0.437799, Pressure = 2.14043
Step 31300000 - Total Energy: -3124.45, Acceptance Ratio = 0.437798, Pressure = 2.23703
Step 31310000 - Total Energy: -3121.13, Acceptance Ratio = 0.437797, Pressure = 2.19243
Step 31320000 - Total Energy: -3135.22, Acceptance Ratio = 0.437796, Pressure = 2.0996
Step 31330000 - Total Energy: -3142.96, Acceptance Ratio = 0.437794, Pressure = 1.95985
Step 31340000 - Total Energy: -3139.33, Acceptance Ratio = 0.437797, Pressure = 2.04448
Step 31350000 - Total Energy: -3124.82, Acceptance Ratio = 0.437798, Pressure = 2.27178
Step 31360000 - Total Energy: -3097.6, Acceptance Ratio = 0.437798, Pressure = 2.49364
Step 31370000 - Total Energy: -3083.95, Acceptance Ratio = 0.437798, Pressure = 2.62217
Step 31380000 - Total Energy: -3095.32, Acceptance Ratio = 0.437798, Pressure = 2.47281
Step 31390000 - Total Energy: -3110.13, Acceptance Ratio = 0.437797, Pressure = 2.31557
Step 31400000 - Total Energy: -3136.7, Acceptance Ratio = 0.437797, Pressure = 1.97225
Step 31410000 - Total Energy: -3130.15, Acceptance Ratio = 0.437799, Pressure = 2.13177
Step 31420000 - Total Energy: -3111.65, Acceptance Ratio = 0.437797, Pressure = 2.30859
Step 31430000 - Total Energy: -3132.84, Acceptance Ratio = 0.437797, Pressure = 2.04267
Step 31440000 - Total Energy: -3124.98, Acceptance Ratio = 0.4378, Pressure = 2.16883
Step 31450000 - Total Energy: -3066.64, Acceptance Ratio = 0.437797, Pressure = 2.72534
Step 31460000 - Total Energy: -3131.91, Acceptance Ratio = 0.437801, Pressure = 2.04815
Step 31470000 - Total Energy: -3117.99, Acceptance Ratio = 0.437805, Pressure = 2.17217
Step 31480000 - Total Energy: -3092.42, Acceptance Ratio = 0.437806, Pressure = 2.44529
Step 31490000 - Total Energy: -3128.57, Acceptance Ratio = 0.437807, Pressure = 2.09194
Step 31500000 - Total Energy: -3094.51, Acceptance Ratio = 0.437806, Pressure = 2.40945
Step 31510000 - Total Energy: -3123.38, Acceptance Ratio = 0.437808, Pressure = 2.19158
Step 31520000 - Total Energy: -3120.41, Acceptance Ratio = 0.437809, Pressure = 2.13207
Step 31530000 - Total Energy: -3132.47, Acceptance Ratio = 0.437807, Pressure = 2.0538
Step 31540000 - Total Energy: -3148.4, Acceptance Ratio = 0.437807, Pressure = 1.94183
Step 31550000 - Total Energy: -3156.18, Acceptance Ratio = 0.437807, Pressure = 1.87797
Step 31560000 - Total Energy: -3130.96, Acceptance Ratio = 0.437808, Pressure = 2.07508
Step 31570000 - Total Energy: -3147.27, Acceptance Ratio = 0.437809, Pressure = 1.99223
Step 31580000 - Total Energy: -3157.43, Acceptance Ratio = 0.437811, Pressure = 1.8849
Step 31590000 - Total Energy: -3111.48, Acceptance Ratio = 0.437812, Pressure = 2.24518
Step 31600000 - Total Energy: -3145.11, Acceptance Ratio = 0.437812, Pressure = 1.91975
Step 31610000 - Total Energy: -3126.33, Acceptance Ratio = 0.437814, Pressure = 2.12147
Step 31620000 - Total Energy: -3127.57, Acceptance Ratio = 0.437815, Pressure = 2.24043
Step 31630000 - Total Energy: -3128.82, Acceptance Ratio = 0.437817, Pressure = 2.10057
Step 31640000 - Total Energy: -3134.65, Acceptance Ratio = 0.437819, Pressure = 2.10214
Step 31650000 - Total Energy: -3090, Acceptance Ratio = 0.437819, Pressure = 2.49351
Step 31660000 - Total Energy: -3124.78, Acceptance Ratio = 0.437819, Pressure = 2.12179
Step 31670000 - Total Energy: -3088.49, Acceptance Ratio = 0.43782, Pressure = 2.53041
Step 31680000 - Total Energy: -3117.41, Acceptance Ratio = 0.437819, Pressure = 2.27545
Step 31690000 - Total Energy: -3112.88, Acceptance Ratio = 0.437819, Pressure = 2.2895
Step 31700000 - Total Energy: -3130.28, Acceptance Ratio = 0.437818, Pressure = 2.13996
Step 31710000 - Total Energy: -3138.15, Acceptance Ratio = 0.437819, Pressure = 2.09395
Step 31720000 - Total Energy: -3175.84, Acceptance Ratio = 0.437822, Pressure = 1.6904
Step 31730000 - Total Energy: -3119.38, Acceptance Ratio = 0.437821, Pressure = 2.25064
Step 31740000 - Total Energy: -3136.11, Acceptance Ratio = 0.43782, Pressure = 2.1203
Step 31750000 - Total Energy: -3152.36, Acceptance Ratio = 0.437821, Pressure = 1.99379
Step 31760000 - Total Energy: -3110.63, Acceptance Ratio = 0.437821, Pressure = 2.36041
Step 31770000 - Total Energy: -3122.11, Acceptance Ratio = 0.437823, Pressure = 2.24333
Step 31780000 - Total Energy: -3103, Acceptance Ratio = 0.437821, Pressure = 2.37579
Step 31790000 - Total Energy: -3086.13, Acceptance Ratio = 0.437821, Pressure = 2.56678
Step 31800000 - Total Energy: -3109.95, Acceptance Ratio = 0.437816, Pressure = 2.32999
Step 31810000 - Total Energy: -3086.86, Acceptance Ratio = 0.437818, Pressure = 2.58657
Step 31820000 - Total Energy: -3087.41, Acceptance Ratio = 0.437818, Pressure = 2.51977
Step 31830000 - Total Energy: -3110.85, Acceptance Ratio = 0.437819, Pressure = 2.35086
Step 31840000 - Total Energy: -3129.61, Acceptance Ratio = 0.437818, Pressure = 2.14482
Step 31850000 - Total Energy: -3131.11, Acceptance Ratio = 0.437817, Pressure = 2.09148
Step 31860000 - Total Energy: -3125.67, Acceptance Ratio = 0.437819, Pressure = 2.20072
Step 31870000 - Total Energy: -3117.2, Acceptance Ratio = 0.437822, Pressure = 2.2127
Step 31880000 - Total Energy: -3125.96, Acceptance Ratio = 0.437823, Pressure = 2.1036
Step 31890000 - Total Energy: -3138.1, Acceptance Ratio = 0.437823, Pressure = 2.03791
Step 31900000 - Total Energy: -3136.28, Acceptance Ratio = 0.437824, Pressure = 2.05576
Step 31910000 - Total Energy: -3186.15, Acceptance Ratio = 0.437825, Pressure = 1.53411
Step 31920000 - Total Energy: -3145.54, Acceptance Ratio = 0.437826, Pressure = 1.96914
Step 31930000 - Total Energy: -3131.22, Acceptance Ratio = 0.437827, Pressure = 2.09086
Step 31940000 - Total Energy: -3131.45, Acceptance Ratio = 0.437828, Pressure = 2.16901
Step 31950000 - Total Energy: -3105.6, Acceptance Ratio = 0.437831, Pressure = 2.36597
Step 31960000 - Total Energy: -3106.53, Acceptance Ratio = 0.43783, Pressure = 2.40209
Step 31970000 - Total Energy: -3107.57, Acceptance Ratio = 0.43783, Pressure = 2.41095
Step 31980000 - Total Energy: -3165.87, Acceptance Ratio = 0.437828, Pressure = 1.79381
Step 31990000 - Total Energy: -3121.58, Acceptance Ratio = 0.43783, Pressure = 2.2378
Step 32000000 - Total Energy: -3114.94, Acceptance Ratio = 0.437831, Pressure = 2.23103
Step 32010000 - Total Energy: -3118.81, Acceptance Ratio = 0.437833, Pressure = 2.17507
Step 32020000 - Total Energy: -3139.79, Acceptance Ratio = 0.437837, Pressure = 2.05093
Step 32030000 - Total Energy: -3147.63, Acceptance Ratio = 0.437838, Pressure = 1.97077
Step 32040000 - Total Energy: -3143.04, Acceptance Ratio = 0.437841, Pressure = 1.97979
Step 32050000 - Total Energy: -3134.51, Acceptance Ratio = 0.437841, Pressure = 2.1298
Step 32060000 - Total Energy: -3162.74, Acceptance Ratio = 0.437845, Pressure = 1.77243
Step 32070000 - Total Energy: -3152.63, Acceptance Ratio = 0.437848, Pressure = 1.93956
Step 32080000 - Total Energy: -3117.23, Acceptance Ratio = 0.437846, Pressure = 2.3315
Step 32090000 - Total Energy: -3122.09, Acceptance Ratio = 0.437843, Pressure = 2.18409
Step 32100000 - Total Energy: -3140.7, Acceptance Ratio = 0.437843, Pressure = 2.06181
Step 32110000 - Total Energy: -3108.12, Acceptance Ratio = 0.437842, Pressure = 2.38701
Step 32120000 - Total Energy: -3125.08, Acceptance Ratio = 0.437837, Pressure = 2.25066
Step 32130000 - Total Energy: -3147, Acceptance Ratio = 0.437834, Pressure = 2.05111
Step 32140000 - Total Energy: -3102.69, Acceptance Ratio = 0.437832, Pressure = 2.40283
Step 32150000 - Total Energy: -3155.22, Acceptance Ratio = 0.43783, Pressure = 1.97759
Step 32160000 - Total Energy: -3130.42, Acceptance Ratio = 0.437829, Pressure = 2.17281
Step 32170000 - Total Energy: -3130.93, Acceptance Ratio = 0.437828, Pressure = 2.13617
Step 32180000 - Total Energy: -3147.03, Acceptance Ratio = 0.43783, Pressure = 2.01824
Step 32190000 - Total Energy: -3111.18, Acceptance Ratio = 0.437831, Pressure = 2.3547
Step 32200000 - Total Energy: -3125.52, Acceptance Ratio = 0.437834, Pressure = 2.08634
Step 32210000 - Total Energy: -3119.45, Acceptance Ratio = 0.437837, Pressure = 2.22034
Step 32220000 - Total Energy: -3120.38, Acceptance Ratio = 0.437839, Pressure = 2.17502
Step 32230000 - Total Energy: -3119.21, Acceptance Ratio = 0.437837, Pressure = 2.24402
Step 32240000 - Total Energy: -3118.14, Acceptance Ratio = 0.437835, Pressure = 2.25492
Step 32250000 - Total Energy: -3116.24, Acceptance Ratio = 0.437835, Pressure = 2.27161
Step 32260000 - Total Energy: -3118.65, Acceptance Ratio = 0.437837, Pressure = 2.20008
Step 32270000 - Total Energy: -3102.87, Acceptance Ratio = 0.437839, Pressure = 2.29314
Step 32280000 - Total Energy: -3132.9, Acceptance Ratio = 0.437838, Pressure = 2.11942
Step 32290000 - Total Energy: -3097.72, Acceptance Ratio = 0.43784, Pressure = 2.40315
Step 32300000 - Total Energy: -3139.35, Acceptance Ratio = 0.43784, Pressure = 2.01369
Step 32310000 - Total Energy: -3071.89, Acceptance Ratio = 0.43784, Pressure = 2.6642
Step 32320000 - Total Energy: -3094.82, Acceptance Ratio = 0.437841, Pressure = 2.48309
Step 32330000 - Total Energy: -3105.59, Acceptance Ratio = 0.437839, Pressure = 2.28839
Step 32340000 - Total Energy: -3124.02, Acceptance Ratio = 0.437839, Pressure = 2.19693
Step 32350000 - Total Energy: -3098.76, Acceptance Ratio = 0.437835, Pressure = 2.4208
Step 32360000 - Total Energy: -3107.68, Acceptance Ratio = 0.437835, Pressure = 2.33263
Step 32370000 - Total Energy: -3058.91, Acceptance Ratio = 0.437833, Pressure = 2.82863
Step 32380000 - Total Energy: -3066.85, Acceptance Ratio = 0.437832, Pressure = 2.74763
Step 32390000 - Total Energy: -3084.29, Acceptance Ratio = 0.437831, Pressure = 2.55913
Step 32400000 - Total Energy: -3102.03, Acceptance Ratio = 0.437829, Pressure = 2.44284
Step 32410000 - Total Energy: -3071.5, Acceptance Ratio = 0.437826, Pressure = 2.71447
Step 32420000 - Total Energy: -3095.91, Acceptance Ratio = 0.437825, Pressure = 2.49691
Step 32430000 - Total Energy: -3084.46, Acceptance Ratio = 0.437827, Pressure = 2.56163
Step 32440000 - Total Energy: -3099.33, Acceptance Ratio = 0.437825, Pressure = 2.41192
Step 32450000 - Total Energy: -3133.53, Acceptance Ratio = 0.437824, Pressure = 2.07932
Step 32460000 - Total Energy: -3114.38, Acceptance Ratio = 0.437821, Pressure = 2.24185
Step 32470000 - Total Energy: -3137.93, Acceptance Ratio = 0.437822, Pressure = 1.96603
Step 32480000 - Total Energy: -3109.54, Acceptance Ratio = 0.437825, Pressure = 2.32585
Step 32490000 - Total Energy: -3102.33, Acceptance Ratio = 0.437825, Pressure = 2.49391
Step 32500000 - Total Energy: -3084.86, Acceptance Ratio = 0.437822, Pressure = 2.57517
Step 32510000 - Total Energy: -3094.07, Acceptance Ratio = 0.43782, Pressure = 2.48244
Step 32520000 - Total Energy: -3109.8, Acceptance Ratio = 0.437817, Pressure = 2.33257
Step 32530000 - Total Energy: -3098.26, Acceptance Ratio = 0.437816, Pressure = 2.48769
Step 32540000 - Total Energy: -3092.12, Acceptance Ratio = 0.437814, Pressure = 2.52059
Step 32550000 - Total Energy: -3120.31, Acceptance Ratio = 0.437816, Pressure = 2.27353
Step 32560000 - Total Energy: -3118.05, Acceptance Ratio = 0.437815, Pressure = 2.34544
Step 32570000 - Total Energy: -3118.46, Acceptance Ratio = 0.437812, Pressure = 2.26204
Step 32580000 - Total Energy: -3073.62, Acceptance Ratio = 0.437813, Pressure = 2.67337
Step 32590000 - Total Energy: -3111.2, Acceptance Ratio = 0.437813, Pressure = 2.35864
Step 32600000 - Total Energy: -3133.08, Acceptance Ratio = 0.437815, Pressure = 2.0702
Step 32610000 - Total Energy: -3141.07, Acceptance Ratio = 0.437814, Pressure = 2.01002
Step 32620000 - Total Energy: -3098.54, Acceptance Ratio = 0.437816, Pressure = 2.40958
Step 32630000 - Total Energy: -3134.29, Acceptance Ratio = 0.437816, Pressure = 2.10603
Step 32640000 - Total Energy: -3122.69, Acceptance Ratio = 0.437817, Pressure = 2.25978
Step 32650000 - Total Energy: -3158.18, Acceptance Ratio = 0.437814, Pressure = 1.85576
Step 32660000 - Total Energy: -3119, Acceptance Ratio = 0.437813, Pressure = 2.24941
Step 32670000 - Total Energy: -3124.19, Acceptance Ratio = 0.437814, Pressure = 2.24607
Step 32680000 - Total Energy: -3166.95, Acceptance Ratio = 0.437815, Pressure = 1.82276
Step 32690000 - Total Energy: -3112.83, Acceptance Ratio = 0.437816, Pressure = 2.28382
Step 32700000 - Total Energy: -3118.33, Acceptance Ratio = 0.437814, Pressure = 2.28994
Step 32710000 - Total Energy: -3148.29, Acceptance Ratio = 0.437815, Pressure = 2.01354
Step 32720000 - Total Energy: -3114.05, Acceptance Ratio = 0.437816, Pressure = 2.33012
Step 32730000 - Total Energy: -3128.49, Acceptance Ratio = 0.437818, Pressure = 2.21381
Step 32740000 - Total Energy: -3141.25, Acceptance Ratio = 0.437818, Pressure = 2.1101
Step 32750000 - Total Energy: -3080.73, Acceptance Ratio = 0.437818, Pressure = 2.70567
Step 32760000 - Total Energy: -3108.06, Acceptance Ratio = 0.437815, Pressure = 2.35937
Step 32770000 - Total Energy: -3096.89, Acceptance Ratio = 0.437812, Pressure = 2.4866
Step 32780000 - Total Energy: -3147.36, Acceptance Ratio = 0.437809, Pressure = 1.96422
Step 32790000 - Total Energy: -3083.81, Acceptance Ratio = 0.437808, Pressure = 2.6367
Step 32800000 - Total Energy: -3111.01, Acceptance Ratio = 0.437806, Pressure = 2.33392
Step 32810000 - Total Energy: -3100.31, Acceptance Ratio = 0.437803, Pressure = 2.43208
Step 32820000 - Total Energy: -3114.89, Acceptance Ratio = 0.437801, Pressure = 2.34308
Step 32830000 - Total Energy: -3118.09, Acceptance Ratio = 0.437802, Pressure = 2.33703
Step 32840000 - Total Energy: -3155.78, Acceptance Ratio = 0.437802, Pressure = 1.90502
Step 32850000 - Total Energy: -3091.48, Acceptance Ratio = 0.437803, Pressure = 2.5189
Step 32860000 - Total Energy: -3110.21, Acceptance Ratio = 0.437804, Pressure = 2.35634
Step 32870000 - Total Energy: -3124.54, Acceptance Ratio = 0.437802, Pressure = 2.23067
Step 32880000 - Total Energy: -3097.27, Acceptance Ratio = 0.4378, Pressure = 2.45003
Step 32890000 - Total Energy: -3111.77, Acceptance Ratio = 0.437802, Pressure = 2.34141
Step 32900000 - Total Energy: -3109.3, Acceptance Ratio = 0.437801, Pressure = 2.33571
Step 32910000 - Total Energy: -3099.87, Acceptance Ratio = 0.437802, Pressure = 2.37846
Step 32920000 - Total Energy: -3115.37, Acceptance Ratio = 0.437803, Pressure = 2.31551
Step 32930000 - Total Energy: -3137.27, Acceptance Ratio = 0.437803, Pressure = 2.07206
Step 32940000 - Total Energy: -3146.73, Acceptance Ratio = 0.437803, Pressure = 1.94712
Step 32950000 - Total Energy: -3134.2, Acceptance Ratio = 0.437805, Pressure = 2.15415
Step 32960000 - Total Energy: -3139.12, Acceptance Ratio = 0.437806, Pressure = 2.05596
Step 32970000 - Total Energy: -3098.37, Acceptance Ratio = 0.437809, Pressure = 2.44256
Step 32980000 - Total Energy: -3124.11, Acceptance Ratio = 0.437806, Pressure = 2.20936
Step 32990000 - Total Energy: -3103.92, Acceptance Ratio = 0.437804, Pressure = 2.45281
Step 33000000 - Total Energy: -3108.78, Acceptance Ratio = 0.437802, Pressure = 2.41034
Step 33010000 - Total Energy: -3084.1, Acceptance Ratio = 0.437802, Pressure = 2.66895
Step 33020000 - Total Energy: -3135.5, Acceptance Ratio = 0.437802, Pressure = 2.1071
Step 33030000 - Total Energy: -3106.92, Acceptance Ratio = 0.437804, Pressure = 2.34832
Step 33040000 - Total Energy: -3123.41, Acceptance Ratio = 0.437807, Pressure = 2.19142
Step 33050000 - Total Energy: -3137.12, Acceptance Ratio = 0.437809, Pressure = 1.99606
Step 33060000 - Total Energy: -3117.05, Acceptance Ratio = 0.437807, Pressure = 2.21324
Step 33070000 - Total Energy: -3138.03, Acceptance Ratio = 0.437808, Pressure = 2.06522
Step 33080000 - Total Energy: -3129.11, Acceptance Ratio = 0.437806, Pressure = 2.1026
Step 33090000 - Total Energy: -3135.11, Acceptance Ratio = 0.437807, Pressure = 2.05383
Step 33100000 - Total Energy: -3133.98, Acceptance Ratio = 0.437808, Pressure = 2.09596
Step 33110000 - Total Energy: -3092.39, Acceptance Ratio = 0.437806, Pressure = 2.53811
Step 33120000 - Total Energy: -3144.9, Acceptance Ratio = 0.437805, Pressure = 2.03362
Step 33130000 - Total Energy: -3139.02, Acceptance Ratio = 0.437805, Pressure = 2.04143
Step 33140000 - Total Energy: -3154.05, Acceptance Ratio = 0.437806, Pressure = 1.8675
Step 33150000 - Total Energy: -3122.28, Acceptance Ratio = 0.437804, Pressure = 2.19038
Step 33160000 - Total Energy: -3161.49, Acceptance Ratio = 0.437805, Pressure = 1.82389
Step 33170000 - Total Energy: -3108.93, Acceptance Ratio = 0.437806, Pressure = 2.31007
Step 33180000 - Total Energy: -3146.88, Acceptance Ratio = 0.437805, Pressure = 2.01942
Step 33190000 - Total Energy: -3116.89, Acceptance Ratio = 0.437806, Pressure = 2.30935
Step 33200000 - Total Energy: -3083.47, Acceptance Ratio = 0.437807, Pressure = 2.56904
Step 33210000 - Total Energy: -3114.65, Acceptance Ratio = 0.437806, Pressure = 2.27551
Step 33220000 - Total Energy: -3139.5, Acceptance Ratio = 0.437808, Pressure = 2.02763
Step 33230000 - Total Energy: -3105.23, Acceptance Ratio = 0.437808, Pressure = 2.29997
Step 33240000 - Total Energy: -3154.34, Acceptance Ratio = 0.437812, Pressure = 1.90898
Step 33250000 - Total Energy: -3172.65, Acceptance Ratio = 0.437812, Pressure = 1.68182
Step 33260000 - Total Energy: -3134.33, Acceptance Ratio = 0.437813, Pressure = 2.11558
Step 33270000 - Total Energy: -3135.75, Acceptance Ratio = 0.437815, Pressure = 2.0863
Step 33280000 - Total Energy: -3135.45, Acceptance Ratio = 0.437818, Pressure = 2.04455
Step 33290000 - Total Energy: -3133.05, Acceptance Ratio = 0.437819, Pressure = 2.0774
Step 33300000 - Total Energy: -3090.11, Acceptance Ratio = 0.437818, Pressure = 2.50896
Step 33310000 - Total Energy: -3172.51, Acceptance Ratio = 0.437819, Pressure = 1.72765
Step 33320000 - Total Energy: -3140.54, Acceptance Ratio = 0.437821, Pressure = 2.04619
Step 33330000 - Total Energy: -3131.39, Acceptance Ratio = 0.437821, Pressure = 2.08847
Step 33340000 - Total Energy: -3158.9, Acceptance Ratio = 0.437822, Pressure = 1.86117
Step 33350000 - Total Energy: -3140.19, Acceptance Ratio = 0.437823, Pressure = 1.9647
Step 33360000 - Total Energy: -3127.41, Acceptance Ratio = 0.437822, Pressure = 2.20108
Step 33370000 - Total Energy: -3132.12, Acceptance Ratio = 0.43782, Pressure = 2.1327
Step 33380000 - Total Energy: -3085.44, Acceptance Ratio = 0.43782, Pressure = 2.52972
Step 33390000 - Total Energy: -3118.29, Acceptance Ratio = 0.437821, Pressure = 2.16492
Step 33400000 - Total Energy: -3144.35, Acceptance Ratio = 0.437825, Pressure = 1.89849
Step 33410000 - Total Energy: -3123.45, Acceptance Ratio = 0.437829, Pressure = 2.19712
Step 33420000 - Total Energy: -3124.79, Acceptance Ratio = 0.437831, Pressure = 2.18368
Step 33430000 - Total Energy: -3152.25, Acceptance Ratio = 0.437831, Pressure = 1.90518
Step 33440000 - Total Energy: -3100.76, Acceptance Ratio = 0.437831, Pressure = 2.41858
Step 33450000 - Total Energy: -3143.41, Acceptance Ratio = 0.437832, Pressure = 1.91275
Step 33460000 - Total Energy: -3125.17, Acceptance Ratio = 0.437832, Pressure = 2.1598
Step 33470000 - Total Energy: -3120.41, Acceptance Ratio = 0.437832, Pressure = 2.20536
Step 33480000 - Total Energy: -3129.21, Acceptance Ratio = 0.437833, Pressure = 2.11586
Step 33490000 - Total Energy: -3078.95, Acceptance Ratio = 0.437831, Pressure = 2.66285
Step 33500000 - Total Energy: -3093.25, Acceptance Ratio = 0.43783, Pressure = 2.46561
Step 33510000 - Total Energy: -3090.48, Acceptance Ratio = 0.437828, Pressure = 2.54715
Step 33520000 - Total Energy: -3066.7, Acceptance Ratio = 0.437827, Pressure = 2.86565
Step 33530000 - Total Energy: -3107.05, Acceptance Ratio = 0.437824, Pressure = 2.4161
Step 33540000 - Total Energy: -3123.09, Acceptance Ratio = 0.437823, Pressure = 2.26612
Step 33550000 - Total Energy: -3111.8, Acceptance Ratio = 0.437819, Pressure = 2.37046
Step 33560000 - Total Energy: -3111.59, Acceptance Ratio = 0.437822, Pressure = 2.32707
Step 33570000 - Total Energy: -3100.85, Acceptance Ratio = 0.437818, Pressure = 2.41096
Step 33580000 - Total Energy: -3119.53, Acceptance Ratio = 0.437818, Pressure = 2.22531
Step 33590000 - Total Energy: -3073.75, Acceptance Ratio = 0.437814, Pressure = 2.68668
Step 33600000 - Total Energy: -3114.95, Acceptance Ratio = 0.437814, Pressure = 2.27928
Step 33610000 - Total Energy: -3094.92, Acceptance Ratio = 0.437815, Pressure = 2.47886
Step 33620000 - Total Energy: -3093.76, Acceptance Ratio = 0.437812, Pressure = 2.47476
Step 33630000 - Total Energy: -3080.22, Acceptance Ratio = 0.437812, Pressure = 2.66053
Step 33640000 - Total Energy: -3106.23, Acceptance Ratio = 0.437811, Pressure = 2.34027
Step 33650000 - Total Energy: -3096.03, Acceptance Ratio = 0.43781, Pressure = 2.42855
Step 33660000 - Total Energy: -3098.71, Acceptance Ratio = 0.437808, Pressure = 2.4557
Step 33670000 - Total Energy: -3124.03, Acceptance Ratio = 0.437807, Pressure = 2.17318
Step 33680000 - Total Energy: -3094.05, Acceptance Ratio = 0.437806, Pressure = 2.44695
Step 33690000 - Total Energy: -3079.35, Acceptance Ratio = 0.437808, Pressure = 2.6157
Step 33700000 - Total Energy: -3138.14, Acceptance Ratio = 0.437807, Pressure = 2.03851
Step 33710000 - Total Energy: -3134.37, Acceptance Ratio = 0.437804, Pressure = 2.10307
Step 33720000 - Total Energy: -3126.01, Acceptance Ratio = 0.437804, Pressure = 2.13872
Step 33730000 - Total Energy: -3144.14, Acceptance Ratio = 0.437806, Pressure = 2.04104
Step 33740000 - Total Energy: -3152.05, Acceptance Ratio = 0.437807, Pressure = 1.89753
Step 33750000 - Total Energy: -3148.67, Acceptance Ratio = 0.437807, Pressure = 1.87904
Step 33760000 - Total Energy: -3126.59, Acceptance Ratio = 0.437807, Pressure = 2.12607
Step 33770000 - Total Energy: -3130.88, Acceptance Ratio = 0.43781, Pressure = 2.08486
Step 33780000 - Total Energy: -3124.42, Acceptance Ratio = 0.437812, Pressure = 2.20528
Step 33790000 - Total Energy: -3139.62, Acceptance Ratio = 0.437815, Pressure = 2.01038
Step 33800000 - Total Energy: -3163.41, Acceptance Ratio = 0.437814, Pressure = 1.83333
Step 33810000 - Total Energy: -3126.77, Acceptance Ratio = 0.437812, Pressure = 2.14389
Step 33820000 - Total Energy: -3093.91, Acceptance Ratio = 0.437814, Pressure = 2.44696
Step 33830000 - Total Energy: -3119.71, Acceptance Ratio = 0.437815, Pressure = 2.21363
Step 33840000 - Total Energy: -3125.43, Acceptance Ratio = 0.437817, Pressure = 2.19189
Step 33850000 - Total Energy: -3125.85, Acceptance Ratio = 0.437818, Pressure = 2.11178
Step 33860000 - Total Energy: -3122.85, Acceptance Ratio = 0.437818, Pressure = 2.1869
Step 33870000 - Total Energy: -3134.29, Acceptance Ratio = 0.437815, Pressure = 2.11023
Step 33880000 - Total Energy: -3121.56, Acceptance Ratio = 0.437817, Pressure = 2.23166
Step 33890000 - Total Energy: -3123.87, Acceptance Ratio = 0.437814, Pressure = 2.1727
Step 33900000 - Total Energy: -3158.04, Acceptance Ratio = 0.437814, Pressure = 1.8167
Step 33910000 - Total Energy: -3144.84, Acceptance Ratio = 0.437815, Pressure = 1.90505
Step 33920000 - Total Energy: -3099.62, Acceptance Ratio = 0.437814, Pressure = 2.48418
Step 33930000 - Total Energy: -3109.64, Acceptance Ratio = 0.437816, Pressure = 2.3639
Step 33940000 - Total Energy: -3130.26, Acceptance Ratio = 0.437817, Pressure = 2.17809
Step 33950000 - Total Energy: -3144.25, Acceptance Ratio = 0.437819, Pressure = 2.00054
Step 33960000 - Total Energy: -3162.95, Acceptance Ratio = 0.437822, Pressure = 1.86148
Step 33970000 - Total Energy: -3095.95, Acceptance Ratio = 0.437824, Pressure = 2.45253
Step 33980000 - Total Energy: -3129.92, Acceptance Ratio = 0.437824, Pressure = 2.09101
Step 33990000 - Total Energy: -3129.98, Acceptance Ratio = 0.437824, Pressure = 2.08119
Step 34000000 - Total Energy: -3142.45, Acceptance Ratio = 0.437825, Pressure = 2.00748
Step 34010000 - Total Energy: -3149.41, Acceptance Ratio = 0.437825, Pressure = 1.92076
Step 34020000 - Total Energy: -3149.16, Acceptance Ratio = 0.437825, Pressure = 1.91401
Step 34030000 - Total Energy: -3142.44, Acceptance Ratio = 0.437829, Pressure = 1.96668
Step 34040000 - Total Energy: -3154.64, Acceptance Ratio = 0.437829, Pressure = 1.87166
Step 34050000 - Total Energy: -3109.34, Acceptance Ratio = 0.437829, Pressure = 2.52082
Step 34060000 - Total Energy: -3143.05, Acceptance Ratio = 0.437829, Pressure = 2.00536
Step 34070000 - Total Energy: -3104.16, Acceptance Ratio = 0.437828, Pressure = 2.37521
Step 34080000 - Total Energy: -3138.13, Acceptance Ratio = 0.437829, Pressure = 2.07896
Step 34090000 - Total Energy: -3116.1, Acceptance Ratio = 0.437826, Pressure = 2.3161
Step 34100000 - Total Energy: -3105.98, Acceptance Ratio = 0.437825, Pressure = 2.32362
Step 34110000 - Total Energy: -3131.76, Acceptance Ratio = 0.437822, Pressure = 2.05305
Step 34120000 - Total Energy: -3091.19, Acceptance Ratio = 0.43782, Pressure = 2.44613
Step 34130000 - Total Energy: -3086.81, Acceptance Ratio = 0.437822, Pressure = 2.60096
Step 34140000 - Total Energy: -3153.4, Acceptance Ratio = 0.437825, Pressure = 1.90848
Step 34150000 - Total Energy: -3120.57, Acceptance Ratio = 0.437824, Pressure = 2.22938
Step 34160000 - Total Energy: -3102.32, Acceptance Ratio = 0.437825, Pressure = 2.39937
Step 34170000 - Total Energy: -3155.34, Acceptance Ratio = 0.437825, Pressure = 1.87068
Step 34180000 - Total Energy: -3121.06, Acceptance Ratio = 0.437826, Pressure = 2.19149
Step 34190000 - Total Energy: -3126.1, Acceptance Ratio = 0.437828, Pressure = 2.2105
Step 34200000 - Total Energy: -3097.76, Acceptance Ratio = 0.437827, Pressure = 2.40865
Step 34210000 - Total Energy: -3098.32, Acceptance Ratio = 0.437828, Pressure = 2.39873
Step 34220000 - Total Energy: -3155.46, Acceptance Ratio = 0.437829, Pressure = 1.86752
Step 34230000 - Total Energy: -3131.87, Acceptance Ratio = 0.437829, Pressure = 2.09931
Step 34240000 - Total Energy: -3153.77, Acceptance Ratio = 0.437831, Pressure = 1.86896
Step 34250000 - Total Energy: -3102.95, Acceptance Ratio = 0.43783, Pressure = 2.44385
Step 34260000 - Total Energy: -3127.94, Acceptance Ratio = 0.437833, Pressure = 2.13719
Step 34270000 - Total Energy: -3101.7, Acceptance Ratio = 0.437835, Pressure = 2.35798
Step 34280000 - Total Energy: -3148.83, Acceptance Ratio = 0.437836, Pressure = 1.93299
Step 34290000 - Total Energy: -3150.53, Acceptance Ratio = 0.437838, Pressure = 1.94863
Step 34300000 - Total Energy: -3158.01, Acceptance Ratio = 0.437839, Pressure = 1.8418
Step 34310000 - Total Energy: -3130.92, Acceptance Ratio = 0.437842, Pressure = 2.07199
Step 34320000 - Total Energy: -3130.98, Acceptance Ratio = 0.43784, Pressure = 2.08703
Step 34330000 - Total Energy: -3089.47, Acceptance Ratio = 0.43784, Pressure = 2.49466
Step 34340000 - Total Energy: -3113.14, Acceptance Ratio = 0.437843, Pressure = 2.28398
Step 34350000 - Total Energy: -3120.46, Acceptance Ratio = 0.437845, Pressure = 2.24077
Step 34360000 - Total Energy: -3125.53, Acceptance Ratio = 0.437844, Pressure = 2.11804
Step 34370000 - Total Energy: -3149.17, Acceptance Ratio = 0.437846, Pressure = 1.96161
Step 34380000 - Total Energy: -3100.54, Acceptance Ratio = 0.437845, Pressure = 2.3671
Step 34390000 - Total Energy: -3160.93, Acceptance Ratio = 0.437845, Pressure = 1.73983
Step 34400000 - Total Energy: -3143.65, Acceptance Ratio = 0.437846, Pressure = 2.08075
Step 34410000 - Total Energy: -3121.66, Acceptance Ratio = 0.437844, Pressure = 2.23495
Step 34420000 - Total Energy: -3131.43, Acceptance Ratio = 0.437844, Pressure = 2.09308
Step 34430000 - Total Energy: -3113.36, Acceptance Ratio = 0.437844, Pressure = 2.30804
Step 34440000 - Total Energy: -3114.46, Acceptance Ratio = 0.437844, Pressure = 2.23593
Step 34450000 - Total Energy: -3123.57, Acceptance Ratio = 0.437846, Pressure = 2.14535
Step 34460000 - Total Energy: -3135.12, Acceptance Ratio = 0.437844, Pressure = 2.04189
Step 34470000 - Total Energy: -3129.83, Acceptance Ratio = 0.437844, Pressure = 2.17091
Step 34480000 - Total Energy: -3116.39, Acceptance Ratio = 0.437847, Pressure = 2.2591
Step 34490000 - Total Energy: -3121.97, Acceptance Ratio = 0.437849, Pressure = 2.19781
Step 34500000 - Total Energy: -3122.67, Acceptance Ratio = 0.43785, Pressure = 2.19275
Step 34510000 - Total Energy: -3122.01, Acceptance Ratio = 0.43785, Pressure = 2.16358
Step 34520000 - Total Energy: -3154.58, Acceptance Ratio = 0.43785, Pressure = 1.79713
Step 34530000 - Total Energy: -3122.13, Acceptance Ratio = 0.437851, Pressure = 2.2064
Step 34540000 - Total Energy: -3132.02, Acceptance Ratio = 0.437853, Pressure = 2.02837
Step 34550000 - Total Energy: -3125.71, Acceptance Ratio = 0.437854, Pressure = 2.14751
Step 34560000 - Total Energy: -3121.75, Acceptance Ratio = 0.437857, Pressure = 2.16732
Step 34570000 - Total Energy: -3134.61, Acceptance Ratio = 0.437858, Pressure = 2.03083
Step 34580000 - Total Energy: -3109.26, Acceptance Ratio = 0.437856, Pressure = 2.35223
Step 34590000 - Total Energy: -3128.06, Acceptance Ratio = 0.437856, Pressure = 2.2145
Step 34600000 - Total Energy: -3095.32, Acceptance Ratio = 0.437855, Pressure = 2.51938
Step 34610000 - Total Energy: -3110.62, Acceptance Ratio = 0.437855, Pressure = 2.3892
Step 34620000 - Total Energy: -3119.08, Acceptance Ratio = 0.437852, Pressure = 2.25583
Step 34630000 - Total Energy: -3129.97, Acceptance Ratio = 0.437855, Pressure = 2.15134
Step 34640000 - Total Energy: -3116.65, Acceptance Ratio = 0.437856, Pressure = 2.29726
Step 34650000 - Total Energy: -3119.63, Acceptance Ratio = 0.437855, Pressure = 2.21266
Step 34660000 - Total Energy: -3085.99, Acceptance Ratio = 0.437855, Pressure = 2.56769
Step 34670000 - Total Energy: -3081.55, Acceptance Ratio = 0.437854, Pressure = 2.62974
Step 34680000 - Total Energy: -3084.08, Acceptance Ratio = 0.437851, Pressure = 2.555
Step 34690000 - Total Energy: -3119, Acceptance Ratio = 0.437852, Pressure = 2.32804
Step 34700000 - Total Energy: -3103.31, Acceptance Ratio = 0.437851, Pressure = 2.45083
Step 34710000 - Total Energy: -3152.73, Acceptance Ratio = 0.437848, Pressure = 2.01467
Step 34720000 - Total Energy: -3122.86, Acceptance Ratio = 0.437849, Pressure = 2.29107
Step 34730000 - Total Energy: -3136.07, Acceptance Ratio = 0.437848, Pressure = 2.1134
Step 34740000 - Total Energy: -3095.36, Acceptance Ratio = 0.437847, Pressure = 2.55135
Step 34750000 - Total Energy: -3124.91, Acceptance Ratio = 0.437851, Pressure = 2.28265
Step 34760000 - Total Energy: -3114.45, Acceptance Ratio = 0.437852, Pressure = 2.35664
Step 34770000 - Total Energy: -3134.04, Acceptance Ratio = 0.437853, Pressure = 2.16947
Step 34780000 - Total Energy: -3144.3, Acceptance Ratio = 0.437854, Pressure = 2.06441
Step 34790000 - Total Energy: -3140.29, Acceptance Ratio = 0.437853, Pressure = 2.12004
Step 34800000 - Total Energy: -3124.39, Acceptance Ratio = 0.437855, Pressure = 2.23342
Step 34810000 - Total Energy: -3125.09, Acceptance Ratio = 0.437859, Pressure = 2.17286
Step 34820000 - Total Energy: -3132.85, Acceptance Ratio = 0.437863, Pressure = 2.10944
Step 34830000 - Total Energy: -3118, Acceptance Ratio = 0.437864, Pressure = 2.22084
Step 34840000 - Total Energy: -3126.3, Acceptance Ratio = 0.437866, Pressure = 2.20877
Step 34850000 - Total Energy: -3119.91, Acceptance Ratio = 0.437868, Pressure = 2.369
Step 34860000 - Total Energy: -3140.73, Acceptance Ratio = 0.437868, Pressure = 2.13914
Step 34870000 - Total Energy: -3152.21, Acceptance Ratio = 0.437868, Pressure = 2.01174
Step 34880000 - Total Energy: -3126.28, Acceptance Ratio = 0.437866, Pressure = 2.18756
Step 34890000 - Total Energy: -3067.08, Acceptance Ratio = 0.437865, Pressure = 2.8156
Step 34900000 - Total Energy: -3120.04, Acceptance Ratio = 0.437864, Pressure = 2.30393
Step 34910000 - Total Energy: -3120.95, Acceptance Ratio = 0.437865, Pressure = 2.23627
Step 34920000 - Total Energy: -3129.14, Acceptance Ratio = 0.437867, Pressure = 2.14384
Step 34930000 - Total Energy: -3123.43, Acceptance Ratio = 0.437865, Pressure = 2.22067
Step 34940000 - Total Energy: -3105.13, Acceptance Ratio = 0.437865, Pressure = 2.35787
Step 34950000 - Total Energy: -3144.26, Acceptance Ratio = 0.437865, Pressure = 1.93118
Step 34960000 - Total Energy: -3131.82, Acceptance Ratio = 0.437866, Pressure = 2.10626
Step 34970000 - Total Energy: -3124.34, Acceptance Ratio = 0.437869, Pressure = 2.1727
Step 34980000 - Total Energy: -3138.95, Acceptance Ratio = 0.43787, Pressure = 2.00095
Step 34990000 - Total Energy: -3110.05, Acceptance Ratio = 0.437868, Pressure = 2.31047
Step 35000000 - Total Energy: -3138.06, Acceptance Ratio = 0.437871, Pressure = 2.03708
Step 35010000 - Total Energy: -3134.12, Acceptance Ratio = 0.437872, Pressure = 2.15809
Step 35020000 - Total Energy: -3119.65, Acceptance Ratio = 0.437871, Pressure = 2.23549
Step 35030000 - Total Energy: -3105.07, Acceptance Ratio = 0.437872, Pressure = 2.36831
Step 35040000 - Total Energy: -3140.23, Acceptance Ratio = 0.437871, Pressure = 2.06702
Step 35050000 - Total Energy: -3117.92, Acceptance Ratio = 0.43787, Pressure = 2.22665
Step 35060000 - Total Energy: -3115.17, Acceptance Ratio = 0.437872, Pressure = 2.31659
Step 35070000 - Total Energy: -3140.18, Acceptance Ratio = 0.437872, Pressure = 2.04077
Step 35080000 - Total Energy: -3110.27, Acceptance Ratio = 0.437874, Pressure = 2.35829
Step 35090000 - Total Energy: -3070.39, Acceptance Ratio = 0.437875, Pressure = 2.81246
Step 35100000 - Total Energy: -3146.48, Acceptance Ratio = 0.437876, Pressure = 2.02511
Step 35110000 - Total Energy: -3126.15, Acceptance Ratio = 0.437876, Pressure = 2.20766
Step 35120000 - Total Energy: -3130.3, Acceptance Ratio = 0.437878, Pressure = 2.12879
Step 35130000 - Total Energy: -3104.78, Acceptance Ratio = 0.437878, Pressure = 2.39071
Step 35140000 - Total Energy: -3107.6, Acceptance Ratio = 0.437876, Pressure = 2.38417
Step 35150000 - Total Energy: -3141.34, Acceptance Ratio = 0.437875, Pressure = 1.9947
Step 35160000 - Total Energy: -3115.88, Acceptance Ratio = 0.437873, Pressure = 2.28728
Step 35170000 - Total Energy: -3112.88, Acceptance Ratio = 0.437873, Pressure = 2.28764
Step 35180000 - Total Energy: -3111.27, Acceptance Ratio = 0.437872, Pressure = 2.32907
Step 35190000 - Total Energy: -3127.67, Acceptance Ratio = 0.437874, Pressure = 2.19411
Step 35200000 - Total Energy: -3138.98, Acceptance Ratio = 0.437871, Pressure = 2.06501
Step 35210000 - Total Energy: -3120.45, Acceptance Ratio = 0.437873, Pressure = 2.19779
Step 35220000 - Total Energy: -3127.87, Acceptance Ratio = 0.437875, Pressure = 2.12567
Step 35230000 - Total Energy: -3139.31, Acceptance Ratio = 0.437877, Pressure = 2.03484
Step 35240000 - Total Energy: -3111.03, Acceptance Ratio = 0.437878, Pressure = 2.30787
Step 35250000 - Total Energy: -3106.58, Acceptance Ratio = 0.437877, Pressure = 2.38504
Step 35260000 - Total Energy: -3084.46, Acceptance Ratio = 0.437878, Pressure = 2.5241
Step 35270000 - Total Energy: -3127.41, Acceptance Ratio = 0.437879, Pressure = 2.13121
Step 35280000 - Total Energy: -3104.63, Acceptance Ratio = 0.437879, Pressure = 2.46759
Step 35290000 - Total Energy: -3074.42, Acceptance Ratio = 0.437874, Pressure = 2.70248
Step 35300000 - Total Energy: -3118.75, Acceptance Ratio = 0.437874, Pressure = 2.24799
Step 35310000 - Total Energy: -3133.97, Acceptance Ratio = 0.437873, Pressure = 2.12079
Step 35320000 - Total Energy: -3120.92, Acceptance Ratio = 0.437873, Pressure = 2.29739
Step 35330000 - Total Energy: -3127.61, Acceptance Ratio = 0.437874, Pressure = 2.18475
Step 35340000 - Total Energy: -3102.13, Acceptance Ratio = 0.437873, Pressure = 2.46703
Step 35350000 - Total Energy: -3073.74, Acceptance Ratio = 0.437871, Pressure = 2.75255
Step 35360000 - Total Energy: -3068.52, Acceptance Ratio = 0.437867, Pressure = 2.77983
Step 35370000 - Total Energy: -3094.91, Acceptance Ratio = 0.437865, Pressure = 2.51439
Step 35380000 - Total Energy: -3095.12, Acceptance Ratio = 0.437864, Pressure = 2.47211
Step 35390000 - Total Energy: -3072.4, Acceptance Ratio = 0.437863, Pressure = 2.77524
Step 35400000 - Total Energy: -3126.45, Acceptance Ratio = 0.43786, Pressure = 2.26666
Step 35410000 - Total Energy: -3096.09, Acceptance Ratio = 0.437863, Pressure = 2.52769
Step 35420000 - Total Energy: -3109.55, Acceptance Ratio = 0.437862, Pressure = 2.39463
Step 35430000 - Total Energy: -3125.13, Acceptance Ratio = 0.437861, Pressure = 2.16116
Step 35440000 - Total Energy: -3121.93, Acceptance Ratio = 0.437862, Pressure = 2.23765
Step 35450000 - Total Energy: -3096.97, Acceptance Ratio = 0.43786, Pressure = 2.48708
Step 35460000 - Total Energy: -3090.61, Acceptance Ratio = 0.437861, Pressure = 2.42589
Step 35470000 - Total Energy: -3115.75, Acceptance Ratio = 0.437862, Pressure = 2.28495
Step 35480000 - Total Energy: -3120, Acceptance Ratio = 0.437863, Pressure = 2.25423
Step 35490000 - Total Energy: -3127.15, Acceptance Ratio = 0.437864, Pressure = 2.16931
Step 35500000 - Total Energy: -3138.87, Acceptance Ratio = 0.437865, Pressure = 2.11701
Step 35510000 - Total Energy: -3119, Acceptance Ratio = 0.437867, Pressure = 2.24433
Step 35520000 - Total Energy: -3113.35, Acceptance Ratio = 0.437866, Pressure = 2.37592
Step 35530000 - Total Energy: -3125.44, Acceptance Ratio = 0.437867, Pressure = 2.29888
Step 35540000 - Total Energy: -3103.45, Acceptance Ratio = 0.437867, Pressure = 2.55943
Step 35550000 - Total Energy: -3098.87, Acceptance Ratio = 0.437864, Pressure = 2.51653
Step 35560000 - Total Energy: -3079.45, Acceptance Ratio = 0.437863, Pressure = 2.71723
Step 35570000 - Total Energy: -3115.63, Acceptance Ratio = 0.437862, Pressure = 2.3271
Step 35580000 - Total Energy: -3108.75, Acceptance Ratio = 0.43786, Pressure = 2.43594
Step 35590000 - Total Energy: -3118.07, Acceptance Ratio = 0.437858, Pressure = 2.32476
Step 35600000 - Total Energy: -3116.17, Acceptance Ratio = 0.43786, Pressure = 2.29125
Step 35610000 - Total Energy: -3091.79, Acceptance Ratio = 0.437859, Pressure = 2.58976
Step 35620000 - Total Energy: -3119.98, Acceptance Ratio = 0.437859, Pressure = 2.25107
Step 35630000 - Total Energy: -3097.92, Acceptance Ratio = 0.437857, Pressure = 2.46227
Step 35640000 - Total Energy: -3104.04, Acceptance Ratio = 0.437857, Pressure = 2.45101
Step 35650000 - Total Energy: -3087.55, Acceptance Ratio = 0.437855, Pressure = 2.601
Step 35660000 - Total Energy: -3076.55, Acceptance Ratio = 0.437852, Pressure = 2.68953
Step 35670000 - Total Energy: -3075.71, Acceptance Ratio = 0.437849, Pressure = 2.75882
Step 35680000 - Total Energy: -3114.24, Acceptance Ratio = 0.437849, Pressure = 2.28121
Step 35690000 - Total Energy: -3123.98, Acceptance Ratio = 0.437851, Pressure = 2.28968
Step 35700000 - Total Energy: -3139.06, Acceptance Ratio = 0.437849, Pressure = 2.12115
Step 35710000 - Total Energy: -3115.02, Acceptance Ratio = 0.437848, Pressure = 2.34756
Step 35720000 - Total Energy: -3152.1, Acceptance Ratio = 0.437847, Pressure = 1.89244
Step 35730000 - Total Energy: -3138.58, Acceptance Ratio = 0.437847, Pressure = 2.04871
Step 35740000 - Total Energy: -3168.33, Acceptance Ratio = 0.437847, Pressure = 1.75946
Step 35750000 - Total Energy: -3132.67, Acceptance Ratio = 0.437849, Pressure = 2.09076
Step 35760000 - Total Energy: -3128.09, Acceptance Ratio = 0.437848, Pressure = 2.17645
Step 35770000 - Total Energy: -3099.34, Acceptance Ratio = 0.437847, Pressure = 2.43352
Step 35780000 - Total Energy: -3120.63, Acceptance Ratio = 0.437846, Pressure = 2.21421
Step 35790000 - Total Energy: -3128.17, Acceptance Ratio = 0.437848, Pressure = 2.10324
Step 35800000 - Total Energy: -3110.48, Acceptance Ratio = 0.437846, Pressure = 2.33787
Step 35810000 - Total Energy: -3121.1, Acceptance Ratio = 0.437848, Pressure = 2.21882
Step 35820000 - Total Energy: -3153.21, Acceptance Ratio = 0.437847, Pressure = 1.88551
Step 35830000 - Total Energy: -3122.9, Acceptance Ratio = 0.437847, Pressure = 2.16021
Step 35840000 - Total Energy: -3143.86, Acceptance Ratio = 0.437851, Pressure = 1.94488
Step 35850000 - Total Energy: -3124.06, Acceptance Ratio = 0.43785, Pressure = 2.2065
Step 35860000 - Total Energy: -3147.84, Acceptance Ratio = 0.437851, Pressure = 1.91256
Step 35870000 - Total Energy: -3128.08, Acceptance Ratio = 0.437853, Pressure = 2.15987
Step 35880000 - Total Energy: -3118.06, Acceptance Ratio = 0.437853, Pressure = 2.25945
Step 35890000 - Total Energy: -3120.24, Acceptance Ratio = 0.437851, Pressure = 2.22133
Step 35900000 - Total Energy: -3138.19, Acceptance Ratio = 0.437852, Pressure = 1.99468
Step 35910000 - Total Energy: -3136.93, Acceptance Ratio = 0.437852, Pressure = 2.06632
Step 35920000 - Total Energy: -3123.51, Acceptance Ratio = 0.437852, Pressure = 2.16436
Step 35930000 - Total Energy: -3126.03, Acceptance Ratio = 0.43785, Pressure = 2.20712
Step 35940000 - Total Energy: -3108.2, Acceptance Ratio = 0.437846, Pressure = 2.34258
Step 35950000 - Total Energy: -3084.97, Acceptance Ratio = 0.437845, Pressure = 2.5629
Step 35960000 - Total Energy: -3125.64, Acceptance Ratio = 0.437846, Pressure = 2.15915
Step 35970000 - Total Energy: -3136.13, Acceptance Ratio = 0.437845, Pressure = 2.21035
Step 35980000 - Total Energy: -3150.36, Acceptance Ratio = 0.437846, Pressure = 2.08201
Step 35990000 - Total Energy: -3109.08, Acceptance Ratio = 0.437847, Pressure = 2.3443
Step 36000000 - Total Energy: -3110.81, Acceptance Ratio = 0.437847, Pressure = 2.36905
Step 36010000 - Total Energy: -3138.94, Acceptance Ratio = 0.437847, Pressure = 2.08149
Step 36020000 - Total Energy: -3132.29, Acceptance Ratio = 0.437846, Pressure = 2.16137
Step 36030000 - Total Energy: -3119.67, Acceptance Ratio = 0.437846, Pressure = 2.30094
Step 36040000 - Total Energy: -3104.01, Acceptance Ratio = 0.437843, Pressure = 2.41304
Step 36050000 - Total Energy: -3113.87, Acceptance Ratio = 0.437844, Pressure = 2.24772
Step 36060000 - Total Energy: -3110.41, Acceptance Ratio = 0.437844, Pressure = 2.29278
Step 36070000 - Total Energy: -3140.62, Acceptance Ratio = 0.437845, Pressure = 1.97307
Step 36080000 - Total Energy: -3138.8, Acceptance Ratio = 0.437846, Pressure = 1.99462
Step 36090000 - Total Energy: -3139.77, Acceptance Ratio = 0.437848, Pressure = 2.0362
Step 36100000 - Total Energy: -3127.64, Acceptance Ratio = 0.43785, Pressure = 2.13362
Step 36110000 - Total Energy: -3151.84, Acceptance Ratio = 0.437848, Pressure = 1.94532
Step 36120000 - Total Energy: -3161.06, Acceptance Ratio = 0.437849, Pressure = 1.80119
Step 36130000 - Total Energy: -3121.75, Acceptance Ratio = 0.437852, Pressure = 2.18883
Step 36140000 - Total Energy: -3122.03, Acceptance Ratio = 0.437852, Pressure = 2.29272
Step 36150000 - Total Energy: -3136.43, Acceptance Ratio = 0.43785, Pressure = 2.05386
Step 36160000 - Total Energy: -3086.43, Acceptance Ratio = 0.437849, Pressure = 2.57176
Step 36170000 - Total Energy: -3123.43, Acceptance Ratio = 0.437846, Pressure = 2.154
Step 36180000 - Total Energy: -3129.57, Acceptance Ratio = 0.437847, Pressure = 2.11495
Step 36190000 - Total Energy: -3134.19, Acceptance Ratio = 0.437848, Pressure = 2.08733
Step 36200000 - Total Energy: -3143.32, Acceptance Ratio = 0.437846, Pressure = 1.99225
Step 36210000 - Total Energy: -3134.34, Acceptance Ratio = 0.437847, Pressure = 2.02433
Step 36220000 - Total Energy: -3126.07, Acceptance Ratio = 0.437849, Pressure = 2.10665
Step 36230000 - Total Energy: -3122.12, Acceptance Ratio = 0.437852, Pressure = 2.18302
Step 36240000 - Total Energy: -3137.38, Acceptance Ratio = 0.437853, Pressure = 2.04286
Step 36250000 - Total Energy: -3112.81, Acceptance Ratio = 0.437853, Pressure = 2.24589
Step 36260000 - Total Energy: -3156.46, Acceptance Ratio = 0.437853, Pressure = 1.88289
Step 36270000 - Total Energy: -3115.07, Acceptance Ratio = 0.437852, Pressure = 2.29486
Step 36280000 - Total Energy: -3102.7, Acceptance Ratio = 0.437854, Pressure = 2.43613
Step 36290000 - Total Energy: -3140.24, Acceptance Ratio = 0.437853, Pressure = 2.0495
Step 36300000 - Total Energy: -3161.25, Acceptance Ratio = 0.437853, Pressure = 1.91156
Step 36310000 - Total Energy: -3130.21, Acceptance Ratio = 0.437854, Pressure = 2.21506
Step 36320000 - Total Energy: -3144.55, Acceptance Ratio = 0.437857, Pressure = 1.99939
Step 36330000 - Total Energy: -3117.03, Acceptance Ratio = 0.43786, Pressure = 2.26752
Step 36340000 - Total Energy: -3120.8, Acceptance Ratio = 0.43786, Pressure = 2.28649
Step 36350000 - Total Energy: -3129.41, Acceptance Ratio = 0.437859, Pressure = 2.12755
Step 36360000 - Total Energy: -3153.87, Acceptance Ratio = 0.43786, Pressure = 1.86718
Step 36370000 - Total Energy: -3132.73, Acceptance Ratio = 0.437864, Pressure = 2.06944
Step 36380000 - Total Energy: -3132.3, Acceptance Ratio = 0.437864, Pressure = 2.06785
Step 36390000 - Total Energy: -3116.37, Acceptance Ratio = 0.437862, Pressure = 2.25075
Step 36400000 - Total Energy: -3152.01, Acceptance Ratio = 0.437864, Pressure = 1.87136
Step 36410000 - Total Energy: -3130.08, Acceptance Ratio = 0.437864, Pressure = 2.21828
Step 36420000 - Total Energy: -3099.4, Acceptance Ratio = 0.437866, Pressure = 2.4644
Step 36430000 - Total Energy: -3112.51, Acceptance Ratio = 0.437866, Pressure = 2.29015
Step 36440000 - Total Energy: -3122.85, Acceptance Ratio = 0.437867, Pressure = 2.26528
Step 36450000 - Total Energy: -3144.61, Acceptance Ratio = 0.437867, Pressure = 1.99477
Step 36460000 - Total Energy: -3158.51, Acceptance Ratio = 0.437866, Pressure = 1.87633
Step 36470000 - Total Energy: -3106.92, Acceptance Ratio = 0.437868, Pressure = 2.39692
Step 36480000 - Total Energy: -3092.5, Acceptance Ratio = 0.437868, Pressure = 2.52144
Step 36490000 - Total Energy: -3100.72, Acceptance Ratio = 0.437869, Pressure = 2.43223
Step 36500000 - Total Energy: -3123.37, Acceptance Ratio = 0.437868, Pressure = 2.2158
Step 36510000 - Total Energy: -3100.38, Acceptance Ratio = 0.437867, Pressure = 2.48357
Step 36520000 - Total Energy: -3121.32, Acceptance Ratio = 0.437865, Pressure = 2.26461
Step 36530000 - Total Energy: -3114.09, Acceptance Ratio = 0.437867, Pressure = 2.38981
Step 36540000 - Total Energy: -3098.05, Acceptance Ratio = 0.437868, Pressure = 2.5255
Step 36550000 - Total Energy: -3090.18, Acceptance Ratio = 0.437869, Pressure = 2.46967
Step 36560000 - Total Energy: -3121.01, Acceptance Ratio = 0.437869, Pressure = 2.22499
Step 36570000 - Total Energy: -3140.36, Acceptance Ratio = 0.437871, Pressure = 2.10259
Step 36580000 - Total Energy: -3108.47, Acceptance Ratio = 0.437871, Pressure = 2.39855
Step 36590000 - Total Energy: -3086.95, Acceptance Ratio = 0.437871, Pressure = 2.62425
Step 36600000 - Total Energy: -3108.59, Acceptance Ratio = 0.437871, Pressure = 2.33524
Step 36610000 - Total Energy: -3113.31, Acceptance Ratio = 0.437873, Pressure = 2.36352
Step 36620000 - Total Energy: -3131.28, Acceptance Ratio = 0.437875, Pressure = 2.13386
Step 36630000 - Total Energy: -3128.63, Acceptance Ratio = 0.437872, Pressure = 2.13888
Step 36640000 - Total Energy: -3112.46, Acceptance Ratio = 0.437871, Pressure = 2.37513
Step 36650000 - Total Energy: -3113.98, Acceptance Ratio = 0.437871, Pressure = 2.34494
Step 36660000 - Total Energy: -3102.93, Acceptance Ratio = 0.437872, Pressure = 2.40111
Step 36670000 - Total Energy: -3098.5, Acceptance Ratio = 0.43787, Pressure = 2.54695
Step 36680000 - Total Energy: -3117.82, Acceptance Ratio = 0.437868, Pressure = 2.30366
Step 36690000 - Total Energy: -3130.95, Acceptance Ratio = 0.437867, Pressure = 2.19988
Step 36700000 - Total Energy: -3129.5, Acceptance Ratio = 0.437867, Pressure = 2.15523
Step 36710000 - Total Energy: -3140.73, Acceptance Ratio = 0.437865, Pressure = 1.99853
Step 36720000 - Total Energy: -3124.67, Acceptance Ratio = 0.437865, Pressure = 2.23999
Step 36730000 - Total Energy: -3109.84, Acceptance Ratio = 0.437866, Pressure = 2.31564
Step 36740000 - Total Energy: -3119.97, Acceptance Ratio = 0.437865, Pressure = 2.17679
Step 36750000 - Total Energy: -3127.19, Acceptance Ratio = 0.437866, Pressure = 2.10437
Step 36760000 - Total Energy: -3125.76, Acceptance Ratio = 0.437867, Pressure = 2.1817
Step 36770000 - Total Energy: -3150.45, Acceptance Ratio = 0.437868, Pressure = 1.96512
Step 36780000 - Total Energy: -3116.89, Acceptance Ratio = 0.437868, Pressure = 2.28731
Step 36790000 - Total Energy: -3132.73, Acceptance Ratio = 0.437869, Pressure = 2.1098
Step 36800000 - Total Energy: -3106.11, Acceptance Ratio = 0.437867, Pressure = 2.39779
Step 36810000 - Total Energy: -3083.29, Acceptance Ratio = 0.437867, Pressure = 2.62511
Step 36820000 - Total Energy: -3117.92, Acceptance Ratio = 0.437866, Pressure = 2.31932
Step 36830000 - Total Energy: -3137.71, Acceptance Ratio = 0.437867, Pressure = 2.10368
Step 36840000 - Total Energy: -3118.59, Acceptance Ratio = 0.437868, Pressure = 2.2907
Step 36850000 - Total Energy: -3126.85, Acceptance Ratio = 0.437866, Pressure = 2.20285
Step 36860000 - Total Energy: -3130.52, Acceptance Ratio = 0.437868, Pressure = 2.14404
Step 36870000 - Total Energy: -3151.51, Acceptance Ratio = 0.43787, Pressure = 1.98079
Step 36880000 - Total Energy: -3144.99, Acceptance Ratio = 0.437873, Pressure = 1.9678
Step 36890000 - Total Energy: -3115.07, Acceptance Ratio = 0.437874, Pressure = 2.28522
Step 36900000 - Total Energy: -3145.08, Acceptance Ratio = 0.437878, Pressure = 2.01832
Step 36910000 - Total Energy: -3148.99, Acceptance Ratio = 0.437879, Pressure = 1.92924
Step 36920000 - Total Energy: -3129.28, Acceptance Ratio = 0.43788, Pressure = 2.14997
Step 36930000 - Total Energy: -3142.33, Acceptance Ratio = 0.437879, Pressure = 1.99513
Step 36940000 - Total Energy: -3117.12, Acceptance Ratio = 0.437882, Pressure = 2.21866
Step 36950000 - Total Energy: -3130.97, Acceptance Ratio = 0.437886, Pressure = 2.17092
Step 36960000 - Total Energy: -3134.21, Acceptance Ratio = 0.437887, Pressure = 2.09798
Step 36970000 - Total Energy: -3132.8, Acceptance Ratio = 0.437888, Pressure = 2.07306
Step 36980000 - Total Energy: -3140.4, Acceptance Ratio = 0.437892, Pressure = 1.96874
Step 36990000 - Total Energy: -3132.71, Acceptance Ratio = 0.437894, Pressure = 2.03594
Step 37000000 - Total Energy: -3153.31, Acceptance Ratio = 0.437895, Pressure = 1.86431
Step 37010000 - Total Energy: -3165.59, Acceptance Ratio = 0.437896, Pressure = 1.81333
Step 37020000 - Total Energy: -3137.7, Acceptance Ratio = 0.437898, Pressure = 2.0523
Step 37030000 - Total Energy: -3141.97, Acceptance Ratio = 0.437899, Pressure = 2.03795
Step 37040000 - Total Energy: -3134.43, Acceptance Ratio = 0.437898, Pressure = 2.10141
Step 37050000 - Total Energy: -3142.58, Acceptance Ratio = 0.437896, Pressure = 2.04702
Step 37060000 - Total Energy: -3110.61, Acceptance Ratio = 0.437896, Pressure = 2.42351
Step 37070000 - Total Energy: -3075.06, Acceptance Ratio = 0.437895, Pressure = 2.72917
Step 37080000 - Total Energy: -3123.83, Acceptance Ratio = 0.437896, Pressure = 2.29584
Step 37090000 - Total Energy: -3103.1, Acceptance Ratio = 0.437897, Pressure = 2.53398
Step 37100000 - Total Energy: -3116.31, Acceptance Ratio = 0.437895, Pressure = 2.34051
Step 37110000 - Total Energy: -3079.03, Acceptance Ratio = 0.437891, Pressure = 2.6524
Step 37120000 - Total Energy: -3101.89, Acceptance Ratio = 0.437893, Pressure = 2.39319
Step 37130000 - Total Energy: -3151.34, Acceptance Ratio = 0.437894, Pressure = 1.95078
Step 37140000 - Total Energy: -3138.83, Acceptance Ratio = 0.437895, Pressure = 2.03721
Step 37150000 - Total Energy: -3148.5, Acceptance Ratio = 0.437896, Pressure = 1.93808
Step 37160000 - Total Energy: -3095.09, Acceptance Ratio = 0.437896, Pressure = 2.50699
Step 37170000 - Total Energy: -3077.19, Acceptance Ratio = 0.437895, Pressure = 2.70236
Step 37180000 - Total Energy: -3118.06, Acceptance Ratio = 0.437894, Pressure = 2.34101
Step 37190000 - Total Energy: -3117.77, Acceptance Ratio = 0.437892, Pressure = 2.34321
Step 37200000 - Total Energy: -3075.75, Acceptance Ratio = 0.437893, Pressure = 2.72011
Step 37210000 - Total Energy: -3089.42, Acceptance Ratio = 0.43789, Pressure = 2.59445
Step 37220000 - Total Energy: -3130.6, Acceptance Ratio = 0.437888, Pressure = 2.1884
Step 37230000 - Total Energy: -3129.04, Acceptance Ratio = 0.437887, Pressure = 2.27838
Step 37240000 - Total Energy: -3093.69, Acceptance Ratio = 0.437884, Pressure = 2.49316
Step 37250000 - Total Energy: -3119.67, Acceptance Ratio = 0.437885, Pressure = 2.24523
Step 37260000 - Total Energy: -3128.15, Acceptance Ratio = 0.437885, Pressure = 2.16146
Step 37270000 - Total Energy: -3099.01, Acceptance Ratio = 0.437885, Pressure = 2.47483
Step 37280000 - Total Energy: -3135.78, Acceptance Ratio = 0.437883, Pressure = 2.1849
Step 37290000 - Total Energy: -3114.09, Acceptance Ratio = 0.437884, Pressure = 2.38047
Step 37300000 - Total Energy: -3136.94, Acceptance Ratio = 0.437882, Pressure = 2.15961
Step 37310000 - Total Energy: -3125.9, Acceptance Ratio = 0.437882, Pressure = 2.25338
Step 37320000 - Total Energy: -3102.2, Acceptance Ratio = 0.437881, Pressure = 2.48593
Step 37330000 - Total Energy: -3100.72, Acceptance Ratio = 0.437878, Pressure = 2.47364
Step 37340000 - Total Energy: -3097.25, Acceptance Ratio = 0.437877, Pressure = 2.46538
Step 37350000 - Total Energy: -3127.39, Acceptance Ratio = 0.437877, Pressure = 2.12827
Step 37360000 - Total Energy: -3108.77, Acceptance Ratio = 0.437874, Pressure = 2.29498
Step 37370000 - Total Energy: -3105.93, Acceptance Ratio = 0.437874, Pressure = 2.3491
Step 37380000 - Total Energy: -3136.12, Acceptance Ratio = 0.437873, Pressure = 2.0487
Step 37390000 - Total Energy: -3089.6, Acceptance Ratio = 0.437875, Pressure = 2.53503
Step 37400000 - Total Energy: -3125.49, Acceptance Ratio = 0.437875, Pressure = 2.1731
Step 37410000 - Total Energy: -3102.77, Acceptance Ratio = 0.437876, Pressure = 2.33117
Step 37420000 - Total Energy: -3132.59, Acceptance Ratio = 0.437877, Pressure = 2.14582
Step 37430000 - Total Energy: -3125.04, Acceptance Ratio = 0.437878, Pressure = 2.19729
Step 37440000 - Total Energy: -3123.22, Acceptance Ratio = 0.437877, Pressure = 2.20872
Step 37450000 - Total Energy: -3110.38, Acceptance Ratio = 0.437874, Pressure = 2.33021
Step 37460000 - Total Energy: -3134.92, Acceptance Ratio = 0.437875, Pressure = 2.08383
Step 37470000 - Total Energy: -3140.16, Acceptance Ratio = 0.437877, Pressure = 2.05138
Step 37480000 - Total Energy: -3098.89, Acceptance Ratio = 0.437876, Pressure = 2.42842
Step 37490000 - Total Energy: -3125.16, Acceptance Ratio = 0.437875, Pressure = 2.17204
Step 37500000 - Total Energy: -3116.31, Acceptance Ratio = 0.437878, Pressure = 2.25718
Step 37510000 - Total Energy: -3154.18, Acceptance Ratio = 0.437877, Pressure = 1.8621
Step 37520000 - Total Energy: -3116.99, Acceptance Ratio = 0.43788, Pressure = 2.29907
Step 37530000 - Total Energy: -3124.02, Acceptance Ratio = 0.437879, Pressure = 2.24221
Step 37540000 - Total Energy: -3123.79, Acceptance Ratio = 0.437881, Pressure = 2.2457
Step 37550000 - Total Energy: -3121.44, Acceptance Ratio = 0.437881, Pressure = 2.21591
Step 37560000 - Total Energy: -3142.37, Acceptance Ratio = 0.43788, Pressure = 2.06579
Step 37570000 - Total Energy: -3128.06, Acceptance Ratio = 0.437879, Pressure = 2.14333
Step 37580000 - Total Energy: -3163.77, Acceptance Ratio = 0.437876, Pressure = 1.82615
Step 37590000 - Total Energy: -3131.06, Acceptance Ratio = 0.437877, Pressure = 2.17406
Step 37600000 - Total Energy: -3097.89, Acceptance Ratio = 0.437878, Pressure = 2.39466
Step 37610000 - Total Energy: -3165.99, Acceptance Ratio = 0.437878, Pressure = 1.79346
Step 37620000 - Total Energy: -3116.35, Acceptance Ratio = 0.437879, Pressure = 2.35693
Step 37630000 - Total Energy: -3100.02, Acceptance Ratio = 0.437879, Pressure = 2.47088
Step 37640000 - Total Energy: -3111.66, Acceptance Ratio = 0.43788, Pressure = 2.35149
Step 37650000 - Total Energy: -3102.07, Acceptance Ratio = 0.437881, Pressure = 2.47328
Step 37660000 - Total Energy: -3113.7, Acceptance Ratio = 0.437882, Pressure = 2.37056
Step 37670000 - Total Energy: -3082.93, Acceptance Ratio = 0.437879, Pressure = 2.72812
Step 37680000 - Total Energy: -3139.74, Acceptance Ratio = 0.437878, Pressure = 2.0718
Step 37690000 - Total Energy: -3066.18, Acceptance Ratio = 0.437879, Pressure = 2.81319
Step 37700000 - Total Energy: -3098.89, Acceptance Ratio = 0.437877, Pressure = 2.4359
Step 37710000 - Total Energy: -3124.98, Acceptance Ratio = 0.437876, Pressure = 2.25799
Step 37720000 - Total Energy: -3111.28, Acceptance Ratio = 0.437878, Pressure = 2.30059
Step 37730000 - Total Energy: -3097.96, Acceptance Ratio = 0.437879, Pressure = 2.44559
Step 37740000 - Total Energy: -3125.42, Acceptance Ratio = 0.43788, Pressure = 2.163
Step 37750000 - Total Energy: -3074.39, Acceptance Ratio = 0.437878, Pressure = 2.66602
Step 37760000 - Total Energy: -3141.42, Acceptance Ratio = 0.437879, Pressure = 2.0302
Step 37770000 - Total Energy: -3103.77, Acceptance Ratio = 0.437881, Pressure = 2.40344
Step 37780000 - Total Energy: -3111.87, Acceptance Ratio = 0.43788, Pressure = 2.30808
Step 37790000 - Total Energy: -3103.31, Acceptance Ratio = 0.437879, Pressure = 2.36947
Step 37800000 - Total Energy: -3110.97, Acceptance Ratio = 0.437879, Pressure = 2.3626
Step 37810000 - Total Energy: -3099.47, Acceptance Ratio = 0.437879, Pressure = 2.50786
Step 37820000 - Total Energy: -3085.09, Acceptance Ratio = 0.437877, Pressure = 2.59041
Step 37830000 - Total Energy: -3128.98, Acceptance Ratio = 0.437876, Pressure = 2.10674
Step 37840000 - Total Energy: -3132.41, Acceptance Ratio = 0.437876, Pressure = 2.13785
Step 37850000 - Total Energy: -3107.46, Acceptance Ratio = 0.437876, Pressure = 2.36326
Step 37860000 - Total Energy: -3131.52, Acceptance Ratio = 0.437874, Pressure = 2.16527
Step 37870000 - Total Energy: -3119.68, Acceptance Ratio = 0.437875, Pressure = 2.24296
Step 37880000 - Total Energy: -3113.57, Acceptance Ratio = 0.437876, Pressure = 2.22461
Step 37890000 - Total Energy: -3092.07, Acceptance Ratio = 0.437875, Pressure = 2.54646
Step 37900000 - Total Energy: -3104.34, Acceptance Ratio = 0.437874, Pressure = 2.39604
Step 37910000 - Total Energy: -3093.47, Acceptance Ratio = 0.437874, Pressure = 2.56749
Step 37920000 - Total Energy: -3085.91, Acceptance Ratio = 0.437872, Pressure = 2.56743
Step 37930000 - Total Energy: -3125.77, Acceptance Ratio = 0.437873, Pressure = 2.23429
Step 37940000 - Total Energy: -3102.18, Acceptance Ratio = 0.437872, Pressure = 2.38059
Step 37950000 - Total Energy: -3094.07, Acceptance Ratio = 0.437872, Pressure = 2.49223
Step 37960000 - Total Energy: -3121.91, Acceptance Ratio = 0.43787, Pressure = 2.2019
Step 37970000 - Total Energy: -3118.02, Acceptance Ratio = 0.43787, Pressure = 2.26913
Step 37980000 - Total Energy: -3112.01, Acceptance Ratio = 0.437869, Pressure = 2.30379
Step 37990000 - Total Energy: -3117.09, Acceptance Ratio = 0.43787, Pressure = 2.26724
Step 38000000 - Total Energy: -3122.3, Acceptance Ratio = 0.437868, Pressure = 2.1892
Step 38010000 - Total Energy: -3088.16, Acceptance Ratio = 0.437868, Pressure = 2.48433
Step 38020000 - Total Energy: -3115.34, Acceptance Ratio = 0.437865, Pressure = 2.2169
Step 38030000 - Total Energy: -3092.54, Acceptance Ratio = 0.437866, Pressure = 2.55642
Step 38040000 - Total Energy: -3101.96, Acceptance Ratio = 0.437867, Pressure = 2.419
Step 38050000 - Total Energy: -3079.93, Acceptance Ratio = 0.437865, Pressure = 2.57797
Step 38060000 - Total Energy: -3107.61, Acceptance Ratio = 0.437866, Pressure = 2.39669
Step 38070000 - Total Energy: -3102.91, Acceptance Ratio = 0.437868, Pressure = 2.42763
Step 38080000 - Total Energy: -3156.66, Acceptance Ratio = 0.437867, Pressure = 1.8548
Step 38090000 - Total Energy: -3126.02, Acceptance Ratio = 0.437864, Pressure = 2.23409
Step 38100000 - Total Energy: -3087.47, Acceptance Ratio = 0.437865, Pressure = 2.58772
Step 38110000 - Total Energy: -3112.77, Acceptance Ratio = 0.437863, Pressure = 2.25906
Step 38120000 - Total Energy: -3146.67, Acceptance Ratio = 0.437864, Pressure = 1.99356
Step 38130000 - Total Energy: -3149.55, Acceptance Ratio = 0.437862, Pressure = 1.93634
Step 38140000 - Total Energy: -3109.99, Acceptance Ratio = 0.437862, Pressure = 2.32994
Step 38150000 - Total Energy: -3126.64, Acceptance Ratio = 0.437861, Pressure = 2.15262
Step 38160000 - Total Energy: -3091.46, Acceptance Ratio = 0.437862, Pressure = 2.47982
Step 38170000 - Total Energy: -3154.85, Acceptance Ratio = 0.437866, Pressure = 1.95384
Step 38180000 - Total Energy: -3123.61, Acceptance Ratio = 0.437865, Pressure = 2.14792
Step 38190000 - Total Energy: -3120.28, Acceptance Ratio = 0.437866, Pressure = 2.26642
Step 38200000 - Total Energy: -3125.49, Acceptance Ratio = 0.437864, Pressure = 2.20981
Step 38210000 - Total Energy: -3147.94, Acceptance Ratio = 0.437865, Pressure = 1.95912
Step 38220000 - Total Energy: -3146.14, Acceptance Ratio = 0.437866, Pressure = 1.98844
Step 38230000 - Total Energy: -3185.6, Acceptance Ratio = 0.437868, Pressure = 1.62129
Step 38240000 - Total Energy: -3128.75, Acceptance Ratio = 0.437868, Pressure = 2.15115
Step 38250000 - Total Energy: -3153.59, Acceptance Ratio = 0.437866, Pressure = 1.88613
Step 38260000 - Total Energy: -3131.21, Acceptance Ratio = 0.437865, Pressure = 2.06919
Step 38270000 - Total Energy: -3137.55, Acceptance Ratio = 0.437865, Pressure = 1.99994
Step 38280000 - Total Energy: -3107.4, Acceptance Ratio = 0.437867, Pressure = 2.30908
Step 38290000 - Total Energy: -3123.85, Acceptance Ratio = 0.437867, Pressure = 2.13638
Step 38300000 - Total Energy: -3116.85, Acceptance Ratio = 0.437869, Pressure = 2.21943
Step 38310000 - Total Energy: -3135.7, Acceptance Ratio = 0.437869, Pressure = 2.02765
Step 38320000 - Total Energy: -3132.79, Acceptance Ratio = 0.437869, Pressure = 2.08307
Step 38330000 - Total Energy: -3133.38, Acceptance Ratio = 0.437869, Pressure = 2.05558
Step 38340000 - Total Energy: -3123.51, Acceptance Ratio = 0.437872, Pressure = 2.1752
Step 38350000 - Total Energy: -3108.45, Acceptance Ratio = 0.43787, Pressure = 2.42719
Step 38360000 - Total Energy: -3106.32, Acceptance Ratio = 0.437869, Pressure = 2.36015
Step 38370000 - Total Energy: -3154.83, Acceptance Ratio = 0.437869, Pressure = 1.78753
Step 38380000 - Total Energy: -3158.4, Acceptance Ratio = 0.437872, Pressure = 1.77848
Step 38390000 - Total Energy: -3149.43, Acceptance Ratio = 0.437871, Pressure = 1.91656
Step 38400000 - Total Energy: -3121.31, Acceptance Ratio = 0.437871, Pressure = 2.20805
Step 38410000 - Total Energy: -3158.52, Acceptance Ratio = 0.437873, Pressure = 1.89483
Step 38420000 - Total Energy: -3115.86, Acceptance Ratio = 0.437875, Pressure = 2.25998
Step 38430000 - Total Energy: -3132.74, Acceptance Ratio = 0.437874, Pressure = 2.1219
Step 38440000 - Total Energy: -3114.54, Acceptance Ratio = 0.437874, Pressure = 2.28317
Step 38450000 - Total Energy: -3141.69, Acceptance Ratio = 0.437875, Pressure = 2.02187
Step 38460000 - Total Energy: -3091.23, Acceptance Ratio = 0.437875, Pressure = 2.56486
Step 38470000 - Total Energy: -3116.67, Acceptance Ratio = 0.437873, Pressure = 2.303
Step 38480000 - Total Energy: -3136.11, Acceptance Ratio = 0.437873, Pressure = 2.11705
Step 38490000 - Total Energy: -3127.66, Acceptance Ratio = 0.437873, Pressure = 2.17041
Step 38500000 - Total Energy: -3101.44, Acceptance Ratio = 0.437874, Pressure = 2.40136
Step 38510000 - Total Energy: -3141.52, Acceptance Ratio = 0.437874, Pressure = 2.03449
Step 38520000 - Total Energy: -3127.63, Acceptance Ratio = 0.437874, Pressure = 2.1611
Step 38530000 - Total Energy: -3094.25, Acceptance Ratio = 0.437873, Pressure = 2.45242
Step 38540000 - Total Energy: -3095.31, Acceptance Ratio = 0.437872, Pressure = 2.46643
Step 38550000 - Total Energy: -3136.34, Acceptance Ratio = 0.437871, Pressure = 2.08588
Step 38560000 - Total Energy: -3108.85, Acceptance Ratio = 0.437872, Pressure = 2.38183
Step 38570000 - Total Energy: -3124.91, Acceptance Ratio = 0.437873, Pressure = 2.22296
Step 38580000 - Total Energy: -3106.87, Acceptance Ratio = 0.43787, Pressure = 2.36121
Step 38590000 - Total Energy: -3097.72, Acceptance Ratio = 0.437869, Pressure = 2.34345
Step 38600000 - Total Energy: -3117.47, Acceptance Ratio = 0.437868, Pressure = 2.21602
Step 38610000 - Total Energy: -3132.15, Acceptance Ratio = 0.437868, Pressure = 2.08089
Step 38620000 - Total Energy: -3110.69, Acceptance Ratio = 0.437868, Pressure = 2.32699
Step 38630000 - Total Energy: -3134.76, Acceptance Ratio = 0.437867, Pressure = 2.11234
Step 38640000 - Total Energy: -3122.8, Acceptance Ratio = 0.437867, Pressure = 2.24196
Step 38650000 - Total Energy: -3126.87, Acceptance Ratio = 0.437866, Pressure = 2.2031
Step 38660000 - Total Energy: -3112.25, Acceptance Ratio = 0.437867, Pressure = 2.28212
Step 38670000 - Total Energy: -3117.94, Acceptance Ratio = 0.437863, Pressure = 2.34243
Step 38680000 - Total Energy: -3120, Acceptance Ratio = 0.437861, Pressure = 2.24308
Step 38690000 - Total Energy: -3144.4, Acceptance Ratio = 0.437859, Pressure = 2.02411
Step 38700000 - Total Energy: -3122.68, Acceptance Ratio = 0.437858, Pressure = 2.26949
Step 38710000 - Total Energy: -3127.03, Acceptance Ratio = 0.437858, Pressure = 2.2424
Step 38720000 - Total Energy: -3100.79, Acceptance Ratio = 0.437859, Pressure = 2.42709
Step 38730000 - Total Energy: -3105.28, Acceptance Ratio = 0.43786, Pressure = 2.37334
Step 38740000 - Total Energy: -3100.2, Acceptance Ratio = 0.43786, Pressure = 2.41812
Step 38750000 - Total Energy: -3116.02, Acceptance Ratio = 0.43786, Pressure = 2.29525
Step 38760000 - Total Energy: -3141.56, Acceptance Ratio = 0.437861, Pressure = 1.9953
Step 38770000 - Total Energy: -3093.02, Acceptance Ratio = 0.43786, Pressure = 2.43451
Step 38780000 - Total Energy: -3111.07, Acceptance Ratio = 0.43786, Pressure = 2.34232
Step 38790000 - Total Energy: -3097.49, Acceptance Ratio = 0.437859, Pressure = 2.4101
Step 38800000 - Total Energy: -3102.74, Acceptance Ratio = 0.437862, Pressure = 2.45715
Step 38810000 - Total Energy: -3122.93, Acceptance Ratio = 0.437861, Pressure = 2.22539
Step 38820000 - Total Energy: -3117.04, Acceptance Ratio = 0.437861, Pressure = 2.30495
Step 38830000 - Total Energy: -3143.18, Acceptance Ratio = 0.43786, Pressure = 2.01475
Step 38840000 - Total Energy: -3141.62, Acceptance Ratio = 0.437859, Pressure = 2.08492
Step 38850000 - Total Energy: -3070.49, Acceptance Ratio = 0.43786, Pressure = 2.79875
Step 38860000 - Total Energy: -3119.71, Acceptance Ratio = 0.43786, Pressure = 2.22488
Step 38870000 - Total Energy: -3118.1, Acceptance Ratio = 0.437863, Pressure = 2.25403
Step 38880000 - Total Energy: -3109.78, Acceptance Ratio = 0.437864, Pressure = 2.29763
Step 38890000 - Total Energy: -3098.87, Acceptance Ratio = 0.437864, Pressure = 2.46191
Step 38900000 - Total Energy: -3093.28, Acceptance Ratio = 0.437863, Pressure = 2.57607
Step 38910000 - Total Energy: -3137.91, Acceptance Ratio = 0.437862, Pressure = 2.0975
Step 38920000 - Total Energy: -3137.34, Acceptance Ratio = 0.43786, Pressure = 2.09955
Step 38930000 - Total Energy: -3108.64, Acceptance Ratio = 0.437859, Pressure = 2.30609
Step 38940000 - Total Energy: -3129.59, Acceptance Ratio = 0.43786, Pressure = 2.18739
Step 38950000 - Total Energy: -3109.4, Acceptance Ratio = 0.43786, Pressure = 2.40645
Step 38960000 - Total Energy: -3104.47, Acceptance Ratio = 0.437861, Pressure = 2.431
Step 38970000 - Total Energy: -3110.98, Acceptance Ratio = 0.43786, Pressure = 2.30631
Step 38980000 - Total Energy: -3136.49, Acceptance Ratio = 0.43786, Pressure = 1.98394
Step 38990000 - Total Energy: -3107.47, Acceptance Ratio = 0.437859, Pressure = 2.3003
Step 39000000 - Total Energy: -3085.87, Acceptance Ratio = 0.437859, Pressure = 2.59095
Step 39010000 - Total Energy: -3069.37, Acceptance Ratio = 0.437858, Pressure = 2.73581
Step 39020000 - Total Energy: -3091.46, Acceptance Ratio = 0.437856, Pressure = 2.57936
Step 39030000 - Total Energy: -3094.72, Acceptance Ratio = 0.437856, Pressure = 2.55195
Step 39040000 - Total Energy: -3142.8, Acceptance Ratio = 0.437857, Pressure = 2.07129
Step 39050000 - Total Energy: -3129.67, Acceptance Ratio = 0.437856, Pressure = 2.15111
Step 39060000 - Total Energy: -3117.63, Acceptance Ratio = 0.437857, Pressure = 2.29475
Step 39070000 - Total Energy: -3094.06, Acceptance Ratio = 0.437856, Pressure = 2.5762
Step 39080000 - Total Energy: -3129.31, Acceptance Ratio = 0.437853, Pressure = 2.16862
Step 39090000 - Total Energy: -3123.18, Acceptance Ratio = 0.437854, Pressure = 2.22891
Step 39100000 - Total Energy: -3117.81, Acceptance Ratio = 0.437854, Pressure = 2.28507
Step 39110000 - Total Energy: -3134.74, Acceptance Ratio = 0.437857, Pressure = 2.12068
Step 39120000 - Total Energy: -3122.61, Acceptance Ratio = 0.437855, Pressure = 2.25724
Step 39130000 - Total Energy: -3140.12, Acceptance Ratio = 0.437854, Pressure = 2.10987
Step 39140000 - Total Energy: -3159.34, Acceptance Ratio = 0.437852, Pressure = 1.96528
Step 39150000 - Total Energy: -3074.3, Acceptance Ratio = 0.43785, Pressure = 2.72387
Step 39160000 - Total Energy: -3117.94, Acceptance Ratio = 0.43785, Pressure = 2.27686
Step 39170000 - Total Energy: -3135.05, Acceptance Ratio = 0.43785, Pressure = 2.10924
Step 39180000 - Total Energy: -3134.8, Acceptance Ratio = 0.437849, Pressure = 2.06119
Step 39190000 - Total Energy: -3126.05, Acceptance Ratio = 0.437848, Pressure = 2.23438
Step 39200000 - Total Energy: -3102.23, Acceptance Ratio = 0.437848, Pressure = 2.41111
Step 39210000 - Total Energy: -3131.47, Acceptance Ratio = 0.43785, Pressure = 2.06685
Step 39220000 - Total Energy: -3122.49, Acceptance Ratio = 0.43785, Pressure = 2.19865
Step 39230000 - Total Energy: -3127.55, Acceptance Ratio = 0.437849, Pressure = 2.15771
Step 39240000 - Total Energy: -3124.71, Acceptance Ratio = 0.437847, Pressure = 2.29366
Step 39250000 - Total Energy: -3161.12, Acceptance Ratio = 0.437847, Pressure = 1.86171
Step 39260000 - Total Energy: -3110.23, Acceptance Ratio = 0.437847, Pressure = 2.40023
Step 39270000 - Total Energy: -3133.53, Acceptance Ratio = 0.437846, Pressure = 2.13689
Step 39280000 - Total Energy: -3127.63, Acceptance Ratio = 0.437846, Pressure = 2.16498
Step 39290000 - Total Energy: -3073.61, Acceptance Ratio = 0.437843, Pressure = 2.74591
Step 39300000 - Total Energy: -3144.93, Acceptance Ratio = 0.43784, Pressure = 1.98824
Step 39310000 - Total Energy: -3083.62, Acceptance Ratio = 0.437837, Pressure = 2.62421
Step 39320000 - Total Energy: -3115.24, Acceptance Ratio = 0.437835, Pressure = 2.33047
Step 39330000 - Total Energy: -3109.2, Acceptance Ratio = 0.437837, Pressure = 2.35783
Step 39340000 - Total Energy: -3145.86, Acceptance Ratio = 0.437836, Pressure = 2.01485
Step 39350000 - Total Energy: -3102.38, Acceptance Ratio = 0.437833, Pressure = 2.5246
Step 39360000 - Total Energy: -3102.05, Acceptance Ratio = 0.437832, Pressure = 2.50424
Step 39370000 - Total Energy: -3113.38, Acceptance Ratio = 0.43783, Pressure = 2.29201
Step 39380000 - Total Energy: -3163.88, Acceptance Ratio = 0.437832, Pressure = 1.81964
Step 39390000 - Total Energy: -3130.34, Acceptance Ratio = 0.43783, Pressure = 2.12793
Step 39400000 - Total Energy: -3081.11, Acceptance Ratio = 0.437828, Pressure = 2.62719
Step 39410000 - Total Energy: -3132.76, Acceptance Ratio = 0.437827, Pressure = 2.10174
Step 39420000 - Total Energy: -3115.16, Acceptance Ratio = 0.43783, Pressure = 2.28704
Step 39430000 - Total Energy: -3119.2, Acceptance Ratio = 0.437829, Pressure = 2.27034
Step 39440000 - Total Energy: -3131.08, Acceptance Ratio = 0.43783, Pressure = 2.11874
Step 39450000 - Total Energy: -3121.81, Acceptance Ratio = 0.437831, Pressure = 2.23238
Step 39460000 - Total Energy: -3122.89, Acceptance Ratio = 0.437832, Pressure = 2.10795
Step 39470000 - Total Energy: -3139.64, Acceptance Ratio = 0.437832, Pressure = 2.01012
Step 39480000 - Total Energy: -3084.87, Acceptance Ratio = 0.437834, Pressure = 2.57123
Step 39490000 - Total Energy: -3109.14, Acceptance Ratio = 0.437833, Pressure = 2.38378
Step 39500000 - Total Energy: -3123.01, Acceptance Ratio = 0.437835, Pressure = 2.13752
Step 39510000 - Total Energy: -3123.53, Acceptance Ratio = 0.437835, Pressure = 2.22853
Step 39520000 - Total Energy: -3113.85, Acceptance Ratio = 0.437835, Pressure = 2.23767
Step 39530000 - Total Energy: -3131.86, Acceptance Ratio = 0.437834, Pressure = 2.16673
Step 39540000 - Total Energy: -3122.66, Acceptance Ratio = 0.437833, Pressure = 2.1167
Step 39550000 - Total Energy: -3095.99, Acceptance Ratio = 0.437833, Pressure = 2.44179
Step 39560000 - Total Energy: -3116.93, Acceptance Ratio = 0.437834, Pressure = 2.21015
Step 39570000 - Total Energy: -3148.43, Acceptance Ratio = 0.437835, Pressure = 1.9413
Step 39580000 - Total Energy: -3135.2, Acceptance Ratio = 0.437837, Pressure = 2.04384
Step 39590000 - Total Energy: -3144.29, Acceptance Ratio = 0.437838, Pressure = 1.94004
Step 39600000 - Total Energy: -3143.36, Acceptance Ratio = 0.43784, Pressure = 1.93367
Step 39610000 - Total Energy: -3121.55, Acceptance Ratio = 0.437836, Pressure = 2.21344
Step 39620000 - Total Energy: -3114.6, Acceptance Ratio = 0.437838, Pressure = 2.30018
Step 39630000 - Total Energy: -3136.45, Acceptance Ratio = 0.43784, Pressure = 2.03319
Step 39640000 - Total Energy: -3083.18, Acceptance Ratio = 0.43784, Pressure = 2.61006
Step 39650000 - Total Energy: -3109.61, Acceptance Ratio = 0.437839, Pressure = 2.31514
Step 39660000 - Total Energy: -3104.1, Acceptance Ratio = 0.437837, Pressure = 2.45117
Step 39670000 - Total Energy: -3123.99, Acceptance Ratio = 0.437837, Pressure = 2.18295
Step 39680000 - Total Energy: -3072.45, Acceptance Ratio = 0.437837, Pressure = 2.68906
Step 39690000 - Total Energy: -3092.46, Acceptance Ratio = 0.437835, Pressure = 2.4967
Step 39700000 - Total Energy: -3142.84, Acceptance Ratio = 0.437836, Pressure = 2.00542
Step 39710000 - Total Energy: -3143.69, Acceptance Ratio = 0.437836, Pressure = 1.97227
Step 39720000 - Total Energy: -3104.36, Acceptance Ratio = 0.437837, Pressure = 2.40951
Step 39730000 - Total Energy: -3111.14, Acceptance Ratio = 0.437836, Pressure = 2.33005
Step 39740000 - Total Energy: -3126.48, Acceptance Ratio = 0.437836, Pressure = 2.17324
Step 39750000 - Total Energy: -3119.44, Acceptance Ratio = 0.437835, Pressure = 2.21631
Step 39760000 - Total Energy: -3090.77, Acceptance Ratio = 0.437835, Pressure = 2.587
Step 39770000 - Total Energy: -3089.85, Acceptance Ratio = 0.437835, Pressure = 2.5984
Step 39780000 - Total Energy: -3093.93, Acceptance Ratio = 0.437835, Pressure = 2.43021
Step 39790000 - Total Energy: -3117.23, Acceptance Ratio = 0.437834, Pressure = 2.25574
Step 39800000 - Total Energy: -3100.83, Acceptance Ratio = 0.437835, Pressure = 2.50649
Step 39810000 - Total Energy: -3078.4, Acceptance Ratio = 0.437833, Pressure = 2.73937
Step 39820000 - Total Energy: -3088.37, Acceptance Ratio = 0.437829, Pressure = 2.65539
Step 39830000 - Total Energy: -3113.75, Acceptance Ratio = 0.437828, Pressure = 2.39312
Step 39840000 - Total Energy: -3095.25, Acceptance Ratio = 0.437828, Pressure = 2.52345
Step 39850000 - Total Energy: -3123.84, Acceptance Ratio = 0.437827, Pressure = 2.22172
Step 39860000 - Total Energy: -3122.3, Acceptance Ratio = 0.437828, Pressure = 2.20653
Step 39870000 - Total Energy: -3143.65, Acceptance Ratio = 0.43783, Pressure = 2.00659
Step 39880000 - Total Energy: -3125.14, Acceptance Ratio = 0.437832, Pressure = 2.16377
Step 39890000 - Total Energy: -3069.3, Acceptance Ratio = 0.43783, Pressure = 2.73541
Step 39900000 - Total Energy: -3057.23, Acceptance Ratio = 0.437828, Pressure = 2.8019
Step 39910000 - Total Energy: -3073.5, Acceptance Ratio = 0.437826, Pressure = 2.64378
Step 39920000 - Total Energy: -3110.12, Acceptance Ratio = 0.437824, Pressure = 2.27751
Step 39930000 - Total Energy: -3083.05, Acceptance Ratio = 0.437824, Pressure = 2.61133
Step 39940000 - Total Energy: -3115.93, Acceptance Ratio = 0.437822, Pressure = 2.28155
Step 39950000 - Total Energy: -3095.83, Acceptance Ratio = 0.437821, Pressure = 2.44773
Step 39960000 - Total Energy: -3132.13, Acceptance Ratio = 0.437824, Pressure = 2.13677
Step 39970000 - Total Energy: -3101.19, Acceptance Ratio = 0.437827, Pressure = 2.41299
Step 39980000 - Total Energy: -3096.11, Acceptance Ratio = 0.437828, Pressure = 2.50691
Step 39990000 - Total Energy: -3106.18, Acceptance Ratio = 0.437829, Pressure = 2.36535
Step 40000000 - Total Energy: -3119.56, Acceptance Ratio = 0.43783, Pressure = 2.21608
Step 40010000 - Total Energy: -3087.4, Acceptance Ratio = 0.437829, Pressure = 2.54835
Step 40020000 - Total Energy: -3110.03, Acceptance Ratio = 0.43783, Pressure = 2.37671
Step 40030000 - Total Energy: -3101.79, Acceptance Ratio = 0.437829, Pressure = 2.44937
Step 40040000 - Total Energy: -3113.4, Acceptance Ratio = 0.437828, Pressure = 2.26705
Step 40050000 - Total Energy: -3151.42, Acceptance Ratio = 0.437828, Pressure = 1.92029
Step 40060000 - Total Energy: -3147.28, Acceptance Ratio = 0.43783, Pressure = 2.04845
Step 40070000 - Total Energy: -3136.1, Acceptance Ratio = 0.437831, Pressure = 2.1129
Step 40080000 - Total Energy: -3148.7, Acceptance Ratio = 0.437833, Pressure = 1.96577
Step 40090000 - Total Energy: -3156.23, Acceptance Ratio = 0.437835, Pressure = 1.90698
Step 40100000 - Total Energy: -3098.99, Acceptance Ratio = 0.437837, Pressure = 2.40762
Step 40110000 - Total Energy: -3103.96, Acceptance Ratio = 0.437838, Pressure = 2.42523
Step 40120000 - Total Energy: -3139.2, Acceptance Ratio = 0.437838, Pressure = 2.05423
Step 40130000 - Total Energy: -3127.53, Acceptance Ratio = 0.43784, Pressure = 2.14491
Step 40140000 - Total Energy: -3162.07, Acceptance Ratio = 0.43784, Pressure = 1.84844
Step 40150000 - Total Energy: -3128.54, Acceptance Ratio = 0.437842, Pressure = 2.11552
Step 40160000 - Total Energy: -3135.27, Acceptance Ratio = 0.437842, Pressure = 2.18211
Step 40170000 - Total Energy: -3130.34, Acceptance Ratio = 0.437844, Pressure = 2.14929
Step 40180000 - Total Energy: -3144.38, Acceptance Ratio = 0.437845, Pressure = 1.97593
Step 40190000 - Total Energy: -3148.23, Acceptance Ratio = 0.437846, Pressure = 1.90281
Step 40200000 - Total Energy: -3119.94, Acceptance Ratio = 0.437845, Pressure = 2.30416
Step 40210000 - Total Energy: -3123.97, Acceptance Ratio = 0.437846, Pressure = 2.24281
Step 40220000 - Total Energy: -3145.2, Acceptance Ratio = 0.437849, Pressure = 2.04861
Step 40230000 - Total Energy: -3129.07, Acceptance Ratio = 0.43785, Pressure = 2.10054
Step 40240000 - Total Energy: -3142.62, Acceptance Ratio = 0.43785, Pressure = 2.06047
Step 40250000 - Total Energy: -3129.97, Acceptance Ratio = 0.43785, Pressure = 2.13159
Step 40260000 - Total Energy: -3131.41, Acceptance Ratio = 0.437853, Pressure = 2.12799
Step 40270000 - Total Energy: -3112.6, Acceptance Ratio = 0.437851, Pressure = 2.25399
Step 40280000 - Total Energy: -3119.88, Acceptance Ratio = 0.437851, Pressure = 2.16707
Step 40290000 - Total Energy: -3134.1, Acceptance Ratio = 0.43785, Pressure = 2.12823
Step 40300000 - Total Energy: -3106.48, Acceptance Ratio = 0.43785, Pressure = 2.32409
Step 40310000 - Total Energy: -3098.27, Acceptance Ratio = 0.437852, Pressure = 2.4071
Step 40320000 - Total Energy: -3128.74, Acceptance Ratio = 0.437852, Pressure = 2.10746
Step 40330000 - Total Energy: -3106.57, Acceptance Ratio = 0.437853, Pressure = 2.34474
Step 40340000 - Total Energy: -3115.45, Acceptance Ratio = 0.437851, Pressure = 2.26744
Step 40350000 - Total Energy: -3157.28, Acceptance Ratio = 0.437852, Pressure = 1.81235
Step 40360000 - Total Energy: -3101.28, Acceptance Ratio = 0.437854, Pressure = 2.4406
Step 40370000 - Total Energy: -3122.93, Acceptance Ratio = 0.437854, Pressure = 2.16753
Step 40380000 - Total Energy: -3137.32, Acceptance Ratio = 0.437854, Pressure = 1.9806
Step 40390000 - Total Energy: -3148.46, Acceptance Ratio = 0.437856, Pressure = 1.98085
Step 40400000 - Total Energy: -3060.44, Acceptance Ratio = 0.437856, Pressure = 2.87402
Step 40410000 - Total Energy: -3075.21, Acceptance Ratio = 0.437854, Pressure = 2.73884
Step 40420000 - Total Energy: -3151.58, Acceptance Ratio = 0.437854, Pressure = 1.92052
Step 40430000 - Total Energy: -3139.23, Acceptance Ratio = 0.437853, Pressure = 2.0873
Step 40440000 - Total Energy: -3093.33, Acceptance Ratio = 0.437852, Pressure = 2.50895
Step 40450000 - Total Energy: -3167.22, Acceptance Ratio = 0.43785, Pressure = 1.79084
Step 40460000 - Total Energy: -3087.17, Acceptance Ratio = 0.437853, Pressure = 2.5709
Step 40470000 - Total Energy: -3157.36, Acceptance Ratio = 0.437855, Pressure = 1.85658
Step 40480000 - Total Energy: -3132.52, Acceptance Ratio = 0.437857, Pressure = 2.05674
Step 40490000 - Total Energy: -3105.57, Acceptance Ratio = 0.437858, Pressure = 2.38201
Step 40500000 - Total Energy: -3117.13, Acceptance Ratio = 0.437859, Pressure = 2.32195
Step 40510000 - Total Energy: -3120.96, Acceptance Ratio = 0.437857, Pressure = 2.25234
Step 40520000 - Total Energy: -3102.71, Acceptance Ratio = 0.437859, Pressure = 2.36156
Step 40530000 - Total Energy: -3137.27, Acceptance Ratio = 0.43786, Pressure = 2.04889
Step 40540000 - Total Energy: -3075.51, Acceptance Ratio = 0.43786, Pressure = 2.72395
Step 40550000 - Total Energy: -3110.74, Acceptance Ratio = 0.43786, Pressure = 2.32058
Step 40560000 - Total Energy: -3121.38, Acceptance Ratio = 0.43786, Pressure = 2.22956
Step 40570000 - Total Energy: -3128.41, Acceptance Ratio = 0.43786, Pressure = 2.20865
Step 40580000 - Total Energy: -3083.51, Acceptance Ratio = 0.437861, Pressure = 2.67008
Step 40590000 - Total Energy: -3087.39, Acceptance Ratio = 0.437862, Pressure = 2.60503
Step 40600000 - Total Energy: -3088.95, Acceptance Ratio = 0.43786, Pressure = 2.64109
Step 40610000 - Total Energy: -3103.47, Acceptance Ratio = 0.43786, Pressure = 2.43088
Step 40620000 - Total Energy: -3134.12, Acceptance Ratio = 0.437859, Pressure = 2.09835
Step 40630000 - Total Energy: -3111.03, Acceptance Ratio = 0.437859, Pressure = 2.37634
Step 40640000 - Total Energy: -3103.29, Acceptance Ratio = 0.437858, Pressure = 2.39277
Step 40650000 - Total Energy: -3083.51, Acceptance Ratio = 0.437857, Pressure = 2.64944
Step 40660000 - Total Energy: -3102.39, Acceptance Ratio = 0.437857, Pressure = 2.51185
Step 40670000 - Total Energy: -3119.73, Acceptance Ratio = 0.437856, Pressure = 2.33958
Step 40680000 - Total Energy: -3141.22, Acceptance Ratio = 0.437856, Pressure = 2.05457
Step 40690000 - Total Energy: -3149.39, Acceptance Ratio = 0.437857, Pressure = 1.92619
Step 40700000 - Total Energy: -3097.32, Acceptance Ratio = 0.437858, Pressure = 2.56287
Step 40710000 - Total Energy: -3115.95, Acceptance Ratio = 0.437857, Pressure = 2.31376
Step 40720000 - Total Energy: -3110.3, Acceptance Ratio = 0.437858, Pressure = 2.29288
Step 40730000 - Total Energy: -3135.68, Acceptance Ratio = 0.437859, Pressure = 2.08626
Step 40740000 - Total Energy: -3136.47, Acceptance Ratio = 0.437859, Pressure = 2.08639
Step 40750000 - Total Energy: -3098.35, Acceptance Ratio = 0.437859, Pressure = 2.3995
Step 40760000 - Total Energy: -3130.21, Acceptance Ratio = 0.43786, Pressure = 2.1421
Step 40770000 - Total Energy: -3111.26, Acceptance Ratio = 0.437857, Pressure = 2.37092
Step 40780000 - Total Energy: -3094.2, Acceptance Ratio = 0.437857, Pressure = 2.6158
Step 40790000 - Total Energy: -3058.43, Acceptance Ratio = 0.437855, Pressure = 2.85553
Step 40800000 - Total Energy: -3085.5, Acceptance Ratio = 0.437855, Pressure = 2.62926
Step 40810000 - Total Energy: -3081.85, Acceptance Ratio = 0.437853, Pressure = 2.67089
Step 40820000 - Total Energy: -3112.94, Acceptance Ratio = 0.437854, Pressure = 2.32093
Step 40830000 - Total Energy: -3130.32, Acceptance Ratio = 0.437854, Pressure = 2.22406
Step 40840000 - Total Energy: -3082.67, Acceptance Ratio = 0.437854, Pressure = 2.60277
Step 40850000 - Total Energy: -3057.16, Acceptance Ratio = 0.437854, Pressure = 2.84122
Step 40860000 - Total Energy: -3072.09, Acceptance Ratio = 0.437852, Pressure = 2.69043
Step 40870000 - Total Energy: -3090.11, Acceptance Ratio = 0.437854, Pressure = 2.54858
Step 40880000 - Total Energy: -3110.94, Acceptance Ratio = 0.437854, Pressure = 2.34554
Step 40890000 - Total Energy: -3093.67, Acceptance Ratio = 0.437855, Pressure = 2.41085
Step 40900000 - Total Energy: -3097.85, Acceptance Ratio = 0.437853, Pressure = 2.47169
Step 40910000 - Total Energy: -3101.12, Acceptance Ratio = 0.437854, Pressure = 2.45582
Step 40920000 - Total Energy: -3131.94, Acceptance Ratio = 0.437853, Pressure = 2.03512
Step 40930000 - Total Energy: -3092.16, Acceptance Ratio = 0.437853, Pressure = 2.51259
Step 40940000 - Total Energy: -3091.46, Acceptance Ratio = 0.437853, Pressure = 2.44271
Step 40950000 - Total Energy: -3102.27, Acceptance Ratio = 0.437852, Pressure = 2.38425
Step 40960000 - Total Energy: -3067.81, Acceptance Ratio = 0.43785, Pressure = 2.68501
Step 40970000 - Total Energy: -3086.03, Acceptance Ratio = 0.437847, Pressure = 2.49204
Step 40980000 - Total Energy: -3151.21, Acceptance Ratio = 0.437846, Pressure = 1.9309
Step 40990000 - Total Energy: -3093.39, Acceptance Ratio = 0.437847, Pressure = 2.53865
Step 41000000 - Total Energy: -3107.07, Acceptance Ratio = 0.437845, Pressure = 2.38059
Step 41010000 - Total Energy: -3088.32, Acceptance Ratio = 0.437844, Pressure = 2.50433
Step 41020000 - Total Energy: -3129.49, Acceptance Ratio = 0.437843, Pressure = 2.12094
Step 41030000 - Total Energy: -3132.44, Acceptance Ratio = 0.437843, Pressure = 2.11181
Step 41040000 - Total Energy: -3101.92, Acceptance Ratio = 0.437842, Pressure = 2.43363
Step 41050000 - Total Energy: -3126.33, Acceptance Ratio = 0.437843, Pressure = 2.18385
Step 41060000 - Total Energy: -3095.74, Acceptance Ratio = 0.437844, Pressure = 2.46484
Step 41070000 - Total Energy: -3138.17, Acceptance Ratio = 0.437842, Pressure = 2.07573
Step 41080000 - Total Energy: -3111.5, Acceptance Ratio = 0.437843, Pressure = 2.36885
Step 41090000 - Total Energy: -3136.76, Acceptance Ratio = 0.437842, Pressure = 2.11794
Step 41100000 - Total Energy: -3120.26, Acceptance Ratio = 0.437841, Pressure = 2.29003
Step 41110000 - Total Energy: -3159.67, Acceptance Ratio = 0.437842, Pressure = 1.85331
Step 41120000 - Total Energy: -3118.98, Acceptance Ratio = 0.437841, Pressure = 2.29704
Step 41130000 - Total Energy: -3130.3, Acceptance Ratio = 0.43784, Pressure = 2.10439
Step 41140000 - Total Energy: -3141.22, Acceptance Ratio = 0.437841, Pressure = 2.05545
Step 41150000 - Total Energy: -3131.98, Acceptance Ratio = 0.437842, Pressure = 2.14848
Step 41160000 - Total Energy: -3142.81, Acceptance Ratio = 0.437842, Pressure = 2.0908
Step 41170000 - Total Energy: -3138.23, Acceptance Ratio = 0.437839, Pressure = 2.11051
Step 41180000 - Total Energy: -3119.33, Acceptance Ratio = 0.437839, Pressure = 2.25019
Step 41190000 - Total Energy: -3134.24, Acceptance Ratio = 0.437838, Pressure = 2.17601
Step 41200000 - Total Energy: -3123.89, Acceptance Ratio = 0.437835, Pressure = 2.3092
Step 41210000 - Total Energy: -3153.35, Acceptance Ratio = 0.437833, Pressure = 1.97978
Step 41220000 - Total Energy: -3101.45, Acceptance Ratio = 0.437833, Pressure = 2.48733
Step 41230000 - Total Energy: -3099.56, Acceptance Ratio = 0.437832, Pressure = 2.4939
Step 41240000 - Total Energy: -3132.97, Acceptance Ratio = 0.43783, Pressure = 2.13008
Step 41250000 - Total Energy: -3157.42, Acceptance Ratio = 0.437831, Pressure = 1.87333
Step 41260000 - Total Energy: -3151.68, Acceptance Ratio = 0.437832, Pressure = 1.86123
Step 41270000 - Total Energy: -3129.26, Acceptance Ratio = 0.437836, Pressure = 2.1168
Step 41280000 - Total Energy: -3132.83, Acceptance Ratio = 0.437835, Pressure = 2.11742
Step 41290000 - Total Energy: -3175.42, Acceptance Ratio = 0.437837, Pressure = 1.68442
Step 41300000 - Total Energy: -3167.82, Acceptance Ratio = 0.437837, Pressure = 1.77597
Step 41310000 - Total Energy: -3117.28, Acceptance Ratio = 0.437837, Pressure = 2.22497
Step 41320000 - Total Energy: -3144.22, Acceptance Ratio = 0.437836, Pressure = 2.02148
Step 41330000 - Total Energy: -3114.95, Acceptance Ratio = 0.437836, Pressure = 2.2986
Step 41340000 - Total Energy: -3151.04, Acceptance Ratio = 0.437836, Pressure = 1.96849
Step 41350000 - Total Energy: -3123.25, Acceptance Ratio = 0.437837, Pressure = 2.10878
Step 41360000 - Total Energy: -3151.7, Acceptance Ratio = 0.437838, Pressure = 1.87788
Step 41370000 - Total Energy: -3094.42, Acceptance Ratio = 0.43784, Pressure = 2.46242
Step 41380000 - Total Energy: -3124.45, Acceptance Ratio = 0.43784, Pressure = 2.15823
Step 41390000 - Total Energy: -3147.76, Acceptance Ratio = 0.437841, Pressure = 1.93727
Step 41400000 - Total Energy: -3131, Acceptance Ratio = 0.437841, Pressure = 2.06696
Step 41410000 - Total Energy: -3151.59, Acceptance Ratio = 0.437842, Pressure = 1.97043
Step 41420000 - Total Energy: -3106.55, Acceptance Ratio = 0.437842, Pressure = 2.38692
Step 41430000 - Total Energy: -3114.55, Acceptance Ratio = 0.437842, Pressure = 2.32028
Step 41440000 - Total Energy: -3116.33, Acceptance Ratio = 0.437844, Pressure = 2.24516
Step 41450000 - Total Energy: -3138.29, Acceptance Ratio = 0.437846, Pressure = 2.04149
Step 41460000 - Total Energy: -3155.44, Acceptance Ratio = 0.437846, Pressure = 1.91109
Step 41470000 - Total Energy: -3137.61, Acceptance Ratio = 0.437846, Pressure = 2.06968
Step 41480000 - Total Energy: -3133.38, Acceptance Ratio = 0.437846, Pressure = 2.10379
Step 41490000 - Total Energy: -3131.4, Acceptance Ratio = 0.437847, Pressure = 2.12805
Step 41500000 - Total Energy: -3143.37, Acceptance Ratio = 0.437848, Pressure = 1.99082
Step 41510000 - Total Energy: -3116.26, Acceptance Ratio = 0.437851, Pressure = 2.24431
Step 41520000 - Total Energy: -3142.12, Acceptance Ratio = 0.43785, Pressure = 2.03311
Step 41530000 - Total Energy: -3103.65, Acceptance Ratio = 0.437848, Pressure = 2.36089
Step 41540000 - Total Energy: -3107.81, Acceptance Ratio = 0.437849, Pressure = 2.31543
Step 41550000 - Total Energy: -3126.75, Acceptance Ratio = 0.437848, Pressure = 2.14469
Step 41560000 - Total Energy: -3135.23, Acceptance Ratio = 0.437848, Pressure = 2.07244
Step 41570000 - Total Energy: -3150.02, Acceptance Ratio = 0.43785, Pressure = 1.86482
Step 41580000 - Total Energy: -3137.42, Acceptance Ratio = 0.43785, Pressure = 1.97167
Step 41590000 - Total Energy: -3101.56, Acceptance Ratio = 0.437849, Pressure = 2.39354
Step 41600000 - Total Energy: -3137.21, Acceptance Ratio = 0.437849, Pressure = 2.02856
Step 41610000 - Total Energy: -3074.43, Acceptance Ratio = 0.437849, Pressure = 2.63268
Step 41620000 - Total Energy: -3093.36, Acceptance Ratio = 0.437849, Pressure = 2.39497
Step 41630000 - Total Energy: -3123.7, Acceptance Ratio = 0.437849, Pressure = 2.12879
Step 41640000 - Total Energy: -3118.42, Acceptance Ratio = 0.437847, Pressure = 2.25604
Step 41650000 - Total Energy: -3094.11, Acceptance Ratio = 0.437845, Pressure = 2.51164
Step 41660000 - Total Energy: -3117.44, Acceptance Ratio = 0.437846, Pressure = 2.17147
Step 41670000 - Total Energy: -3098.39, Acceptance Ratio = 0.437845, Pressure = 2.40853
Step 41680000 - Total Energy: -3132.64, Acceptance Ratio = 0.437843, Pressure = 2.10051
Step 41690000 - Total Energy: -3117.5, Acceptance Ratio = 0.437844, Pressure = 2.18258
Step 41700000 - Total Energy: -3094.17, Acceptance Ratio = 0.437844, Pressure = 2.54895
Step 41710000 - Total Energy: -3114.1, Acceptance Ratio = 0.437845, Pressure = 2.30929
Step 41720000 - Total Energy: -3085.66, Acceptance Ratio = 0.437841, Pressure = 2.57471
Step 41730000 - Total Energy: -3081.9, Acceptance Ratio = 0.43784, Pressure = 2.57456
Step 41740000 - Total Energy: -3071.9, Acceptance Ratio = 0.43784, Pressure = 2.63079
Step 41750000 - Total Energy: -3080.3, Acceptance Ratio = 0.437839, Pressure = 2.5733
Step 41760000 - Total Energy: -3074.95, Acceptance Ratio = 0.437835, Pressure = 2.6847
Step 41770000 - Total Energy: -3097.13, Acceptance Ratio = 0.437832, Pressure = 2.4629
Step 41780000 - Total Energy: -3057.22, Acceptance Ratio = 0.437831, Pressure = 2.80633
Step 41790000 - Total Energy: -3091.03, Acceptance Ratio = 0.43783, Pressure = 2.52262
Step 41800000 - Total Energy: -3111.34, Acceptance Ratio = 0.43783, Pressure = 2.30684
Step 41810000 - Total Energy: -3106.1, Acceptance Ratio = 0.437832, Pressure = 2.34771
Step 41820000 - Total Energy: -3118.67, Acceptance Ratio = 0.43783, Pressure = 2.23386
Step 41830000 - Total Energy: -3124.46, Acceptance Ratio = 0.437829, Pressure = 2.18803
Step 41840000 - Total Energy: -3110.97, Acceptance Ratio = 0.437827, Pressure = 2.32893
Step 41850000 - Total Energy: -3056.69, Acceptance Ratio = 0.437826, Pressure = 2.94152
Step 41860000 - Total Energy: -3090.25, Acceptance Ratio = 0.437825, Pressure = 2.57693
Step 41870000 - Total Energy: -3097.38, Acceptance Ratio = 0.437823, Pressure = 2.49806
Step 41880000 - Total Energy: -3104.36, Acceptance Ratio = 0.437822, Pressure = 2.4772
Step 41890000 - Total Energy: -3123.56, Acceptance Ratio = 0.437822, Pressure = 2.22723
Step 41900000 - Total Energy: -3123.52, Acceptance Ratio = 0.437823, Pressure = 2.24686
Step 41910000 - Total Energy: -3107.06, Acceptance Ratio = 0.437822, Pressure = 2.35379
Step 41920000 - Total Energy: -3150.64, Acceptance Ratio = 0.437822, Pressure = 1.96695
Step 41930000 - Total Energy: -3114.82, Acceptance Ratio = 0.43782, Pressure = 2.29025
Step 41940000 - Total Energy: -3100.69, Acceptance Ratio = 0.437818, Pressure = 2.41559
Step 41950000 - Total Energy: -3089.11, Acceptance Ratio = 0.437817, Pressure = 2.57903
Step 41960000 - Total Energy: -3063.96, Acceptance Ratio = 0.437815, Pressure = 2.78628
Step 41970000 - Total Energy: -3122.94, Acceptance Ratio = 0.437814, Pressure = 2.21197
Step 41980000 - Total Energy: -3142.6, Acceptance Ratio = 0.437816, Pressure = 2.05437
Step 41990000 - Total Energy: -3103.6, Acceptance Ratio = 0.437816, Pressure = 2.43174
Step 42000000 - Total Energy: -3085.06, Acceptance Ratio = 0.437815, Pressure = 2.5576
Step 42010000 - Total Energy: -3087.5, Acceptance Ratio = 0.437815, Pressure = 2.53258
Step 42020000 - Total Energy: -3118.91, Acceptance Ratio = 0.437813, Pressure = 2.24651
Step 42030000 - Total Energy: -3111.2, Acceptance Ratio = 0.437814, Pressure = 2.35198
Step 42040000 - Total Energy: -3113.93, Acceptance Ratio = 0.437815, Pressure = 2.28892
Step 42050000 - Total Energy: -3126.65, Acceptance Ratio = 0.437814, Pressure = 2.14995
Step 42060000 - Total Energy: -3131.41, Acceptance Ratio = 0.437813, Pressure = 2.12943
Step 42070000 - Total Energy: -3085.43, Acceptance Ratio = 0.437811, Pressure = 2.52376
Step 42080000 - Total Energy: -3112.59, Acceptance Ratio = 0.437812, Pressure = 2.30466
Step 42090000 - Total Energy: -3104.98, Acceptance Ratio = 0.437812, Pressure = 2.39838
Step 42100000 - Total Energy: -3086.7, Acceptance Ratio = 0.437811, Pressure = 2.58352
Step 42110000 - Total Energy: -3107.05, Acceptance Ratio = 0.43781, Pressure = 2.37301
Step 42120000 - Total Energy: -3085.36, Acceptance Ratio = 0.437808, Pressure = 2.71255
Step 42130000 - Total Energy: -3126.76, Acceptance Ratio = 0.437809, Pressure = 2.23967
Step 42140000 - Total Energy: -3122.75, Acceptance Ratio = 0.437807, Pressure = 2.25653
Step 42150000 - Total Energy: -3101.34, Acceptance Ratio = 0.437806, Pressure = 2.45708
Step 42160000 - Total Energy: -3127.05, Acceptance Ratio = 0.437805, Pressure = 2.14143
Step 42170000 - Total Energy: -3118.09, Acceptance Ratio = 0.437805, Pressure = 2.31327
Step 42180000 - Total Energy: -3129.21, Acceptance Ratio = 0.437803, Pressure = 2.16284
Step 42190000 - Total Energy: -3102.41, Acceptance Ratio = 0.437803, Pressure = 2.38995
Step 42200000 - Total Energy: -3148.79, Acceptance Ratio = 0.437804, Pressure = 1.9695
Step 42210000 - Total Energy: -3114.06, Acceptance Ratio = 0.437803, Pressure = 2.31687
Step 42220000 - Total Energy: -3090.64, Acceptance Ratio = 0.437802, Pressure = 2.5399
Step 42230000 - Total Energy: -3123.14, Acceptance Ratio = 0.437803, Pressure = 2.2516
Step 42240000 - Total Energy: -3124.17, Acceptance Ratio = 0.437802, Pressure = 2.14965
Step 42250000 - Total Energy: -3121.9, Acceptance Ratio = 0.437803, Pressure = 2.16784
Step 42260000 - Total Energy: -3102.16, Acceptance Ratio = 0.437802, Pressure = 2.35886
Step 42270000 - Total Energy: -3139.26, Acceptance Ratio = 0.437802, Pressure = 2.01975
Step 42280000 - Total Energy: -3112.32, Acceptance Ratio = 0.437803, Pressure = 2.29222
Step 42290000 - Total Energy: -3111.44, Acceptance Ratio = 0.437803, Pressure = 2.35001
Step 42300000 - Total Energy: -3102.56, Acceptance Ratio = 0.437803, Pressure = 2.35465
Step 42310000 - Total Energy: -3093.51, Acceptance Ratio = 0.437804, Pressure = 2.48109
Step 42320000 - Total Energy: -3113.59, Acceptance Ratio = 0.437803, Pressure = 2.27156
Step 42330000 - Total Energy: -3113.52, Acceptance Ratio = 0.437805, Pressure = 2.31868
Step 42340000 - Total Energy: -3126.86, Acceptance Ratio = 0.437805, Pressure = 2.14892
Step 42350000 - Total Energy: -3115.6, Acceptance Ratio = 0.437807, Pressure = 2.1945
Step 42360000 - Total Energy: -3105.85, Acceptance Ratio = 0.437807, Pressure = 2.35504
Step 42370000 - Total Energy: -3117.52, Acceptance Ratio = 0.437807, Pressure = 2.26395
Step 42380000 - Total Energy: -3115.71, Acceptance Ratio = 0.437807, Pressure = 2.26386
Step 42390000 - Total Energy: -3142.18, Acceptance Ratio = 0.437809, Pressure = 1.94689
Step 42400000 - Total Energy: -3143, Acceptance Ratio = 0.437809, Pressure = 1.9818
Step 42410000 - Total Energy: -3105.38, Acceptance Ratio = 0.437808, Pressure = 2.36732
Step 42420000 - Total Energy: -3136.13, Acceptance Ratio = 0.437808, Pressure = 2.10895
Step 42430000 - Total Energy: -3128.75, Acceptance Ratio = 0.437809, Pressure = 2.12267
Step 42440000 - Total Energy: -3154.83, Acceptance Ratio = 0.437809, Pressure = 1.89244
Step 42450000 - Total Energy: -3080.1, Acceptance Ratio = 0.437809, Pressure = 2.59526
Step 42460000 - Total Energy: -3099.18, Acceptance Ratio = 0.437809, Pressure = 2.5061
Step 42470000 - Total Energy: -3084.74, Acceptance Ratio = 0.437809, Pressure = 2.61781
Step 42480000 - Total Energy: -3083.42, Acceptance Ratio = 0.437807, Pressure = 2.57884
Step 42490000 - Total Energy: -3095.27, Acceptance Ratio = 0.437806, Pressure = 2.49529
Step 42500000 - Total Energy: -3085.66, Acceptance Ratio = 0.437804, Pressure = 2.58341
Step 42510000 - Total Energy: -3083.72, Acceptance Ratio = 0.437805, Pressure = 2.64904
Step 42520000 - Total Energy: -3104.66, Acceptance Ratio = 0.437804, Pressure = 2.45508
Step 42530000 - Total Energy: -3077.91, Acceptance Ratio = 0.437802, Pressure = 2.68944
Step 42540000 - Total Energy: -3097.48, Acceptance Ratio = 0.4378, Pressure = 2.53306
Step 42550000 - Total Energy: -3094.59, Acceptance Ratio = 0.437798, Pressure = 2.48815
Step 42560000 - Total Energy: -3111.04, Acceptance Ratio = 0.4378, Pressure = 2.34702
Step 42570000 - Total Energy: -3142.92, Acceptance Ratio = 0.437801, Pressure = 2.03678
Step 42580000 - Total Energy: -3086.98, Acceptance Ratio = 0.437801, Pressure = 2.55017
Step 42590000 - Total Energy: -3110.8, Acceptance Ratio = 0.4378, Pressure = 2.33645
Step 42600000 - Total Energy: -3119.56, Acceptance Ratio = 0.437802, Pressure = 2.21168
Step 42610000 - Total Energy: -3102, Acceptance Ratio = 0.437803, Pressure = 2.4537
Step 42620000 - Total Energy: -3076.63, Acceptance Ratio = 0.437802, Pressure = 2.65419
Step 42630000 - Total Energy: -3071.52, Acceptance Ratio = 0.437801, Pressure = 2.70728
Step 42640000 - Total Energy: -3097.72, Acceptance Ratio = 0.4378, Pressure = 2.53664
Step 42650000 - Total Energy: -3104.85, Acceptance Ratio = 0.437799, Pressure = 2.4185
Step 42660000 - Total Energy: -3100.51, Acceptance Ratio = 0.437799, Pressure = 2.42039
Step 42670000 - Total Energy: -3111.28, Acceptance Ratio = 0.437799, Pressure = 2.35048
Step 42680000 - Total Energy: -3114, Acceptance Ratio = 0.437799, Pressure = 2.28154
Step 42690000 - Total Energy: -3096.49, Acceptance Ratio = 0.437799, Pressure = 2.50214
Step 42700000 - Total Energy: -3081.58, Acceptance Ratio = 0.437798, Pressure = 2.57373
Step 42710000 - Total Energy: -3114.29, Acceptance Ratio = 0.437799, Pressure = 2.30679
Step 42720000 - Total Energy: -3106.1, Acceptance Ratio = 0.437798, Pressure = 2.36162
Step 42730000 - Total Energy: -3095.35, Acceptance Ratio = 0.437797, Pressure = 2.4601
Step 42740000 - Total Energy: -3115.61, Acceptance Ratio = 0.437796, Pressure = 2.3084
Step 42750000 - Total Energy: -3137.77, Acceptance Ratio = 0.437799, Pressure = 2.08706
Step 42760000 - Total Energy: -3097.22, Acceptance Ratio = 0.437799, Pressure = 2.42932
Step 42770000 - Total Energy: -3103.19, Acceptance Ratio = 0.4378, Pressure = 2.36825
Step 42780000 - Total Energy: -3112.32, Acceptance Ratio = 0.437799, Pressure = 2.32192
Step 42790000 - Total Energy: -3108.55, Acceptance Ratio = 0.437799, Pressure = 2.35273
Step 42800000 - Total Energy: -3086.79, Acceptance Ratio = 0.437798, Pressure = 2.52861
Step 42810000 - Total Energy: -3105.58, Acceptance Ratio = 0.437798, Pressure = 2.35854
Step 42820000 - Total Energy: -3112.8, Acceptance Ratio = 0.4378, Pressure = 2.31937
Step 42830000 - Total Energy: -3114.86, Acceptance Ratio = 0.437801, Pressure = 2.32407
Step 42840000 - Total Energy: -3097.38, Acceptance Ratio = 0.437801, Pressure = 2.48306
Step 42850000 - Total Energy: -3103.56, Acceptance Ratio = 0.4378, Pressure = 2.36287
Step 42860000 - Total Energy: -3097.33, Acceptance Ratio = 0.437801, Pressure = 2.42915
Step 42870000 - Total Energy: -3131.88, Acceptance Ratio = 0.437802, Pressure = 2.16808
Step 42880000 - Total Energy: -3112.45, Acceptance Ratio = 0.437801, Pressure = 2.30299
Step 42890000 - Total Energy: -3156.82, Acceptance Ratio = 0.437803, Pressure = 1.84108
Step 42900000 - Total Energy: -3119.96, Acceptance Ratio = 0.437803, Pressure = 2.24921
Step 42910000 - Total Energy: -3155.83, Acceptance Ratio = 0.437803, Pressure = 1.8429
Step 42920000 - Total Energy: -3166.08, Acceptance Ratio = 0.437802, Pressure = 1.82415
Step 42930000 - Total Energy: -3115.97, Acceptance Ratio = 0.437803, Pressure = 2.33852
Step 42940000 - Total Energy: -3146.8, Acceptance Ratio = 0.437802, Pressure = 1.99732
Step 42950000 - Total Energy: -3107.95, Acceptance Ratio = 0.437802, Pressure = 2.3486
Step 42960000 - Total Energy: -3132.39, Acceptance Ratio = 0.4378, Pressure = 2.09676
Step 42970000 - Total Energy: -3131.02, Acceptance Ratio = 0.437799, Pressure = 2.10907
Step 42980000 - Total Energy: -3117.35, Acceptance Ratio = 0.437799, Pressure = 2.2711
Step 42990000 - Total Energy: -3117.33, Acceptance Ratio = 0.437799, Pressure = 2.2657
Step 43000000 - Total Energy: -3143.36, Acceptance Ratio = 0.437799, Pressure = 2.01892
Step 43010000 - Total Energy: -3163.18, Acceptance Ratio = 0.4378, Pressure = 1.77528
Step 43020000 - Total Energy: -3134.39, Acceptance Ratio = 0.437801, Pressure = 2.14339
Step 43030000 - Total Energy: -3121.88, Acceptance Ratio = 0.437799, Pressure = 2.18024
Step 43040000 - Total Energy: -3137.3, Acceptance Ratio = 0.437799, Pressure = 2.1049
Step 43050000 - Total Energy: -3124.79, Acceptance Ratio = 0.437799, Pressure = 2.18437
Step 43060000 - Total Energy: -3118.24, Acceptance Ratio = 0.437799, Pressure = 2.22156
Step 43070000 - Total Energy: -3112.01, Acceptance Ratio = 0.4378, Pressure = 2.33011
Step 43080000 - Total Energy: -3094.89, Acceptance Ratio = 0.4378, Pressure = 2.48245
Step 43090000 - Total Energy: -3119.05, Acceptance Ratio = 0.437799, Pressure = 2.24812
Step 43100000 - Total Energy: -3106.65, Acceptance Ratio = 0.437801, Pressure = 2.41984
Step 43110000 - Total Energy: -3119.99, Acceptance Ratio = 0.437799, Pressure = 2.31663
Step 43120000 - Total Energy: -3119.12, Acceptance Ratio = 0.437799, Pressure = 2.3225
Step 43130000 - Total Energy: -3082.78, Acceptance Ratio = 0.437797, Pressure = 2.70271
Step 43140000 - Total Energy: -3119.94, Acceptance Ratio = 0.437796, Pressure = 2.30077
Step 43150000 - Total Energy: -3094.57, Acceptance Ratio = 0.437795, Pressure = 2.5175
Step 43160000 - Total Energy: -3141.12, Acceptance Ratio = 0.437794, Pressure = 2.05511
Step 43170000 - Total Energy: -3124.25, Acceptance Ratio = 0.437794, Pressure = 2.27339
Step 43180000 - Total Energy: -3127.16, Acceptance Ratio = 0.437794, Pressure = 2.18489
Step 43190000 - Total Energy: -3134.2, Acceptance Ratio = 0.437795, Pressure = 2.11115
Step 43200000 - Total Energy: -3120.83, Acceptance Ratio = 0.437797, Pressure = 2.29931
Step 43210000 - Total Energy: -3103.48, Acceptance Ratio = 0.437795, Pressure = 2.48451
Step 43220000 - Total Energy: -3143.07, Acceptance Ratio = 0.437798, Pressure = 2.03408
Step 43230000 - Total Energy: -3124.19, Acceptance Ratio = 0.437796, Pressure = 2.21601
Step 43240000 - Total Energy: -3146.31, Acceptance Ratio = 0.437797, Pressure = 2.08516
Step 43250000 - Total Energy: -3071.83, Acceptance Ratio = 0.437795, Pressure = 2.74351
Step 43260000 - Total Energy: -3100.53, Acceptance Ratio = 0.437796, Pressure = 2.46469
Step 43270000 - Total Energy: -3107.61, Acceptance Ratio = 0.437793, Pressure = 2.39103
Step 43280000 - Total Energy: -3102.99, Acceptance Ratio = 0.437796, Pressure = 2.34577
Step 43290000 - Total Energy: -3132.94, Acceptance Ratio = 0.437798, Pressure = 2.00606
Step 43300000 - Total Energy: -3119.82, Acceptance Ratio = 0.437801, Pressure = 2.13558
Step 43310000 - Total Energy: -3123.57, Acceptance Ratio = 0.4378, Pressure = 2.22247
Step 43320000 - Total Energy: -3133.34, Acceptance Ratio = 0.437801, Pressure = 2.09367
Step 43330000 - Total Energy: -3138.31, Acceptance Ratio = 0.437802, Pressure = 2.07751
Step 43340000 - Total Energy: -3125.95, Acceptance Ratio = 0.437803, Pressure = 2.1606
Step 43350000 - Total Energy: -3100.06, Acceptance Ratio = 0.437803, Pressure = 2.44791
Step 43360000 - Total Energy: -3111.32, Acceptance Ratio = 0.437801, Pressure = 2.38492
Step 43370000 - Total Energy: -3129.68, Acceptance Ratio = 0.437802, Pressure = 2.20417
Step 43380000 - Total Energy: -3132.75, Acceptance Ratio = 0.437802, Pressure = 2.20232
Step 43390000 - Total Energy: -3113.35, Acceptance Ratio = 0.437802, Pressure = 2.31492
Step 43400000 - Total Energy: -3126.38, Acceptance Ratio = 0.437804, Pressure = 2.22044
Step 43410000 - Total Energy: -3103.03, Acceptance Ratio = 0.437804, Pressure = 2.40551
Step 43420000 - Total Energy: -3133.27, Acceptance Ratio = 0.437802, Pressure = 2.10059
Step 43430000 - Total Energy: -3129.14, Acceptance Ratio = 0.437803, Pressure = 2.19827
Step 43440000 - Total Energy: -3135.72, Acceptance Ratio = 0.437805, Pressure = 2.06452
Step 43450000 - Total Energy: -3107.77, Acceptance Ratio = 0.437806, Pressure = 2.35626
Step 43460000 - Total Energy: -3121.53, Acceptance Ratio = 0.437805, Pressure = 2.25075
Step 43470000 - Total Energy: -3114.9, Acceptance Ratio = 0.437806, Pressure = 2.3141
Step 43480000 - Total Energy: -3080.85, Acceptance Ratio = 0.437805, Pressure = 2.65817
Step 43490000 - Total Energy: -3106.04, Acceptance Ratio = 0.437805, Pressure = 2.38422
Step 43500000 - Total Energy: -3085.58, Acceptance Ratio = 0.437807, Pressure = 2.61833
Step 43510000 - Total Energy: -3141.09, Acceptance Ratio = 0.437804, Pressure = 2.01358
Step 43520000 - Total Energy: -3106.66, Acceptance Ratio = 0.437803, Pressure = 2.46245
Step 43530000 - Total Energy: -3109.99, Acceptance Ratio = 0.437802, Pressure = 2.42071
Step 43540000 - Total Energy: -3127.43, Acceptance Ratio = 0.437802, Pressure = 2.20334
Step 43550000 - Total Energy: -3108.63, Acceptance Ratio = 0.437799, Pressure = 2.49269
Step 43560000 - Total Energy: -3135.06, Acceptance Ratio = 0.4378, Pressure = 2.12607
Step 43570000 - Total Energy: -3099.42, Acceptance Ratio = 0.437802, Pressure = 2.43353
Step 43580000 - Total Energy: -3118.3, Acceptance Ratio = 0.437804, Pressure = 2.27092
Step 43590000 - Total Energy: -3134.37, Acceptance Ratio = 0.437803, Pressure = 2.10405
Step 43600000 - Total Energy: -3116.53, Acceptance Ratio = 0.437803, Pressure = 2.24488
Step 43610000 - Total Energy: -3111.17, Acceptance Ratio = 0.4378, Pressure = 2.31144
Step 43620000 - Total Energy: -3133.35, Acceptance Ratio = 0.4378, Pressure = 2.07037
Step 43630000 - Total Energy: -3128.7, Acceptance Ratio = 0.437799, Pressure = 2.08283
Step 43640000 - Total Energy: -3074.23, Acceptance Ratio = 0.437798, Pressure = 2.68555
Step 43650000 - Total Energy: -3145.49, Acceptance Ratio = 0.437802, Pressure = 1.98996
Step 43660000 - Total Energy: -3099.02, Acceptance Ratio = 0.437801, Pressure = 2.402
Step 43670000 - Total Energy: -3127.32, Acceptance Ratio = 0.437801, Pressure = 2.15338
Step 43680000 - Total Energy: -3144.57, Acceptance Ratio = 0.437802, Pressure = 2.0656
Step 43690000 - Total Energy: -3143.28, Acceptance Ratio = 0.437801, Pressure = 1.97792
Step 43700000 - Total Energy: -3127.07, Acceptance Ratio = 0.437802, Pressure = 2.10718
Step 43710000 - Total Energy: -3138.88, Acceptance Ratio = 0.437803, Pressure = 1.94163
Step 43720000 - Total Energy: -3158.89, Acceptance Ratio = 0.437806, Pressure = 1.84303
Step 43730000 - Total Energy: -3120.64, Acceptance Ratio = 0.437807, Pressure = 2.15355
Step 43740000 - Total Energy: -3166.31, Acceptance Ratio = 0.437807, Pressure = 1.77242
Step 43750000 - Total Energy: -3118.02, Acceptance Ratio = 0.437808, Pressure = 2.21312
Step 43760000 - Total Energy: -3109.87, Acceptance Ratio = 0.437809, Pressure = 2.36164
Step 43770000 - Total Energy: -3143.31, Acceptance Ratio = 0.437809, Pressure = 2.03829
Step 43780000 - Total Energy: -3143.29, Acceptance Ratio = 0.437811, Pressure = 2.00081
Step 43790000 - Total Energy: -3147.04, Acceptance Ratio = 0.437813, Pressure = 1.98358
Step 43800000 - Total Energy: -3139.47, Acceptance Ratio = 0.437813, Pressure = 2.12104
Step 43810000 - Total Energy: -3131.39, Acceptance Ratio = 0.437815, Pressure = 2.11432
Step 43820000 - Total Energy: -3111.6, Acceptance Ratio = 0.437816, Pressure = 2.40829
Step 43830000 - Total Energy: -3135.91, Acceptance Ratio = 0.437816, Pressure = 2.16408
Step 43840000 - Total Energy: -3140.01, Acceptance Ratio = 0.437816, Pressure = 2.03306
Step 43850000 - Total Energy: -3114.66, Acceptance Ratio = 0.437817, Pressure = 2.27394
Step 43860000 - Total Energy: -3123.73, Acceptance Ratio = 0.437818, Pressure = 2.16556
Step 43870000 - Total Energy: -3111.19, Acceptance Ratio = 0.43782, Pressure = 2.2974
Step 43880000 - Total Energy: -3133.29, Acceptance Ratio = 0.437821, Pressure = 2.10636
Step 43890000 - Total Energy: -3103.81, Acceptance Ratio = 0.43782, Pressure = 2.43919
Step 43900000 - Total Energy: -3068.72, Acceptance Ratio = 0.437819, Pressure = 2.76835
Step 43910000 - Total Energy: -3107.34, Acceptance Ratio = 0.437818, Pressure = 2.41235
Step 43920000 - Total Energy: -3105.73, Acceptance Ratio = 0.437818, Pressure = 2.42263
Step 43930000 - Total Energy: -3127.42, Acceptance Ratio = 0.437817, Pressure = 2.11705
Step 43940000 - Total Energy: -3096.95, Acceptance Ratio = 0.437819, Pressure = 2.49123
Step 43950000 - Total Energy: -3106.14, Acceptance Ratio = 0.437819, Pressure = 2.42346
Step 43960000 - Total Energy: -3106.27, Acceptance Ratio = 0.437818, Pressure = 2.44244
Step 43970000 - Total Energy: -3121.57, Acceptance Ratio = 0.437816, Pressure = 2.29263
Step 43980000 - Total Energy: -3097.26, Acceptance Ratio = 0.437814, Pressure = 2.50702
Step 43990000 - Total Energy: -3082.75, Acceptance Ratio = 0.437812, Pressure = 2.72201
Step 44000000 - Total Energy: -3145.91, Acceptance Ratio = 0.437811, Pressure = 2.00265
Step 44010000 - Total Energy: -3144.33, Acceptance Ratio = 0.437811, Pressure = 2.04153
Step 44020000 - Total Energy: -3114.01, Acceptance Ratio = 0.437811, Pressure = 2.29012
Step 44030000 - Total Energy: -3119.27, Acceptance Ratio = 0.437813, Pressure = 2.22312
Step 44040000 - Total Energy: -3115.69, Acceptance Ratio = 0.437812, Pressure = 2.31266
Step 44050000 - Total Energy: -3075.16, Acceptance Ratio = 0.437812, Pressure = 2.66501
Step 44060000 - Total Energy: -3092.42, Acceptance Ratio = 0.43781, Pressure = 2.51728
Step 44070000 - Total Energy: -3103.49, Acceptance Ratio = 0.437808, Pressure = 2.42088
Step 44080000 - Total Energy: -3136.54, Acceptance Ratio = 0.437807, Pressure = 2.15236
Step 44090000 - Total Energy: -3097.6, Acceptance Ratio = 0.437806, Pressure = 2.52761
Step 44100000 - Total Energy: -3110.23, Acceptance Ratio = 0.437808, Pressure = 2.35481
Step 44110000 - Total Energy: -3092.65, Acceptance Ratio = 0.437809, Pressure = 2.60941
Step 44120000 - Total Energy: -3118.59, Acceptance Ratio = 0.43781, Pressure = 2.21883
Step 44130000 - Total Energy: -3137.61, Acceptance Ratio = 0.43781, Pressure = 2.07107
Step 44140000 - Total Energy: -3151.13, Acceptance Ratio = 0.43781, Pressure = 1.96804
Step 44150000 - Total Energy: -3081.29, Acceptance Ratio = 0.437811, Pressure = 2.58394
Step 44160000 - Total Energy: -3106.84, Acceptance Ratio = 0.437811, Pressure = 2.32702
Step 44170000 - Total Energy: -3092.94, Acceptance Ratio = 0.437813, Pressure = 2.48024
Step 44180000 - Total Energy: -3106.91, Acceptance Ratio = 0.437814, Pressure = 2.39494
Step 44190000 - Total Energy: -3141.57, Acceptance Ratio = 0.437814, Pressure = 2.0445
Step 44200000 - Total Energy: -3116.5, Acceptance Ratio = 0.437811, Pressure = 2.28369
Step 44210000 - Total Energy: -3092.8, Acceptance Ratio = 0.437812, Pressure = 2.5633
Step 44220000 - Total Energy: -3140.85, Acceptance Ratio = 0.437813, Pressure = 2.05498
Step 44230000 - Total Energy: -3134.47, Acceptance Ratio = 0.437814, Pressure = 2.0745
Step 44240000 - Total Energy: -3111, Acceptance Ratio = 0.437813, Pressure = 2.30804
Step 44250000 - Total Energy: -3104.71, Acceptance Ratio = 0.437813, Pressure = 2.48584
Step 44260000 - Total Energy: -3093.34, Acceptance Ratio = 0.437814, Pressure = 2.41906
Step 44270000 - Total Energy: -3140.04, Acceptance Ratio = 0.437814, Pressure = 2.02068
Step 44280000 - Total Energy: -3107.38, Acceptance Ratio = 0.437813, Pressure = 2.32303
Step 44290000 - Total Energy: -3118.85, Acceptance Ratio = 0.437812, Pressure = 2.19222
Step 44300000 - Total Energy: -3106.33, Acceptance Ratio = 0.437812, Pressure = 2.34673
Step 44310000 - Total Energy: -3103.7, Acceptance Ratio = 0.437811, Pressure = 2.45145
Step 44320000 - Total Energy: -3103.53, Acceptance Ratio = 0.43781, Pressure = 2.37883
Step 44330000 - Total Energy: -3103.23, Acceptance Ratio = 0.437809, Pressure = 2.38907
Step 44340000 - Total Energy: -3088.39, Acceptance Ratio = 0.437809, Pressure = 2.49231
Step 44350000 - Total Energy: -3106.98, Acceptance Ratio = 0.437809, Pressure = 2.31517
Step 44360000 - Total Energy: -3105.22, Acceptance Ratio = 0.43781, Pressure = 2.34019
Step 44370000 - Total Energy: -3105.27, Acceptance Ratio = 0.437809, Pressure = 2.40731
Step 44380000 - Total Energy: -3102.29, Acceptance Ratio = 0.437809, Pressure = 2.40689
Step 44390000 - Total Energy: -3125.93, Acceptance Ratio = 0.43781, Pressure = 2.14879
Step 44400000 - Total Energy: -3119.23, Acceptance Ratio = 0.437809, Pressure = 2.19483
Step 44410000 - Total Energy: -3115.86, Acceptance Ratio = 0.437807, Pressure = 2.35053
Step 44420000 - Total Energy: -3117.01, Acceptance Ratio = 0.437807, Pressure = 2.31776
Step 44430000 - Total Energy: -3124.77, Acceptance Ratio = 0.437808, Pressure = 2.2573
Step 44440000 - Total Energy: -3142.7, Acceptance Ratio = 0.437809, Pressure = 2.01653
Step 44450000 - Total Energy: -3120.82, Acceptance Ratio = 0.437811, Pressure = 2.29636
Step 44460000 - Total Energy: -3077.87, Acceptance Ratio = 0.437811, Pressure = 2.70898
Step 44470000 - Total Energy: -3116.91, Acceptance Ratio = 0.437812, Pressure = 2.27421
Step 44480000 - Total Energy: -3139.16, Acceptance Ratio = 0.437812, Pressure = 2.01862
Step 44490000 - Total Energy: -3112.03, Acceptance Ratio = 0.437812, Pressure = 2.29568
Step 44500000 - Total Energy: -3124.99, Acceptance Ratio = 0.437813, Pressure = 2.17059
Step 44510000 - Total Energy: -3131.28, Acceptance Ratio = 0.437811, Pressure = 2.09613
Step 44520000 - Total Energy: -3109.61, Acceptance Ratio = 0.43781, Pressure = 2.30295
Step 44530000 - Total Energy: -3128.35, Acceptance Ratio = 0.437812, Pressure = 2.13352
Step 44540000 - Total Energy: -3121.19, Acceptance Ratio = 0.43781, Pressure = 2.1872
Step 44550000 - Total Energy: -3150.79, Acceptance Ratio = 0.437809, Pressure = 1.96353
Step 44560000 - Total Energy: -3145.34, Acceptance Ratio = 0.437808, Pressure = 1.98221
Step 44570000 - Total Energy: -3131.78, Acceptance Ratio = 0.437808, Pressure = 2.15857
Step 44580000 - Total Energy: -3140.3, Acceptance Ratio = 0.437807, Pressure = 2.04588
Step 44590000 - Total Energy: -3106.9, Acceptance Ratio = 0.437805, Pressure = 2.39198
Step 44600000 - Total Energy: -3095.27, Acceptance Ratio = 0.437805, Pressure = 2.4782
Step 44610000 - Total Energy: -3095.1, Acceptance Ratio = 0.437805, Pressure = 2.48006
Step 44620000 - Total Energy: -3112.85, Acceptance Ratio = 0.437804, Pressure = 2.38855
Step 44630000 - Total Energy: -3123.16, Acceptance Ratio = 0.437802, Pressure = 2.18593
Step 44640000 - Total Energy: -3117.39, Acceptance Ratio = 0.437804, Pressure = 2.33492
Step 44650000 - Total Energy: -3144.94, Acceptance Ratio = 0.437802, Pressure = 2.0332
Step 44660000 - Total Energy: -3135.49, Acceptance Ratio = 0.437804, Pressure = 2.04854
Step 44670000 - Total Energy: -3132.84, Acceptance Ratio = 0.437803, Pressure = 2.12388
Step 44680000 - Total Energy: -3121.31, Acceptance Ratio = 0.437803, Pressure = 2.13581
Step 44690000 - Total Energy: -3167.58, Acceptance Ratio = 0.437805, Pressure = 1.69347
Step 44700000 - Total Energy: -3148.4, Acceptance Ratio = 0.437806, Pressure = 1.91954
Step 44710000 - Total Energy: -3122.91, Acceptance Ratio = 0.437806, Pressure = 2.21901
Step 44720000 - Total Energy: -3141.65, Acceptance Ratio = 0.437808, Pressure = 2.00143
Step 44730000 - Total Energy: -3136.35, Acceptance Ratio = 0.437807, Pressure = 2.04882
Step 44740000 - Total Energy: -3125.63, Acceptance Ratio = 0.437808, Pressure = 2.20695
Step 44750000 - Total Energy: -3129.31, Acceptance Ratio = 0.437809, Pressure = 2.07465
Step 44760000 - Total Energy: -3153.02, Acceptance Ratio = 0.437809, Pressure = 1.94748
Step 44770000 - Total Energy: -3151.09, Acceptance Ratio = 0.437809, Pressure = 1.86369
Step 44780000 - Total Energy: -3134.22, Acceptance Ratio = 0.43781, Pressure = 2.16885
Step 44790000 - Total Energy: -3117.25, Acceptance Ratio = 0.437812, Pressure = 2.28165
Step 44800000 - Total Energy: -3111.87, Acceptance Ratio = 0.437813, Pressure = 2.29857
Step 44810000 - Total Energy: -3116.71, Acceptance Ratio = 0.437814, Pressure = 2.24345
Step 44820000 - Total Energy: -3176.62, Acceptance Ratio = 0.437813, Pressure = 1.6656
Step 44830000 - Total Energy: -3145.98, Acceptance Ratio = 0.437814, Pressure = 1.97481
Step 44840000 - Total Energy: -3147.72, Acceptance Ratio = 0.437815, Pressure = 1.9771
Step 44850000 - Total Energy: -3120.94, Acceptance Ratio = 0.437817, Pressure = 2.18774
Step 44860000 - Total Energy: -3094.27, Acceptance Ratio = 0.437818, Pressure = 2.57279
Step 44870000 - Total Energy: -3127.7, Acceptance Ratio = 0.437818, Pressure = 2.15408
Step 44880000 - Total Energy: -3128.68, Acceptance Ratio = 0.437817, Pressure = 2.12973
Step 44890000 - Total Energy: -3120.55, Acceptance Ratio = 0.437815, Pressure = 2.20184
Step 44900000 - Total Energy: -3130.42, Acceptance Ratio = 0.437815, Pressure = 2.14144
Step 44910000 - Total Energy: -3155.08, Acceptance Ratio = 0.437816, Pressure = 1.88829
Step 44920000 - Total Energy: -3120.78, Acceptance Ratio = 0.437818, Pressure = 2.2284
Step 44930000 - Total Energy: -3143.07, Acceptance Ratio = 0.437819, Pressure = 2.03507
Step 44940000 - Total Energy: -3140.81, Acceptance Ratio = 0.437817, Pressure = 2.03542
Step 44950000 - Total Energy: -3166, Acceptance Ratio = 0.437816, Pressure = 1.76248
Step 44960000 - Total Energy: -3152.29, Acceptance Ratio = 0.437818, Pressure = 1.8785
Step 44970000 - Total Energy: -3140.38, Acceptance Ratio = 0.43782, Pressure = 1.97884
Step 44980000 - Total Energy: -3117.47, Acceptance Ratio = 0.437822, Pressure = 2.25786
Step 44990000 - Total Energy: -3151.55, Acceptance Ratio = 0.437822, Pressure = 1.83676
Step 45000000 - Total Energy: -3147.66, Acceptance Ratio = 0.437825, Pressure = 1.87167
Step 45010000 - Total Energy: -3133.66, Acceptance Ratio = 0.437825, Pressure = 2.13469
Step 45020000 - Total Energy: -3102.97, Acceptance Ratio = 0.437828, Pressure = 2.37476
Step 45030000 - Total Energy: -3108.5, Acceptance Ratio = 0.437828, Pressure = 2.33796
Step 45040000 - Total Energy: -3117.93, Acceptance Ratio = 0.437829, Pressure = 2.22979
Step 45050000 - Total Energy: -3123.17, Acceptance Ratio = 0.437829, Pressure = 2.17595
Step 45060000 - Total Energy: -3123.65, Acceptance Ratio = 0.43783, Pressure = 2.26647
Step 45070000 - Total Energy: -3146.13, Acceptance Ratio = 0.437829, Pressure = 2.04846
Step 45080000 - Total Energy: -3149.17, Acceptance Ratio = 0.437831, Pressure = 1.94052
Step 45090000 - Total Energy: -3154.78, Acceptance Ratio = 0.437832, Pressure = 1.8937
Step 45100000 - Total Energy: -3131.03, Acceptance Ratio = 0.437835, Pressure = 2.09625
Step 45110000 - Total Energy: -3148.18, Acceptance Ratio = 0.437836, Pressure = 1.86527
Step 45120000 - Total Energy: -3135, Acceptance Ratio = 0.437834, Pressure = 2.11046
Step 45130000 - Total Energy: -3121.26, Acceptance Ratio = 0.437833, Pressure = 2.19857
Step 45140000 - Total Energy: -3108.04, Acceptance Ratio = 0.437834, Pressure = 2.33374
Step 45150000 - Total Energy: -3070.14, Acceptance Ratio = 0.437835, Pressure = 2.66341
Step 45160000 - Total Energy: -3116.4, Acceptance Ratio = 0.437834, Pressure = 2.26154
Step 45170000 - Total Energy: -3126.09, Acceptance Ratio = 0.437834, Pressure = 2.22432
Step 45180000 - Total Energy: -3096.27, Acceptance Ratio = 0.437833, Pressure = 2.53834
Step 45190000 - Total Energy: -3110.69, Acceptance Ratio = 0.437833, Pressure = 2.40849
Step 45200000 - Total Energy: -3143.47, Acceptance Ratio = 0.437831, Pressure = 2.00857
Step 45210000 - Total Energy: -3119.58, Acceptance Ratio = 0.43783, Pressure = 2.24597
Step 45220000 - Total Energy: -3126.26, Acceptance Ratio = 0.43783, Pressure = 2.17521
Step 45230000 - Total Energy: -3121.94, Acceptance Ratio = 0.43783, Pressure = 2.30056
Step 45240000 - Total Energy: -3117.43, Acceptance Ratio = 0.437828, Pressure = 2.29701
Step 45250000 - Total Energy: -3090.23, Acceptance Ratio = 0.437827, Pressure = 2.54722
Step 45260000 - Total Energy: -3086.93, Acceptance Ratio = 0.437826, Pressure = 2.62251
Step 45270000 - Total Energy: -3136.03, Acceptance Ratio = 0.437826, Pressure = 2.07423
Step 45280000 - Total Energy: -3093.26, Acceptance Ratio = 0.437827, Pressure = 2.48763
Step 45290000 - Total Energy: -3091.4, Acceptance Ratio = 0.437824, Pressure = 2.58166
Step 45300000 - Total Energy: -3124.54, Acceptance Ratio = 0.437823, Pressure = 2.1905
Step 45310000 - Total Energy: -3118.75, Acceptance Ratio = 0.437823, Pressure = 2.25416
Step 45320000 - Total Energy: -3109.45, Acceptance Ratio = 0.437822, Pressure = 2.40115
Step 45330000 - Total Energy: -3065.72, Acceptance Ratio = 0.437822, Pressure = 2.88715
Step 45340000 - Total Energy: -3094.25, Acceptance Ratio = 0.437821, Pressure = 2.61915
Step 45350000 - Total Energy: -3127.6, Acceptance Ratio = 0.437822, Pressure = 2.18116
Step 45360000 - Total Energy: -3076.85, Acceptance Ratio = 0.437822, Pressure = 2.5994
Step 45370000 - Total Energy: -3103.56, Acceptance Ratio = 0.437818, Pressure = 2.41819
Step 45380000 - Total Energy: -3131.62, Acceptance Ratio = 0.437818, Pressure = 2.13542
Step 45390000 - Total Energy: -3130.04, Acceptance Ratio = 0.437816, Pressure = 2.12699
Step 45400000 - Total Energy: -3126.29, Acceptance Ratio = 0.437816, Pressure = 2.15678
Step 45410000 - Total Energy: -3124.02, Acceptance Ratio = 0.437816, Pressure = 2.17217
Step 45420000 - Total Energy: -3121.67, Acceptance Ratio = 0.437817, Pressure = 2.20054
Step 45430000 - Total Energy: -3105.79, Acceptance Ratio = 0.437817, Pressure = 2.29982
Step 45440000 - Total Energy: -3114.89, Acceptance Ratio = 0.437816, Pressure = 2.27753
Step 45450000 - Total Energy: -3114.26, Acceptance Ratio = 0.437815, Pressure = 2.27428
Step 45460000 - Total Energy: -3101.72, Acceptance Ratio = 0.437816, Pressure = 2.41223
Step 45470000 - Total Energy: -3144.57, Acceptance Ratio = 0.437817, Pressure = 1.89573
Step 45480000 - Total Energy: -3100.05, Acceptance Ratio = 0.437813, Pressure = 2.43469
Step 45490000 - Total Energy: -3127.09, Acceptance Ratio = 0.437811, Pressure = 2.19426
Step 45500000 - Total Energy: -3080.22, Acceptance Ratio = 0.43781, Pressure = 2.64953
Step 45510000 - Total Energy: -3104.53, Acceptance Ratio = 0.437808, Pressure = 2.41096
Step 45520000 - Total Energy: -3107.79, Acceptance Ratio = 0.437807, Pressure = 2.30759
Step 45530000 - Total Energy: -3113.61, Acceptance Ratio = 0.437809, Pressure = 2.24062
Step 45540000 - Total Energy: -3106.4, Acceptance Ratio = 0.437807, Pressure = 2.3839
Step 45550000 - Total Energy: -3078.41, Acceptance Ratio = 0.437808, Pressure = 2.63528
Step 45560000 - Total Energy: -3110.14, Acceptance Ratio = 0.437808, Pressure = 2.28438
Step 45570000 - Total Energy: -3117.87, Acceptance Ratio = 0.437807, Pressure = 2.22127
Step 45580000 - Total Energy: -3118.66, Acceptance Ratio = 0.437807, Pressure = 2.22837
Step 45590000 - Total Energy: -3143.97, Acceptance Ratio = 0.437807, Pressure = 1.95802
Step 45600000 - Total Energy: -3137.08, Acceptance Ratio = 0.437809, Pressure = 2.15298
Step 45610000 - Total Energy: -3141.02, Acceptance Ratio = 0.437809, Pressure = 2.04653
Step 45620000 - Total Energy: -3129.59, Acceptance Ratio = 0.437809, Pressure = 2.20203
Step 45630000 - Total Energy: -3110.49, Acceptance Ratio = 0.437809, Pressure = 2.3361
Step 45640000 - Total Energy: -3140.41, Acceptance Ratio = 0.437808, Pressure = 2.16507
Step 45650000 - Total Energy: -3122.2, Acceptance Ratio = 0.437807, Pressure = 2.2158
Step 45660000 - Total Energy: -3166.38, Acceptance Ratio = 0.437806, Pressure = 1.77391
Step 45670000 - Total Energy: -3128.15, Acceptance Ratio = 0.437807, Pressure = 2.10627
Step 45680000 - Total Energy: -3135.38, Acceptance Ratio = 0.43781, Pressure = 2.0588
Step 45690000 - Total Energy: -3121.72, Acceptance Ratio = 0.437812, Pressure = 2.19693
Step 45700000 - Total Energy: -3128.7, Acceptance Ratio = 0.437814, Pressure = 2.12416
Step 45710000 - Total Energy: -3088.76, Acceptance Ratio = 0.437814, Pressure = 2.52591
Step 45720000 - Total Energy: -3112.32, Acceptance Ratio = 0.437816, Pressure = 2.28259
Step 45730000 - Total Energy: -3092.55, Acceptance Ratio = 0.437814, Pressure = 2.54999
Step 45740000 - Total Energy: -3076.29, Acceptance Ratio = 0.437814, Pressure = 2.68201
Step 45750000 - Total Energy: -3103.65, Acceptance Ratio = 0.437815, Pressure = 2.3933
Step 45760000 - Total Energy: -3096.29, Acceptance Ratio = 0.437814, Pressure = 2.47351
Step 45770000 - Total Energy: -3133.92, Acceptance Ratio = 0.437815, Pressure = 2.07094
Step 45780000 - Total Energy: -3102.83, Acceptance Ratio = 0.437814, Pressure = 2.42519
Step 45790000 - Total Energy: -3103.94, Acceptance Ratio = 0.437813, Pressure = 2.44139
Step 45800000 - Total Energy: -3125.55, Acceptance Ratio = 0.437814, Pressure = 2.22768
Step 45810000 - Total Energy: -3114.44, Acceptance Ratio = 0.437811, Pressure = 2.36343
Step 45820000 - Total Energy: -3143.19, Acceptance Ratio = 0.43781, Pressure = 1.99803
Step 45830000 - Total Energy: -3128.46, Acceptance Ratio = 0.437808, Pressure = 2.16278
Step 45840000 - Total Energy: -3134.91, Acceptance Ratio = 0.437808, Pressure = 2.10635
Step 45850000 - Total Energy: -3135.77, Acceptance Ratio = 0.437809, Pressure = 2.12172
Step 45860000 - Total Energy: -3122.71, Acceptance Ratio = 0.437809, Pressure = 2.24038
Step 45870000 - Total Energy: -3102.92, Acceptance Ratio = 0.437807, Pressure = 2.49649
Step 45880000 - Total Energy: -3151.74, Acceptance Ratio = 0.437807, Pressure = 1.90726
Step 45890000 - Total Energy: -3143.98, Acceptance Ratio = 0.437806, Pressure = 2.00435
Step 45900000 - Total Energy: -3128.81, Acceptance Ratio = 0.437808, Pressure = 2.1569
Step 45910000 - Total Energy: -3122.63, Acceptance Ratio = 0.437809, Pressure = 2.21172
Step 45920000 - Total Energy: -3147.75, Acceptance Ratio = 0.437811, Pressure = 1.96853
Step 45930000 - Total Energy: -3134.65, Acceptance Ratio = 0.437808, Pressure = 2.14884
Step 45940000 - Total Energy: -3106.8, Acceptance Ratio = 0.437809, Pressure = 2.38263
Step 45950000 - Total Energy: -3092.68, Acceptance Ratio = 0.437808, Pressure = 2.60473
Step 45960000 - Total Energy: -3111.69, Acceptance Ratio = 0.43781, Pressure = 2.37912
Step 45970000 - Total Energy: -3139.89, Acceptance Ratio = 0.437808, Pressure = 2.04191
Step 45980000 - Total Energy: -3114.23, Acceptance Ratio = 0.437808, Pressure = 2.3688
Step 45990000 - Total Energy: -3095.78, Acceptance Ratio = 0.437806, Pressure = 2.55835
Step 46000000 - Total Energy: -3066.1, Acceptance Ratio = 0.437806, Pressure = 2.76754
Step 46010000 - Total Energy: -3081.68, Acceptance Ratio = 0.437802, Pressure = 2.59398
Step 46020000 - Total Energy: -3127.15, Acceptance Ratio = 0.437802, Pressure = 2.18702
Step 46030000 - Total Energy: -3109.05, Acceptance Ratio = 0.437801, Pressure = 2.30477
Step 46040000 - Total Energy: -3095.68, Acceptance Ratio = 0.437802, Pressure = 2.53199
Step 46050000 - Total Energy: -3109.28, Acceptance Ratio = 0.437803, Pressure = 2.32293
Step 46060000 - Total Energy: -3140.7, Acceptance Ratio = 0.437802, Pressure = 2.06278
Step 46070000 - Total Energy: -3096.74, Acceptance Ratio = 0.437804, Pressure = 2.51093
Step 46080000 - Total Energy: -3099.6, Acceptance Ratio = 0.437804, Pressure = 2.50016
Step 46090000 - Total Energy: -3070.64, Acceptance Ratio = 0.437802, Pressure = 2.71176
Step 46100000 - Total Energy: -3110.92, Acceptance Ratio = 0.437803, Pressure = 2.37884
Step 46110000 - Total Energy: -3110.25, Acceptance Ratio = 0.437802, Pressure = 2.3916
Step 46120000 - Total Energy: -3107, Acceptance Ratio = 0.437801, Pressure = 2.4506
Step 46130000 - Total Energy: -3116.88, Acceptance Ratio = 0.437802, Pressure = 2.30728
Step 46140000 - Total Energy: -3134.91, Acceptance Ratio = 0.437802, Pressure = 2.12163
Step 46150000 - Total Energy: -3134.88, Acceptance Ratio = 0.437802, Pressure = 2.06711
Step 46160000 - Total Energy: -3097.4, Acceptance Ratio = 0.437802, Pressure = 2.45049
Step 46170000 - Total Energy: -3096.96, Acceptance Ratio = 0.437804, Pressure = 2.47326
Step 46180000 - Total Energy: -3143.26, Acceptance Ratio = 0.437806, Pressure = 1.99752
Step 46190000 - Total Energy: -3147.29, Acceptance Ratio = 0.437806, Pressure = 2.02893
Step 46200000 - Total Energy: -3136.88, Acceptance Ratio = 0.437804, Pressure = 2.08727
Step 46210000 - Total Energy: -3141.11, Acceptance Ratio = 0.437802, Pressure = 1.962
Step 46220000 - Total Energy: -3115.19, Acceptance Ratio = 0.437802, Pressure = 2.30846
Step 46230000 - Total Energy: -3117.37, Acceptance Ratio = 0.437802, Pressure = 2.27735
Step 46240000 - Total Energy: -3106.39, Acceptance Ratio = 0.437805, Pressure = 2.35103
Step 46250000 - Total Energy: -3112.02, Acceptance Ratio = 0.437804, Pressure = 2.22815
Step 46260000 - Total Energy: -3127.58, Acceptance Ratio = 0.437807, Pressure = 2.12319
Step 46270000 - Total Energy: -3117.9, Acceptance Ratio = 0.437808, Pressure = 2.22494
Step 46280000 - Total Energy: -3135.79, Acceptance Ratio = 0.437807, Pressure = 2.1289
Step 46290000 - Total Energy: -3147.42, Acceptance Ratio = 0.437806, Pressure = 2.01224
Step 46300000 - Total Energy: -3082.21, Acceptance Ratio = 0.437805, Pressure = 2.65242
Step 46310000 - Total Energy: -3090.95, Acceptance Ratio = 0.437806, Pressure = 2.58232
Step 46320000 - Total Energy: -3108.79, Acceptance Ratio = 0.437807, Pressure = 2.38372
Step 46330000 - Total Energy: -3139.53, Acceptance Ratio = 0.437805, Pressure = 2.05187
Step 46340000 - Total Energy: -3130.1, Acceptance Ratio = 0.437805, Pressure = 2.15666
Step 46350000 - Total Energy: -3127.21, Acceptance Ratio = 0.437805, Pressure = 2.18852
Step 46360000 - Total Energy: -3108.91, Acceptance Ratio = 0.437805, Pressure = 2.35955
Step 46370000 - Total Energy: -3140.76, Acceptance Ratio = 0.437805, Pressure = 2.11434
Step 46380000 - Total Energy: -3095.3, Acceptance Ratio = 0.437801, Pressure = 2.52418
Step 46390000 - Total Energy: -3102.42, Acceptance Ratio = 0.437802, Pressure = 2.37079
Step 46400000 - Total Energy: -3126.34, Acceptance Ratio = 0.437803, Pressure = 2.15192
Step 46410000 - Total Energy: -3149.31, Acceptance Ratio = 0.437803, Pressure = 1.95595
Step 46420000 - Total Energy: -3099.31, Acceptance Ratio = 0.437804, Pressure = 2.29429
Step 46430000 - Total Energy: -3123.04, Acceptance Ratio = 0.437806, Pressure = 2.16653
Step 46440000 - Total Energy: -3134.44, Acceptance Ratio = 0.437806, Pressure = 2.07419
Step 46450000 - Total Energy: -3146.77, Acceptance Ratio = 0.437806, Pressure = 2.025
Step 46460000 - Total Energy: -3105.83, Acceptance Ratio = 0.437808, Pressure = 2.36115
Step 46470000 - Total Energy: -3145.06, Acceptance Ratio = 0.437809, Pressure = 1.94288
Step 46480000 - Total Energy: -3117.27, Acceptance Ratio = 0.437808, Pressure = 2.26906
Step 46490000 - Total Energy: -3135.86, Acceptance Ratio = 0.437809, Pressure = 2.10315
Step 46500000 - Total Energy: -3136.42, Acceptance Ratio = 0.437809, Pressure = 2.11553
Step 46510000 - Total Energy: -3129.32, Acceptance Ratio = 0.437808, Pressure = 2.16209
Step 46520000 - Total Energy: -3132.38, Acceptance Ratio = 0.437807, Pressure = 2.21594
Step 46530000 - Total Energy: -3101.41, Acceptance Ratio = 0.437807, Pressure = 2.38299
Step 46540000 - Total Energy: -3089.09, Acceptance Ratio = 0.437804, Pressure = 2.59075
Step 46550000 - Total Energy: -3113.34, Acceptance Ratio = 0.437803, Pressure = 2.24001
Step 46560000 - Total Energy: -3112.56, Acceptance Ratio = 0.437802, Pressure = 2.29912
Step 46570000 - Total Energy: -3099.83, Acceptance Ratio = 0.4378, Pressure = 2.46637
Step 46580000 - Total Energy: -3122.88, Acceptance Ratio = 0.4378, Pressure = 2.18952
Step 46590000 - Total Energy: -3158.27, Acceptance Ratio = 0.437802, Pressure = 1.85379
Step 46600000 - Total Energy: -3152.81, Acceptance Ratio = 0.437801, Pressure = 1.91291
Step 46610000 - Total Energy: -3129.76, Acceptance Ratio = 0.437801, Pressure = 2.23138
Step 46620000 - Total Energy: -3144.32, Acceptance Ratio = 0.4378, Pressure = 1.96578
Step 46630000 - Total Energy: -3123.33, Acceptance Ratio = 0.437801, Pressure = 2.2051
Step 46640000 - Total Energy: -3120.92, Acceptance Ratio = 0.437802, Pressure = 2.25243
Step 46650000 - Total Energy: -3156.58, Acceptance Ratio = 0.437802, Pressure = 1.88569
Step 46660000 - Total Energy: -3099.28, Acceptance Ratio = 0.437802, Pressure = 2.45329
Step 46670000 - Total Energy: -3121.05, Acceptance Ratio = 0.437803, Pressure = 2.21409
Step 46680000 - Total Energy: -3120.13, Acceptance Ratio = 0.437804, Pressure = 2.24304
Step 46690000 - Total Energy: -3150.23, Acceptance Ratio = 0.437803, Pressure = 1.89666
Step 46700000 - Total Energy: -3145.44, Acceptance Ratio = 0.437804, Pressure = 2.00572
Step 46710000 - Total Energy: -3135.41, Acceptance Ratio = 0.437804, Pressure = 2.11965
Step 46720000 - Total Energy: -3119.16, Acceptance Ratio = 0.437804, Pressure = 2.28454
Step 46730000 - Total Energy: -3130.9, Acceptance Ratio = 0.437805, Pressure = 2.16998
Step 46740000 - Total Energy: -3127.15, Acceptance Ratio = 0.437806, Pressure = 2.20314
Step 46750000 - Total Energy: -3119.18, Acceptance Ratio = 0.437805, Pressure = 2.26843
Step 46760000 - Total Energy: -3084.77, Acceptance Ratio = 0.437803, Pressure = 2.58035
Step 46770000 - Total Energy: -3119.8, Acceptance Ratio = 0.437803, Pressure = 2.24142
Step 46780000 - Total Energy: -3116.3, Acceptance Ratio = 0.437801, Pressure = 2.33467
Step 46790000 - Total Energy: -3104.83, Acceptance Ratio = 0.437801, Pressure = 2.48829
Step 46800000 - Total Energy: -3148.57, Acceptance Ratio = 0.4378, Pressure = 1.98468
Step 46810000 - Total Energy: -3128.56, Acceptance Ratio = 0.437799, Pressure = 2.18223
Step 46820000 - Total Energy: -3124.94, Acceptance Ratio = 0.4378, Pressure = 2.17542
Step 46830000 - Total Energy: -3128.76, Acceptance Ratio = 0.437799, Pressure = 2.14902
Step 46840000 - Total Energy: -3118.05, Acceptance Ratio = 0.4378, Pressure = 2.24336
Step 46850000 - Total Energy: -3137.53, Acceptance Ratio = 0.437799, Pressure = 2.07932
Step 46860000 - Total Energy: -3140.04, Acceptance Ratio = 0.437798, Pressure = 2.06315
Step 46870000 - Total Energy: -3125.09, Acceptance Ratio = 0.437798, Pressure = 2.11491
Step 46880000 - Total Energy: -3091.89, Acceptance Ratio = 0.437799, Pressure = 2.40495
Step 46890000 - Total Energy: -3127.34, Acceptance Ratio = 0.437798, Pressure = 2.11526
Step 46900000 - Total Energy: -3072.41, Acceptance Ratio = 0.437796, Pressure = 2.69448
Step 46910000 - Total Energy: -3102.41, Acceptance Ratio = 0.437797, Pressure = 2.37494
Step 46920000 - Total Energy: -3119.1, Acceptance Ratio = 0.437796, Pressure = 2.18741
Step 46930000 - Total Energy: -3088.92, Acceptance Ratio = 0.437795, Pressure = 2.45426
Step 46940000 - Total Energy: -3123.99, Acceptance Ratio = 0.437796, Pressure = 2.13843
Step 46950000 - Total Energy: -3110.4, Acceptance Ratio = 0.437796, Pressure = 2.26517
Step 46960000 - Total Energy: -3125.5, Acceptance Ratio = 0.437795, Pressure = 2.15548
Step 46970000 - Total Energy: -3128.22, Acceptance Ratio = 0.437794, Pressure = 2.15733
Step 46980000 - Total Energy: -3123.54, Acceptance Ratio = 0.437794, Pressure = 2.16916
Step 46990000 - Total Energy: -3106.61, Acceptance Ratio = 0.437795, Pressure = 2.31414
Step 47000000 - Total Energy: -3128.21, Acceptance Ratio = 0.437796, Pressure = 2.08821
Step 47010000 - Total Energy: -3161.94, Acceptance Ratio = 0.437799, Pressure = 1.82946
Step 47020000 - Total Energy: -3144.95, Acceptance Ratio = 0.437802, Pressure = 1.91954
Step 47030000 - Total Energy: -3130.31, Acceptance Ratio = 0.437803, Pressure = 2.01647
Step 47040000 - Total Energy: -3130.73, Acceptance Ratio = 0.437803, Pressure = 2.04381
Step 47050000 - Total Energy: -3133.83, Acceptance Ratio = 0.437803, Pressure = 2.10094
Step 47060000 - Total Energy: -3088.62, Acceptance Ratio = 0.437804, Pressure = 2.48307
Step 47070000 - Total Energy: -3117.59, Acceptance Ratio = 0.437803, Pressure = 2.26564
Step 47080000 - Total Energy: -3095.08, Acceptance Ratio = 0.437804, Pressure = 2.51628
Step 47090000 - Total Energy: -3093.15, Acceptance Ratio = 0.437803, Pressure = 2.57052
Step 47100000 - Total Energy: -3124.05, Acceptance Ratio = 0.437804, Pressure = 2.19827
Step 47110000 - Total Energy: -3145.34, Acceptance Ratio = 0.437802, Pressure = 1.9353
Step 47120000 - Total Energy: -3089.27, Acceptance Ratio = 0.437802, Pressure = 2.53098
Step 47130000 - Total Energy: -3118.25, Acceptance Ratio = 0.437802, Pressure = 2.22427
Step 47140000 - Total Energy: -3140.76, Acceptance Ratio = 0.437802, Pressure = 2.01278
Step 47150000 - Total Energy: -3122.76, Acceptance Ratio = 0.437803, Pressure = 2.17485
Step 47160000 - Total Energy: -3122.92, Acceptance Ratio = 0.437802, Pressure = 2.20959
Step 47170000 - Total Energy: -3115.01, Acceptance Ratio = 0.437801, Pressure = 2.2725
Step 47180000 - Total Energy: -3139.61, Acceptance Ratio = 0.437801, Pressure = 1.96916
Step 47190000 - Total Energy: -3089.45, Acceptance Ratio = 0.437802, Pressure = 2.54363
Step 47200000 - Total Energy: -3091.24, Acceptance Ratio = 0.437803, Pressure = 2.48187
Step 47210000 - Total Energy: -3108.32, Acceptance Ratio = 0.437802, Pressure = 2.3693
Step 47220000 - Total Energy: -3107.85, Acceptance Ratio = 0.437801, Pressure = 2.33694
Step 47230000 - Total Energy: -3149.79, Acceptance Ratio = 0.437802, Pressure = 1.96418
Step 47240000 - Total Energy: -3109.59, Acceptance Ratio = 0.437803, Pressure = 2.38581
Step 47250000 - Total Energy: -3101.54, Acceptance Ratio = 0.437803, Pressure = 2.41144
Step 47260000 - Total Energy: -3134.17, Acceptance Ratio = 0.437804, Pressure = 2.05961
Step 47270000 - Total Energy: -3127.76, Acceptance Ratio = 0.437804, Pressure = 2.10711
Step 47280000 - Total Energy: -3098.26, Acceptance Ratio = 0.437804, Pressure = 2.46274
Step 47290000 - Total Energy: -3106.32, Acceptance Ratio = 0.437806, Pressure = 2.43073
Step 47300000 - Total Energy: -3113.96, Acceptance Ratio = 0.437805, Pressure = 2.36817
Step 47310000 - Total Energy: -3089.88, Acceptance Ratio = 0.437805, Pressure = 2.58057
Step 47320000 - Total Energy: -3156.12, Acceptance Ratio = 0.437805, Pressure = 1.8974
Step 47330000 - Total Energy: -3099.13, Acceptance Ratio = 0.437805, Pressure = 2.44318
Step 47340000 - Total Energy: -3153.04, Acceptance Ratio = 0.437805, Pressure = 1.91114
Step 47350000 - Total Energy: -3107.84, Acceptance Ratio = 0.437803, Pressure = 2.34664
Step 47360000 - Total Energy: -3090.38, Acceptance Ratio = 0.437802, Pressure = 2.57372
Step 47370000 - Total Energy: -3122.19, Acceptance Ratio = 0.4378, Pressure = 2.23508
Step 47380000 - Total Energy: -3099.2, Acceptance Ratio = 0.437801, Pressure = 2.50194
Step 47390000 - Total Energy: -3085.82, Acceptance Ratio = 0.437798, Pressure = 2.50265
Step 47400000 - Total Energy: -3116.9, Acceptance Ratio = 0.437799, Pressure = 2.29459
Step 47410000 - Total Energy: -3149.41, Acceptance Ratio = 0.437799, Pressure = 1.92223
Step 47420000 - Total Energy: -3100.41, Acceptance Ratio = 0.437798, Pressure = 2.49762
Step 47430000 - Total Energy: -3106.1, Acceptance Ratio = 0.437799, Pressure = 2.36989
Step 47440000 - Total Energy: -3126.56, Acceptance Ratio = 0.4378, Pressure = 2.15365
Step 47450000 - Total Energy: -3142.07, Acceptance Ratio = 0.437801, Pressure = 2.00441
Step 47460000 - Total Energy: -3149.27, Acceptance Ratio = 0.437801, Pressure = 1.94999
Step 47470000 - Total Energy: -3154.82, Acceptance Ratio = 0.437802, Pressure = 1.8727
Step 47480000 - Total Energy: -3132.5, Acceptance Ratio = 0.437803, Pressure = 2.10049
Step 47490000 - Total Energy: -3133.65, Acceptance Ratio = 0.437803, Pressure = 2.10245
Step 47500000 - Total Energy: -3152.25, Acceptance Ratio = 0.437804, Pressure = 1.87959
Step 47510000 - Total Energy: -3125.86, Acceptance Ratio = 0.437805, Pressure = 2.20956
Step 47520000 - Total Energy: -3083.55, Acceptance Ratio = 0.437805, Pressure = 2.55793
Step 47530000 - Total Energy: -3100.52, Acceptance Ratio = 0.437804, Pressure = 2.46559
Step 47540000 - Total Energy: -3098.33, Acceptance Ratio = 0.437805, Pressure = 2.42705
Step 47550000 - Total Energy: -3103.99, Acceptance Ratio = 0.437805, Pressure = 2.4273
Step 47560000 - Total Energy: -3105.81, Acceptance Ratio = 0.437807, Pressure = 2.37041
Step 47570000 - Total Energy: -3127.19, Acceptance Ratio = 0.437807, Pressure = 2.11158
Step 47580000 - Total Energy: -3139.88, Acceptance Ratio = 0.437807, Pressure = 1.94378
Step 47590000 - Total Energy: -3129.18, Acceptance Ratio = 0.437808, Pressure = 2.13489
Step 47600000 - Total Energy: -3096.18, Acceptance Ratio = 0.437811, Pressure = 2.47327
Step 47610000 - Total Energy: -3105.38, Acceptance Ratio = 0.437812, Pressure = 2.39194
Step 47620000 - Total Energy: -3140.35, Acceptance Ratio = 0.437812, Pressure = 2.03913
Step 47630000 - Total Energy: -3130.83, Acceptance Ratio = 0.437812, Pressure = 2.086
Step 47640000 - Total Energy: -3112.92, Acceptance Ratio = 0.43781, Pressure = 2.22645
Step 47650000 - Total Energy: -3079.67, Acceptance Ratio = 0.43781, Pressure = 2.57944
Step 47660000 - Total Energy: -3131.07, Acceptance Ratio = 0.437808, Pressure = 2.14798
Step 47670000 - Total Energy: -3112.71, Acceptance Ratio = 0.437808, Pressure = 2.33206
Step 47680000 - Total Energy: -3082.92, Acceptance Ratio = 0.437807, Pressure = 2.64512
Step 47690000 - Total Energy: -3105.99, Acceptance Ratio = 0.437805, Pressure = 2.40371
Step 47700000 - Total Energy: -3121.97, Acceptance Ratio = 0.437806, Pressure = 2.23419
Step 47710000 - Total Energy: -3113.31, Acceptance Ratio = 0.437808, Pressure = 2.29312
Step 47720000 - Total Energy: -3125.85, Acceptance Ratio = 0.43781, Pressure = 2.14965
Step 47730000 - Total Energy: -3137, Acceptance Ratio = 0.43781, Pressure = 2.09307
Step 47740000 - Total Energy: -3145.92, Acceptance Ratio = 0.43781, Pressure = 2.00099
Step 47750000 - Total Energy: -3101.59, Acceptance Ratio = 0.43781, Pressure = 2.3911
Step 47760000 - Total Energy: -3159.89, Acceptance Ratio = 0.437809, Pressure = 1.83878
Step 47770000 - Total Energy: -3137.85, Acceptance Ratio = 0.437811, Pressure = 2.10753
Step 47780000 - Total Energy: -3113.98, Acceptance Ratio = 0.437812, Pressure = 2.2971
Step 47790000 - Total Energy: -3124.4, Acceptance Ratio = 0.437813, Pressure = 2.17679
Step 47800000 - Total Energy: -3096.88, Acceptance Ratio = 0.437812, Pressure = 2.48943
Step 47810000 - Total Energy: -3115.48, Acceptance Ratio = 0.43781, Pressure = 2.35573
Step 47820000 - Total Energy: -3103.63, Acceptance Ratio = 0.43781, Pressure = 2.39579
Step 47830000 - Total Energy: -3124.87, Acceptance Ratio = 0.437809, Pressure = 2.20699
Step 47840000 - Total Energy: -3100.59, Acceptance Ratio = 0.437808, Pressure = 2.40955
Step 47850000 - Total Energy: -3107.15, Acceptance Ratio = 0.437808, Pressure = 2.3919
Step 47860000 - Total Energy: -3122.09, Acceptance Ratio = 0.437808, Pressure = 2.25367
Step 47870000 - Total Energy: -3099.94, Acceptance Ratio = 0.437806, Pressure = 2.42734
Step 47880000 - Total Energy: -3158.77, Acceptance Ratio = 0.437806, Pressure = 1.82893
Step 47890000 - Total Energy: -3127.34, Acceptance Ratio = 0.437805, Pressure = 2.21419
Step 47900000 - Total Energy: -3080.39, Acceptance Ratio = 0.437803, Pressure = 2.71907
Step 47910000 - Total Energy: -3107.95, Acceptance Ratio = 0.437803, Pressure = 2.46258
Step 47920000 - Total Energy: -3092.63, Acceptance Ratio = 0.437802, Pressure = 2.57872
Step 47930000 - Total Energy: -3071.74, Acceptance Ratio = 0.437803, Pressure = 2.77413
Step 47940000 - Total Energy: -3111.25, Acceptance Ratio = 0.437802, Pressure = 2.3892
Step 47950000 - Total Energy: -3096.76, Acceptance Ratio = 0.437803, Pressure = 2.44792
Step 47960000 - Total Energy: -3121.79, Acceptance Ratio = 0.437802, Pressure = 2.2616
Step 47970000 - Total Energy: -3083.99, Acceptance Ratio = 0.437799, Pressure = 2.71148
Step 47980000 - Total Energy: -3080.05, Acceptance Ratio = 0.437797, Pressure = 2.69741
Step 47990000 - Total Energy: -3070.83, Acceptance Ratio = 0.437797, Pressure = 2.76777
Step 48000000 - Total Energy: -3097.74, Acceptance Ratio = 0.437795, Pressure = 2.43232
Step 48010000 - Total Energy: -3154.79, Acceptance Ratio = 0.437794, Pressure = 1.84563
Step 48020000 - Total Energy: -3135.25, Acceptance Ratio = 0.437794, Pressure = 2.10568
Step 48030000 - Total Energy: -3108.9, Acceptance Ratio = 0.437794, Pressure = 2.34015
Step 48040000 - Total Energy: -3118.81, Acceptance Ratio = 0.437794, Pressure = 2.25971
Step 48050000 - Total Energy: -3117.52, Acceptance Ratio = 0.437794, Pressure = 2.28468
Step 48060000 - Total Energy: -3095.68, Acceptance Ratio = 0.437796, Pressure = 2.50944
Step 48070000 - Total Energy: -3085.83, Acceptance Ratio = 0.437795, Pressure = 2.62367
Step 48080000 - Total Energy: -3110.51, Acceptance Ratio = 0.437794, Pressure = 2.32932
Step 48090000 - Total Energy: -3118.62, Acceptance Ratio = 0.437793, Pressure = 2.21746
Step 48100000 - Total Energy: -3126.4, Acceptance Ratio = 0.437794, Pressure = 2.1016
Step 48110000 - Total Energy: -3139.47, Acceptance Ratio = 0.437795, Pressure = 2.05124
Step 48120000 - Total Energy: -3121.18, Acceptance Ratio = 0.437795, Pressure = 2.2522
Step 48130000 - Total Energy: -3132.05, Acceptance Ratio = 0.437794, Pressure = 2.10556
Step 48140000 - Total Energy: -3093.35, Acceptance Ratio = 0.437795, Pressure = 2.50808
Step 48150000 - Total Energy: -3120.98, Acceptance Ratio = 0.437794, Pressure = 2.24951
Step 48160000 - Total Energy: -3124.21, Acceptance Ratio = 0.437794, Pressure = 2.13117
Step 48170000 - Total Energy: -3111.95, Acceptance Ratio = 0.437794, Pressure = 2.31572
Step 48180000 - Total Energy: -3107.09, Acceptance Ratio = 0.437793, Pressure = 2.33752
Step 48190000 - Total Energy: -3115.23, Acceptance Ratio = 0.437793, Pressure = 2.24076
Step 48200000 - Total Energy: -3129.36, Acceptance Ratio = 0.437794, Pressure = 2.06878
Step 48210000 - Total Energy: -3067.11, Acceptance Ratio = 0.437794, Pressure = 2.73181
Step 48220000 - Total Energy: -3089.52, Acceptance Ratio = 0.437793, Pressure = 2.46529
Step 48230000 - Total Energy: -3125.01, Acceptance Ratio = 0.437793, Pressure = 2.20778
Step 48240000 - Total Energy: -3119.28, Acceptance Ratio = 0.437793, Pressure = 2.19627
Step 48250000 - Total Energy: -3142.38, Acceptance Ratio = 0.437795, Pressure = 1.99961
Step 48260000 - Total Energy: -3111.07, Acceptance Ratio = 0.437794, Pressure = 2.34241
Step 48270000 - Total Energy: -3082.33, Acceptance Ratio = 0.437795, Pressure = 2.64053
Step 48280000 - Total Energy: -3085.96, Acceptance Ratio = 0.437795, Pressure = 2.64432
Step 48290000 - Total Energy: -3117.36, Acceptance Ratio = 0.437794, Pressure = 2.26747
Step 48300000 - Total Energy: -3147.39, Acceptance Ratio = 0.437795, Pressure = 1.94473
Step 48310000 - Total Energy: -3086.29, Acceptance Ratio = 0.437794, Pressure = 2.67356
Step 48320000 - Total Energy: -3128.95, Acceptance Ratio = 0.437794, Pressure = 2.18727
Step 48330000 - Total Energy: -3156.68, Acceptance Ratio = 0.437794, Pressure = 1.9176
Step 48340000 - Total Energy: -3125.66, Acceptance Ratio = 0.437795, Pressure = 2.17737
Step 48350000 - Total Energy: -3129.74, Acceptance Ratio = 0.437795, Pressure = 2.23507
Step 48360000 - Total Energy: -3123.02, Acceptance Ratio = 0.437794, Pressure = 2.2402
Step 48370000 - Total Energy: -3148.85, Acceptance Ratio = 0.437793, Pressure = 1.91069
Step 48380000 - Total Energy: -3149.88, Acceptance Ratio = 0.437795, Pressure = 1.88563
Step 48390000 - Total Energy: -3137.93, Acceptance Ratio = 0.437795, Pressure = 2.04274
Step 48400000 - Total Energy: -3134.29, Acceptance Ratio = 0.437796, Pressure = 2.05483
Step 48410000 - Total Energy: -3149.13, Acceptance Ratio = 0.437795, Pressure = 1.93148
Step 48420000 - Total Energy: -3115.45, Acceptance Ratio = 0.437796, Pressure = 2.25379
Step 48430000 - Total Energy: -3109.26, Acceptance Ratio = 0.437796, Pressure = 2.26529
Step 48440000 - Total Energy: -3158.11, Acceptance Ratio = 0.437794, Pressure = 1.78615
Step 48450000 - Total Energy: -3150.01, Acceptance Ratio = 0.437794, Pressure = 1.98478
Step 48460000 - Total Energy: -3141.86, Acceptance Ratio = 0.437795, Pressure = 1.97946
Step 48470000 - Total Energy: -3152.72, Acceptance Ratio = 0.437797, Pressure = 1.89762
Step 48480000 - Total Energy: -3102.04, Acceptance Ratio = 0.437799, Pressure = 2.41157
Step 48490000 - Total Energy: -3149.29, Acceptance Ratio = 0.437799, Pressure = 1.92999
Step 48500000 - Total Energy: -3127.42, Acceptance Ratio = 0.437799, Pressure = 2.13047
Step 48510000 - Total Energy: -3126.22, Acceptance Ratio = 0.4378, Pressure = 2.15261
Step 48520000 - Total Energy: -3104.66, Acceptance Ratio = 0.437801, Pressure = 2.37723
Step 48530000 - Total Energy: -3141.54, Acceptance Ratio = 0.437802, Pressure = 2.00027
Step 48540000 - Total Energy: -3094.26, Acceptance Ratio = 0.4378, Pressure = 2.44853
Step 48550000 - Total Energy: -3133.09, Acceptance Ratio = 0.437799, Pressure = 2.05982
Step 48560000 - Total Energy: -3162.4, Acceptance Ratio = 0.437801, Pressure = 1.76694
Step 48570000 - Total Energy: -3150.23, Acceptance Ratio = 0.437799, Pressure = 1.88468
Step 48580000 - Total Energy: -3141.22, Acceptance Ratio = 0.4378, Pressure = 2.05022
Step 48590000 - Total Energy: -3120.83, Acceptance Ratio = 0.437801, Pressure = 2.19748
Step 48600000 - Total Energy: -3136.07, Acceptance Ratio = 0.437804, Pressure = 2.007
Step 48610000 - Total Energy: -3105.92, Acceptance Ratio = 0.437806, Pressure = 2.31771
Step 48620000 - Total Energy: -3115.47, Acceptance Ratio = 0.437807, Pressure = 2.31631
Step 48630000 - Total Energy: -3125.19, Acceptance Ratio = 0.437808, Pressure = 2.1561
Step 48640000 - Total Energy: -3118, Acceptance Ratio = 0.437809, Pressure = 2.24061
Step 48650000 - Total Energy: -3112.48, Acceptance Ratio = 0.437808, Pressure = 2.35506
Step 48660000 - Total Energy: -3141.67, Acceptance Ratio = 0.437808, Pressure = 2.0127
Step 48670000 - Total Energy: -3115.44, Acceptance Ratio = 0.437808, Pressure = 2.33622
Step 48680000 - Total Energy: -3159.52, Acceptance Ratio = 0.43781, Pressure = 1.85363
Step 48690000 - Total Energy: -3107.87, Acceptance Ratio = 0.437809, Pressure = 2.35036
Step 48700000 - Total Energy: -3126.76, Acceptance Ratio = 0.437808, Pressure = 2.23984
Step 48710000 - Total Energy: -3132.73, Acceptance Ratio = 0.437809, Pressure = 2.1465
Step 48720000 - Total Energy: -3150.16, Acceptance Ratio = 0.437808, Pressure = 1.9243
Step 48730000 - Total Energy: -3120.6, Acceptance Ratio = 0.437808, Pressure = 2.15748
Step 48740000 - Total Energy: -3114.01, Acceptance Ratio = 0.437807, Pressure = 2.30376
Step 48750000 - Total Energy: -3104.34, Acceptance Ratio = 0.437807, Pressure = 2.38853
Step 48760000 - Total Energy: -3140.52, Acceptance Ratio = 0.437807, Pressure = 2.09599
Step 48770000 - Total Energy: -3102.84, Acceptance Ratio = 0.437805, Pressure = 2.35319
Step 48780000 - Total Energy: -3146.83, Acceptance Ratio = 0.437807, Pressure = 1.92278
Step 48790000 - Total Energy: -3128, Acceptance Ratio = 0.437806, Pressure = 2.10583
Step 48800000 - Total Energy: -3164.32, Acceptance Ratio = 0.437806, Pressure = 1.69886
Step 48810000 - Total Energy: -3118.36, Acceptance Ratio = 0.437806, Pressure = 2.17362
Step 48820000 - Total Energy: -3135.71, Acceptance Ratio = 0.437804, Pressure = 2.05654
Step 48830000 - Total Energy: -3097.67, Acceptance Ratio = 0.437803, Pressure = 2.38952
Step 48840000 - Total Energy: -3106.17, Acceptance Ratio = 0.437804, Pressure = 2.34751
Step 48850000 - Total Energy: -3119.42, Acceptance Ratio = 0.437804, Pressure = 2.18889
Step 48860000 - Total Energy: -3089.92, Acceptance Ratio = 0.437805, Pressure = 2.45944
Step 48870000 - Total Energy: -3117.68, Acceptance Ratio = 0.437805, Pressure = 2.23007
Step 48880000 - Total Energy: -3077.22, Acceptance Ratio = 0.437806, Pressure = 2.65442
Step 48890000 - Total Energy: -3116.19, Acceptance Ratio = 0.437804, Pressure = 2.27109
Step 48900000 - Total Energy: -3099.5, Acceptance Ratio = 0.437804, Pressure = 2.49902
Step 48910000 - Total Energy: -3118.59, Acceptance Ratio = 0.437804, Pressure = 2.23682
Step 48920000 - Total Energy: -3106.17, Acceptance Ratio = 0.437804, Pressure = 2.25442
Step 48930000 - Total Energy: -3116.32, Acceptance Ratio = 0.437804, Pressure = 2.22215
Step 48940000 - Total Energy: -3097.39, Acceptance Ratio = 0.437803, Pressure = 2.44093
Step 48950000 - Total Energy: -3106.34, Acceptance Ratio = 0.437803, Pressure = 2.37971
Step 48960000 - Total Energy: -3117.29, Acceptance Ratio = 0.437803, Pressure = 2.24719
Step 48970000 - Total Energy: -3072.24, Acceptance Ratio = 0.437803, Pressure = 2.67533
Step 48980000 - Total Energy: -3091.45, Acceptance Ratio = 0.437803, Pressure = 2.49297
Step 48990000 - Total Energy: -3114.21, Acceptance Ratio = 0.437803, Pressure = 2.28178
Step 49000000 - Total Energy: -3124.37, Acceptance Ratio = 0.437804, Pressure = 2.19344
Step 49010000 - Total Energy: -3129.49, Acceptance Ratio = 0.437804, Pressure = 2.10675
Step 49020000 - Total Energy: -3150.08, Acceptance Ratio = 0.437806, Pressure = 1.88029
Step 49030000 - Total Energy: -3155.4, Acceptance Ratio = 0.437807, Pressure = 1.8596
Step 49040000 - Total Energy: -3140.35, Acceptance Ratio = 0.437808, Pressure = 2.04726
Step 49050000 - Total Energy: -3124.29, Acceptance Ratio = 0.43781, Pressure = 2.22663
Step 49060000 - Total Energy: -3140.58, Acceptance Ratio = 0.437811, Pressure = 2.00736
Step 49070000 - Total Energy: -3145.09, Acceptance Ratio = 0.437813, Pressure = 2.03035
Step 49080000 - Total Energy: -3144.42, Acceptance Ratio = 0.437813, Pressure = 1.99823
Step 49090000 - Total Energy: -3133.67, Acceptance Ratio = 0.437812, Pressure = 2.12007
Step 49100000 - Total Energy: -3104.14, Acceptance Ratio = 0.437812, Pressure = 2.36983
Step 49110000 - Total Energy: -3133.49, Acceptance Ratio = 0.437813, Pressure = 2.11543
Step 49120000 - Total Energy: -3127.49, Acceptance Ratio = 0.437814, Pressure = 2.20436
Step 49130000 - Total Energy: -3136.56, Acceptance Ratio = 0.43781, Pressure = 2.10945
Step 49140000 - Total Energy: -3128.68, Acceptance Ratio = 0.43781, Pressure = 2.18243
Step 49150000 - Total Energy: -3122.37, Acceptance Ratio = 0.437809, Pressure = 2.25375
Step 49160000 - Total Energy: -3126.22, Acceptance Ratio = 0.437808, Pressure = 2.28128
Step 49170000 - Total Energy: -3142.13, Acceptance Ratio = 0.43781, Pressure = 2.05342
Step 49180000 - Total Energy: -3120.62, Acceptance Ratio = 0.437809, Pressure = 2.25508
Step 49190000 - Total Energy: -3108.87, Acceptance Ratio = 0.437809, Pressure = 2.37198
Step 49200000 - Total Energy: -3094.56, Acceptance Ratio = 0.437808, Pressure = 2.56053
Step 49210000 - Total Energy: -3063.22, Acceptance Ratio = 0.437807, Pressure = 2.90319
Step 49220000 - Total Energy: -3107.69, Acceptance Ratio = 0.437808, Pressure = 2.41746
Step 49230000 - Total Energy: -3087.15, Acceptance Ratio = 0.437809, Pressure = 2.53447
Step 49240000 - Total Energy: -3094.4, Acceptance Ratio = 0.437808, Pressure = 2.43772
Step 49250000 - Total Energy: -3080.16, Acceptance Ratio = 0.437806, Pressure = 2.622
Step 49260000 - Total Energy: -3103.14, Acceptance Ratio = 0.437805, Pressure = 2.37749
Step 49270000 - Total Energy: -3128.35, Acceptance Ratio = 0.437806, Pressure = 2.15874
Step 49280000 - Total Energy: -3121.4, Acceptance Ratio = 0.437807, Pressure = 2.21421
Step 49290000 - Total Energy: -3118.62, Acceptance Ratio = 0.437808, Pressure = 2.28912
Step 49300000 - Total Energy: -3111.67, Acceptance Ratio = 0.437807, Pressure = 2.45048
Step 49310000 - Total Energy: -3078.85, Acceptance Ratio = 0.437806, Pressure = 2.64223
Step 49320000 - Total Energy: -3143.29, Acceptance Ratio = 0.437806, Pressure = 2.00874
Step 49330000 - Total Energy: -3140.36, Acceptance Ratio = 0.437809, Pressure = 2.044
Step 49340000 - Total Energy: -3124.29, Acceptance Ratio = 0.437808, Pressure = 2.1623
Step 49350000 - Total Energy: -3133.47, Acceptance Ratio = 0.437808, Pressure = 2.08971
Step 49360000 - Total Energy: -3124.86, Acceptance Ratio = 0.437809, Pressure = 2.16653
Step 49370000 - Total Energy: -3128.73, Acceptance Ratio = 0.43781, Pressure = 2.08897
Step 49380000 - Total Energy: -3129.19, Acceptance Ratio = 0.437809, Pressure = 2.10512
Step 49390000 - Total Energy: -3097.83, Acceptance Ratio = 0.43781, Pressure = 2.44427
Step 49400000 - Total Energy: -3117.99, Acceptance Ratio = 0.43781, Pressure = 2.23799
Step 49410000 - Total Energy: -3156.13, Acceptance Ratio = 0.43781, Pressure = 1.89277
Step 49420000 - Total Energy: -3123.85, Acceptance Ratio = 0.43781, Pressure = 2.12319
Step 49430000 - Total Energy: -3143.58, Acceptance Ratio = 0.437812, Pressure = 1.99019
Step 49440000 - Total Energy: -3148.34, Acceptance Ratio = 0.437813, Pressure = 1.9502
Step 49450000 - Total Energy: -3102.64, Acceptance Ratio = 0.437812, Pressure = 2.44377
Step 49460000 - Total Energy: -3089.23, Acceptance Ratio = 0.437811, Pressure = 2.61803
Step 49470000 - Total Energy: -3108.23, Acceptance Ratio = 0.437809, Pressure = 2.36087
Step 49480000 - Total Energy: -3137.69, Acceptance Ratio = 0.43781, Pressure = 2.10115
Step 49490000 - Total Energy: -3127.15, Acceptance Ratio = 0.43781, Pressure = 2.17178
Step 49500000 - Total Energy: -3094.83, Acceptance Ratio = 0.43781, Pressure = 2.51609
Step 49510000 - Total Energy: -3096.33, Acceptance Ratio = 0.437809, Pressure = 2.52406
Step 49520000 - Total Energy: -3105, Acceptance Ratio = 0.43781, Pressure = 2.38801
Step 49530000 - Total Energy: -3077.93, Acceptance Ratio = 0.43781, Pressure = 2.67938
Step 49540000 - Total Energy: -3148.01, Acceptance Ratio = 0.43781, Pressure = 1.8708
Step 49550000 - Total Energy: -3123.75, Acceptance Ratio = 0.437811, Pressure = 2.17783
Step 49560000 - Total Energy: -3144.74, Acceptance Ratio = 0.437812, Pressure = 1.99899
Step 49570000 - Total Energy: -3134.05, Acceptance Ratio = 0.437812, Pressure = 2.12768
Step 49580000 - Total Energy: -3130.06, Acceptance Ratio = 0.437813, Pressure = 2.14383
Step 49590000 - Total Energy: -3104.64, Acceptance Ratio = 0.437812, Pressure = 2.42116
Step 49600000 - Total Energy: -3127.6, Acceptance Ratio = 0.437813, Pressure = 2.15314
Step 49610000 - Total Energy: -3127.62, Acceptance Ratio = 0.437813, Pressure = 2.22532
Step 49620000 - Total Energy: -3104.09, Acceptance Ratio = 0.437812, Pressure = 2.37941
Step 49630000 - Total Energy: -3126.34, Acceptance Ratio = 0.437812, Pressure = 2.18557
Step 49640000 - Total Energy: -3131.29, Acceptance Ratio = 0.437813, Pressure = 2.14681
Step 49650000 - Total Energy: -3128.92, Acceptance Ratio = 0.437813, Pressure = 2.17619
Step 49660000 - Total Energy: -3093.7, Acceptance Ratio = 0.437812, Pressure = 2.51419
Step 49670000 - Total Energy: -3092.97, Acceptance Ratio = 0.437811, Pressure = 2.58729
Step 49680000 - Total Energy: -3086.14, Acceptance Ratio = 0.437812, Pressure = 2.56884
Step 49690000 - Total Energy: -3141.88, Acceptance Ratio = 0.43781, Pressure = 2.09687
Step 49700000 - Total Energy: -3115.13, Acceptance Ratio = 0.437808, Pressure = 2.29877
Step 49710000 - Total Energy: -3108.79, Acceptance Ratio = 0.437807, Pressure = 2.36437
Step 49720000 - Total Energy: -3095.11, Acceptance Ratio = 0.437806, Pressure = 2.45295
Step 49730000 - Total Energy: -3135.96, Acceptance Ratio = 0.437806, Pressure = 2.18773
Step 49740000 - Total Energy: -3094.51, Acceptance Ratio = 0.437806, Pressure = 2.54928
Step 49750000 - Total Energy: -3128.34, Acceptance Ratio = 0.437806, Pressure = 2.14423
Step 49760000 - Total Energy: -3106.95, Acceptance Ratio = 0.437807, Pressure = 2.41124
Step 49770000 - Total Energy: -3104.37, Acceptance Ratio = 0.437807, Pressure = 2.45709
Step 49780000 - Total Energy: -3138.38, Acceptance Ratio = 0.437808, Pressure = 2.0527
Step 49790000 - Total Energy: -3104.16, Acceptance Ratio = 0.437807, Pressure = 2.33146
Step 49800000 - Total Energy: -3116.43, Acceptance Ratio = 0.437807, Pressure = 2.1923
Step 49810000 - Total Energy: -3079.15, Acceptance Ratio = 0.437805, Pressure = 2.53423
Step 49820000 - Total Energy: -3048.44, Acceptance Ratio = 0.437805, Pressure = 2.90458
Step 49830000 - Total Energy: -3077.47, Acceptance Ratio = 0.437804, Pressure = 2.71201
Step 49840000 - Total Energy: -3086.54, Acceptance Ratio = 0.437801, Pressure = 2.61903
Step 49850000 - Total Energy: -3098.72, Acceptance Ratio = 0.437802, Pressure = 2.53951
Step 49860000 - Total Energy: -3103.98, Acceptance Ratio = 0.437802, Pressure = 2.39628
Step 49870000 - Total Energy: -3121.3, Acceptance Ratio = 0.437801, Pressure = 2.20997
Step 49880000 - Total Energy: -3106.45, Acceptance Ratio = 0.437801, Pressure = 2.36287
Step 49890000 - Total Energy: -3118.32, Acceptance Ratio = 0.4378, Pressure = 2.24517
Step 49900000 - Total Energy: -3069.09, Acceptance Ratio = 0.437798, Pressure = 2.77993
Step 49910000 - Total Energy: -3138.12, Acceptance Ratio = 0.437798, Pressure = 2.0578
Step 49920000 - Total Energy: -3121.69, Acceptance Ratio = 0.437798, Pressure = 2.20277
Step 49930000 - Total Energy: -3111.3, Acceptance Ratio = 0.437799, Pressure = 2.29661
Step 49940000 - Total Energy: -3106.3, Acceptance Ratio = 0.437799, Pressure = 2.29919
Step 49950000 - Total Energy: -3115.05, Acceptance Ratio = 0.437798, Pressure = 2.29527
Step 49960000 - Total Energy: -3095.84, Acceptance Ratio = 0.437798, Pressure = 2.51811
Step 49970000 - Total Energy: -3141.55, Acceptance Ratio = 0.437797, Pressure = 2.0311
Step 49980000 - Total Energy: -3145.56, Acceptance Ratio = 0.437797, Pressure = 2.05115
Step 49990000 - Total Energy: -3138.04, Acceptance Ratio = 0.437796, Pressure = 2.02999
Step 50000000 - Total Energy: -3091.61, Acceptance Ratio = 0.437799, Pressure = 2.48429
Step 50010000 - Total Energy: -3125.34, Acceptance Ratio = 0.437799, Pressure = 2.16643
Step 50020000 - Total Energy: -3131.81, Acceptance Ratio = 0.437798, Pressure = 2.12644
Step 50030000 - Total Energy: -3126.65, Acceptance Ratio = 0.437798, Pressure = 2.18271
Step 50040000 - Total Energy: -3135.24, Acceptance Ratio = 0.437797, Pressure = 2.02014
Step 50050000 - Total Energy: -3084.07, Acceptance Ratio = 0.437797, Pressure = 2.51166
Step 50060000 - Total Energy: -3116.48, Acceptance Ratio = 0.437797, Pressure = 2.21016
Step 50070000 - Total Energy: -3128.79, Acceptance Ratio = 0.437797, Pressure = 2.20232
Step 50080000 - Total Energy: -3126.2, Acceptance Ratio = 0.437797, Pressure = 2.12748
Step 50090000 - Total Energy: -3116.4, Acceptance Ratio = 0.437799, Pressure = 2.28725
Step 50100000 - Total Energy: -3117.2, Acceptance Ratio = 0.4378, Pressure = 2.23214
Step 50110000 - Total Energy: -3120.11, Acceptance Ratio = 0.437802, Pressure = 2.23654
Step 50120000 - Total Energy: -3124.54, Acceptance Ratio = 0.437804, Pressure = 2.16959
Step 50130000 - Total Energy: -3120.33, Acceptance Ratio = 0.437805, Pressure = 2.25106
Step 50140000 - Total Energy: -3105.94, Acceptance Ratio = 0.437804, Pressure = 2.34509
Step 50150000 - Total Energy: -3135.54, Acceptance Ratio = 0.437804, Pressure = 2.04944
Step 50160000 - Total Energy: -3153.11, Acceptance Ratio = 0.437803, Pressure = 1.87628
Step 50170000 - Total Energy: -3149.61, Acceptance Ratio = 0.437802, Pressure = 1.99809
Step 50180000 - Total Energy: -3111.62, Acceptance Ratio = 0.437801, Pressure = 2.37163
Step 50190000 - Total Energy: -3106.17, Acceptance Ratio = 0.437802, Pressure = 2.41726
Step 50200000 - Total Energy: -3127.17, Acceptance Ratio = 0.4378, Pressure = 2.21388
Step 50210000 - Total Energy: -3116.89, Acceptance Ratio = 0.437801, Pressure = 2.32288
Step 50220000 - Total Energy: -3140.37, Acceptance Ratio = 0.437801, Pressure = 2.103
Step 50230000 - Total Energy: -3147.17, Acceptance Ratio = 0.437801, Pressure = 1.96865
Step 50240000 - Total Energy: -3137.91, Acceptance Ratio = 0.437799, Pressure = 2.07473
Step 50250000 - Total Energy: -3113.29, Acceptance Ratio = 0.4378, Pressure = 2.3494
Step 50260000 - Total Energy: -3146.12, Acceptance Ratio = 0.4378, Pressure = 1.96142
Step 50270000 - Total Energy: -3149.44, Acceptance Ratio = 0.437799, Pressure = 1.94387
Step 50280000 - Total Energy: -3089.87, Acceptance Ratio = 0.4378, Pressure = 2.59763
Step 50290000 - Total Energy: -3061.61, Acceptance Ratio = 0.437801, Pressure = 2.86075
Step 50300000 - Total Energy: -3119.96, Acceptance Ratio = 0.4378, Pressure = 2.3457
Step 50310000 - Total Energy: -3105.86, Acceptance Ratio = 0.4378, Pressure = 2.40298
Step 50320000 - Total Energy: -3088.66, Acceptance Ratio = 0.4378, Pressure = 2.50659
Step 50330000 - Total Energy: -3125.55, Acceptance Ratio = 0.437799, Pressure = 2.20061
Step 50340000 - Total Energy: -3130.64, Acceptance Ratio = 0.4378, Pressure = 2.09721
Step 50350000 - Total Energy: -3117.26, Acceptance Ratio = 0.437804, Pressure = 2.21941
Step 50360000 - Total Energy: -3097.65, Acceptance Ratio = 0.437804, Pressure = 2.51177
Step 50370000 - Total Energy: -3131.41, Acceptance Ratio = 0.437804, Pressure = 2.18835
Step 50380000 - Total Energy: -3104.88, Acceptance Ratio = 0.437803, Pressure = 2.38444
Step 50390000 - Total Energy: -3087.63, Acceptance Ratio = 0.437801, Pressure = 2.5397
Step 50400000 - Total Energy: -3122.13, Acceptance Ratio = 0.437801, Pressure = 2.21236
Step 50410000 - Total Energy: -3101.42, Acceptance Ratio = 0.4378, Pressure = 2.38564
Step 50420000 - Total Energy: -3133.21, Acceptance Ratio = 0.437801, Pressure = 2.02475
Step 50430000 - Total Energy: -3092.03, Acceptance Ratio = 0.437801, Pressure = 2.44889
Step 50440000 - Total Energy: -3091.57, Acceptance Ratio = 0.437802, Pressure = 2.44654
Step 50450000 - Total Energy: -3127.2, Acceptance Ratio = 0.437803, Pressure = 2.1627
Step 50460000 - Total Energy: -3105.95, Acceptance Ratio = 0.4378, Pressure = 2.34269
Step 50470000 - Total Energy: -3150.29, Acceptance Ratio = 0.437801, Pressure = 1.93196
Step 50480000 - Total Energy: -3166.25, Acceptance Ratio = 0.437801, Pressure = 1.81794
Step 50490000 - Total Energy: -3118.6, Acceptance Ratio = 0.437801, Pressure = 2.25493
Step 50500000 - Total Energy: -3138.04, Acceptance Ratio = 0.4378, Pressure = 2.04147
Step 50510000 - Total Energy: -3122.83, Acceptance Ratio = 0.437802, Pressure = 2.16177
Step 50520000 - Total Energy: -3134.94, Acceptance Ratio = 0.437802, Pressure = 2.09598
Step 50530000 - Total Energy: -3140.14, Acceptance Ratio = 0.4378, Pressure = 2.03067
Step 50540000 - Total Energy: -3108.47, Acceptance Ratio = 0.437801, Pressure = 2.3237
Step 50550000 - Total Energy: -3164.24, Acceptance Ratio = 0.437801, Pressure = 1.79386
Step 50560000 - Total Energy: -3129.47, Acceptance Ratio = 0.437801, Pressure = 2.16781
Step 50570000 - Total Energy: -3115.06, Acceptance Ratio = 0.437804, Pressure = 2.30028
Step 50580000 - Total Energy: -3104.68, Acceptance Ratio = 0.437804, Pressure = 2.3288
Step 50590000 - Total Energy: -3154.89, Acceptance Ratio = 0.437807, Pressure = 1.88298
Step 50600000 - Total Energy: -3130.11, Acceptance Ratio = 0.437807, Pressure = 2.15027
Step 50610000 - Total Energy: -3111.61, Acceptance Ratio = 0.43781, Pressure = 2.29539
Step 50620000 - Total Energy: -3141.83, Acceptance Ratio = 0.43781, Pressure = 2.02679
Step 50630000 - Total Energy: -3146.95, Acceptance Ratio = 0.437811, Pressure = 1.93895
Step 50640000 - Total Energy: -3167.12, Acceptance Ratio = 0.437814, Pressure = 1.79055
Step 50650000 - Total Energy: -3130.47, Acceptance Ratio = 0.437814, Pressure = 2.13855
Step 50660000 - Total Energy: -3113.65, Acceptance Ratio = 0.437816, Pressure = 2.28956
Step 50670000 - Total Energy: -3136.06, Acceptance Ratio = 0.437816, Pressure = 2.03869
Step 50680000 - Total Energy: -3136.38, Acceptance Ratio = 0.437816, Pressure = 2.10985
Step 50690000 - Total Energy: -3087.36, Acceptance Ratio = 0.437817, Pressure = 2.52445
Step 50700000 - Total Energy: -3113.54, Acceptance Ratio = 0.437817, Pressure = 2.33614
Step 50710000 - Total Energy: -3125.5, Acceptance Ratio = 0.437816, Pressure = 2.19272
Step 50720000 - Total Energy: -3098.16, Acceptance Ratio = 0.437816, Pressure = 2.49044
Step 50730000 - Total Energy: -3140.49, Acceptance Ratio = 0.437815, Pressure = 2.05063
Step 50740000 - Total Energy: -3155.15, Acceptance Ratio = 0.437814, Pressure = 1.95499
Step 50750000 - Total Energy: -3110.95, Acceptance Ratio = 0.437814, Pressure = 2.33385
Step 50760000 - Total Energy: -3153.25, Acceptance Ratio = 0.437814, Pressure = 1.9387
Step 50770000 - Total Energy: -3083.49, Acceptance Ratio = 0.437814, Pressure = 2.63816
Step 50780000 - Total Energy: -3110.5, Acceptance Ratio = 0.437813, Pressure = 2.39029
Step 50790000 - Total Energy: -3152.55, Acceptance Ratio = 0.437813, Pressure = 1.90678
Step 50800000 - Total Energy: -3128.22, Acceptance Ratio = 0.437812, Pressure = 2.17504
Step 50810000 - Total Energy: -3117.64, Acceptance Ratio = 0.437814, Pressure = 2.16871
Step 50820000 - Total Energy: -3102.39, Acceptance Ratio = 0.437815, Pressure = 2.3373
Step 50830000 - Total Energy: -3128.51, Acceptance Ratio = 0.437815, Pressure = 2.14187
Step 50840000 - Total Energy: -3122.95, Acceptance Ratio = 0.437815, Pressure = 2.22298
Step 50850000 - Total Energy: -3109.56, Acceptance Ratio = 0.437813, Pressure = 2.27206
Step 50860000 - Total Energy: -3124.48, Acceptance Ratio = 0.437813, Pressure = 2.16894
Step 50870000 - Total Energy: -3092.61, Acceptance Ratio = 0.437812, Pressure = 2.44636
Step 50880000 - Total Energy: -3086.98, Acceptance Ratio = 0.43781, Pressure = 2.48657
Step 50890000 - Total Energy: -3096.97, Acceptance Ratio = 0.437809, Pressure = 2.44251
Step 50900000 - Total Energy: -3118.34, Acceptance Ratio = 0.437809, Pressure = 2.24715
Step 50910000 - Total Energy: -3137.27, Acceptance Ratio = 0.43781, Pressure = 2.03981
Step 50920000 - Total Energy: -3098.65, Acceptance Ratio = 0.43781, Pressure = 2.42435
Step 50930000 - Total Energy: -3149.86, Acceptance Ratio = 0.437809, Pressure = 1.94846
Step 50940000 - Total Energy: -3106.44, Acceptance Ratio = 0.437811, Pressure = 2.29669
Step 50950000 - Total Energy: -3119.2, Acceptance Ratio = 0.437811, Pressure = 2.21944
Step 50960000 - Total Energy: -3102.06, Acceptance Ratio = 0.437808, Pressure = 2.38548
Step 50970000 - Total Energy: -3114.66, Acceptance Ratio = 0.437807, Pressure = 2.23219
Step 50980000 - Total Energy: -3114.68, Acceptance Ratio = 0.437808, Pressure = 2.21466
Step 50990000 - Total Energy: -3135.54, Acceptance Ratio = 0.437808, Pressure = 2.14183
Step 51000000 - Total Energy: -3126.28, Acceptance Ratio = 0.437808, Pressure = 2.20701
Step 51010000 - Total Energy: -3121.13, Acceptance Ratio = 0.437808, Pressure = 2.20984
Step 51020000 - Total Energy: -3149.12, Acceptance Ratio = 0.437807, Pressure = 2.00155
Step 51030000 - Total Energy: -3133.76, Acceptance Ratio = 0.437808, Pressure = 2.15891
Step 51040000 - Total Energy: -3125.23, Acceptance Ratio = 0.437808, Pressure = 2.27843
Step 51050000 - Total Energy: -3168.78, Acceptance Ratio = 0.437808, Pressure = 1.7167
Step 51060000 - Total Energy: -3118.16, Acceptance Ratio = 0.437809, Pressure = 2.21144
Step 51070000 - Total Energy: -3109.56, Acceptance Ratio = 0.437809, Pressure = 2.39789
Step 51080000 - Total Energy: -3133.58, Acceptance Ratio = 0.437809, Pressure = 2.11771
Step 51090000 - Total Energy: -3133.04, Acceptance Ratio = 0.437809, Pressure = 2.12795
Step 51100000 - Total Energy: -3117.7, Acceptance Ratio = 0.437808, Pressure = 2.23885
Step 51110000 - Total Energy: -3112.52, Acceptance Ratio = 0.437807, Pressure = 2.25531
Step 51120000 - Total Energy: -3146.71, Acceptance Ratio = 0.437806, Pressure = 1.9528
Step 51130000 - Total Energy: -3096.42, Acceptance Ratio = 0.437809, Pressure = 2.45019
Step 51140000 - Total Energy: -3153.31, Acceptance Ratio = 0.437811, Pressure = 1.86796
Step 51150000 - Total Energy: -3072.12, Acceptance Ratio = 0.43781, Pressure = 2.7495
Step 51160000 - Total Energy: -3137.52, Acceptance Ratio = 0.43781, Pressure = 2.11303
Step 51170000 - Total Energy: -3126.1, Acceptance Ratio = 0.43781, Pressure = 2.22798
Step 51180000 - Total Energy: -3114.89, Acceptance Ratio = 0.43781, Pressure = 2.27349
Step 51190000 - Total Energy: -3153.73, Acceptance Ratio = 0.437811, Pressure = 1.86507
Step 51200000 - Total Energy: -3154.05, Acceptance Ratio = 0.437813, Pressure = 1.86162
Step 51210000 - Total Energy: -3133.5, Acceptance Ratio = 0.437814, Pressure = 2.14815
Step 51220000 - Total Energy: -3134.65, Acceptance Ratio = 0.437815, Pressure = 1.99535
Step 51230000 - Total Energy: -3135.22, Acceptance Ratio = 0.437817, Pressure = 2.10579
Step 51240000 - Total Energy: -3150.12, Acceptance Ratio = 0.437818, Pressure = 1.96718
Step 51250000 - Total Energy: -3129.15, Acceptance Ratio = 0.43782, Pressure = 2.04102
Step 51260000 - Total Energy: -3154, Acceptance Ratio = 0.43782, Pressure = 1.81822
Step 51270000 - Total Energy: -3127.96, Acceptance Ratio = 0.43782, Pressure = 2.1491
Step 51280000 - Total Energy: -3149.22, Acceptance Ratio = 0.437821, Pressure = 1.94916
Step 51290000 - Total Energy: -3115.82, Acceptance Ratio = 0.437821, Pressure = 2.31164
Step 51300000 - Total Energy: -3069.56, Acceptance Ratio = 0.437822, Pressure = 2.75859
Step 51310000 - Total Energy: -3082.89, Acceptance Ratio = 0.43782, Pressure = 2.52892
Step 51320000 - Total Energy: -3100.28, Acceptance Ratio = 0.43782, Pressure = 2.43254
Step 51330000 - Total Energy: -3125.46, Acceptance Ratio = 0.437819, Pressure = 2.21714
Step 51340000 - Total Energy: -3112.3, Acceptance Ratio = 0.437819, Pressure = 2.37882
Step 51350000 - Total Energy: -3142.57, Acceptance Ratio = 0.437818, Pressure = 2.01248
Step 51360000 - Total Energy: -3115.53, Acceptance Ratio = 0.437818, Pressure = 2.20913
Step 51370000 - Total Energy: -3109.16, Acceptance Ratio = 0.437817, Pressure = 2.23037
Step 51380000 - Total Energy: -3137.99, Acceptance Ratio = 0.437817, Pressure = 2.03512
Step 51390000 - Total Energy: -3127.47, Acceptance Ratio = 0.437816, Pressure = 2.15833
Step 51400000 - Total Energy: -3127.84, Acceptance Ratio = 0.437816, Pressure = 2.13425
Step 51410000 - Total Energy: -3128.54, Acceptance Ratio = 0.437815, Pressure = 2.11572
Step 51420000 - Total Energy: -3096.04, Acceptance Ratio = 0.437816, Pressure = 2.44694
Step 51430000 - Total Energy: -3121.75, Acceptance Ratio = 0.437815, Pressure = 2.24153
Step 51440000 - Total Energy: -3128.12, Acceptance Ratio = 0.437814, Pressure = 2.17735
Step 51450000 - Total Energy: -3112.47, Acceptance Ratio = 0.437814, Pressure = 2.3458
Step 51460000 - Total Energy: -3143.16, Acceptance Ratio = 0.437815, Pressure = 2.00843
Step 51470000 - Total Energy: -3100.03, Acceptance Ratio = 0.437813, Pressure = 2.45449
Step 51480000 - Total Energy: -3090.6, Acceptance Ratio = 0.437812, Pressure = 2.54958
Step 51490000 - Total Energy: -3106.19, Acceptance Ratio = 0.43781, Pressure = 2.47314
Step 51500000 - Total Energy: -3104.58, Acceptance Ratio = 0.437811, Pressure = 2.4334
Step 51510000 - Total Energy: -3091.88, Acceptance Ratio = 0.43781, Pressure = 2.50062
Step 51520000 - Total Energy: -3141.15, Acceptance Ratio = 0.43781, Pressure = 2.02557
Step 51530000 - Total Energy: -3112.32, Acceptance Ratio = 0.43781, Pressure = 2.29442
Step 51540000 - Total Energy: -3134.35, Acceptance Ratio = 0.437812, Pressure = 2.11257
Step 51550000 - Total Energy: -3137, Acceptance Ratio = 0.437813, Pressure = 2.07288
Step 51560000 - Total Energy: -3124.37, Acceptance Ratio = 0.437814, Pressure = 2.21418
Step 51570000 - Total Energy: -3133.16, Acceptance Ratio = 0.437815, Pressure = 2.07246
Step 51580000 - Total Energy: -3117.92, Acceptance Ratio = 0.437814, Pressure = 2.25161
Step 51590000 - Total Energy: -3108.13, Acceptance Ratio = 0.437814, Pressure = 2.35733
Step 51600000 - Total Energy: -3100.97, Acceptance Ratio = 0.437815, Pressure = 2.44483
Step 51610000 - Total Energy: -3119.07, Acceptance Ratio = 0.437813, Pressure = 2.23904
Step 51620000 - Total Energy: -3118.67, Acceptance Ratio = 0.437813, Pressure = 2.16482
Step 51630000 - Total Energy: -3107.46, Acceptance Ratio = 0.437814, Pressure = 2.32306
Step 51640000 - Total Energy: -3115.44, Acceptance Ratio = 0.437815, Pressure = 2.28683
Step 51650000 - Total Energy: -3095.09, Acceptance Ratio = 0.437814, Pressure = 2.58554
Step 51660000 - Total Energy: -3097.03, Acceptance Ratio = 0.437812, Pressure = 2.53602
Step 51670000 - Total Energy: -3107.43, Acceptance Ratio = 0.43781, Pressure = 2.38044
Step 51680000 - Total Energy: -3114.93, Acceptance Ratio = 0.43781, Pressure = 2.34135
Step 51690000 - Total Energy: -3125.43, Acceptance Ratio = 0.437811, Pressure = 2.16955
Step 51700000 - Total Energy: -3115.41, Acceptance Ratio = 0.437814, Pressure = 2.24152
Step 51710000 - Total Energy: -3094.35, Acceptance Ratio = 0.437815, Pressure = 2.48297
Step 51720000 - Total Energy: -3143.25, Acceptance Ratio = 0.437816, Pressure = 2.10095
Step 51730000 - Total Energy: -3155.58, Acceptance Ratio = 0.437817, Pressure = 1.97711
Step 51740000 - Total Energy: -3105.53, Acceptance Ratio = 0.437816, Pressure = 2.37702
Step 51750000 - Total Energy: -3137.83, Acceptance Ratio = 0.437818, Pressure = 2.0978
Step 51760000 - Total Energy: -3121.12, Acceptance Ratio = 0.437817, Pressure = 2.26115
Step 51770000 - Total Energy: -3159.07, Acceptance Ratio = 0.437817, Pressure = 1.88209
Step 51780000 - Total Energy: -3092.9, Acceptance Ratio = 0.437819, Pressure = 2.50089
Step 51790000 - Total Energy: -3119.95, Acceptance Ratio = 0.437819, Pressure = 2.23451
Step 51800000 - Total Energy: -3130.19, Acceptance Ratio = 0.437818, Pressure = 2.17756
Step 51810000 - Total Energy: -3132.14, Acceptance Ratio = 0.437818, Pressure = 2.04545
Step 51820000 - Total Energy: -3152.93, Acceptance Ratio = 0.437818, Pressure = 1.93476
Step 51830000 - Total Energy: -3148.42, Acceptance Ratio = 0.437819, Pressure = 1.90415
Step 51840000 - Total Energy: -3143.25, Acceptance Ratio = 0.43782, Pressure = 1.89281
Step 51850000 - Total Energy: -3138.99, Acceptance Ratio = 0.437821, Pressure = 2.02694
Step 51860000 - Total Energy: -3126.75, Acceptance Ratio = 0.437821, Pressure = 2.17022
Step 51870000 - Total Energy: -3127.41, Acceptance Ratio = 0.437821, Pressure = 2.12503
Step 51880000 - Total Energy: -3112.35, Acceptance Ratio = 0.437823, Pressure = 2.30133
Step 51890000 - Total Energy: -3121.31, Acceptance Ratio = 0.437822, Pressure = 2.21999
Step 51900000 - Total Energy: -3129.79, Acceptance Ratio = 0.437821, Pressure = 2.13077
Step 51910000 - Total Energy: -3126.64, Acceptance Ratio = 0.437824, Pressure = 2.12585
Step 51920000 - Total Energy: -3117.46, Acceptance Ratio = 0.437822, Pressure = 2.30085
Step 51930000 - Total Energy: -3128.31, Acceptance Ratio = 0.437822, Pressure = 2.15019
Step 51940000 - Total Energy: -3156.12, Acceptance Ratio = 0.437823, Pressure = 1.83396
Step 51950000 - Total Energy: -3151.12, Acceptance Ratio = 0.437824, Pressure = 1.98731
Step 51960000 - Total Energy: -3182.88, Acceptance Ratio = 0.437826, Pressure = 1.62872
Step 51970000 - Total Energy: -3159.33, Acceptance Ratio = 0.437828, Pressure = 1.85102
Step 51980000 - Total Energy: -3106.67, Acceptance Ratio = 0.437829, Pressure = 2.42806
Step 51990000 - Total Energy: -3115.48, Acceptance Ratio = 0.437829, Pressure = 2.279
Step 52000000 - Total Energy: -3129.78, Acceptance Ratio = 0.43783, Pressure = 2.16729
Step 52010000 - Total Energy: -3122.09, Acceptance Ratio = 0.437831, Pressure = 2.16446
Step 52020000 - Total Energy: -3114.27, Acceptance Ratio = 0.437831, Pressure = 2.39603
Step 52030000 - Total Energy: -3132.91, Acceptance Ratio = 0.437832, Pressure = 2.13448
Step 52040000 - Total Energy: -3123.56, Acceptance Ratio = 0.437833, Pressure = 2.17024
Step 52050000 - Total Energy: -3128.31, Acceptance Ratio = 0.437833, Pressure = 2.14349
Step 52060000 - Total Energy: -3110.32, Acceptance Ratio = 0.437835, Pressure = 2.30968
Step 52070000 - Total Energy: -3128.92, Acceptance Ratio = 0.437835, Pressure = 2.13188
Step 52080000 - Total Energy: -3145.56, Acceptance Ratio = 0.437835, Pressure = 1.9843
Step 52090000 - Total Energy: -3128.06, Acceptance Ratio = 0.437835, Pressure = 2.10573
Step 52100000 - Total Energy: -3106.53, Acceptance Ratio = 0.437836, Pressure = 2.35257
Step 52110000 - Total Energy: -3122.93, Acceptance Ratio = 0.437836, Pressure = 2.19086
Step 52120000 - Total Energy: -3181.47, Acceptance Ratio = 0.437837, Pressure = 1.55603
Step 52130000 - Total Energy: -3127.43, Acceptance Ratio = 0.437839, Pressure = 2.15576
Step 52140000 - Total Energy: -3091.51, Acceptance Ratio = 0.437838, Pressure = 2.51546
Step 52150000 - Total Energy: -3138.81, Acceptance Ratio = 0.437839, Pressure = 2.13821
Step 52160000 - Total Energy: -3087.19, Acceptance Ratio = 0.43784, Pressure = 2.52805
Step 52170000 - Total Energy: -3133.67, Acceptance Ratio = 0.43784, Pressure = 2.09967
Step 52180000 - Total Energy: -3120.3, Acceptance Ratio = 0.437841, Pressure = 2.16047
Step 52190000 - Total Energy: -3131.4, Acceptance Ratio = 0.437841, Pressure = 2.13178
Step 52200000 - Total Energy: -3114.72, Acceptance Ratio = 0.437841, Pressure = 2.32445
Step 52210000 - Total Energy: -3129.14, Acceptance Ratio = 0.437841, Pressure = 2.1327
Step 52220000 - Total Energy: -3160.95, Acceptance Ratio = 0.437841, Pressure = 1.85505
Step 52230000 - Total Energy: -3136, Acceptance Ratio = 0.437839, Pressure = 2.06119
Step 52240000 - Total Energy: -3114.16, Acceptance Ratio = 0.43784, Pressure = 2.29564
Step 52250000 - Total Energy: -3146.77, Acceptance Ratio = 0.437841, Pressure = 1.9321
Step 52260000 - Total Energy: -3142.59, Acceptance Ratio = 0.437842, Pressure = 1.96045
Step 52270000 - Total Energy: -3129.65, Acceptance Ratio = 0.437841, Pressure = 2.14217
Step 52280000 - Total Energy: -3116.67, Acceptance Ratio = 0.437841, Pressure = 2.30923
Step 52290000 - Total Energy: -3117.63, Acceptance Ratio = 0.43784, Pressure = 2.30555
Step 52300000 - Total Energy: -3101.93, Acceptance Ratio = 0.437838, Pressure = 2.39539
Step 52310000 - Total Energy: -3147.45, Acceptance Ratio = 0.437839, Pressure = 1.9743
Step 52320000 - Total Energy: -3116.96, Acceptance Ratio = 0.437839, Pressure = 2.2626
Step 52330000 - Total Energy: -3164.75, Acceptance Ratio = 0.437841, Pressure = 1.78567
Step 52340000 - Total Energy: -3132.88, Acceptance Ratio = 0.437842, Pressure = 2.16681
Step 52350000 - Total Energy: -3132.64, Acceptance Ratio = 0.437842, Pressure = 2.14657
Step 52360000 - Total Energy: -3145.72, Acceptance Ratio = 0.437842, Pressure = 2.06566
Step 52370000 - Total Energy: -3120.23, Acceptance Ratio = 0.437842, Pressure = 2.28284
Step 52380000 - Total Energy: -3116.05, Acceptance Ratio = 0.437843, Pressure = 2.29855
Step 52390000 - Total Energy: -3106.68, Acceptance Ratio = 0.437843, Pressure = 2.31556
Step 52400000 - Total Energy: -3104.1, Acceptance Ratio = 0.437844, Pressure = 2.35296
Step 52410000 - Total Energy: -3118.14, Acceptance Ratio = 0.437844, Pressure = 2.26562
Step 52420000 - Total Energy: -3093.95, Acceptance Ratio = 0.437842, Pressure = 2.64421
Step 52430000 - Total Energy: -3146.12, Acceptance Ratio = 0.437843, Pressure = 2.04355
Step 52440000 - Total Energy: -3100.89, Acceptance Ratio = 0.437842, Pressure = 2.44674
Step 52450000 - Total Energy: -3126.26, Acceptance Ratio = 0.43784, Pressure = 2.27149
Step 52460000 - Total Energy: -3137.98, Acceptance Ratio = 0.437842, Pressure = 2.09471
Step 52470000 - Total Energy: -3121.67, Acceptance Ratio = 0.437842, Pressure = 2.24848
Step 52480000 - Total Energy: -3167.15, Acceptance Ratio = 0.437843, Pressure = 1.7461
Step 52490000 - Total Energy: -3147.18, Acceptance Ratio = 0.437843, Pressure = 1.99657
Step 52500000 - Total Energy: -3143.78, Acceptance Ratio = 0.437846, Pressure = 1.99333
Step 52510000 - Total Energy: -3103.65, Acceptance Ratio = 0.437848, Pressure = 2.38789
Step 52520000 - Total Energy: -3129.46, Acceptance Ratio = 0.43785, Pressure = 2.198
Step 52530000 - Total Energy: -3115.09, Acceptance Ratio = 0.437851, Pressure = 2.35428
Step 52540000 - Total Energy: -3151.19, Acceptance Ratio = 0.437851, Pressure = 1.88207
Step 52550000 - Total Energy: -3129.84, Acceptance Ratio = 0.437849, Pressure = 2.09445
Step 52560000 - Total Energy: -3112.76, Acceptance Ratio = 0.437849, Pressure = 2.30417
Step 52570000 - Total Energy: -3122.72, Acceptance Ratio = 0.437847, Pressure = 2.18645
Step 52580000 - Total Energy: -3090.12, Acceptance Ratio = 0.437847, Pressure = 2.44728
Step 52590000 - Total Energy: -3098.88, Acceptance Ratio = 0.437846, Pressure = 2.38419
Step 52600000 - Total Energy: -3108.92, Acceptance Ratio = 0.437845, Pressure = 2.37094
Step 52610000 - Total Energy: -3108.54, Acceptance Ratio = 0.437845, Pressure = 2.3412
Step 52620000 - Total Energy: -3107.24, Acceptance Ratio = 0.437847, Pressure = 2.23685
Step 52630000 - Total Energy: -3115.99, Acceptance Ratio = 0.437847, Pressure = 2.28508
Step 52640000 - Total Energy: -3121.4, Acceptance Ratio = 0.437847, Pressure = 2.19069
Step 52650000 - Total Energy: -3098.89, Acceptance Ratio = 0.437847, Pressure = 2.39488
Step 52660000 - Total Energy: -3101.52, Acceptance Ratio = 0.437846, Pressure = 2.41595
Step 52670000 - Total Energy: -3110.08, Acceptance Ratio = 0.437845, Pressure = 2.36502
Step 52680000 - Total Energy: -3115.09, Acceptance Ratio = 0.437845, Pressure = 2.26156
Step 52690000 - Total Energy: -3087.17, Acceptance Ratio = 0.437846, Pressure = 2.58288
Step 52700000 - Total Energy: -3108.94, Acceptance Ratio = 0.437845, Pressure = 2.37604
Step 52710000 - Total Energy: -3105.6, Acceptance Ratio = 0.437844, Pressure = 2.36739
Step 52720000 - Total Energy: -3081.84, Acceptance Ratio = 0.437844, Pressure = 2.66368
Step 52730000 - Total Energy: -3092.03, Acceptance Ratio = 0.437846, Pressure = 2.535
Step 52740000 - Total Energy: -3088.47, Acceptance Ratio = 0.437844, Pressure = 2.64342
Step 52750000 - Total Energy: -3095.92, Acceptance Ratio = 0.437843, Pressure = 2.50115
Step 52760000 - Total Energy: -3104.28, Acceptance Ratio = 0.437842, Pressure = 2.35597
Step 52770000 - Total Energy: -3113.34, Acceptance Ratio = 0.43784, Pressure = 2.32088
Step 52780000 - Total Energy: -3087.06, Acceptance Ratio = 0.437839, Pressure = 2.4998
Step 52790000 - Total Energy: -3066.44, Acceptance Ratio = 0.437837, Pressure = 2.74107
Step 52800000 - Total Energy: -3098.59, Acceptance Ratio = 0.437837, Pressure = 2.40308
Step 52810000 - Total Energy: -3080.44, Acceptance Ratio = 0.437838, Pressure = 2.58709
Step 52820000 - Total Energy: -3122.92, Acceptance Ratio = 0.437838, Pressure = 2.20855
Step 52830000 - Total Energy: -3122.06, Acceptance Ratio = 0.437838, Pressure = 2.22646
Step 52840000 - Total Energy: -3081.56, Acceptance Ratio = 0.437838, Pressure = 2.60927
Step 52850000 - Total Energy: -3124.16, Acceptance Ratio = 0.437837, Pressure = 2.26566
Step 52860000 - Total Energy: -3078.58, Acceptance Ratio = 0.437836, Pressure = 2.68284
Step 52870000 - Total Energy: -3105.43, Acceptance Ratio = 0.437833, Pressure = 2.32864
Step 52880000 - Total Energy: -3104.49, Acceptance Ratio = 0.437834, Pressure = 2.34951
Step 52890000 - Total Energy: -3141.88, Acceptance Ratio = 0.437833, Pressure = 2.07492
Step 52900000 - Total Energy: -3134.89, Acceptance Ratio = 0.437833, Pressure = 1.97307
Step 52910000 - Total Energy: -3146.75, Acceptance Ratio = 0.437832, Pressure = 2.00144
Step 52920000 - Total Energy: -3112.25, Acceptance Ratio = 0.437833, Pressure = 2.33597
Step 52930000 - Total Energy: -3123.1, Acceptance Ratio = 0.437834, Pressure = 2.14951
Step 52940000 - Total Energy: -3087.95, Acceptance Ratio = 0.437834, Pressure = 2.50915
Step 52950000 - Total Energy: -3082.06, Acceptance Ratio = 0.437833, Pressure = 2.62731
Step 52960000 - Total Energy: -3088.6, Acceptance Ratio = 0.437833, Pressure = 2.5539
Step 52970000 - Total Energy: -3082.47, Acceptance Ratio = 0.437832, Pressure = 2.62069
Step 52980000 - Total Energy: -3131.39, Acceptance Ratio = 0.437834, Pressure = 2.12009
Step 52990000 - Total Energy: -3142.03, Acceptance Ratio = 0.437835, Pressure = 2.0125
Step 53000000 - Total Energy: -3125.32, Acceptance Ratio = 0.437835, Pressure = 2.21266
Step 53010000 - Total Energy: -3082.99, Acceptance Ratio = 0.437834, Pressure = 2.6435
Step 53020000 - Total Energy: -3130.7, Acceptance Ratio = 0.437833, Pressure = 2.15655
Step 53030000 - Total Energy: -3132.79, Acceptance Ratio = 0.437831, Pressure = 2.09395
Step 53040000 - Total Energy: -3115.28, Acceptance Ratio = 0.437831, Pressure = 2.28268
Step 53050000 - Total Energy: -3134.14, Acceptance Ratio = 0.43783, Pressure = 2.11129
Step 53060000 - Total Energy: -3111.45, Acceptance Ratio = 0.437831, Pressure = 2.29194
Step 53070000 - Total Energy: -3097.98, Acceptance Ratio = 0.437832, Pressure = 2.44164
Step 53080000 - Total Energy: -3146.99, Acceptance Ratio = 0.437831, Pressure = 1.99045
Step 53090000 - Total Energy: -3116.94, Acceptance Ratio = 0.43783, Pressure = 2.30735
Step 53100000 - Total Energy: -3086.82, Acceptance Ratio = 0.437831, Pressure = 2.57203
Step 53110000 - Total Energy: -3146.46, Acceptance Ratio = 0.437832, Pressure = 2.00291
Step 53120000 - Total Energy: -3115.1, Acceptance Ratio = 0.437835, Pressure = 2.22811
Step 53130000 - Total Energy: -3110.61, Acceptance Ratio = 0.437836, Pressure = 2.31477
Step 53140000 - Total Energy: -3154.49, Acceptance Ratio = 0.437836, Pressure = 1.91233
Step 53150000 - Total Energy: -3122.39, Acceptance Ratio = 0.437837, Pressure = 2.24338
Step 53160000 - Total Energy: -3111.36, Acceptance Ratio = 0.437837, Pressure = 2.32208
Step 53170000 - Total Energy: -3124.07, Acceptance Ratio = 0.437837, Pressure = 2.20845
Step 53180000 - Total Energy: -3130.89, Acceptance Ratio = 0.437838, Pressure = 2.12793
Step 53190000 - Total Energy: -3152.31, Acceptance Ratio = 0.437837, Pressure = 1.91263
Step 53200000 - Total Energy: -3118.29, Acceptance Ratio = 0.437839, Pressure = 2.24985
Step 53210000 - Total Energy: -3104.09, Acceptance Ratio = 0.437841, Pressure = 2.38362
Step 53220000 - Total Energy: -3138.32, Acceptance Ratio = 0.437841, Pressure = 2.0762
Step 53230000 - Total Energy: -3113.86, Acceptance Ratio = 0.437841, Pressure = 2.3008
Step 53240000 - Total Energy: -3116.13, Acceptance Ratio = 0.437841, Pressure = 2.28369
Step 53250000 - Total Energy: -3087.64, Acceptance Ratio = 0.43784, Pressure = 2.55595
Step 53260000 - Total Energy: -3068.2, Acceptance Ratio = 0.437839, Pressure = 2.85559
Step 53270000 - Total Energy: -3136.01, Acceptance Ratio = 0.437838, Pressure = 2.09923
Step 53280000 - Total Energy: -3125.54, Acceptance Ratio = 0.437838, Pressure = 2.21797
Step 53290000 - Total Energy: -3100, Acceptance Ratio = 0.437839, Pressure = 2.40177
Step 53300000 - Total Energy: -3121.51, Acceptance Ratio = 0.437839, Pressure = 2.29487
Step 53310000 - Total Energy: -3132.73, Acceptance Ratio = 0.43784, Pressure = 2.17109
Step 53320000 - Total Energy: -3102.71, Acceptance Ratio = 0.437839, Pressure = 2.45787
Step 53330000 - Total Energy: -3118.12, Acceptance Ratio = 0.43784, Pressure = 2.30956
Step 53340000 - Total Energy: -3103.44, Acceptance Ratio = 0.43784, Pressure = 2.37537
Step 53350000 - Total Energy: -3103.59, Acceptance Ratio = 0.43784, Pressure = 2.33535
Step 53360000 - Total Energy: -3072.02, Acceptance Ratio = 0.43784, Pressure = 2.64092
Step 53370000 - Total Energy: -3105.29, Acceptance Ratio = 0.43784, Pressure = 2.33841
Step 53380000 - Total Energy: -3084.83, Acceptance Ratio = 0.43784, Pressure = 2.51611
Step 53390000 - Total Energy: -3123.26, Acceptance Ratio = 0.437838, Pressure = 2.13327
Step 53400000 - Total Energy: -3142.47, Acceptance Ratio = 0.437838, Pressure = 2.00167
Step 53410000 - Total Energy: -3123.82, Acceptance Ratio = 0.437839, Pressure = 2.21277
Step 53420000 - Total Energy: -3094.25, Acceptance Ratio = 0.437841, Pressure = 2.49263
Step 53430000 - Total Energy: -3110.87, Acceptance Ratio = 0.43784, Pressure = 2.31581
Step 53440000 - Total Energy: -3109.87, Acceptance Ratio = 0.437838, Pressure = 2.35931
Step 53450000 - Total Energy: -3111.81, Acceptance Ratio = 0.437838, Pressure = 2.29155
Step 53460000 - Total Energy: -3122.01, Acceptance Ratio = 0.437836, Pressure = 2.23649
Step 53470000 - Total Energy: -3075.19, Acceptance Ratio = 0.437835, Pressure = 2.70657
Step 53480000 - Total Energy: -3106.94, Acceptance Ratio = 0.437834, Pressure = 2.45404
Step 53490000 - Total Energy: -3087.3, Acceptance Ratio = 0.437834, Pressure = 2.56695
Step 53500000 - Total Energy: -3097.24, Acceptance Ratio = 0.437835, Pressure = 2.44694
Step 53510000 - Total Energy: -3090.35, Acceptance Ratio = 0.437835, Pressure = 2.46804
Step 53520000 - Total Energy: -3097.88, Acceptance Ratio = 0.437834, Pressure = 2.43932
Step 53530000 - Total Energy: -3088.91, Acceptance Ratio = 0.437833, Pressure = 2.51788
Step 53540000 - Total Energy: -3127.11, Acceptance Ratio = 0.437833, Pressure = 2.16021
Step 53550000 - Total Energy: -3092.57, Acceptance Ratio = 0.437833, Pressure = 2.49393
Step 53560000 - Total Energy: -3107.93, Acceptance Ratio = 0.437833, Pressure = 2.3457
Step 53570000 - Total Energy: -3109.82, Acceptance Ratio = 0.437832, Pressure = 2.33343
Step 53580000 - Total Energy: -3124.21, Acceptance Ratio = 0.437833, Pressure = 2.17455
Step 53590000 - Total Energy: -3101.21, Acceptance Ratio = 0.437833, Pressure = 2.36142
Step 53600000 - Total Energy: -3085.27, Acceptance Ratio = 0.437834, Pressure = 2.54068
Step 53610000 - Total Energy: -3114.09, Acceptance Ratio = 0.437835, Pressure = 2.27351
Step 53620000 - Total Energy: -3090.34, Acceptance Ratio = 0.437835, Pressure = 2.4704
Step 53630000 - Total Energy: -3119.4, Acceptance Ratio = 0.437833, Pressure = 2.20718
Step 53640000 - Total Energy: -3084.89, Acceptance Ratio = 0.437833, Pressure = 2.53413
Step 53650000 - Total Energy: -3110.17, Acceptance Ratio = 0.437835, Pressure = 2.22159
Step 53660000 - Total Energy: -3135.21, Acceptance Ratio = 0.437834, Pressure = 2.06825
Step 53670000 - Total Energy: -3108.76, Acceptance Ratio = 0.437834, Pressure = 2.31439
Step 53680000 - Total Energy: -3141.91, Acceptance Ratio = 0.437834, Pressure = 1.99173
Step 53690000 - Total Energy: -3126.3, Acceptance Ratio = 0.437836, Pressure = 2.2396
Step 53700000 - Total Energy: -3142.45, Acceptance Ratio = 0.437835, Pressure = 2.07727
Step 53710000 - Total Energy: -3114.06, Acceptance Ratio = 0.437837, Pressure = 2.33709
Step 53720000 - Total Energy: -3115.92, Acceptance Ratio = 0.437836, Pressure = 2.26176
Step 53730000 - Total Energy: -3115, Acceptance Ratio = 0.437836, Pressure = 2.27294
Step 53740000 - Total Energy: -3136.98, Acceptance Ratio = 0.437837, Pressure = 2.02299
Step 53750000 - Total Energy: -3129.84, Acceptance Ratio = 0.437839, Pressure = 2.18096
Step 53760000 - Total Energy: -3119.39, Acceptance Ratio = 0.43784, Pressure = 2.2628
Step 53770000 - Total Energy: -3080.96, Acceptance Ratio = 0.437838, Pressure = 2.69994
Step 53780000 - Total Energy: -3107.04, Acceptance Ratio = 0.437837, Pressure = 2.40059
Step 53790000 - Total Energy: -3109.85, Acceptance Ratio = 0.437838, Pressure = 2.38706
Step 53800000 - Total Energy: -3112.88, Acceptance Ratio = 0.437837, Pressure = 2.37483
Step 53810000 - Total Energy: -3098.79, Acceptance Ratio = 0.437839, Pressure = 2.49711
Step 53820000 - Total Energy: -3108.82, Acceptance Ratio = 0.437837, Pressure = 2.38295
Step 53830000 - Total Energy: -3133.56, Acceptance Ratio = 0.437837, Pressure = 2.04969
Step 53840000 - Total Energy: -3105.54, Acceptance Ratio = 0.437837, Pressure = 2.40146
Step 53850000 - Total Energy: -3109.74, Acceptance Ratio = 0.437837, Pressure = 2.37268
Step 53860000 - Total Energy: -3133.04, Acceptance Ratio = 0.437837, Pressure = 2.07343
Step 53870000 - Total Energy: -3104.96, Acceptance Ratio = 0.437838, Pressure = 2.32053
Step 53880000 - Total Energy: -3154.36, Acceptance Ratio = 0.437838, Pressure = 1.92556
Step 53890000 - Total Energy: -3109.37, Acceptance Ratio = 0.437838, Pressure = 2.32835
Step 53900000 - Total Energy: -3122.62, Acceptance Ratio = 0.437837, Pressure = 2.19206
Step 53910000 - Total Energy: -3128.84, Acceptance Ratio = 0.437838, Pressure = 2.21711
Step 53920000 - Total Energy: -3127.97, Acceptance Ratio = 0.437838, Pressure = 2.16022
Step 53930000 - Total Energy: -3095.32, Acceptance Ratio = 0.437837, Pressure = 2.53036
Step 53940000 - Total Energy: -3128.78, Acceptance Ratio = 0.437837, Pressure = 2.19237
Step 53950000 - Total Energy: -3076.01, Acceptance Ratio = 0.437838, Pressure = 2.60463
Step 53960000 - Total Energy: -3090.32, Acceptance Ratio = 0.437838, Pressure = 2.58227
Step 53970000 - Total Energy: -3105.08, Acceptance Ratio = 0.437837, Pressure = 2.4211
Step 53980000 - Total Energy: -3112.21, Acceptance Ratio = 0.437836, Pressure = 2.28712
Step 53990000 - Total Energy: -3112.08, Acceptance Ratio = 0.437835, Pressure = 2.3546
Step 54000000 - Total Energy: -3092.49, Acceptance Ratio = 0.437835, Pressure = 2.60903
Step 54010000 - Total Energy: -3126.57, Acceptance Ratio = 0.437832, Pressure = 2.23858
Step 54020000 - Total Energy: -3090.1, Acceptance Ratio = 0.437833, Pressure = 2.54484
Step 54030000 - Total Energy: -3123.57, Acceptance Ratio = 0.437831, Pressure = 2.232
Step 54040000 - Total Energy: -3102.25, Acceptance Ratio = 0.437829, Pressure = 2.44872
Step 54050000 - Total Energy: -3146.46, Acceptance Ratio = 0.437829, Pressure = 1.94188
Step 54060000 - Total Energy: -3134.29, Acceptance Ratio = 0.437829, Pressure = 2.0905
Step 54070000 - Total Energy: -3128.68, Acceptance Ratio = 0.43783, Pressure = 2.12809
Step 54080000 - Total Energy: -3172.17, Acceptance Ratio = 0.43783, Pressure = 1.75624
Step 54090000 - Total Energy: -3110.84, Acceptance Ratio = 0.437831, Pressure = 2.31273
Step 54100000 - Total Energy: -3130.77, Acceptance Ratio = 0.437831, Pressure = 2.12994
Step 54110000 - Total Energy: -3095.17, Acceptance Ratio = 0.437832, Pressure = 2.55001
Step 54120000 - Total Energy: -3106.55, Acceptance Ratio = 0.437831, Pressure = 2.30636
Step 54130000 - Total Energy: -3142.62, Acceptance Ratio = 0.437832, Pressure = 2.03148
Step 54140000 - Total Energy: -3106.81, Acceptance Ratio = 0.437834, Pressure = 2.317
Step 54150000 - Total Energy: -3143.17, Acceptance Ratio = 0.437834, Pressure = 1.93469
Step 54160000 - Total Energy: -3114.67, Acceptance Ratio = 0.437833, Pressure = 2.2439
Step 54170000 - Total Energy: -3125.4, Acceptance Ratio = 0.437833, Pressure = 2.16995
Step 54180000 - Total Energy: -3134.56, Acceptance Ratio = 0.437833, Pressure = 2.04518
Step 54190000 - Total Energy: -3135.22, Acceptance Ratio = 0.437832, Pressure = 1.99992
Step 54200000 - Total Energy: -3120.28, Acceptance Ratio = 0.437832, Pressure = 2.30966
Step 54210000 - Total Energy: -3093.82, Acceptance Ratio = 0.437832, Pressure = 2.46729
Step 54220000 - Total Energy: -3133.1, Acceptance Ratio = 0.437835, Pressure = 2.10967
Step 54230000 - Total Energy: -3123.67, Acceptance Ratio = 0.437834, Pressure = 2.21172
Step 54240000 - Total Energy: -3110.14, Acceptance Ratio = 0.437834, Pressure = 2.43254
Step 54250000 - Total Energy: -3148.65, Acceptance Ratio = 0.437833, Pressure = 1.97328
Step 54260000 - Total Energy: -3107.38, Acceptance Ratio = 0.437833, Pressure = 2.38185
Step 54270000 - Total Energy: -3125.27, Acceptance Ratio = 0.437833, Pressure = 2.20955
Step 54280000 - Total Energy: -3109.91, Acceptance Ratio = 0.437833, Pressure = 2.36491
Step 54290000 - Total Energy: -3105.64, Acceptance Ratio = 0.437833, Pressure = 2.41099
Step 54300000 - Total Energy: -3118.39, Acceptance Ratio = 0.437834, Pressure = 2.33562
Step 54310000 - Total Energy: -3101.36, Acceptance Ratio = 0.437833, Pressure = 2.45916
Step 54320000 - Total Energy: -3125.96, Acceptance Ratio = 0.437834, Pressure = 2.18875
Step 54330000 - Total Energy: -3119.15, Acceptance Ratio = 0.437834, Pressure = 2.21243
Step 54340000 - Total Energy: -3139.9, Acceptance Ratio = 0.437835, Pressure = 2.02151
Step 54350000 - Total Energy: -3099.3, Acceptance Ratio = 0.437837, Pressure = 2.45293
Step 54360000 - Total Energy: -3120.22, Acceptance Ratio = 0.437837, Pressure = 2.26098
Step 54370000 - Total Energy: -3118.85, Acceptance Ratio = 0.437837, Pressure = 2.26352
Step 54380000 - Total Energy: -3090.92, Acceptance Ratio = 0.437837, Pressure = 2.56617
Step 54390000 - Total Energy: -3138.18, Acceptance Ratio = 0.437837, Pressure = 2.07266
Step 54400000 - Total Energy: -3125.03, Acceptance Ratio = 0.437837, Pressure = 2.19714
Step 54410000 - Total Energy: -3120.3, Acceptance Ratio = 0.437838, Pressure = 2.26018
Step 54420000 - Total Energy: -3107.56, Acceptance Ratio = 0.437839, Pressure = 2.34495
Step 54430000 - Total Energy: -3117.73, Acceptance Ratio = 0.43784, Pressure = 2.19426
Step 54440000 - Total Energy: -3157.66, Acceptance Ratio = 0.437841, Pressure = 1.7539
Step 54450000 - Total Energy: -3147.24, Acceptance Ratio = 0.437844, Pressure = 1.93713
Step 54460000 - Total Energy: -3115.64, Acceptance Ratio = 0.437845, Pressure = 2.28943
Step 54470000 - Total Energy: -3135.13, Acceptance Ratio = 0.437845, Pressure = 2.08423
Step 54480000 - Total Energy: -3156.95, Acceptance Ratio = 0.437845, Pressure = 1.86163
Step 54490000 - Total Energy: -3149.94, Acceptance Ratio = 0.437846, Pressure = 1.92628
Step 54500000 - Total Energy: -3153.54, Acceptance Ratio = 0.437846, Pressure = 1.92294
Step 54510000 - Total Energy: -3149.19, Acceptance Ratio = 0.437848, Pressure = 1.90762
Step 54520000 - Total Energy: -3134.27, Acceptance Ratio = 0.437848, Pressure = 2.06068
Step 54530000 - Total Energy: -3128.03, Acceptance Ratio = 0.437848, Pressure = 2.1846
Step 54540000 - Total Energy: -3150.73, Acceptance Ratio = 0.43785, Pressure = 1.87607
Step 54550000 - Total Energy: -3143.53, Acceptance Ratio = 0.437851, Pressure = 2.01497
Step 54560000 - Total Energy: -3118.65, Acceptance Ratio = 0.437852, Pressure = 2.25817
Step 54570000 - Total Energy: -3115.71, Acceptance Ratio = 0.437853, Pressure = 2.24001
Step 54580000 - Total Energy: -3147.99, Acceptance Ratio = 0.437854, Pressure = 2.03206
Step 54590000 - Total Energy: -3081.68, Acceptance Ratio = 0.437854, Pressure = 2.57679
Step 54600000 - Total Energy: -3082.49, Acceptance Ratio = 0.437855, Pressure = 2.59901
Step 54610000 - Total Energy: -3141.87, Acceptance Ratio = 0.437853, Pressure = 2.02061
Step 54620000 - Total Energy: -3113.74, Acceptance Ratio = 0.437853, Pressure = 2.34405
Step 54630000 - Total Energy: -3118.96, Acceptance Ratio = 0.437854, Pressure = 2.19564
Step 54640000 - Total Energy: -3107.39, Acceptance Ratio = 0.437855, Pressure = 2.33692
Step 54650000 - Total Energy: -3091.38, Acceptance Ratio = 0.437854, Pressure = 2.46632
Step 54660000 - Total Energy: -3126.79, Acceptance Ratio = 0.437854, Pressure = 2.12151
Step 54670000 - Total Energy: -3107.33, Acceptance Ratio = 0.437852, Pressure = 2.31793
Step 54680000 - Total Energy: -3126.5, Acceptance Ratio = 0.437854, Pressure = 2.1783
Step 54690000 - Total Energy: -3088.53, Acceptance Ratio = 0.437853, Pressure = 2.56184
Step 54700000 - Total Energy: -3139.89, Acceptance Ratio = 0.437854, Pressure = 2.00415
Step 54710000 - Total Energy: -3090.7, Acceptance Ratio = 0.437854, Pressure = 2.60979
Step 54720000 - Total Energy: -3124.33, Acceptance Ratio = 0.437853, Pressure = 2.26096
Step 54730000 - Total Energy: -3107.68, Acceptance Ratio = 0.437853, Pressure = 2.32436
Step 54740000 - Total Energy: -3141.3, Acceptance Ratio = 0.437853, Pressure = 2.01993
Step 54750000 - Total Energy: -3069.49, Acceptance Ratio = 0.437851, Pressure = 2.66113
Step 54760000 - Total Energy: -3121.55, Acceptance Ratio = 0.43785, Pressure = 2.18545
Step 54770000 - Total Energy: -3108.26, Acceptance Ratio = 0.437851, Pressure = 2.3388
Step 54780000 - Total Energy: -3105.43, Acceptance Ratio = 0.437849, Pressure = 2.39219
Step 54790000 - Total Energy: -3109.26, Acceptance Ratio = 0.43785, Pressure = 2.44295
Step 54800000 - Total Energy: -3153.97, Acceptance Ratio = 0.437849, Pressure = 1.88283
Step 54810000 - Total Energy: -3126.12, Acceptance Ratio = 0.437849, Pressure = 2.21083
Step 54820000 - Total Energy: -3145.72, Acceptance Ratio = 0.437849, Pressure = 1.99889
Step 54830000 - Total Energy: -3132.77, Acceptance Ratio = 0.43785, Pressure = 2.08037
Step 54840000 - Total Energy: -3111.5, Acceptance Ratio = 0.437849, Pressure = 2.26325
Step 54850000 - Total Energy: -3114.52, Acceptance Ratio = 0.437849, Pressure = 2.28903
Step 54860000 - Total Energy: -3156.6, Acceptance Ratio = 0.437851, Pressure = 1.81932
Step 54870000 - Total Energy: -3123.78, Acceptance Ratio = 0.437851, Pressure = 2.16689
Step 54880000 - Total Energy: -3152.3, Acceptance Ratio = 0.437852, Pressure = 1.90053
Step 54890000 - Total Energy: -3115.87, Acceptance Ratio = 0.437853, Pressure = 2.29193
Step 54900000 - Total Energy: -3129.42, Acceptance Ratio = 0.437853, Pressure = 2.1688
Step 54910000 - Total Energy: -3136.7, Acceptance Ratio = 0.437853, Pressure = 2.02895
Step 54920000 - Total Energy: -3144.39, Acceptance Ratio = 0.437856, Pressure = 1.95239
Step 54930000 - Total Energy: -3139.71, Acceptance Ratio = 0.437858, Pressure = 2.04324
Step 54940000 - Total Energy: -3141.98, Acceptance Ratio = 0.437858, Pressure = 1.98431
Step 54950000 - Total Energy: -3130.01, Acceptance Ratio = 0.437857, Pressure = 2.14244
Step 54960000 - Total Energy: -3120.2, Acceptance Ratio = 0.437858, Pressure = 2.21434
Step 54970000 - Total Energy: -3121.86, Acceptance Ratio = 0.437858, Pressure = 2.15167
Step 54980000 - Total Energy: -3137.88, Acceptance Ratio = 0.43786, Pressure = 2.09052
Step 54990000 - Total Energy: -3152.88, Acceptance Ratio = 0.437862, Pressure = 1.93143
Step 55000000 - Total Energy: -3151.73, Acceptance Ratio = 0.437862, Pressure = 1.96238
Step 55010000 - Total Energy: -3152.42, Acceptance Ratio = 0.437863, Pressure = 1.93935
Step 55020000 - Total Energy: -3157.33, Acceptance Ratio = 0.437862, Pressure = 1.96831
Step 55030000 - Total Energy: -3118.01, Acceptance Ratio = 0.437861, Pressure = 2.42244
Step 55040000 - Total Energy: -3116.73, Acceptance Ratio = 0.437861, Pressure = 2.3404
Step 55050000 - Total Energy: -3127.13, Acceptance Ratio = 0.437861, Pressure = 2.20569
Step 55060000 - Total Energy: -3134.92, Acceptance Ratio = 0.437862, Pressure = 2.15453
Step 55070000 - Total Energy: -3142.78, Acceptance Ratio = 0.437863, Pressure = 2.12124
Step 55080000 - Total Energy: -3125.41, Acceptance Ratio = 0.437864, Pressure = 2.25861
Step 55090000 - Total Energy: -3118.59, Acceptance Ratio = 0.437863, Pressure = 2.35144
Step 55100000 - Total Energy: -3145.93, Acceptance Ratio = 0.437864, Pressure = 2.05174
Step 55110000 - Total Energy: -3123.64, Acceptance Ratio = 0.437862, Pressure = 2.28388
Step 55120000 - Total Energy: -3141.81, Acceptance Ratio = 0.437862, Pressure = 2.06966
Step 55130000 - Total Energy: -3099.03, Acceptance Ratio = 0.43786, Pressure = 2.52107
Step 55140000 - Total Energy: -3096.6, Acceptance Ratio = 0.437858, Pressure = 2.53878
Step 55150000 - Total Energy: -3104.7, Acceptance Ratio = 0.437858, Pressure = 2.41825
Step 55160000 - Total Energy: -3095.96, Acceptance Ratio = 0.437858, Pressure = 2.56132
Step 55170000 - Total Energy: -3088.06, Acceptance Ratio = 0.437857, Pressure = 2.57319
Step 55180000 - Total Energy: -3104.86, Acceptance Ratio = 0.437856, Pressure = 2.45694
Step 55190000 - Total Energy: -3112.34, Acceptance Ratio = 0.437856, Pressure = 2.39299
Step 55200000 - Total Energy: -3108.97, Acceptance Ratio = 0.437855, Pressure = 2.42129
Step 55210000 - Total Energy: -3141.59, Acceptance Ratio = 0.437856, Pressure = 2.0708
Step 55220000 - Total Energy: -3108.9, Acceptance Ratio = 0.437856, Pressure = 2.32732
Step 55230000 - Total Energy: -3095.68, Acceptance Ratio = 0.437856, Pressure = 2.52659
Step 55240000 - Total Energy: -3123.45, Acceptance Ratio = 0.437856, Pressure = 2.23289
Step 55250000 - Total Energy: -3120.39, Acceptance Ratio = 0.437857, Pressure = 2.25234
Step 55260000 - Total Energy: -3131.88, Acceptance Ratio = 0.437855, Pressure = 2.13495
Step 55270000 - Total Energy: -3105.3, Acceptance Ratio = 0.437854, Pressure = 2.39454
Step 55280000 - Total Energy: -3113.29, Acceptance Ratio = 0.437855, Pressure = 2.34165
Step 55290000 - Total Energy: -3117.61, Acceptance Ratio = 0.437856, Pressure = 2.29451
Step 55300000 - Total Energy: -3110.27, Acceptance Ratio = 0.437855, Pressure = 2.40257
Step 55310000 - Total Energy: -3115.87, Acceptance Ratio = 0.437856, Pressure = 2.15751
Step 55320000 - Total Energy: -3101.41, Acceptance Ratio = 0.437856, Pressure = 2.32222
Step 55330000 - Total Energy: -3092.69, Acceptance Ratio = 0.437857, Pressure = 2.54282
Step 55340000 - Total Energy: -3119.22, Acceptance Ratio = 0.437855, Pressure = 2.2283
Step 55350000 - Total Energy: -3145.12, Acceptance Ratio = 0.437854, Pressure = 2.05593
Step 55360000 - Total Energy: -3147.39, Acceptance Ratio = 0.437855, Pressure = 1.92804
Step 55370000 - Total Energy: -3148.7, Acceptance Ratio = 0.437856, Pressure = 1.98057
Step 55380000 - Total Energy: -3163.74, Acceptance Ratio = 0.437857, Pressure = 1.81485
Step 55390000 - Total Energy: -3115.48, Acceptance Ratio = 0.437857, Pressure = 2.30714
Step 55400000 - Total Energy: -3146.75, Acceptance Ratio = 0.437857, Pressure = 1.99808
Step 55410000 - Total Energy: -3136.23, Acceptance Ratio = 0.437858, Pressure = 2.1166
Step 55420000 - Total Energy: -3122.85, Acceptance Ratio = 0.437858, Pressure = 2.22055
Step 55430000 - Total Energy: -3116.08, Acceptance Ratio = 0.437858, Pressure = 2.2866
Step 55440000 - Total Energy: -3133.01, Acceptance Ratio = 0.437858, Pressure = 2.06873
Step 55450000 - Total Energy: -3154.95, Acceptance Ratio = 0.437859, Pressure = 1.84673
Step 55460000 - Total Energy: -3110.47, Acceptance Ratio = 0.43786, Pressure = 2.26076
Step 55470000 - Total Energy: -3151.75, Acceptance Ratio = 0.437861, Pressure = 1.96688
Step 55480000 - Total Energy: -3139.3, Acceptance Ratio = 0.437861, Pressure = 1.96973
Step 55490000 - Total Energy: -3115.08, Acceptance Ratio = 0.437862, Pressure = 2.27973
Step 55500000 - Total Energy: -3137.46, Acceptance Ratio = 0.437862, Pressure = 2.11154
Step 55510000 - Total Energy: -3148.35, Acceptance Ratio = 0.437863, Pressure = 1.93206
Step 55520000 - Total Energy: -3119.73, Acceptance Ratio = 0.437865, Pressure = 2.26184
Step 55530000 - Total Energy: -3104.03, Acceptance Ratio = 0.437864, Pressure = 2.37826
Step 55540000 - Total Energy: -3097.61, Acceptance Ratio = 0.437864, Pressure = 2.44107
Step 55550000 - Total Energy: -3110.69, Acceptance Ratio = 0.437863, Pressure = 2.30296
Step 55560000 - Total Energy: -3137.66, Acceptance Ratio = 0.437864, Pressure = 2.03167
Step 55570000 - Total Energy: -3077.88, Acceptance Ratio = 0.437864, Pressure = 2.63377
Step 55580000 - Total Energy: -3084.42, Acceptance Ratio = 0.437864, Pressure = 2.5113
Step 55590000 - Total Energy: -3156.34, Acceptance Ratio = 0.437863, Pressure = 1.86517
Step 55600000 - Total Energy: -3101.41, Acceptance Ratio = 0.437863, Pressure = 2.33225
Step 55610000 - Total Energy: -3123.17, Acceptance Ratio = 0.437862, Pressure = 2.20513
Step 55620000 - Total Energy: -3088.51, Acceptance Ratio = 0.43786, Pressure = 2.58393
Step 55630000 - Total Energy: -3094.01, Acceptance Ratio = 0.43786, Pressure = 2.48911
Step 55640000 - Total Energy: -3144.33, Acceptance Ratio = 0.43786, Pressure = 2.03424
Step 55650000 - Total Energy: -3137.02, Acceptance Ratio = 0.437859, Pressure = 2.15554
Step 55660000 - Total Energy: -3143.37, Acceptance Ratio = 0.437859, Pressure = 2.06184
Step 55670000 - Total Energy: -3145.22, Acceptance Ratio = 0.437857, Pressure = 2.04886
Step 55680000 - Total Energy: -3126.63, Acceptance Ratio = 0.437856, Pressure = 2.19465
Step 55690000 - Total Energy: -3091.2, Acceptance Ratio = 0.437856, Pressure = 2.50727
Step 55700000 - Total Energy: -3097.8, Acceptance Ratio = 0.437857, Pressure = 2.57106
Step 55710000 - Total Energy: -3105.34, Acceptance Ratio = 0.437855, Pressure = 2.47277
Step 55720000 - Total Energy: -3152.6, Acceptance Ratio = 0.437854, Pressure = 1.96359
Step 55730000 - Total Energy: -3122.12, Acceptance Ratio = 0.437853, Pressure = 2.30637
Step 55740000 - Total Energy: -3120.59, Acceptance Ratio = 0.437854, Pressure = 2.24895
Step 55750000 - Total Energy: -3111.68, Acceptance Ratio = 0.437854, Pressure = 2.36315
Step 55760000 - Total Energy: -3085.53, Acceptance Ratio = 0.437854, Pressure = 2.6193
Step 55770000 - Total Energy: -3117.11, Acceptance Ratio = 0.437853, Pressure = 2.31966
Step 55780000 - Total Energy: -3147.88, Acceptance Ratio = 0.437853, Pressure = 2.02071
Step 55790000 - Total Energy: -3147.03, Acceptance Ratio = 0.437853, Pressure = 2.03206
Step 55800000 - Total Energy: -3125.99, Acceptance Ratio = 0.437852, Pressure = 2.20068
Step 55810000 - Total Energy: -3127.13, Acceptance Ratio = 0.437852, Pressure = 2.18434
Step 55820000 - Total Energy: -3104, Acceptance Ratio = 0.437852, Pressure = 2.3942
Step 55830000 - Total Energy: -3139.89, Acceptance Ratio = 0.43785, Pressure = 2.09497
Step 55840000 - Total Energy: -3115.12, Acceptance Ratio = 0.43785, Pressure = 2.30436
Step 55850000 - Total Energy: -3138.86, Acceptance Ratio = 0.437849, Pressure = 2.06063
Step 55860000 - Total Energy: -3125.73, Acceptance Ratio = 0.437849, Pressure = 2.22743
Step 55870000 - Total Energy: -3106.95, Acceptance Ratio = 0.437848, Pressure = 2.38673
Step 55880000 - Total Energy: -3145.14, Acceptance Ratio = 0.437848, Pressure = 2.03413
Step 55890000 - Total Energy: -3138.06, Acceptance Ratio = 0.437849, Pressure = 2.119
Step 55900000 - Total Energy: -3143.4, Acceptance Ratio = 0.43785, Pressure = 1.95487
Step 55910000 - Total Energy: -3162.1, Acceptance Ratio = 0.437851, Pressure = 1.79203
Step 55920000 - Total Energy: -3143.62, Acceptance Ratio = 0.437854, Pressure = 1.97998
Step 55930000 - Total Energy: -3110.13, Acceptance Ratio = 0.437855, Pressure = 2.2965
Step 55940000 - Total Energy: -3151.28, Acceptance Ratio = 0.437856, Pressure = 1.94798
Step 55950000 - Total Energy: -3128.55, Acceptance Ratio = 0.437857, Pressure = 2.12049
Step 55960000 - Total Energy: -3134, Acceptance Ratio = 0.437858, Pressure = 2.10166
Step 55970000 - Total Energy: -3083.16, Acceptance Ratio = 0.437859, Pressure = 2.59247
Step 55980000 - Total Energy: -3137.47, Acceptance Ratio = 0.437859, Pressure = 2.0227
Step 55990000 - Total Energy: -3120.49, Acceptance Ratio = 0.437859, Pressure = 2.15948
Step 56000000 - Total Energy: -3123.73, Acceptance Ratio = 0.437859, Pressure = 2.163
Step 56010000 - Total Energy: -3137.36, Acceptance Ratio = 0.437859, Pressure = 2.08466
Step 56020000 - Total Energy: -3125.03, Acceptance Ratio = 0.437859, Pressure = 2.19477
Step 56030000 - Total Energy: -3149.51, Acceptance Ratio = 0.437859, Pressure = 1.9845
Step 56040000 - Total Energy: -3118.19, Acceptance Ratio = 0.437859, Pressure = 2.31693
Step 56050000 - Total Energy: -3126.75, Acceptance Ratio = 0.437859, Pressure = 2.27692
Step 56060000 - Total Energy: -3136.1, Acceptance Ratio = 0.437859, Pressure = 2.09434
Step 56070000 - Total Energy: -3112.39, Acceptance Ratio = 0.437859, Pressure = 2.32903
Step 56080000 - Total Energy: -3145.49, Acceptance Ratio = 0.437858, Pressure = 1.96143
Step 56090000 - Total Energy: -3110.69, Acceptance Ratio = 0.437859, Pressure = 2.28141
Step 56100000 - Total Energy: -3111.89, Acceptance Ratio = 0.437861, Pressure = 2.2269
Step 56110000 - Total Energy: -3108.55, Acceptance Ratio = 0.437861, Pressure = 2.33395
Step 56120000 - Total Energy: -3133.55, Acceptance Ratio = 0.437862, Pressure = 2.14301
Step 56130000 - Total Energy: -3084.42, Acceptance Ratio = 0.437862, Pressure = 2.59693
Step 56140000 - Total Energy: -3123.08, Acceptance Ratio = 0.437864, Pressure = 2.18713
Step 56150000 - Total Energy: -3152.6, Acceptance Ratio = 0.437865, Pressure = 1.88429
Step 56160000 - Total Energy: -3134.16, Acceptance Ratio = 0.437866, Pressure = 2.11672
Step 56170000 - Total Energy: -3131.14, Acceptance Ratio = 0.437865, Pressure = 2.15315
Step 56180000 - Total Energy: -3133.47, Acceptance Ratio = 0.437867, Pressure = 2.18374
Step 56190000 - Total Energy: -3117.43, Acceptance Ratio = 0.437866, Pressure = 2.23576
Step 56200000 - Total Energy: -3147.08, Acceptance Ratio = 0.437868, Pressure = 1.95437
Step 56210000 - Total Energy: -3130.82, Acceptance Ratio = 0.437868, Pressure = 2.08019
Step 56220000 - Total Energy: -3119.22, Acceptance Ratio = 0.437868, Pressure = 2.2497
Step 56230000 - Total Energy: -3120.34, Acceptance Ratio = 0.437868, Pressure = 2.26268
Step 56240000 - Total Energy: -3146.2, Acceptance Ratio = 0.437868, Pressure = 1.96081
Step 56250000 - Total Energy: -3159.49, Acceptance Ratio = 0.437867, Pressure = 1.77746
Step 56260000 - Total Energy: -3166.66, Acceptance Ratio = 0.437868, Pressure = 1.72491
Step 56270000 - Total Energy: -3124.75, Acceptance Ratio = 0.437868, Pressure = 2.18554
Step 56280000 - Total Energy: -3089.72, Acceptance Ratio = 0.437866, Pressure = 2.46822
Step 56290000 - Total Energy: -3133.69, Acceptance Ratio = 0.437865, Pressure = 2.04345
Step 56300000 - Total Energy: -3104.38, Acceptance Ratio = 0.437864, Pressure = 2.35284
Step 56310000 - Total Energy: -3092.69, Acceptance Ratio = 0.437864, Pressure = 2.45588
Step 56320000 - Total Energy: -3107.02, Acceptance Ratio = 0.437864, Pressure = 2.39314
Step 56330000 - Total Energy: -3088.15, Acceptance Ratio = 0.437864, Pressure = 2.53592
Step 56340000 - Total Energy: -3131.38, Acceptance Ratio = 0.437863, Pressure = 2.09178
Step 56350000 - Total Energy: -3082.56, Acceptance Ratio = 0.437863, Pressure = 2.51875
Step 56360000 - Total Energy: -3093.37, Acceptance Ratio = 0.437863, Pressure = 2.50662
Step 56370000 - Total Energy: -3093.55, Acceptance Ratio = 0.437862, Pressure = 2.47701
Step 56380000 - Total Energy: -3096.93, Acceptance Ratio = 0.437861, Pressure = 2.47316
Step 56390000 - Total Energy: -3106.14, Acceptance Ratio = 0.43786, Pressure = 2.36568
Step 56400000 - Total Energy: -3123.65, Acceptance Ratio = 0.43786, Pressure = 2.1727
Step 56410000 - Total Energy: -3072.59, Acceptance Ratio = 0.43786, Pressure = 2.74073
Step 56420000 - Total Energy: -3108.1, Acceptance Ratio = 0.437859, Pressure = 2.35781
Step 56430000 - Total Energy: -3114.2, Acceptance Ratio = 0.437858, Pressure = 2.30273
Step 56440000 - Total Energy: -3151.98, Acceptance Ratio = 0.437859, Pressure = 1.8639
Step 56450000 - Total Energy: -3133.79, Acceptance Ratio = 0.437858, Pressure = 2.11983
Step 56460000 - Total Energy: -3093.45, Acceptance Ratio = 0.437856, Pressure = 2.49265
Step 56470000 - Total Energy: -3124.11, Acceptance Ratio = 0.437855, Pressure = 2.21681
Step 56480000 - Total Energy: -3102.58, Acceptance Ratio = 0.437856, Pressure = 2.39324
Step 56490000 - Total Energy: -3138.02, Acceptance Ratio = 0.437855, Pressure = 2.057
Step 56500000 - Total Energy: -3134.47, Acceptance Ratio = 0.437855, Pressure = 2.12483
Step 56510000 - Total Energy: -3102.34, Acceptance Ratio = 0.437856, Pressure = 2.39416
Step 56520000 - Total Energy: -3130.31, Acceptance Ratio = 0.437856, Pressure = 2.11579
Step 56530000 - Total Energy: -3121.29, Acceptance Ratio = 0.437855, Pressure = 2.2562
Step 56540000 - Total Energy: -3093.19, Acceptance Ratio = 0.437854, Pressure = 2.48296
Step 56550000 - Total Energy: -3086.46, Acceptance Ratio = 0.437855, Pressure = 2.55084
Step 56560000 - Total Energy: -3094.76, Acceptance Ratio = 0.437855, Pressure = 2.50455
Step 56570000 - Total Energy: -3128.8, Acceptance Ratio = 0.437855, Pressure = 2.11408
Step 56580000 - Total Energy: -3101.55, Acceptance Ratio = 0.437855, Pressure = 2.42934
Step 56590000 - Total Energy: -3126.01, Acceptance Ratio = 0.437854, Pressure = 2.16367
Step 56600000 - Total Energy: -3127.6, Acceptance Ratio = 0.437853, Pressure = 2.16584
Step 56610000 - Total Energy: -3113.09, Acceptance Ratio = 0.437854, Pressure = 2.30158
Step 56620000 - Total Energy: -3114.9, Acceptance Ratio = 0.437852, Pressure = 2.23832
Step 56630000 - Total Energy: -3119.56, Acceptance Ratio = 0.437851, Pressure = 2.22174
Step 56640000 - Total Energy: -3097.9, Acceptance Ratio = 0.437852, Pressure = 2.42292
Step 56650000 - Total Energy: -3093.64, Acceptance Ratio = 0.437854, Pressure = 2.53824
Step 56660000 - Total Energy: -3116.45, Acceptance Ratio = 0.437852, Pressure = 2.30999
Step 56670000 - Total Energy: -3122.07, Acceptance Ratio = 0.437852, Pressure = 2.24256
Step 56680000 - Total Energy: -3121.23, Acceptance Ratio = 0.437852, Pressure = 2.25692
Step 56690000 - Total Energy: -3100.19, Acceptance Ratio = 0.437853, Pressure = 2.46507
Step 56700000 - Total Energy: -3102.03, Acceptance Ratio = 0.437852, Pressure = 2.42085
Step 56710000 - Total Energy: -3081.17, Acceptance Ratio = 0.437851, Pressure = 2.59483
Step 56720000 - Total Energy: -3143.99, Acceptance Ratio = 0.437851, Pressure = 2.01363
Step 56730000 - Total Energy: -3113.18, Acceptance Ratio = 0.43785, Pressure = 2.37063
Step 56740000 - Total Energy: -3101.04, Acceptance Ratio = 0.43785, Pressure = 2.46861
Step 56750000 - Total Energy: -3101.41, Acceptance Ratio = 0.43785, Pressure = 2.37107
Step 56760000 - Total Energy: -3103.53, Acceptance Ratio = 0.437851, Pressure = 2.40815
Step 56770000 - Total Energy: -3129.79, Acceptance Ratio = 0.437851, Pressure = 2.16096
Step 56780000 - Total Energy: -3119.66, Acceptance Ratio = 0.437851, Pressure = 2.23456
Step 56790000 - Total Energy: -3106.28, Acceptance Ratio = 0.437851, Pressure = 2.45594
Step 56800000 - Total Energy: -3146.43, Acceptance Ratio = 0.437851, Pressure = 2.00757
Step 56810000 - Total Energy: -3164.32, Acceptance Ratio = 0.437852, Pressure = 1.8159
Step 56820000 - Total Energy: -3118.74, Acceptance Ratio = 0.437852, Pressure = 2.28449
Step 56830000 - Total Energy: -3129.32, Acceptance Ratio = 0.437853, Pressure = 2.17309
Step 56840000 - Total Energy: -3102.9, Acceptance Ratio = 0.437853, Pressure = 2.36696
Step 56850000 - Total Energy: -3107.02, Acceptance Ratio = 0.437852, Pressure = 2.40914
Step 56860000 - Total Energy: -3124.55, Acceptance Ratio = 0.437852, Pressure = 2.14766
Step 56870000 - Total Energy: -3113.93, Acceptance Ratio = 0.437852, Pressure = 2.37703
Step 56880000 - Total Energy: -3119.08, Acceptance Ratio = 0.437851, Pressure = 2.22289
Step 56890000 - Total Energy: -3106.3, Acceptance Ratio = 0.437851, Pressure = 2.39622
Step 56900000 - Total Energy: -3141.76, Acceptance Ratio = 0.437851, Pressure = 2.02698
Step 56910000 - Total Energy: -3153.35, Acceptance Ratio = 0.437851, Pressure = 1.9802
Step 56920000 - Total Energy: -3083.75, Acceptance Ratio = 0.437852, Pressure = 2.65182
Step 56930000 - Total Energy: -3111.63, Acceptance Ratio = 0.437852, Pressure = 2.3018
Step 56940000 - Total Energy: -3132.55, Acceptance Ratio = 0.437853, Pressure = 2.07453
Step 56950000 - Total Energy: -3112, Acceptance Ratio = 0.437853, Pressure = 2.30766
Step 56960000 - Total Energy: -3159.54, Acceptance Ratio = 0.437854, Pressure = 1.78123
Step 56970000 - Total Energy: -3140.45, Acceptance Ratio = 0.437855, Pressure = 2.00639
Step 56980000 - Total Energy: -3147.96, Acceptance Ratio = 0.437856, Pressure = 1.86858
Step 56990000 - Total Energy: -3131.91, Acceptance Ratio = 0.437858, Pressure = 1.99044
Step 57000000 - Total Energy: -3149.31, Acceptance Ratio = 0.437858, Pressure = 1.93431
Step 57010000 - Total Energy: -3145.38, Acceptance Ratio = 0.437858, Pressure = 1.91087
Step 57020000 - Total Energy: -3112.86, Acceptance Ratio = 0.437861, Pressure = 2.26743
Step 57030000 - Total Energy: -3129.7, Acceptance Ratio = 0.437861, Pressure = 2.11422
Step 57040000 - Total Energy: -3136.77, Acceptance Ratio = 0.437861, Pressure = 2.05246
Step 57050000 - Total Energy: -3095.45, Acceptance Ratio = 0.437861, Pressure = 2.43766
Step 57060000 - Total Energy: -3129.19, Acceptance Ratio = 0.437861, Pressure = 2.13031
Step 57070000 - Total Energy: -3117.45, Acceptance Ratio = 0.437861, Pressure = 2.32602
Step 57080000 - Total Energy: -3112.03, Acceptance Ratio = 0.437861, Pressure = 2.32414
Step 57090000 - Total Energy: -3095.8, Acceptance Ratio = 0.437861, Pressure = 2.51905
Step 57100000 - Total Energy: -3099.03, Acceptance Ratio = 0.437859, Pressure = 2.42687
Step 57110000 - Total Energy: -3121.6, Acceptance Ratio = 0.437858, Pressure = 2.15895
Step 57120000 - Total Energy: -3103.17, Acceptance Ratio = 0.437858, Pressure = 2.41616
Step 57130000 - Total Energy: -3118.73, Acceptance Ratio = 0.437857, Pressure = 2.20842
Step 57140000 - Total Energy: -3121.73, Acceptance Ratio = 0.437856, Pressure = 2.25196
Step 57150000 - Total Energy: -3112.74, Acceptance Ratio = 0.437856, Pressure = 2.31977
Step 57160000 - Total Energy: -3111.26, Acceptance Ratio = 0.437856, Pressure = 2.34446
Step 57170000 - Total Energy: -3092.33, Acceptance Ratio = 0.437855, Pressure = 2.54746
Step 57180000 - Total Energy: -3123.91, Acceptance Ratio = 0.437852, Pressure = 2.14408
Step 57190000 - Total Energy: -3132.87, Acceptance Ratio = 0.437852, Pressure = 2.0911
Step 57200000 - Total Energy: -3129.09, Acceptance Ratio = 0.437851, Pressure = 2.16921
Step 57210000 - Total Energy: -3108.15, Acceptance Ratio = 0.437852, Pressure = 2.41092
Step 57220000 - Total Energy: -3110.11, Acceptance Ratio = 0.437853, Pressure = 2.38314
Step 57230000 - Total Energy: -3112.77, Acceptance Ratio = 0.437854, Pressure = 2.29766
Step 57240000 - Total Energy: -3111.05, Acceptance Ratio = 0.437853, Pressure = 2.35579
Step 57250000 - Total Energy: -3083.44, Acceptance Ratio = 0.437851, Pressure = 2.64459
Step 57260000 - Total Energy: -3102.86, Acceptance Ratio = 0.437849, Pressure = 2.46541
Step 57270000 - Total Energy: -3095.55, Acceptance Ratio = 0.437847, Pressure = 2.53297
Step 57280000 - Total Energy: -3104.86, Acceptance Ratio = 0.437849, Pressure = 2.34315
Step 57290000 - Total Energy: -3113.42, Acceptance Ratio = 0.437848, Pressure = 2.2866
Step 57300000 - Total Energy: -3136.59, Acceptance Ratio = 0.437849, Pressure = 2.19133
Step 57310000 - Total Energy: -3155.85, Acceptance Ratio = 0.437848, Pressure = 1.90112
Step 57320000 - Total Energy: -3123.76, Acceptance Ratio = 0.437848, Pressure = 2.22293
Step 57330000 - Total Energy: -3125.3, Acceptance Ratio = 0.437847, Pressure = 2.27692
Step 57340000 - Total Energy: -3129.94, Acceptance Ratio = 0.437845, Pressure = 2.2045
Step 57350000 - Total Energy: -3126.03, Acceptance Ratio = 0.437846, Pressure = 2.19668
Step 57360000 - Total Energy: -3109.02, Acceptance Ratio = 0.437849, Pressure = 2.25041
Step 57370000 - Total Energy: -3132.56, Acceptance Ratio = 0.437849, Pressure = 2.05924
Step 57380000 - Total Energy: -3147.96, Acceptance Ratio = 0.43785, Pressure = 1.94559
Step 57390000 - Total Energy: -3123.8, Acceptance Ratio = 0.43785, Pressure = 2.19094
Step 57400000 - Total Energy: -3145.44, Acceptance Ratio = 0.437849, Pressure = 2.00752
Step 57410000 - Total Energy: -3157.99, Acceptance Ratio = 0.43785, Pressure = 1.8151
Step 57420000 - Total Energy: -3130.13, Acceptance Ratio = 0.43785, Pressure = 2.11646
Step 57430000 - Total Energy: -3120.9, Acceptance Ratio = 0.437849, Pressure = 2.23968
Step 57440000 - Total Energy: -3128.92, Acceptance Ratio = 0.43785, Pressure = 2.10857
Step 57450000 - Total Energy: -3099.69, Acceptance Ratio = 0.437849, Pressure = 2.36246
Step 57460000 - Total Energy: -3099.48, Acceptance Ratio = 0.437849, Pressure = 2.43548
Step 57470000 - Total Energy: -3140.78, Acceptance Ratio = 0.437848, Pressure = 1.99657
Step 57480000 - Total Energy: -3139.71, Acceptance Ratio = 0.437848, Pressure = 2.06949
Step 57490000 - Total Energy: -3085.32, Acceptance Ratio = 0.43785, Pressure = 2.61335
Step 57500000 - Total Energy: -3122.31, Acceptance Ratio = 0.437849, Pressure = 2.25557
Step 57510000 - Total Energy: -3115.29, Acceptance Ratio = 0.437848, Pressure = 2.33896
Step 57520000 - Total Energy: -3097.72, Acceptance Ratio = 0.437847, Pressure = 2.47667
Step 57530000 - Total Energy: -3081.91, Acceptance Ratio = 0.437849, Pressure = 2.66157
Step 57540000 - Total Energy: -3121.22, Acceptance Ratio = 0.437849, Pressure = 2.23735
Step 57550000 - Total Energy: -3119.78, Acceptance Ratio = 0.437849, Pressure = 2.25993
Step 57560000 - Total Energy: -3114.1, Acceptance Ratio = 0.43785, Pressure = 2.39399
Step 57570000 - Total Energy: -3092.47, Acceptance Ratio = 0.43785, Pressure = 2.5079
Step 57580000 - Total Energy: -3084.07, Acceptance Ratio = 0.437847, Pressure = 2.58856
Step 57590000 - Total Energy: -3116.13, Acceptance Ratio = 0.437847, Pressure = 2.25562
Step 57600000 - Total Energy: -3087.13, Acceptance Ratio = 0.437847, Pressure = 2.61015
Step 57610000 - Total Energy: -3125.03, Acceptance Ratio = 0.437847, Pressure = 2.1294
Step 57620000 - Total Energy: -3125.13, Acceptance Ratio = 0.437848, Pressure = 2.15371
Step 57630000 - Total Energy: -3118.66, Acceptance Ratio = 0.437849, Pressure = 2.29525
Step 57640000 - Total Energy: -3145.87, Acceptance Ratio = 0.437847, Pressure = 1.96479
Step 57650000 - Total Energy: -3108.02, Acceptance Ratio = 0.437847, Pressure = 2.31301
Step 57660000 - Total Energy: -3116.01, Acceptance Ratio = 0.437847, Pressure = 2.27965
Step 57670000 - Total Energy: -3124.84, Acceptance Ratio = 0.437844, Pressure = 2.23608
Step 57680000 - Total Energy: -3101.22, Acceptance Ratio = 0.437843, Pressure = 2.50812
Step 57690000 - Total Energy: -3125.36, Acceptance Ratio = 0.437843, Pressure = 2.14869
Step 57700000 - Total Energy: -3128.79, Acceptance Ratio = 0.437842, Pressure = 2.20746
Step 57710000 - Total Energy: -3128.7, Acceptance Ratio = 0.437842, Pressure = 2.15345
Step 57720000 - Total Energy: -3120.06, Acceptance Ratio = 0.437841, Pressure = 2.17371
Step 57730000 - Total Energy: -3138.34, Acceptance Ratio = 0.437841, Pressure = 2.05389
Step 57740000 - Total Energy: -3119.45, Acceptance Ratio = 0.437843, Pressure = 2.17619
Step 57750000 - Total Energy: -3136.67, Acceptance Ratio = 0.437845, Pressure = 2.04451
Step 57760000 - Total Energy: -3134.14, Acceptance Ratio = 0.437844, Pressure = 1.97862
Step 57770000 - Total Energy: -3131.08, Acceptance Ratio = 0.437845, Pressure = 2.10102
Step 57780000 - Total Energy: -3083.41, Acceptance Ratio = 0.437846, Pressure = 2.63849
Step 57790000 - Total Energy: -3119.42, Acceptance Ratio = 0.437845, Pressure = 2.22251
Step 57800000 - Total Energy: -3128.51, Acceptance Ratio = 0.437845, Pressure = 2.18154
Step 57810000 - Total Energy: -3145.66, Acceptance Ratio = 0.437845, Pressure = 2.04152
Step 57820000 - Total Energy: -3105.26, Acceptance Ratio = 0.437844, Pressure = 2.3907
Step 57830000 - Total Energy: -3147.8, Acceptance Ratio = 0.437846, Pressure = 1.89961
Step 57840000 - Total Energy: -3129.37, Acceptance Ratio = 0.437847, Pressure = 2.09886
Step 57850000 - Total Energy: -3129.42, Acceptance Ratio = 0.437847, Pressure = 2.14177
Step 57860000 - Total Energy: -3150.01, Acceptance Ratio = 0.437848, Pressure = 1.95097
Step 57870000 - Total Energy: -3132.19, Acceptance Ratio = 0.437847, Pressure = 2.10283
Step 57880000 - Total Energy: -3129.26, Acceptance Ratio = 0.437848, Pressure = 2.09849
Step 57890000 - Total Energy: -3108.18, Acceptance Ratio = 0.437849, Pressure = 2.35848
Step 57900000 - Total Energy: -3116.33, Acceptance Ratio = 0.437849, Pressure = 2.17603
Step 57910000 - Total Energy: -3135.62, Acceptance Ratio = 0.43785, Pressure = 2.08604
Step 57920000 - Total Energy: -3143.46, Acceptance Ratio = 0.437851, Pressure = 1.94417
Step 57930000 - Total Energy: -3107.12, Acceptance Ratio = 0.43785, Pressure = 2.42085
Step 57940000 - Total Energy: -3111.98, Acceptance Ratio = 0.437851, Pressure = 2.31798
Step 57950000 - Total Energy: -3124.27, Acceptance Ratio = 0.437851, Pressure = 2.1156
Step 57960000 - Total Energy: -3133.92, Acceptance Ratio = 0.437852, Pressure = 2.11927
Step 57970000 - Total Energy: -3096.95, Acceptance Ratio = 0.437852, Pressure = 2.44207
Step 57980000 - Total Energy: -3161.69, Acceptance Ratio = 0.437854, Pressure = 1.82285
Step 57990000 - Total Energy: -3115.26, Acceptance Ratio = 0.437854, Pressure = 2.2961
Step 58000000 - Total Energy: -3133, Acceptance Ratio = 0.437853, Pressure = 2.158
Step 58010000 - Total Energy: -3151.85, Acceptance Ratio = 0.437854, Pressure = 1.95482
Step 58020000 - Total Energy: -3131.4, Acceptance Ratio = 0.437854, Pressure = 2.12947
Step 58030000 - Total Energy: -3129.27, Acceptance Ratio = 0.437854, Pressure = 2.13679
Step 58040000 - Total Energy: -3124.65, Acceptance Ratio = 0.437856, Pressure = 2.18281
Step 58050000 - Total Energy: -3131.64, Acceptance Ratio = 0.437856, Pressure = 2.14838
Step 58060000 - Total Energy: -3109.02, Acceptance Ratio = 0.437857, Pressure = 2.36996
Step 58070000 - Total Energy: -3121.63, Acceptance Ratio = 0.437859, Pressure = 2.23892
Step 58080000 - Total Energy: -3105.35, Acceptance Ratio = 0.437859, Pressure = 2.43594
Step 58090000 - Total Energy: -3095.31, Acceptance Ratio = 0.437859, Pressure = 2.43563
Step 58100000 - Total Energy: -3116.35, Acceptance Ratio = 0.437857, Pressure = 2.31408
Step 58110000 - Total Energy: -3141.55, Acceptance Ratio = 0.437857, Pressure = 2.05263
Step 58120000 - Total Energy: -3152.88, Acceptance Ratio = 0.437858, Pressure = 2.00625
Step 58130000 - Total Energy: -3148.17, Acceptance Ratio = 0.437859, Pressure = 1.92044
Step 58140000 - Total Energy: -3152.44, Acceptance Ratio = 0.437861, Pressure = 1.89333
Step 58150000 - Total Energy: -3118.03, Acceptance Ratio = 0.43786, Pressure = 2.28454
Step 58160000 - Total Energy: -3123.62, Acceptance Ratio = 0.437859, Pressure = 2.22303
Step 58170000 - Total Energy: -3117.24, Acceptance Ratio = 0.437861, Pressure = 2.23418
Step 58180000 - Total Energy: -3117.93, Acceptance Ratio = 0.437861, Pressure = 2.30338
Step 58190000 - Total Energy: -3149.38, Acceptance Ratio = 0.437861, Pressure = 1.96902
Step 58200000 - Total Energy: -3153.33, Acceptance Ratio = 0.437863, Pressure = 1.82914
Step 58210000 - Total Energy: -3116.8, Acceptance Ratio = 0.437864, Pressure = 2.29792
Step 58220000 - Total Energy: -3128.87, Acceptance Ratio = 0.437864, Pressure = 2.15953
Step 58230000 - Total Energy: -3141.77, Acceptance Ratio = 0.437866, Pressure = 2.03147
Step 58240000 - Total Energy: -3147.41, Acceptance Ratio = 0.437865, Pressure = 1.98704
Step 58250000 - Total Energy: -3173.02, Acceptance Ratio = 0.437866, Pressure = 1.64511
Step 58260000 - Total Energy: -3172.08, Acceptance Ratio = 0.437868, Pressure = 1.70353
Step 58270000 - Total Energy: -3121.92, Acceptance Ratio = 0.437869, Pressure = 2.15927
Step 58280000 - Total Energy: -3144, Acceptance Ratio = 0.437869, Pressure = 2.02442
Step 58290000 - Total Energy: -3132.55, Acceptance Ratio = 0.437867, Pressure = 2.189
Step 58300000 - Total Energy: -3096.65, Acceptance Ratio = 0.437867, Pressure = 2.46884
Step 58310000 - Total Energy: -3132.42, Acceptance Ratio = 0.437868, Pressure = 2.0836
Step 58320000 - Total Energy: -3131.54, Acceptance Ratio = 0.437868, Pressure = 2.11705
Step 58330000 - Total Energy: -3104.29, Acceptance Ratio = 0.437868, Pressure = 2.40767
Step 58340000 - Total Energy: -3127.14, Acceptance Ratio = 0.437868, Pressure = 2.08482
Step 58350000 - Total Energy: -3095.05, Acceptance Ratio = 0.437866, Pressure = 2.43909
Step 58360000 - Total Energy: -3151.49, Acceptance Ratio = 0.437867, Pressure = 1.84345
Step 58370000 - Total Energy: -3152.68, Acceptance Ratio = 0.437868, Pressure = 1.95196
Step 58380000 - Total Energy: -3121.39, Acceptance Ratio = 0.437867, Pressure = 2.17592
Step 58390000 - Total Energy: -3132.48, Acceptance Ratio = 0.437868, Pressure = 2.11304
Step 58400000 - Total Energy: -3122.05, Acceptance Ratio = 0.437869, Pressure = 2.24336
Step 58410000 - Total Energy: -3134.18, Acceptance Ratio = 0.437868, Pressure = 2.20682
Step 58420000 - Total Energy: -3120.83, Acceptance Ratio = 0.437868, Pressure = 2.26217
Step 58430000 - Total Energy: -3150.76, Acceptance Ratio = 0.437868, Pressure = 1.95005
Step 58440000 - Total Energy: -3114.82, Acceptance Ratio = 0.437867, Pressure = 2.33813
Step 58450000 - Total Energy: -3122.79, Acceptance Ratio = 0.437868, Pressure = 2.19509
Step 58460000 - Total Energy: -3114.21, Acceptance Ratio = 0.437868, Pressure = 2.34546
Step 58470000 - Total Energy: -3160.04, Acceptance Ratio = 0.437869, Pressure = 1.89721
Step 58480000 - Total Energy: -3091.86, Acceptance Ratio = 0.437868, Pressure = 2.50851
Step 58490000 - Total Energy: -3115.56, Acceptance Ratio = 0.437869, Pressure = 2.22942
Step 58500000 - Total Energy: -3141.74, Acceptance Ratio = 0.437868, Pressure = 2.04342
Step 58510000 - Total Energy: -3139.58, Acceptance Ratio = 0.437868, Pressure = 2.05736
Step 58520000 - Total Energy: -3134.11, Acceptance Ratio = 0.437868, Pressure = 2.06573
Step 58530000 - Total Energy: -3098.99, Acceptance Ratio = 0.437869, Pressure = 2.40827
Step 58540000 - Total Energy: -3137.69, Acceptance Ratio = 0.43787, Pressure = 2.11053
Step 58550000 - Total Energy: -3134.7, Acceptance Ratio = 0.437871, Pressure = 2.15285
Step 58560000 - Total Energy: -3128.6, Acceptance Ratio = 0.437871, Pressure = 2.17174
Step 58570000 - Total Energy: -3124.59, Acceptance Ratio = 0.437872, Pressure = 2.21281
Step 58580000 - Total Energy: -3132.09, Acceptance Ratio = 0.437871, Pressure = 2.1723
Step 58590000 - Total Energy: -3111.14, Acceptance Ratio = 0.437871, Pressure = 2.26383
Step 58600000 - Total Energy: -3118.49, Acceptance Ratio = 0.43787, Pressure = 2.22875
Step 58610000 - Total Energy: -3105.06, Acceptance Ratio = 0.437871, Pressure = 2.36309
Step 58620000 - Total Energy: -3098.74, Acceptance Ratio = 0.437872, Pressure = 2.48229
Step 58630000 - Total Energy: -3119.03, Acceptance Ratio = 0.437872, Pressure = 2.26504
Step 58640000 - Total Energy: -3105.17, Acceptance Ratio = 0.437872, Pressure = 2.40461
Step 58650000 - Total Energy: -3087.92, Acceptance Ratio = 0.437871, Pressure = 2.53593
Step 58660000 - Total Energy: -3134.81, Acceptance Ratio = 0.43787, Pressure = 2.10922
Step 58670000 - Total Energy: -3116.31, Acceptance Ratio = 0.437869, Pressure = 2.35594
Step 58680000 - Total Energy: -3122.81, Acceptance Ratio = 0.437869, Pressure = 2.22578
Step 58690000 - Total Energy: -3127.97, Acceptance Ratio = 0.437868, Pressure = 2.16351
Step 58700000 - Total Energy: -3127.61, Acceptance Ratio = 0.437868, Pressure = 2.14379
Step 58710000 - Total Energy: -3109.28, Acceptance Ratio = 0.437868, Pressure = 2.38018
Step 58720000 - Total Energy: -3097.23, Acceptance Ratio = 0.437868, Pressure = 2.45717
Step 58730000 - Total Energy: -3138.12, Acceptance Ratio = 0.437869, Pressure = 2.11583
Step 58740000 - Total Energy: -3106.61, Acceptance Ratio = 0.437869, Pressure = 2.38973
Step 58750000 - Total Energy: -3122.71, Acceptance Ratio = 0.437868, Pressure = 2.27343
Step 58760000 - Total Energy: -3077.87, Acceptance Ratio = 0.437868, Pressure = 2.74382
Step 58770000 - Total Energy: -3117.69, Acceptance Ratio = 0.437867, Pressure = 2.3335
Step 58780000 - Total Energy: -3099.33, Acceptance Ratio = 0.437867, Pressure = 2.45818
Step 58790000 - Total Energy: -3115.02, Acceptance Ratio = 0.437868, Pressure = 2.34048
Step 58800000 - Total Energy: -3103.83, Acceptance Ratio = 0.437869, Pressure = 2.46182
Step 58810000 - Total Energy: -3156.63, Acceptance Ratio = 0.437869, Pressure = 1.85505
Step 58820000 - Total Energy: -3134.59, Acceptance Ratio = 0.43787, Pressure = 2.13344
Step 58830000 - Total Energy: -3132.5, Acceptance Ratio = 0.437869, Pressure = 2.10234
Step 58840000 - Total Energy: -3132.68, Acceptance Ratio = 0.437868, Pressure = 2.07112
Step 58850000 - Total Energy: -3154.25, Acceptance Ratio = 0.437869, Pressure = 1.93014
Step 58860000 - Total Energy: -3116.49, Acceptance Ratio = 0.43787, Pressure = 2.30166
Step 58870000 - Total Energy: -3156.61, Acceptance Ratio = 0.437871, Pressure = 1.9374
Step 58880000 - Total Energy: -3124.87, Acceptance Ratio = 0.437871, Pressure = 2.25388
Step 58890000 - Total Energy: -3128.5, Acceptance Ratio = 0.437873, Pressure = 2.23311
Step 58900000 - Total Energy: -3112.72, Acceptance Ratio = 0.437873, Pressure = 2.30395
Step 58910000 - Total Energy: -3135.03, Acceptance Ratio = 0.437873, Pressure = 2.02622
Step 58920000 - Total Energy: -3130.93, Acceptance Ratio = 0.437873, Pressure = 2.05431
Step 58930000 - Total Energy: -3112.75, Acceptance Ratio = 0.437873, Pressure = 2.29342
Step 58940000 - Total Energy: -3145.92, Acceptance Ratio = 0.437874, Pressure = 1.98266
Step 58950000 - Total Energy: -3140.74, Acceptance Ratio = 0.437875, Pressure = 2.06368
Step 58960000 - Total Energy: -3168.17, Acceptance Ratio = 0.437874, Pressure = 1.79478
Step 58970000 - Total Energy: -3145.67, Acceptance Ratio = 0.437873, Pressure = 1.94828
Step 58980000 - Total Energy: -3161.25, Acceptance Ratio = 0.437873, Pressure = 1.8295
Step 58990000 - Total Energy: -3119.98, Acceptance Ratio = 0.437873, Pressure = 2.2448
Step 59000000 - Total Energy: -3123.23, Acceptance Ratio = 0.437873, Pressure = 2.23325
Step 59010000 - Total Energy: -3127.72, Acceptance Ratio = 0.437872, Pressure = 2.1907
Step 59020000 - Total Energy: -3122.11, Acceptance Ratio = 0.437871, Pressure = 2.28245
Step 59030000 - Total Energy: -3113.92, Acceptance Ratio = 0.437872, Pressure = 2.33603
Step 59040000 - Total Energy: -3118.1, Acceptance Ratio = 0.437873, Pressure = 2.24592
Step 59050000 - Total Energy: -3150.29, Acceptance Ratio = 0.437873, Pressure = 1.84868
Step 59060000 - Total Energy: -3139.29, Acceptance Ratio = 0.437873, Pressure = 2.04076
Step 59070000 - Total Energy: -3134.69, Acceptance Ratio = 0.437872, Pressure = 2.06342
Step 59080000 - Total Energy: -3105.6, Acceptance Ratio = 0.437872, Pressure = 2.37694
Step 59090000 - Total Energy: -3118.51, Acceptance Ratio = 0.437873, Pressure = 2.26163
Step 59100000 - Total Energy: -3126.9, Acceptance Ratio = 0.437873, Pressure = 2.16367
Step 59110000 - Total Energy: -3098.84, Acceptance Ratio = 0.437874, Pressure = 2.41589
Step 59120000 - Total Energy: -3088.41, Acceptance Ratio = 0.437874, Pressure = 2.55867
Step 59130000 - Total Energy: -3118.82, Acceptance Ratio = 0.437871, Pressure = 2.31082
Step 59140000 - Total Energy: -3130.68, Acceptance Ratio = 0.437872, Pressure = 2.17574
Step 59150000 - Total Energy: -3121.96, Acceptance Ratio = 0.437871, Pressure = 2.15814
Step 59160000 - Total Energy: -3115.65, Acceptance Ratio = 0.43787, Pressure = 2.26479
Step 59170000 - Total Energy: -3120.5, Acceptance Ratio = 0.437869, Pressure = 2.30723
Step 59180000 - Total Energy: -3096.42, Acceptance Ratio = 0.43787, Pressure = 2.46622
Step 59190000 - Total Energy: -3103.24, Acceptance Ratio = 0.43787, Pressure = 2.37347
Step 59200000 - Total Energy: -3101.89, Acceptance Ratio = 0.437869, Pressure = 2.36171
Step 59210000 - Total Energy: -3103.79, Acceptance Ratio = 0.437869, Pressure = 2.39067
Step 59220000 - Total Energy: -3117.66, Acceptance Ratio = 0.437869, Pressure = 2.2003
Step 59230000 - Total Energy: -3141.98, Acceptance Ratio = 0.437867, Pressure = 1.97343
Step 59240000 - Total Energy: -3101.63, Acceptance Ratio = 0.437868, Pressure = 2.33144
Step 59250000 - Total Energy: -3116.76, Acceptance Ratio = 0.437869, Pressure = 2.18381
Step 59260000 - Total Energy: -3128.5, Acceptance Ratio = 0.437868, Pressure = 2.11786
Step 59270000 - Total Energy: -3107.17, Acceptance Ratio = 0.437868, Pressure = 2.32102
Step 59280000 - Total Energy: -3074.6, Acceptance Ratio = 0.437869, Pressure = 2.65298
Step 59290000 - Total Energy: -3111.63, Acceptance Ratio = 0.437869, Pressure = 2.28761
Step 59300000 - Total Energy: -3099.27, Acceptance Ratio = 0.437872, Pressure = 2.41784
Step 59310000 - Total Energy: -3134.51, Acceptance Ratio = 0.437871, Pressure = 2.07578
Step 59320000 - Total Energy: -3117.5, Acceptance Ratio = 0.437872, Pressure = 2.23241
Step 59330000 - Total Energy: -3109.6, Acceptance Ratio = 0.437871, Pressure = 2.38498
Step 59340000 - Total Energy: -3114.31, Acceptance Ratio = 0.43787, Pressure = 2.28788
Step 59350000 - Total Energy: -3106.7, Acceptance Ratio = 0.437869, Pressure = 2.40229
Step 59360000 - Total Energy: -3092.14, Acceptance Ratio = 0.437869, Pressure = 2.57417
Step 59370000 - Total Energy: -3126.17, Acceptance Ratio = 0.43787, Pressure = 2.1262
Step 59380000 - Total Energy: -3121.87, Acceptance Ratio = 0.437872, Pressure = 2.21845
Step 59390000 - Total Energy: -3143.19, Acceptance Ratio = 0.437872, Pressure = 1.92515
Step 59400000 - Total Energy: -3099.58, Acceptance Ratio = 0.437873, Pressure = 2.33551
Step 59410000 - Total Energy: -3123.58, Acceptance Ratio = 0.437874, Pressure = 2.15482
Step 59420000 - Total Energy: -3119.49, Acceptance Ratio = 0.437875, Pressure = 2.11848
Step 59430000 - Total Energy: -3152.97, Acceptance Ratio = 0.437876, Pressure = 1.8643
Step 59440000 - Total Energy: -3118.87, Acceptance Ratio = 0.437875, Pressure = 2.2233
Step 59450000 - Total Energy: -3122.52, Acceptance Ratio = 0.437874, Pressure = 2.20009
Step 59460000 - Total Energy: -3103.48, Acceptance Ratio = 0.437876, Pressure = 2.46156
Step 59470000 - Total Energy: -3128.92, Acceptance Ratio = 0.437875, Pressure = 2.15728
Step 59480000 - Total Energy: -3135.3, Acceptance Ratio = 0.437877, Pressure = 2.04983
Step 59490000 - Total Energy: -3111.81, Acceptance Ratio = 0.437876, Pressure = 2.34737
Step 59500000 - Total Energy: -3127.62, Acceptance Ratio = 0.437875, Pressure = 2.18738
Step 59510000 - Total Energy: -3104.07, Acceptance Ratio = 0.437874, Pressure = 2.44544
Step 59520000 - Total Energy: -3094.81, Acceptance Ratio = 0.437872, Pressure = 2.50703
Step 59530000 - Total Energy: -3134.01, Acceptance Ratio = 0.437872, Pressure = 2.11088
Step 59540000 - Total Energy: -3127.62, Acceptance Ratio = 0.437872, Pressure = 2.2186
Step 59550000 - Total Energy: -3131.79, Acceptance Ratio = 0.437871, Pressure = 2.15123
Step 59560000 - Total Energy: -3120.53, Acceptance Ratio = 0.43787, Pressure = 2.23286
Step 59570000 - Total Energy: -3074.88, Acceptance Ratio = 0.437868, Pressure = 2.61972
Step 59580000 - Total Energy: -3078.59, Acceptance Ratio = 0.437866, Pressure = 2.62505
Step 59590000 - Total Energy: -3134.58, Acceptance Ratio = 0.437866, Pressure = 2.09248
Step 59600000 - Total Energy: -3117.57, Acceptance Ratio = 0.437866, Pressure = 2.25913
Step 59610000 - Total Energy: -3104.12, Acceptance Ratio = 0.437865, Pressure = 2.43341
Step 59620000 - Total Energy: -3116.38, Acceptance Ratio = 0.437865, Pressure = 2.28164
Step 59630000 - Total Energy: -3097.01, Acceptance Ratio = 0.437864, Pressure = 2.44968
Step 59640000 - Total Energy: -3112.28, Acceptance Ratio = 0.437863, Pressure = 2.25662
Step 59650000 - Total Energy: -3094.25, Acceptance Ratio = 0.437861, Pressure = 2.51192
Step 59660000 - Total Energy: -3109.8, Acceptance Ratio = 0.437861, Pressure = 2.40643
Step 59670000 - Total Energy: -3141.7, Acceptance Ratio = 0.437861, Pressure = 2.01091
Step 59680000 - Total Energy: -3102.79, Acceptance Ratio = 0.43786, Pressure = 2.4444
Step 59690000 - Total Energy: -3108.06, Acceptance Ratio = 0.437858, Pressure = 2.3538
Step 59700000 - Total Energy: -3131.17, Acceptance Ratio = 0.43786, Pressure = 2.1663
Step 59710000 - Total Energy: -3117.91, Acceptance Ratio = 0.437861, Pressure = 2.27742
Step 59720000 - Total Energy: -3115.64, Acceptance Ratio = 0.43786, Pressure = 2.24884
Step 59730000 - Total Energy: -3107.68, Acceptance Ratio = 0.43786, Pressure = 2.35641
Step 59740000 - Total Energy: -3069.1, Acceptance Ratio = 0.43786, Pressure = 2.7575
Step 59750000 - Total Energy: -3116.32, Acceptance Ratio = 0.437861, Pressure = 2.32575
Step 59760000 - Total Energy: -3115.89, Acceptance Ratio = 0.43786, Pressure = 2.33326
Step 59770000 - Total Energy: -3109.08, Acceptance Ratio = 0.43786, Pressure = 2.35995
Step 59780000 - Total Energy: -3148.08, Acceptance Ratio = 0.437861, Pressure = 2.05034
Step 59790000 - Total Energy: -3077.92, Acceptance Ratio = 0.43786, Pressure = 2.6451
Step 59800000 - Total Energy: -3135.18, Acceptance Ratio = 0.437859, Pressure = 2.08604
Step 59810000 - Total Energy: -3146.87, Acceptance Ratio = 0.43786, Pressure = 1.99433
Step 59820000 - Total Energy: -3132.94, Acceptance Ratio = 0.43786, Pressure = 2.14506
Step 59830000 - Total Energy: -3132.67, Acceptance Ratio = 0.437861, Pressure = 2.06933
Step 59840000 - Total Energy: -3132.52, Acceptance Ratio = 0.437861, Pressure = 2.14939
Step 59850000 - Total Energy: -3074.56, Acceptance Ratio = 0.437861, Pressure = 2.61907
Step 59860000 - Total Energy: -3120.85, Acceptance Ratio = 0.43786, Pressure = 2.14504
Step 59870000 - Total Energy: -3111.05, Acceptance Ratio = 0.437861, Pressure = 2.30827
Step 59880000 - Total Energy: -3100.35, Acceptance Ratio = 0.43786, Pressure = 2.40933
Step 59890000 - Total Energy: -3124.04, Acceptance Ratio = 0.43786, Pressure = 2.18091
Step 59900000 - Total Energy: -3106.75, Acceptance Ratio = 0.437861, Pressure = 2.36532
Step 59910000 - Total Energy: -3114.43, Acceptance Ratio = 0.437861, Pressure = 2.24968
Step 59920000 - Total Energy: -3127.15, Acceptance Ratio = 0.437859, Pressure = 2.12259
Step 59930000 - Total Energy: -3135.22, Acceptance Ratio = 0.43786, Pressure = 2.07686
Step 59940000 - Total Energy: -3116.56, Acceptance Ratio = 0.43786, Pressure = 2.29004
Step 59950000 - Total Energy: -3083.63, Acceptance Ratio = 0.437859, Pressure = 2.65785
Step 59960000 - Total Energy: -3087.87, Acceptance Ratio = 0.437858, Pressure = 2.58086
Step 59970000 - Total Energy: -3138.93, Acceptance Ratio = 0.437858, Pressure = 2.09076
Step 59980000 - Total Energy: -3136.62, Acceptance Ratio = 0.437858, Pressure = 2.03756
Step 59990000 - Total Energy: -3115.48, Acceptance Ratio = 0.437859, Pressure = 2.25196
Step 60000000 - Total Energy: -3121.16, Acceptance Ratio = 0.437858, Pressure = 2.14354
Step 60010000 - Total Energy: -3127.78, Acceptance Ratio = 0.437859, Pressure = 2.06804
Step 60020000 - Total Energy: -3132.73, Acceptance Ratio = 0.43786, Pressure = 2.09679
Step 60030000 - Total Energy: -3111.91, Acceptance Ratio = 0.437861, Pressure = 2.26533
Step 60040000 - Total Energy: -3122.62, Acceptance Ratio = 0.437862, Pressure = 2.15872
Step 60050000 - Total Energy: -3146.28, Acceptance Ratio = 0.437862, Pressure = 1.93956
Step 60060000 - Total Energy: -3099.12, Acceptance Ratio = 0.437862, Pressure = 2.45244
Step 60070000 - Total Energy: -3132.67, Acceptance Ratio = 0.437863, Pressure = 2.11423
Step 60080000 - Total Energy: -3093.21, Acceptance Ratio = 0.437861, Pressure = 2.48252
Step 60090000 - Total Energy: -3103.07, Acceptance Ratio = 0.43786, Pressure = 2.39684
Step 60100000 - Total Energy: -3126.22, Acceptance Ratio = 0.43786, Pressure = 2.18056
Step 60110000 - Total Energy: -3123.26, Acceptance Ratio = 0.43786, Pressure = 2.24939
Step 60120000 - Total Energy: -3144.5, Acceptance Ratio = 0.43786, Pressure = 2.02777
Step 60130000 - Total Energy: -3150.5, Acceptance Ratio = 0.43786, Pressure = 2.01116
Step 60140000 - Total Energy: -3099.17, Acceptance Ratio = 0.437861, Pressure = 2.46079
Step 60150000 - Total Energy: -3112.63, Acceptance Ratio = 0.437861, Pressure = 2.37355
Step 60160000 - Total Energy: -3139.6, Acceptance Ratio = 0.437861, Pressure = 2.05279
Step 60170000 - Total Energy: -3141.9, Acceptance Ratio = 0.43786, Pressure = 1.98641
Step 60180000 - Total Energy: -3150.37, Acceptance Ratio = 0.437861, Pressure = 1.85218
Step 60190000 - Total Energy: -3105.99, Acceptance Ratio = 0.437862, Pressure = 2.3158
Step 60200000 - Total Energy: -3112.23, Acceptance Ratio = 0.437863, Pressure = 2.28828
Step 60210000 - Total Energy: -3118.73, Acceptance Ratio = 0.437863, Pressure = 2.28786
Step 60220000 - Total Energy: -3123.74, Acceptance Ratio = 0.437864, Pressure = 2.1531
Step 60230000 - Total Energy: -3103.06, Acceptance Ratio = 0.437863, Pressure = 2.4487
Step 60240000 - Total Energy: -3142.31, Acceptance Ratio = 0.437864, Pressure = 1.96787
Step 60250000 - Total Energy: -3139.65, Acceptance Ratio = 0.437864, Pressure = 2.08562
Step 60260000 - Total Energy: -3140.77, Acceptance Ratio = 0.437864, Pressure = 1.97381
Step 60270000 - Total Energy: -3133.06, Acceptance Ratio = 0.437864, Pressure = 2.11376
Step 60280000 - Total Energy: -3132.54, Acceptance Ratio = 0.437864, Pressure = 2.05468
Step 60290000 - Total Energy: -3123.13, Acceptance Ratio = 0.437863, Pressure = 2.15624
Step 60300000 - Total Energy: -3133.8, Acceptance Ratio = 0.437863, Pressure = 2.07271
Step 60310000 - Total Energy: -3107.46, Acceptance Ratio = 0.437863, Pressure = 2.36906
Step 60320000 - Total Energy: -3123.93, Acceptance Ratio = 0.437863, Pressure = 2.2166
Step 60330000 - Total Energy: -3109.17, Acceptance Ratio = 0.437862, Pressure = 2.32062
Step 60340000 - Total Energy: -3112.56, Acceptance Ratio = 0.437861, Pressure = 2.28971
Step 60350000 - Total Energy: -3110.7, Acceptance Ratio = 0.437861, Pressure = 2.33438
Step 60360000 - Total Energy: -3122.53, Acceptance Ratio = 0.43786, Pressure = 2.23791
Step 60370000 - Total Energy: -3134.93, Acceptance Ratio = 0.437862, Pressure = 2.15517
Step 60380000 - Total Energy: -3129.59, Acceptance Ratio = 0.437862, Pressure = 2.1728
Step 60390000 - Total Energy: -3137.05, Acceptance Ratio = 0.437862, Pressure = 2.13853
Step 60400000 - Total Energy: -3142.37, Acceptance Ratio = 0.437862, Pressure = 2.03318
Step 60410000 - Total Energy: -3098.74, Acceptance Ratio = 0.437862, Pressure = 2.49305
Step 60420000 - Total Energy: -3123.74, Acceptance Ratio = 0.437862, Pressure = 2.15144
Step 60430000 - Total Energy: -3125.33, Acceptance Ratio = 0.437862, Pressure = 2.15714
Step 60440000 - Total Energy: -3115.63, Acceptance Ratio = 0.437862, Pressure = 2.24713
Step 60450000 - Total Energy: -3130.58, Acceptance Ratio = 0.437862, Pressure = 2.15193
Step 60460000 - Total Energy: -3105.94, Acceptance Ratio = 0.437862, Pressure = 2.3841
Step 60470000 - Total Energy: -3158.03, Acceptance Ratio = 0.437862, Pressure = 1.89708
Step 60480000 - Total Energy: -3122.74, Acceptance Ratio = 0.437862, Pressure = 2.18331
Step 60490000 - Total Energy: -3147.2, Acceptance Ratio = 0.437863, Pressure = 1.99313
Step 60500000 - Total Energy: -3129.62, Acceptance Ratio = 0.437862, Pressure = 2.17573
Step 60510000 - Total Energy: -3179.86, Acceptance Ratio = 0.437862, Pressure = 1.61377
Step 60520000 - Total Energy: -3134.04, Acceptance Ratio = 0.437863, Pressure = 2.08036
Step 60530000 - Total Energy: -3130.37, Acceptance Ratio = 0.437863, Pressure = 2.17933
Step 60540000 - Total Energy: -3109.34, Acceptance Ratio = 0.437863, Pressure = 2.33162
Step 60550000 - Total Energy: -3102.33, Acceptance Ratio = 0.437863, Pressure = 2.40185
Step 60560000 - Total Energy: -3090.3, Acceptance Ratio = 0.437863, Pressure = 2.53216
Step 60570000 - Total Energy: -3167.74, Acceptance Ratio = 0.437864, Pressure = 1.75585
Step 60580000 - Total Energy: -3150.79, Acceptance Ratio = 0.437865, Pressure = 1.92224
Step 60590000 - Total Energy: -3127.75, Acceptance Ratio = 0.437865, Pressure = 2.15844
Step 60600000 - Total Energy: -3114.11, Acceptance Ratio = 0.437866, Pressure = 2.29567
Step 60610000 - Total Energy: -3132, Acceptance Ratio = 0.437867, Pressure = 2.08766
Step 60620000 - Total Energy: -3127.94, Acceptance Ratio = 0.437867, Pressure = 2.2083
Step 60630000 - Total Energy: -3140.89, Acceptance Ratio = 0.437866, Pressure = 2.022
Step 60640000 - Total Energy: -3135.15, Acceptance Ratio = 0.437865, Pressure = 2.09583
Step 60650000 - Total Energy: -3149.24, Acceptance Ratio = 0.437865, Pressure = 1.89606
Step 60660000 - Total Energy: -3152.57, Acceptance Ratio = 0.437865, Pressure = 1.97216
Step 60670000 - Total Energy: -3126.09, Acceptance Ratio = 0.437866, Pressure = 2.23549
Step 60680000 - Total Energy: -3140.42, Acceptance Ratio = 0.437867, Pressure = 2.00295
Step 60690000 - Total Energy: -3171.62, Acceptance Ratio = 0.437867, Pressure = 1.7457
Step 60700000 - Total Energy: -3147.12, Acceptance Ratio = 0.437869, Pressure = 1.96438
Step 60710000 - Total Energy: -3149.44, Acceptance Ratio = 0.437868, Pressure = 1.90644
Step 60720000 - Total Energy: -3108.95, Acceptance Ratio = 0.437869, Pressure = 2.36424
Step 60730000 - Total Energy: -3131.66, Acceptance Ratio = 0.43787, Pressure = 2.12368
Step 60740000 - Total Energy: -3132.11, Acceptance Ratio = 0.437869, Pressure = 2.12766
Step 60750000 - Total Energy: -3127.55, Acceptance Ratio = 0.437869, Pressure = 2.12989
Step 60760000 - Total Energy: -3141.46, Acceptance Ratio = 0.437869, Pressure = 2.0555
Step 60770000 - Total Energy: -3139.71, Acceptance Ratio = 0.437869, Pressure = 2.12903
Step 60780000 - Total Energy: -3139.42, Acceptance Ratio = 0.43787, Pressure = 2.05805
Step 60790000 - Total Energy: -3123.63, Acceptance Ratio = 0.43787, Pressure = 2.27943
Step 60800000 - Total Energy: -3145.54, Acceptance Ratio = 0.437869, Pressure = 2.08393
Step 60810000 - Total Energy: -3132.42, Acceptance Ratio = 0.437871, Pressure = 2.10529
Step 60820000 - Total Energy: -3137.65, Acceptance Ratio = 0.437872, Pressure = 2.09855
Step 60830000 - Total Energy: -3115.98, Acceptance Ratio = 0.437872, Pressure = 2.29961
Step 60840000 - Total Energy: -3118.14, Acceptance Ratio = 0.437872, Pressure = 2.28038
Step 60850000 - Total Energy: -3079.93, Acceptance Ratio = 0.437872, Pressure = 2.64704
Step 60860000 - Total Energy: -3061.79, Acceptance Ratio = 0.43787, Pressure = 2.84797
Step 60870000 - Total Energy: -3096.13, Acceptance Ratio = 0.437871, Pressure = 2.51619
Step 60880000 - Total Energy: -3087.03, Acceptance Ratio = 0.43787, Pressure = 2.6499
Step 60890000 - Total Energy: -3128.43, Acceptance Ratio = 0.43787, Pressure = 2.13484
Step 60900000 - Total Energy: -3105.82, Acceptance Ratio = 0.43787, Pressure = 2.34546
Step 60910000 - Total Energy: -3116.78, Acceptance Ratio = 0.437872, Pressure = 2.25989
Step 60920000 - Total Energy: -3090.28, Acceptance Ratio = 0.437871, Pressure = 2.47481
Step 60930000 - Total Energy: -3130.52, Acceptance Ratio = 0.437872, Pressure = 2.06098
Step 60940000 - Total Energy: -3128.48, Acceptance Ratio = 0.437873, Pressure = 2.14555
Step 60950000 - Total Energy: -3110.8, Acceptance Ratio = 0.437873, Pressure = 2.31703
Step 60960000 - Total Energy: -3112.09, Acceptance Ratio = 0.437873, Pressure = 2.27107
Step 60970000 - Total Energy: -3140.29, Acceptance Ratio = 0.437873, Pressure = 2.04726
Step 60980000 - Total Energy: -3094.49, Acceptance Ratio = 0.437873, Pressure = 2.46226
Step 60990000 - Total Energy: -3121.78, Acceptance Ratio = 0.437874, Pressure = 2.14961
Step 61000000 - Total Energy: -3123.53, Acceptance Ratio = 0.437875, Pressure = 2.18904
Step 61010000 - Total Energy: -3108.98, Acceptance Ratio = 0.437875, Pressure = 2.34347
Step 61020000 - Total Energy: -3154.5, Acceptance Ratio = 0.437875, Pressure = 1.88858
Step 61030000 - Total Energy: -3128.37, Acceptance Ratio = 0.437877, Pressure = 2.18386
Step 61040000 - Total Energy: -3105.24, Acceptance Ratio = 0.437877, Pressure = 2.36321
Step 61050000 - Total Energy: -3135.79, Acceptance Ratio = 0.437876, Pressure = 2.09812
Step 61060000 - Total Energy: -3109.08, Acceptance Ratio = 0.437875, Pressure = 2.27176
Step 61070000 - Total Energy: -3108.18, Acceptance Ratio = 0.437875, Pressure = 2.34792
Step 61080000 - Total Energy: -3126.5, Acceptance Ratio = 0.437876, Pressure = 2.18241
Step 61090000 - Total Energy: -3116.62, Acceptance Ratio = 0.437876, Pressure = 2.30152
Step 61100000 - Total Energy: -3108.37, Acceptance Ratio = 0.437874, Pressure = 2.35753
Step 61110000 - Total Energy: -3134.16, Acceptance Ratio = 0.437874, Pressure = 2.18435
Step 61120000 - Total Energy: -3121.02, Acceptance Ratio = 0.437874, Pressure = 2.25671
Step 61130000 - Total Energy: -3091.72, Acceptance Ratio = 0.437872, Pressure = 2.47891
Step 61140000 - Total Energy: -3090.25, Acceptance Ratio = 0.437872, Pressure = 2.52144
Step 61150000 - Total Energy: -3093.56, Acceptance Ratio = 0.437873, Pressure = 2.48835
Step 61160000 - Total Energy: -3080.44, Acceptance Ratio = 0.437872, Pressure = 2.56571
Step 61170000 - Total Energy: -3112.49, Acceptance Ratio = 0.437873, Pressure = 2.29988
Step 61180000 - Total Energy: -3138.4, Acceptance Ratio = 0.437873, Pressure = 2.12329
Step 61190000 - Total Energy: -3121.8, Acceptance Ratio = 0.437872, Pressure = 2.27239
Step 61200000 - Total Energy: -3117.53, Acceptance Ratio = 0.437873, Pressure = 2.25558
Step 61210000 - Total Energy: -3073.14, Acceptance Ratio = 0.437871, Pressure = 2.686
Step 61220000 - Total Energy: -3138.03, Acceptance Ratio = 0.437871, Pressure = 2.10793
Step 61230000 - Total Energy: -3111.72, Acceptance Ratio = 0.43787, Pressure = 2.3705
Step 61240000 - Total Energy: -3140.2, Acceptance Ratio = 0.437869, Pressure = 2.10727
Step 61250000 - Total Energy: -3134.18, Acceptance Ratio = 0.437869, Pressure = 2.17005
Step 61260000 - Total Energy: -3099.84, Acceptance Ratio = 0.437869, Pressure = 2.48334
Step 61270000 - Total Energy: -3089.86, Acceptance Ratio = 0.43787, Pressure = 2.55658
Step 61280000 - Total Energy: -3073.73, Acceptance Ratio = 0.43787, Pressure = 2.73058
Step 61290000 - Total Energy: -3093.1, Acceptance Ratio = 0.437869, Pressure = 2.53542
Step 61300000 - Total Energy: -3094.23, Acceptance Ratio = 0.437869, Pressure = 2.52242
Step 61310000 - Total Energy: -3112.73, Acceptance Ratio = 0.437868, Pressure = 2.2887
Step 61320000 - Total Energy: -3135.55, Acceptance Ratio = 0.437868, Pressure = 2.07193
Step 61330000 - Total Energy: -3108.04, Acceptance Ratio = 0.437868, Pressure = 2.35014
Step 61340000 - Total Energy: -3107.13, Acceptance Ratio = 0.437866, Pressure = 2.3997
Step 61350000 - Total Energy: -3087.38, Acceptance Ratio = 0.437865, Pressure = 2.61811
Step 61360000 - Total Energy: -3120.98, Acceptance Ratio = 0.437864, Pressure = 2.24015
Step 61370000 - Total Energy: -3108.96, Acceptance Ratio = 0.437864, Pressure = 2.31866
Step 61380000 - Total Energy: -3134.63, Acceptance Ratio = 0.437864, Pressure = 2.13762
Step 61390000 - Total Energy: -3102.29, Acceptance Ratio = 0.437864, Pressure = 2.47025
Step 61400000 - Total Energy: -3148.92, Acceptance Ratio = 0.437864, Pressure = 1.97508
Step 61410000 - Total Energy: -3129.27, Acceptance Ratio = 0.437866, Pressure = 2.17224
Step 61420000 - Total Energy: -3141.18, Acceptance Ratio = 0.437865, Pressure = 2.0016
Step 61430000 - Total Energy: -3130.31, Acceptance Ratio = 0.437866, Pressure = 2.13349
Step 61440000 - Total Energy: -3102.42, Acceptance Ratio = 0.437866, Pressure = 2.40336
Step 61450000 - Total Energy: -3121.5, Acceptance Ratio = 0.437865, Pressure = 2.19508
Step 61460000 - Total Energy: -3097.31, Acceptance Ratio = 0.437864, Pressure = 2.37713
Step 61470000 - Total Energy: -3104.95, Acceptance Ratio = 0.437865, Pressure = 2.36473
Step 61480000 - Total Energy: -3105.09, Acceptance Ratio = 0.437865, Pressure = 2.33762
Step 61490000 - Total Energy: -3119.38, Acceptance Ratio = 0.437865, Pressure = 2.21361
Step 61500000 - Total Energy: -3105.22, Acceptance Ratio = 0.437865, Pressure = 2.45999
Step 61510000 - Total Energy: -3123.33, Acceptance Ratio = 0.437865, Pressure = 2.19856
Step 61520000 - Total Energy: -3167.09, Acceptance Ratio = 0.437865, Pressure = 1.78445
Step 61530000 - Total Energy: -3129.84, Acceptance Ratio = 0.437865, Pressure = 2.17248
Step 61540000 - Total Energy: -3120.4, Acceptance Ratio = 0.437864, Pressure = 2.23945
Step 61550000 - Total Energy: -3121.59, Acceptance Ratio = 0.437865, Pressure = 2.33191
Step 61560000 - Total Energy: -3127.62, Acceptance Ratio = 0.437866, Pressure = 2.17765
Step 61570000 - Total Energy: -3150.77, Acceptance Ratio = 0.437867, Pressure = 2
Step 61580000 - Total Energy: -3137.17, Acceptance Ratio = 0.437867, Pressure = 2.08215
Step 61590000 - Total Energy: -3114.66, Acceptance Ratio = 0.437867, Pressure = 2.35783
Step 61600000 - Total Energy: -3125.48, Acceptance Ratio = 0.437867, Pressure = 2.26362
Step 61610000 - Total Energy: -3112.41, Acceptance Ratio = 0.437867, Pressure = 2.30797
Step 61620000 - Total Energy: -3150.68, Acceptance Ratio = 0.437867, Pressure = 1.89596
Step 61630000 - Total Energy: -3098.75, Acceptance Ratio = 0.437867, Pressure = 2.47117
Step 61640000 - Total Energy: -3146.12, Acceptance Ratio = 0.437867, Pressure = 1.95781
Step 61650000 - Total Energy: -3132.04, Acceptance Ratio = 0.437868, Pressure = 2.07597
Step 61660000 - Total Energy: -3107.39, Acceptance Ratio = 0.437869, Pressure = 2.31948
Step 61670000 - Total Energy: -3103.87, Acceptance Ratio = 0.43787, Pressure = 2.38372
Step 61680000 - Total Energy: -3133.44, Acceptance Ratio = 0.437871, Pressure = 2.06926
Step 61690000 - Total Energy: -3155.8, Acceptance Ratio = 0.437872, Pressure = 1.8899
Step 61700000 - Total Energy: -3174.37, Acceptance Ratio = 0.437873, Pressure = 1.67962
Step 61710000 - Total Energy: -3159.46, Acceptance Ratio = 0.437876, Pressure = 1.8501
Step 61720000 - Total Energy: -3186.41, Acceptance Ratio = 0.437878, Pressure = 1.55169
Step 61730000 - Total Energy: -3108.69, Acceptance Ratio = 0.437879, Pressure = 2.38157
Step 61740000 - Total Energy: -3143.37, Acceptance Ratio = 0.437879, Pressure = 2.06592
Step 61750000 - Total Energy: -3148.71, Acceptance Ratio = 0.43788, Pressure = 2.0416
Step 61760000 - Total Energy: -3131.45, Acceptance Ratio = 0.437882, Pressure = 2.17981
Step 61770000 - Total Energy: -3158.48, Acceptance Ratio = 0.437882, Pressure = 1.89861
Step 61780000 - Total Energy: -3149.69, Acceptance Ratio = 0.437882, Pressure = 1.99193
Step 61790000 - Total Energy: -3160.35, Acceptance Ratio = 0.437882, Pressure = 1.87428
Step 61800000 - Total Energy: -3123.3, Acceptance Ratio = 0.437883, Pressure = 2.19158
Step 61810000 - Total Energy: -3104.27, Acceptance Ratio = 0.437883, Pressure = 2.5208
Step 61820000 - Total Energy: -3115.89, Acceptance Ratio = 0.437883, Pressure = 2.32146
Step 61830000 - Total Energy: -3107.29, Acceptance Ratio = 0.437882, Pressure = 2.43478
Step 61840000 - Total Energy: -3153.3, Acceptance Ratio = 0.437883, Pressure = 1.92988
Step 61850000 - Total Energy: -3119.88, Acceptance Ratio = 0.437882, Pressure = 2.32095
Step 61860000 - Total Energy: -3106.47, Acceptance Ratio = 0.437883, Pressure = 2.41684
Step 61870000 - Total Energy: -3108.32, Acceptance Ratio = 0.437883, Pressure = 2.39761
Step 61880000 - Total Energy: -3149.34, Acceptance Ratio = 0.437883, Pressure = 2.00405
Step 61890000 - Total Energy: -3124.75, Acceptance Ratio = 0.437883, Pressure = 2.24565
Step 61900000 - Total Energy: -3153.47, Acceptance Ratio = 0.437884, Pressure = 1.94758
Step 61910000 - Total Energy: -3150.97, Acceptance Ratio = 0.437885, Pressure = 1.96517
Step 61920000 - Total Energy: -3152.41, Acceptance Ratio = 0.437885, Pressure = 1.9078
Step 61930000 - Total Energy: -3158.03, Acceptance Ratio = 0.437888, Pressure = 1.83015
Step 61940000 - Total Energy: -3160.79, Acceptance Ratio = 0.43789, Pressure = 1.81125
Step 61950000 - Total Energy: -3168.4, Acceptance Ratio = 0.437892, Pressure = 1.77328
Step 61960000 - Total Energy: -3149.56, Acceptance Ratio = 0.437894, Pressure = 1.98449
Step 61970000 - Total Energy: -3132.56, Acceptance Ratio = 0.437895, Pressure = 2.15433
Step 61980000 - Total Energy: -3131.2, Acceptance Ratio = 0.437896, Pressure = 2.17515
Step 61990000 - Total Energy: -3123.74, Acceptance Ratio = 0.437896, Pressure = 2.18939
Step 62000000 - Total Energy: -3147.43, Acceptance Ratio = 0.437896, Pressure = 1.95473
Step 62010000 - Total Energy: -3105.65, Acceptance Ratio = 0.437895, Pressure = 2.40568
Step 62020000 - Total Energy: -3162.57, Acceptance Ratio = 0.437895, Pressure = 1.84314
Step 62030000 - Total Energy: -3129.3, Acceptance Ratio = 0.437896, Pressure = 2.16188
Step 62040000 - Total Energy: -3155.65, Acceptance Ratio = 0.437896, Pressure = 1.91506
Step 62050000 - Total Energy: -3116.06, Acceptance Ratio = 0.437896, Pressure = 2.33709
Step 62060000 - Total Energy: -3128.71, Acceptance Ratio = 0.437896, Pressure = 2.15298
Step 62070000 - Total Energy: -3129.85, Acceptance Ratio = 0.437896, Pressure = 2.11607
Step 62080000 - Total Energy: -3123.21, Acceptance Ratio = 0.437897, Pressure = 2.16655
Step 62090000 - Total Energy: -3160.69, Acceptance Ratio = 0.437896, Pressure = 1.79584
Step 62100000 - Total Energy: -3119.85, Acceptance Ratio = 0.437897, Pressure = 2.18521
Step 62110000 - Total Energy: -3120.08, Acceptance Ratio = 0.437897, Pressure = 2.20473
Step 62120000 - Total Energy: -3128.28, Acceptance Ratio = 0.437898, Pressure = 2.17062
Step 62130000 - Total Energy: -3079.95, Acceptance Ratio = 0.437898, Pressure = 2.62593
Step 62140000 - Total Energy: -3101.07, Acceptance Ratio = 0.437897, Pressure = 2.47614
Step 62150000 - Total Energy: -3107.42, Acceptance Ratio = 0.437897, Pressure = 2.36253
Step 62160000 - Total Energy: -3104.73, Acceptance Ratio = 0.437895, Pressure = 2.36138
Step 62170000 - Total Energy: -3116.57, Acceptance Ratio = 0.437896, Pressure = 2.20913
Step 62180000 - Total Energy: -3111.19, Acceptance Ratio = 0.437895, Pressure = 2.34432
Step 62190000 - Total Energy: -3103.58, Acceptance Ratio = 0.437895, Pressure = 2.45907
Step 62200000 - Total Energy: -3111.48, Acceptance Ratio = 0.437894, Pressure = 2.30813
Step 62210000 - Total Energy: -3091.52, Acceptance Ratio = 0.437893, Pressure = 2.58556
Step 62220000 - Total Energy: -3068.31, Acceptance Ratio = 0.437891, Pressure = 2.78436
Step 62230000 - Total Energy: -3090.96, Acceptance Ratio = 0.437891, Pressure = 2.51456
Step 62240000 - Total Energy: -3127.88, Acceptance Ratio = 0.43789, Pressure = 2.19932
Step 62250000 - Total Energy: -3138.3, Acceptance Ratio = 0.43789, Pressure = 2.10449
Step 62260000 - Total Energy: -3081.98, Acceptance Ratio = 0.437889, Pressure = 2.66928
Step 62270000 - Total Energy: -3108.93, Acceptance Ratio = 0.437889, Pressure = 2.38183
Step 62280000 - Total Energy: -3078.19, Acceptance Ratio = 0.437888, Pressure = 2.64472
Step 62290000 - Total Energy: -3108.42, Acceptance Ratio = 0.437887, Pressure = 2.32433
Step 62300000 - Total Energy: -3119.96, Acceptance Ratio = 0.437885, Pressure = 2.21107
Step 62310000 - Total Energy: -3118.93, Acceptance Ratio = 0.437886, Pressure = 2.33148
Step 62320000 - Total Energy: -3099.24, Acceptance Ratio = 0.437886, Pressure = 2.50565
Step 62330000 - Total Energy: -3172.22, Acceptance Ratio = 0.437885, Pressure = 1.7944
Step 62340000 - Total Energy: -3156.9, Acceptance Ratio = 0.437887, Pressure = 1.95864
Step 62350000 - Total Energy: -3140.47, Acceptance Ratio = 0.437886, Pressure = 2.08279
Step 62360000 - Total Energy: -3136.86, Acceptance Ratio = 0.437886, Pressure = 2.11534
Step 62370000 - Total Energy: -3155.06, Acceptance Ratio = 0.437885, Pressure = 1.88896
Step 62380000 - Total Energy: -3125.89, Acceptance Ratio = 0.437885, Pressure = 2.24258
Step 62390000 - Total Energy: -3122.47, Acceptance Ratio = 0.437885, Pressure = 2.29039
Step 62400000 - Total Energy: -3136.51, Acceptance Ratio = 0.437887, Pressure = 2.11251
Step 62410000 - Total Energy: -3136.74, Acceptance Ratio = 0.437885, Pressure = 2.06828
Step 62420000 - Total Energy: -3110.4, Acceptance Ratio = 0.437887, Pressure = 2.28059
Step 62430000 - Total Energy: -3124.84, Acceptance Ratio = 0.437887, Pressure = 2.10475
Step 62440000 - Total Energy: -3119.24, Acceptance Ratio = 0.437888, Pressure = 2.22728
Step 62450000 - Total Energy: -3158.42, Acceptance Ratio = 0.437889, Pressure = 1.84442
Step 62460000 - Total Energy: -3111.64, Acceptance Ratio = 0.437889, Pressure = 2.34482
Step 62470000 - Total Energy: -3082.43, Acceptance Ratio = 0.437889, Pressure = 2.53325
Step 62480000 - Total Energy: -3112.86, Acceptance Ratio = 0.437889, Pressure = 2.25735
Step 62490000 - Total Energy: -3143.46, Acceptance Ratio = 0.43789, Pressure = 1.96279
Step 62500000 - Total Energy: -3122.83, Acceptance Ratio = 0.437889, Pressure = 2.20513
Step 62510000 - Total Energy: -3114.92, Acceptance Ratio = 0.437888, Pressure = 2.29577
Step 62520000 - Total Energy: -3098.02, Acceptance Ratio = 0.437887, Pressure = 2.50278
Step 62530000 - Total Energy: -3118.86, Acceptance Ratio = 0.437887, Pressure = 2.26888
Step 62540000 - Total Energy: -3099.68, Acceptance Ratio = 0.437888, Pressure = 2.48662
Step 62550000 - Total Energy: -3079.55, Acceptance Ratio = 0.437888, Pressure = 2.66774
Step 62560000 - Total Energy: -3089.69, Acceptance Ratio = 0.437887, Pressure = 2.51768
Step 62570000 - Total Energy: -3114.91, Acceptance Ratio = 0.437886, Pressure = 2.30826
Step 62580000 - Total Energy: -3107.67, Acceptance Ratio = 0.437885, Pressure = 2.28036
Step 62590000 - Total Energy: -3103.68, Acceptance Ratio = 0.437885, Pressure = 2.34605
Step 62600000 - Total Energy: -3105.22, Acceptance Ratio = 0.437885, Pressure = 2.35922
Step 62610000 - Total Energy: -3131.57, Acceptance Ratio = 0.437885, Pressure = 2.12224
Step 62620000 - Total Energy: -3088.45, Acceptance Ratio = 0.437883, Pressure = 2.57721
Step 62630000 - Total Energy: -3081.6, Acceptance Ratio = 0.437884, Pressure = 2.64951
Step 62640000 - Total Energy: -3133.12, Acceptance Ratio = 0.437885, Pressure = 2.09766
Step 62650000 - Total Energy: -3115.56, Acceptance Ratio = 0.437884, Pressure = 2.31576
Step 62660000 - Total Energy: -3106.78, Acceptance Ratio = 0.437885, Pressure = 2.38935
Step 62670000 - Total Energy: -3106.61, Acceptance Ratio = 0.437884, Pressure = 2.4224
Step 62680000 - Total Energy: -3123.88, Acceptance Ratio = 0.437885, Pressure = 2.20914
Step 62690000 - Total Energy: -3119.93, Acceptance Ratio = 0.437884, Pressure = 2.25829
Step 62700000 - Total Energy: -3133.36, Acceptance Ratio = 0.437884, Pressure = 2.1696
Step 62710000 - Total Energy: -3112.65, Acceptance Ratio = 0.437884, Pressure = 2.31968
Step 62720000 - Total Energy: -3126.64, Acceptance Ratio = 0.437883, Pressure = 2.20577
Step 62730000 - Total Energy: -3150.05, Acceptance Ratio = 0.437884, Pressure = 1.92347
Step 62740000 - Total Energy: -3136.28, Acceptance Ratio = 0.437885, Pressure = 2.1018
Step 62750000 - Total Energy: -3119.17, Acceptance Ratio = 0.437886, Pressure = 2.26148
Step 62760000 - Total Energy: -3084.97, Acceptance Ratio = 0.437885, Pressure = 2.54854
Step 62770000 - Total Energy: -3101.83, Acceptance Ratio = 0.437885, Pressure = 2.41408
Step 62780000 - Total Energy: -3110.01, Acceptance Ratio = 0.437884, Pressure = 2.32216
Step 62790000 - Total Energy: -3093.21, Acceptance Ratio = 0.437884, Pressure = 2.40327
Step 62800000 - Total Energy: -3118.68, Acceptance Ratio = 0.437884, Pressure = 2.27563
Step 62810000 - Total Energy: -3106.27, Acceptance Ratio = 0.437883, Pressure = 2.28884
Step 62820000 - Total Energy: -3072.56, Acceptance Ratio = 0.437883, Pressure = 2.68223
Step 62830000 - Total Energy: -3109.09, Acceptance Ratio = 0.437882, Pressure = 2.35023
Step 62840000 - Total Energy: -3101.96, Acceptance Ratio = 0.437882, Pressure = 2.46774
Step 62850000 - Total Energy: -3130.41, Acceptance Ratio = 0.437883, Pressure = 2.14886
Step 62860000 - Total Energy: -3102.67, Acceptance Ratio = 0.437883, Pressure = 2.51235
Step 62870000 - Total Energy: -3129.67, Acceptance Ratio = 0.437884, Pressure = 2.1932
Step 62880000 - Total Energy: -3127.77, Acceptance Ratio = 0.437883, Pressure = 2.14455
Step 62890000 - Total Energy: -3121.16, Acceptance Ratio = 0.437882, Pressure = 2.20236
Step 62900000 - Total Energy: -3094.29, Acceptance Ratio = 0.437882, Pressure = 2.46209
Step 62910000 - Total Energy: -3109.31, Acceptance Ratio = 0.437883, Pressure = 2.38557
Step 62920000 - Total Energy: -3092.5, Acceptance Ratio = 0.437884, Pressure = 2.50686
Step 62930000 - Total Energy: -3086.26, Acceptance Ratio = 0.437883, Pressure = 2.61828
Step 62940000 - Total Energy: -3090.52, Acceptance Ratio = 0.437882, Pressure = 2.56519
Step 62950000 - Total Energy: -3099.94, Acceptance Ratio = 0.437883, Pressure = 2.4711
Step 62960000 - Total Energy: -3100.91, Acceptance Ratio = 0.437884, Pressure = 2.33014
Step 62970000 - Total Energy: -3118.73, Acceptance Ratio = 0.437884, Pressure = 2.23322
Step 62980000 - Total Energy: -3121.94, Acceptance Ratio = 0.437884, Pressure = 2.21695
Step 62990000 - Total Energy: -3117.08, Acceptance Ratio = 0.437881, Pressure = 2.28391
Step 63000000 - Total Energy: -3110.11, Acceptance Ratio = 0.43788, Pressure = 2.3844
Step 63010000 - Total Energy: -3113.31, Acceptance Ratio = 0.437881, Pressure = 2.30696
Step 63020000 - Total Energy: -3108.79, Acceptance Ratio = 0.43788, Pressure = 2.37341
Step 63030000 - Total Energy: -3136.81, Acceptance Ratio = 0.43788, Pressure = 2.08176
Step 63040000 - Total Energy: -3088.47, Acceptance Ratio = 0.43788, Pressure = 2.50954
Step 63050000 - Total Energy: -3112.13, Acceptance Ratio = 0.437879, Pressure = 2.25826
Step 63060000 - Total Energy: -3112.53, Acceptance Ratio = 0.437878, Pressure = 2.42675
Step 63070000 - Total Energy: -3134.2, Acceptance Ratio = 0.437878, Pressure = 2.12242
Step 63080000 - Total Energy: -3127.12, Acceptance Ratio = 0.437877, Pressure = 2.18906
Step 63090000 - Total Energy: -3097.25, Acceptance Ratio = 0.437877, Pressure = 2.44882
Step 63100000 - Total Energy: -3110.6, Acceptance Ratio = 0.437878, Pressure = 2.38897
Step 63110000 - Total Energy: -3119.18, Acceptance Ratio = 0.437877, Pressure = 2.33125
Step 63120000 - Total Energy: -3094.43, Acceptance Ratio = 0.437877, Pressure = 2.5405
Step 63130000 - Total Energy: -3132.73, Acceptance Ratio = 0.437876, Pressure = 2.08394
Step 63140000 - Total Energy: -3086.32, Acceptance Ratio = 0.437876, Pressure = 2.58787
Step 63150000 - Total Energy: -3071.98, Acceptance Ratio = 0.437876, Pressure = 2.74828
Step 63160000 - Total Energy: -3131.18, Acceptance Ratio = 0.437875, Pressure = 2.15078
Step 63170000 - Total Energy: -3109.46, Acceptance Ratio = 0.437874, Pressure = 2.3965
Step 63180000 - Total Energy: -3098.6, Acceptance Ratio = 0.437875, Pressure = 2.42259
Step 63190000 - Total Energy: -3117.7, Acceptance Ratio = 0.437875, Pressure = 2.31646
Step 63200000 - Total Energy: -3121.53, Acceptance Ratio = 0.437874, Pressure = 2.38933
Step 63210000 - Total Energy: -3117.67, Acceptance Ratio = 0.437874, Pressure = 2.33641
Step 63220000 - Total Energy: -3130.05, Acceptance Ratio = 0.437873, Pressure = 2.17933
Step 63230000 - Total Energy: -3136.85, Acceptance Ratio = 0.437874, Pressure = 2.11829
Step 63240000 - Total Energy: -3156.95, Acceptance Ratio = 0.437876, Pressure = 1.88886
Step 63250000 - Total Energy: -3120.6, Acceptance Ratio = 0.437876, Pressure = 2.26793
Step 63260000 - Total Energy: -3160.25, Acceptance Ratio = 0.437876, Pressure = 1.87203
Step 63270000 - Total Energy: -3108.77, Acceptance Ratio = 0.437877, Pressure = 2.40054
Step 63280000 - Total Energy: -3118.66, Acceptance Ratio = 0.437877, Pressure = 2.31486
Step 63290000 - Total Energy: -3113.14, Acceptance Ratio = 0.437875, Pressure = 2.35139
Step 63300000 - Total Energy: -3098.79, Acceptance Ratio = 0.437874, Pressure = 2.45618
Step 63310000 - Total Energy: -3117.32, Acceptance Ratio = 0.437876, Pressure = 2.27451
Step 63320000 - Total Energy: -3094.88, Acceptance Ratio = 0.437875, Pressure = 2.48975
Step 63330000 - Total Energy: -3099.71, Acceptance Ratio = 0.437875, Pressure = 2.42079
Step 63340000 - Total Energy: -3177.45, Acceptance Ratio = 0.437876, Pressure = 1.67289
Step 63350000 - Total Energy: -3106.8, Acceptance Ratio = 0.437876, Pressure = 2.34584
Step 63360000 - Total Energy: -3107.61, Acceptance Ratio = 0.437876, Pressure = 2.31833
Step 63370000 - Total Energy: -3143.69, Acceptance Ratio = 0.437877, Pressure = 1.9881
Step 63380000 - Total Energy: -3116.52, Acceptance Ratio = 0.437878, Pressure = 2.26174
Step 63390000 - Total Energy: -3106.63, Acceptance Ratio = 0.437877, Pressure = 2.33957
Step 63400000 - Total Energy: -3129.87, Acceptance Ratio = 0.437876, Pressure = 2.18481
Step 63410000 - Total Energy: -3067.73, Acceptance Ratio = 0.437875, Pressure = 2.73286
Step 63420000 - Total Energy: -3110.55, Acceptance Ratio = 0.437872, Pressure = 2.36042
Step 63430000 - Total Energy: -3113.87, Acceptance Ratio = 0.437871, Pressure = 2.35162
Step 63440000 - Total Energy: -3109.57, Acceptance Ratio = 0.43787, Pressure = 2.38827
Step 63450000 - Total Energy: -3128.78, Acceptance Ratio = 0.43787, Pressure = 2.18491
Step 63460000 - Total Energy: -3136.73, Acceptance Ratio = 0.43787, Pressure = 2.01111
Step 63470000 - Total Energy: -3122.1, Acceptance Ratio = 0.43787, Pressure = 2.23001
Step 63480000 - Total Energy: -3137.7, Acceptance Ratio = 0.437871, Pressure = 2.06365
Step 63490000 - Total Energy: -3120.74, Acceptance Ratio = 0.437872, Pressure = 2.22126
Step 63500000 - Total Energy: -3112.23, Acceptance Ratio = 0.437872, Pressure = 2.2831
Step 63510000 - Total Energy: -3100.53, Acceptance Ratio = 0.437872, Pressure = 2.37552
Step 63520000 - Total Energy: -3101.85, Acceptance Ratio = 0.437871, Pressure = 2.44517
Step 63530000 - Total Energy: -3132.33, Acceptance Ratio = 0.43787, Pressure = 2.14344
Step 63540000 - Total Energy: -3118.9, Acceptance Ratio = 0.437869, Pressure = 2.21677
Step 63550000 - Total Energy: -3134.72, Acceptance Ratio = 0.437871, Pressure = 2.10192
Step 63560000 - Total Energy: -3072.54, Acceptance Ratio = 0.43787, Pressure = 2.64219
Step 63570000 - Total Energy: -3105.72, Acceptance Ratio = 0.437871, Pressure = 2.41825
Step 63580000 - Total Energy: -3081.76, Acceptance Ratio = 0.43787, Pressure = 2.6288
Step 63590000 - Total Energy: -3132.24, Acceptance Ratio = 0.43787, Pressure = 2.14919
Step 63600000 - Total Energy: -3076.32, Acceptance Ratio = 0.437869, Pressure = 2.69216
Step 63610000 - Total Energy: -3140.61, Acceptance Ratio = 0.437868, Pressure = 1.98414
Step 63620000 - Total Energy: -3115.4, Acceptance Ratio = 0.437868, Pressure = 2.31999
Step 63630000 - Total Energy: -3143.35, Acceptance Ratio = 0.437869, Pressure = 2.07522
Step 63640000 - Total Energy: -3140.52, Acceptance Ratio = 0.437868, Pressure = 2.14105
Step 63650000 - Total Energy: -3121.75, Acceptance Ratio = 0.437867, Pressure = 2.32476
Step 63660000 - Total Energy: -3102.17, Acceptance Ratio = 0.437867, Pressure = 2.46703
Step 63670000 - Total Energy: -3125.71, Acceptance Ratio = 0.437865, Pressure = 2.19874
Step 63680000 - Total Energy: -3139.92, Acceptance Ratio = 0.437866, Pressure = 2.01584
Step 63690000 - Total Energy: -3091.34, Acceptance Ratio = 0.437867, Pressure = 2.55177
Step 63700000 - Total Energy: -3082.77, Acceptance Ratio = 0.437865, Pressure = 2.68285
Step 63710000 - Total Energy: -3119.6, Acceptance Ratio = 0.437864, Pressure = 2.20174
Step 63720000 - Total Energy: -3116.12, Acceptance Ratio = 0.437862, Pressure = 2.25708
Step 63730000 - Total Energy: -3105.93, Acceptance Ratio = 0.437861, Pressure = 2.41661
Step 63740000 - Total Energy: -3135.12, Acceptance Ratio = 0.43786, Pressure = 2.14137
Step 63750000 - Total Energy: -3103.79, Acceptance Ratio = 0.437859, Pressure = 2.39968
Step 63760000 - Total Energy: -3129.84, Acceptance Ratio = 0.43786, Pressure = 2.13991
Step 63770000 - Total Energy: -3088.76, Acceptance Ratio = 0.437861, Pressure = 2.51067
Step 63780000 - Total Energy: -3117.86, Acceptance Ratio = 0.437861, Pressure = 2.26234
Step 63790000 - Total Energy: -3156.18, Acceptance Ratio = 0.437861, Pressure = 1.89639
Step 63800000 - Total Energy: -3117.13, Acceptance Ratio = 0.437861, Pressure = 2.27801
Step 63810000 - Total Energy: -3145.27, Acceptance Ratio = 0.437861, Pressure = 1.97825
Step 63820000 - Total Energy: -3139.44, Acceptance Ratio = 0.437861, Pressure = 2.09304
Step 63830000 - Total Energy: -3127.26, Acceptance Ratio = 0.43786, Pressure = 2.18039
Step 63840000 - Total Energy: -3143.91, Acceptance Ratio = 0.437861, Pressure = 2.04242
Step 63850000 - Total Energy: -3137.83, Acceptance Ratio = 0.43786, Pressure = 2.07301
Step 63860000 - Total Energy: -3168.69, Acceptance Ratio = 0.437861, Pressure = 1.73348
Step 63870000 - Total Energy: -3108.85, Acceptance Ratio = 0.437862, Pressure = 2.30137
Step 63880000 - Total Energy: -3136.01, Acceptance Ratio = 0.437863, Pressure = 2.05926
Step 63890000 - Total Energy: -3132.65, Acceptance Ratio = 0.437863, Pressure = 2.06833
Step 63900000 - Total Energy: -3096.38, Acceptance Ratio = 0.437864, Pressure = 2.44669
Step 63910000 - Total Energy: -3100.55, Acceptance Ratio = 0.437864, Pressure = 2.42481
Step 63920000 - Total Energy: -3136.4, Acceptance Ratio = 0.437865, Pressure = 2.03548
Step 63930000 - Total Energy: -3108.45, Acceptance Ratio = 0.437865, Pressure = 2.30234
Step 63940000 - Total Energy: -3115.3, Acceptance Ratio = 0.437865, Pressure = 2.20846
Step 63950000 - Total Energy: -3158.14, Acceptance Ratio = 0.437866, Pressure = 1.79946
Step 63960000 - Total Energy: -3116.6, Acceptance Ratio = 0.437866, Pressure = 2.19501
Step 63970000 - Total Energy: -3130.64, Acceptance Ratio = 0.437866, Pressure = 2.12971
Step 63980000 - Total Energy: -3105.93, Acceptance Ratio = 0.437867, Pressure = 2.34448
Step 63990000 - Total Energy: -3098.94, Acceptance Ratio = 0.437866, Pressure = 2.38426
Step 64000000 - Total Energy: -3087.38, Acceptance Ratio = 0.437864, Pressure = 2.55034
Step 64010000 - Total Energy: -3078.43, Acceptance Ratio = 0.437865, Pressure = 2.67515
Step 64020000 - Total Energy: -3103.1, Acceptance Ratio = 0.437864, Pressure = 2.45511
Step 64030000 - Total Energy: -3147.29, Acceptance Ratio = 0.437864, Pressure = 1.96384
Step 64040000 - Total Energy: -3120.48, Acceptance Ratio = 0.437866, Pressure = 2.26553
Step 64050000 - Total Energy: -3146.48, Acceptance Ratio = 0.437866, Pressure = 1.95673
Step 64060000 - Total Energy: -3123.24, Acceptance Ratio = 0.437867, Pressure = 2.24527
Step 64070000 - Total Energy: -3142.7, Acceptance Ratio = 0.437866, Pressure = 1.98158
Step 64080000 - Total Energy: -3120.58, Acceptance Ratio = 0.437867, Pressure = 2.24049
Step 64090000 - Total Energy: -3116.24, Acceptance Ratio = 0.437866, Pressure = 2.278
Step 64100000 - Total Energy: -3108.71, Acceptance Ratio = 0.437866, Pressure = 2.34979
Step 64110000 - Total Energy: -3117.1, Acceptance Ratio = 0.437865, Pressure = 2.33116
Step 64120000 - Total Energy: -3103.61, Acceptance Ratio = 0.437864, Pressure = 2.41941
Step 64130000 - Total Energy: -3097.18, Acceptance Ratio = 0.437866, Pressure = 2.4177
Step 64140000 - Total Energy: -3090.73, Acceptance Ratio = 0.437865, Pressure = 2.55892
Step 64150000 - Total Energy: -3130.5, Acceptance Ratio = 0.437866, Pressure = 2.23157
Step 64160000 - Total Energy: -3125.9, Acceptance Ratio = 0.437864, Pressure = 2.15635
Step 64170000 - Total Energy: -3132.74, Acceptance Ratio = 0.437864, Pressure = 2.16494
Step 64180000 - Total Energy: -3080.19, Acceptance Ratio = 0.437866, Pressure = 2.67453
Step 64190000 - Total Energy: -3132.37, Acceptance Ratio = 0.437865, Pressure = 2.22343
Step 64200000 - Total Energy: -3108.28, Acceptance Ratio = 0.437865, Pressure = 2.36997
Step 64210000 - Total Energy: -3122.75, Acceptance Ratio = 0.437864, Pressure = 2.25021
Step 64220000 - Total Energy: -3142.4, Acceptance Ratio = 0.437865, Pressure = 2.04046
Step 64230000 - Total Energy: -3128.22, Acceptance Ratio = 0.437865, Pressure = 2.19596
Step 64240000 - Total Energy: -3132.51, Acceptance Ratio = 0.437864, Pressure = 2.12231
Step 64250000 - Total Energy: -3162.16, Acceptance Ratio = 0.437863, Pressure = 1.85514
Step 64260000 - Total Energy: -3114.86, Acceptance Ratio = 0.437863, Pressure = 2.27323
Step 64270000 - Total Energy: -3082.64, Acceptance Ratio = 0.437861, Pressure = 2.59958
Step 64280000 - Total Energy: -3084.65, Acceptance Ratio = 0.43786, Pressure = 2.61084
Step 64290000 - Total Energy: -3131.72, Acceptance Ratio = 0.43786, Pressure = 2.15879
Step 64300000 - Total Energy: -3136.83, Acceptance Ratio = 0.43786, Pressure = 2.10507
Step 64310000 - Total Energy: -3135.4, Acceptance Ratio = 0.437861, Pressure = 2.09918
Step 64320000 - Total Energy: -3128.68, Acceptance Ratio = 0.437861, Pressure = 2.08151
Step 64330000 - Total Energy: -3121.09, Acceptance Ratio = 0.437862, Pressure = 2.20558
Step 64340000 - Total Energy: -3115.79, Acceptance Ratio = 0.437862, Pressure = 2.24213
Step 64350000 - Total Energy: -3103.41, Acceptance Ratio = 0.437863, Pressure = 2.3466
Step 64360000 - Total Energy: -3162.96, Acceptance Ratio = 0.437865, Pressure = 1.77664
Step 64370000 - Total Energy: -3125.9, Acceptance Ratio = 0.437865, Pressure = 2.18369
Step 64380000 - Total Energy: -3120.67, Acceptance Ratio = 0.437864, Pressure = 2.24426
Step 64390000 - Total Energy: -3101.05, Acceptance Ratio = 0.437864, Pressure = 2.41713
Step 64400000 - Total Energy: -3098.91, Acceptance Ratio = 0.437864, Pressure = 2.37536
Step 64410000 - Total Energy: -3119.04, Acceptance Ratio = 0.437864, Pressure = 2.24409
Step 64420000 - Total Energy: -3125.33, Acceptance Ratio = 0.437865, Pressure = 2.1817
Step 64430000 - Total Energy: -3169.77, Acceptance Ratio = 0.437864, Pressure = 1.74198
Step 64440000 - Total Energy: -3156.13, Acceptance Ratio = 0.437866, Pressure = 1.87866
Step 64450000 - Total Energy: -3124.79, Acceptance Ratio = 0.437865, Pressure = 2.20212
Step 64460000 - Total Energy: -3102.38, Acceptance Ratio = 0.437866, Pressure = 2.38375
Step 64470000 - Total Energy: -3147.8, Acceptance Ratio = 0.437866, Pressure = 1.97203
Step 64480000 - Total Energy: -3111.85, Acceptance Ratio = 0.437866, Pressure = 2.30024
Step 64490000 - Total Energy: -3121.15, Acceptance Ratio = 0.437867, Pressure = 2.26026
Step 64500000 - Total Energy: -3114.23, Acceptance Ratio = 0.437867, Pressure = 2.25671
Step 64510000 - Total Energy: -3153.15, Acceptance Ratio = 0.437866, Pressure = 1.97729
Step 64520000 - Total Energy: -3125.8, Acceptance Ratio = 0.437866, Pressure = 2.18892
Step 64530000 - Total Energy: -3143.12, Acceptance Ratio = 0.437866, Pressure = 1.98323
Step 64540000 - Total Energy: -3131.67, Acceptance Ratio = 0.437867, Pressure = 2.11602
Step 64550000 - Total Energy: -3131.63, Acceptance Ratio = 0.437868, Pressure = 2.13453
Step 64560000 - Total Energy: -3104.31, Acceptance Ratio = 0.437867, Pressure = 2.3804
Step 64570000 - Total Energy: -3104.1, Acceptance Ratio = 0.437868, Pressure = 2.41589
Step 64580000 - Total Energy: -3082.06, Acceptance Ratio = 0.437869, Pressure = 2.5877
Step 64590000 - Total Energy: -3091.93, Acceptance Ratio = 0.437868, Pressure = 2.55363
Step 64600000 - Total Energy: -3112.93, Acceptance Ratio = 0.437867, Pressure = 2.33343
Step 64610000 - Total Energy: -3099.98, Acceptance Ratio = 0.437866, Pressure = 2.48926
Step 64620000 - Total Energy: -3087.47, Acceptance Ratio = 0.437865, Pressure = 2.70252
Step 64630000 - Total Energy: -3108.12, Acceptance Ratio = 0.437864, Pressure = 2.43674
Step 64640000 - Total Energy: -3116.17, Acceptance Ratio = 0.437865, Pressure = 2.28552
Step 64650000 - Total Energy: -3118.2, Acceptance Ratio = 0.437864, Pressure = 2.2677
Step 64660000 - Total Energy: -3108.35, Acceptance Ratio = 0.437865, Pressure = 2.36046
Step 64670000 - Total Energy: -3116.41, Acceptance Ratio = 0.437866, Pressure = 2.25424
Step 64680000 - Total Energy: -3126.3, Acceptance Ratio = 0.437867, Pressure = 2.20902
Step 64690000 - Total Energy: -3147.92, Acceptance Ratio = 0.437867, Pressure = 2.05676
Step 64700000 - Total Energy: -3106.2, Acceptance Ratio = 0.437866, Pressure = 2.41197
Step 64710000 - Total Energy: -3118.26, Acceptance Ratio = 0.437866, Pressure = 2.26058
Step 64720000 - Total Energy: -3120.14, Acceptance Ratio = 0.437867, Pressure = 2.24247
Step 64730000 - Total Energy: -3139.99, Acceptance Ratio = 0.437867, Pressure = 2.00966
Step 64740000 - Total Energy: -3086.33, Acceptance Ratio = 0.437868, Pressure = 2.57678
Step 64750000 - Total Energy: -3111.31, Acceptance Ratio = 0.437868, Pressure = 2.35775
Step 64760000 - Total Energy: -3121.22, Acceptance Ratio = 0.437867, Pressure = 2.32862
Step 64770000 - Total Energy: -3140.19, Acceptance Ratio = 0.437866, Pressure = 2.17721
Step 64780000 - Total Energy: -3143.51, Acceptance Ratio = 0.437866, Pressure = 2.04924
Step 64790000 - Total Energy: -3089.72, Acceptance Ratio = 0.437866, Pressure = 2.4411
Step 64800000 - Total Energy: -3133.61, Acceptance Ratio = 0.437868, Pressure = 2.05302
Step 64810000 - Total Energy: -3081.86, Acceptance Ratio = 0.437869, Pressure = 2.58507
Step 64820000 - Total Energy: -3160.47, Acceptance Ratio = 0.437869, Pressure = 1.77271
Step 64830000 - Total Energy: -3139.4, Acceptance Ratio = 0.437871, Pressure = 2.00019
Step 64840000 - Total Energy: -3109.97, Acceptance Ratio = 0.437871, Pressure = 2.25558
Step 64850000 - Total Energy: -3162.57, Acceptance Ratio = 0.43787, Pressure = 1.82555
Step 64860000 - Total Energy: -3126.3, Acceptance Ratio = 0.437871, Pressure = 2.20633
Step 64870000 - Total Energy: -3108.8, Acceptance Ratio = 0.437869, Pressure = 2.34244
Step 64880000 - Total Energy: -3116.57, Acceptance Ratio = 0.437869, Pressure = 2.26093
Step 64890000 - Total Energy: -3107.86, Acceptance Ratio = 0.437868, Pressure = 2.4002
Step 64900000 - Total Energy: -3132.43, Acceptance Ratio = 0.437868, Pressure = 2.16547
Step 64910000 - Total Energy: -3103.26, Acceptance Ratio = 0.437868, Pressure = 2.44168
Step 64920000 - Total Energy: -3102.01, Acceptance Ratio = 0.437867, Pressure = 2.46777
Step 64930000 - Total Energy: -3124.61, Acceptance Ratio = 0.437867, Pressure = 2.26737
Step 64940000 - Total Energy: -3082.49, Acceptance Ratio = 0.437866, Pressure = 2.64023
Step 64950000 - Total Energy: -3098.78, Acceptance Ratio = 0.437864, Pressure = 2.4695
Step 64960000 - Total Energy: -3130.07, Acceptance Ratio = 0.437862, Pressure = 2.18239
Step 64970000 - Total Energy: -3105.61, Acceptance Ratio = 0.437861, Pressure = 2.38645
Step 64980000 - Total Energy: -3109.69, Acceptance Ratio = 0.437862, Pressure = 2.39133
Step 64990000 - Total Energy: -3141.17, Acceptance Ratio = 0.437861, Pressure = 2.04448
Step 65000000 - Total Energy: -3108.91, Acceptance Ratio = 0.437862, Pressure = 2.38602
Step 65010000 - Total Energy: -3115.48, Acceptance Ratio = 0.437861, Pressure = 2.28862
Step 65020000 - Total Energy: -3126.25, Acceptance Ratio = 0.437861, Pressure = 2.18118
Step 65030000 - Total Energy: -3113.96, Acceptance Ratio = 0.437861, Pressure = 2.32397
Step 65040000 - Total Energy: -3105.81, Acceptance Ratio = 0.437862, Pressure = 2.39375
Step 65050000 - Total Energy: -3126.12, Acceptance Ratio = 0.437863, Pressure = 2.18394
Step 65060000 - Total Energy: -3130.2, Acceptance Ratio = 0.437863, Pressure = 2.14005
Step 65070000 - Total Energy: -3073.66, Acceptance Ratio = 0.437862, Pressure = 2.67661
Step 65080000 - Total Energy: -3131.27, Acceptance Ratio = 0.437862, Pressure = 2.14423
Step 65090000 - Total Energy: -3127.29, Acceptance Ratio = 0.437863, Pressure = 2.20257
Step 65100000 - Total Energy: -3085.95, Acceptance Ratio = 0.437863, Pressure = 2.59414
Step 65110000 - Total Energy: -3114.51, Acceptance Ratio = 0.437863, Pressure = 2.24343
Step 65120000 - Total Energy: -3132.74, Acceptance Ratio = 0.437863, Pressure = 2.12674
Step 65130000 - Total Energy: -3082.97, Acceptance Ratio = 0.437863, Pressure = 2.53412
Step 65140000 - Total Energy: -3100.07, Acceptance Ratio = 0.437864, Pressure = 2.48341
Step 65150000 - Total Energy: -3116.69, Acceptance Ratio = 0.437862, Pressure = 2.21538
Step 65160000 - Total Energy: -3103.84, Acceptance Ratio = 0.437862, Pressure = 2.40918
Step 65170000 - Total Energy: -3142.94, Acceptance Ratio = 0.437862, Pressure = 1.9916
Step 65180000 - Total Energy: -3133.23, Acceptance Ratio = 0.437862, Pressure = 2.10084
Step 65190000 - Total Energy: -3161.43, Acceptance Ratio = 0.437862, Pressure = 1.77889
Step 65200000 - Total Energy: -3106.49, Acceptance Ratio = 0.437862, Pressure = 2.2948
Step 65210000 - Total Energy: -3131.92, Acceptance Ratio = 0.437862, Pressure = 2.1645
Step 65220000 - Total Energy: -3130.29, Acceptance Ratio = 0.437863, Pressure = 2.22453
Step 65230000 - Total Energy: -3103.85, Acceptance Ratio = 0.437863, Pressure = 2.39348
Step 65240000 - Total Energy: -3138.34, Acceptance Ratio = 0.437863, Pressure = 2.01581
Step 65250000 - Total Energy: -3140.71, Acceptance Ratio = 0.437865, Pressure = 1.98451
Step 65260000 - Total Energy: -3140.55, Acceptance Ratio = 0.437866, Pressure = 1.99162
Step 65270000 - Total Energy: -3134.31, Acceptance Ratio = 0.437867, Pressure = 2.01634
Step 65280000 - Total Energy: -3112.39, Acceptance Ratio = 0.437867, Pressure = 2.26587
Step 65290000 - Total Energy: -3136, Acceptance Ratio = 0.437868, Pressure = 2.04679
Step 65300000 - Total Energy: -3117.99, Acceptance Ratio = 0.437868, Pressure = 2.30096
Step 65310000 - Total Energy: -3105.71, Acceptance Ratio = 0.437868, Pressure = 2.38488
Step 65320000 - Total Energy: -3142.27, Acceptance Ratio = 0.437867, Pressure = 2.04659
Step 65330000 - Total Energy: -3172.75, Acceptance Ratio = 0.437868, Pressure = 1.735
Step 65340000 - Total Energy: -3112.47, Acceptance Ratio = 0.437868, Pressure = 2.41722
Step 65350000 - Total Energy: -3089.08, Acceptance Ratio = 0.437866, Pressure = 2.67301
Step 65360000 - Total Energy: -3135.9, Acceptance Ratio = 0.437866, Pressure = 2.10747
Step 65370000 - Total Energy: -3118.59, Acceptance Ratio = 0.437866, Pressure = 2.27404
Step 65380000 - Total Energy: -3081.99, Acceptance Ratio = 0.437866, Pressure = 2.63287
Step 65390000 - Total Energy: -3155.95, Acceptance Ratio = 0.437865, Pressure = 1.97427
Step 65400000 - Total Energy: -3134.56, Acceptance Ratio = 0.437866, Pressure = 2.03274
Step 65410000 - Total Energy: -3133.23, Acceptance Ratio = 0.437867, Pressure = 2.06977
Step 65420000 - Total Energy: -3100.17, Acceptance Ratio = 0.437867, Pressure = 2.3821
Step 65430000 - Total Energy: -3122.83, Acceptance Ratio = 0.437868, Pressure = 2.19311
Step 65440000 - Total Energy: -3168.63, Acceptance Ratio = 0.437869, Pressure = 1.74189
Step 65450000 - Total Energy: -3139.84, Acceptance Ratio = 0.437867, Pressure = 2.0391
Step 65460000 - Total Energy: -3109.65, Acceptance Ratio = 0.437866, Pressure = 2.40844
Step 65470000 - Total Energy: -3155.6, Acceptance Ratio = 0.437867, Pressure = 1.83362
Step 65480000 - Total Energy: -3147.82, Acceptance Ratio = 0.437866, Pressure = 1.9729
Step 65490000 - Total Energy: -3145.42, Acceptance Ratio = 0.437867, Pressure = 2.00017
Step 65500000 - Total Energy: -3137.55, Acceptance Ratio = 0.437867, Pressure = 2.03916
Step 65510000 - Total Energy: -3134.11, Acceptance Ratio = 0.437867, Pressure = 2.07506
Step 65520000 - Total Energy: -3109.1, Acceptance Ratio = 0.437868, Pressure = 2.35523
Step 65530000 - Total Energy: -3125.34, Acceptance Ratio = 0.437868, Pressure = 2.17213
Step 65540000 - Total Energy: -3147.82, Acceptance Ratio = 0.43787, Pressure = 2.04357
Step 65550000 - Total Energy: -3091.98, Acceptance Ratio = 0.43787, Pressure = 2.52936
Step 65560000 - Total Energy: -3129.49, Acceptance Ratio = 0.437871, Pressure = 2.14727
Step 65570000 - Total Energy: -3155.64, Acceptance Ratio = 0.437871, Pressure = 2.00167
Step 65580000 - Total Energy: -3114.79, Acceptance Ratio = 0.437872, Pressure = 2.27479
Step 65590000 - Total Energy: -3082.05, Acceptance Ratio = 0.437871, Pressure = 2.57293
Step 65600000 - Total Energy: -3109.06, Acceptance Ratio = 0.437871, Pressure = 2.39294
Step 65610000 - Total Energy: -3137.25, Acceptance Ratio = 0.437871, Pressure = 2.01034
Step 65620000 - Total Energy: -3124.56, Acceptance Ratio = 0.43787, Pressure = 2.18738
Step 65630000 - Total Energy: -3128.28, Acceptance Ratio = 0.43787, Pressure = 2.20473
Step 65640000 - Total Energy: -3121.87, Acceptance Ratio = 0.437869, Pressure = 2.2516
Step 65650000 - Total Energy: -3125.05, Acceptance Ratio = 0.437869, Pressure = 2.23608
Step 65660000 - Total Energy: -3152.28, Acceptance Ratio = 0.43787, Pressure = 1.91779
Step 65670000 - Total Energy: -3125.92, Acceptance Ratio = 0.43787, Pressure = 2.11741
Step 65680000 - Total Energy: -3142.45, Acceptance Ratio = 0.43787, Pressure = 1.9928
Step 65690000 - Total Energy: -3122.05, Acceptance Ratio = 0.437871, Pressure = 2.14358
Step 65700000 - Total Energy: -3150.5, Acceptance Ratio = 0.437871, Pressure = 1.90394
Step 65710000 - Total Energy: -3149.81, Acceptance Ratio = 0.437872, Pressure = 1.93463
Step 65720000 - Total Energy: -3135.01, Acceptance Ratio = 0.437872, Pressure = 2.03311
Step 65730000 - Total Energy: -3155.62, Acceptance Ratio = 0.437873, Pressure = 1.85361
Step 65740000 - Total Energy: -3127.23, Acceptance Ratio = 0.437874, Pressure = 2.08116
Step 65750000 - Total Energy: -3138.15, Acceptance Ratio = 0.437873, Pressure = 2.02989
Step 65760000 - Total Energy: -3146.19, Acceptance Ratio = 0.437874, Pressure = 1.98715
Step 65770000 - Total Energy: -3127.79, Acceptance Ratio = 0.437875, Pressure = 2.13076
Step 65780000 - Total Energy: -3153.61, Acceptance Ratio = 0.437876, Pressure = 1.8441
Step 65790000 - Total Energy: -3123.67, Acceptance Ratio = 0.437876, Pressure = 2.13221
Step 65800000 - Total Energy: -3126.25, Acceptance Ratio = 0.437877, Pressure = 2.18553
Step 65810000 - Total Energy: -3126.83, Acceptance Ratio = 0.437877, Pressure = 2.15588
Step 65820000 - Total Energy: -3119.8, Acceptance Ratio = 0.437877, Pressure = 2.22019
Step 65830000 - Total Energy: -3129.79, Acceptance Ratio = 0.437877, Pressure = 2.14563
Step 65840000 - Total Energy: -3102.54, Acceptance Ratio = 0.437877, Pressure = 2.45037
Step 65850000 - Total Energy: -3085.37, Acceptance Ratio = 0.437877, Pressure = 2.66922
Step 65860000 - Total Energy: -3129.58, Acceptance Ratio = 0.437877, Pressure = 2.19582
Step 65870000 - Total Energy: -3113.76, Acceptance Ratio = 0.437877, Pressure = 2.33962
Step 65880000 - Total Energy: -3089, Acceptance Ratio = 0.437877, Pressure = 2.54982
Step 65890000 - Total Energy: -3070.36, Acceptance Ratio = 0.437875, Pressure = 2.73999
Step 65900000 - Total Energy: -3106.78, Acceptance Ratio = 0.437875, Pressure = 2.43924
Step 65910000 - Total Energy: -3107.69, Acceptance Ratio = 0.437874, Pressure = 2.37519
Step 65920000 - Total Energy: -3088.08, Acceptance Ratio = 0.437875, Pressure = 2.53549
Step 65930000 - Total Energy: -3135.6, Acceptance Ratio = 0.437874, Pressure = 2.06611
Step 65940000 - Total Energy: -3143.84, Acceptance Ratio = 0.437872, Pressure = 1.96067
Step 65950000 - Total Energy: -3113.47, Acceptance Ratio = 0.437871, Pressure = 2.33076
Step 65960000 - Total Energy: -3104.51, Acceptance Ratio = 0.437871, Pressure = 2.45477
Step 65970000 - Total Energy: -3143.73, Acceptance Ratio = 0.437871, Pressure = 2.04794
Step 65980000 - Total Energy: -3127.88, Acceptance Ratio = 0.437871, Pressure = 2.08275
Step 65990000 - Total Energy: -3105.88, Acceptance Ratio = 0.437872, Pressure = 2.33698
Step 66000000 - Total Energy: -3101.46, Acceptance Ratio = 0.437873, Pressure = 2.50569
Step 66010000 - Total Energy: -3108.5, Acceptance Ratio = 0.437873, Pressure = 2.37238
Step 66020000 - Total Energy: -3144.45, Acceptance Ratio = 0.437873, Pressure = 2.00435
Step 66030000 - Total Energy: -3133.65, Acceptance Ratio = 0.437872, Pressure = 2.04259
Step 66040000 - Total Energy: -3085.79, Acceptance Ratio = 0.43787, Pressure = 2.58633
Step 66050000 - Total Energy: -3115.17, Acceptance Ratio = 0.43787, Pressure = 2.32812
Step 66060000 - Total Energy: -3152.33, Acceptance Ratio = 0.43787, Pressure = 1.93797
Step 66070000 - Total Energy: -3100.57, Acceptance Ratio = 0.437871, Pressure = 2.42438
Step 66080000 - Total Energy: -3139.76, Acceptance Ratio = 0.437871, Pressure = 2.08115
Step 66090000 - Total Energy: -3104.77, Acceptance Ratio = 0.437871, Pressure = 2.43096
Step 66100000 - Total Energy: -3148.63, Acceptance Ratio = 0.437871, Pressure = 2.00618
Step 66110000 - Total Energy: -3142.6, Acceptance Ratio = 0.43787, Pressure = 2.09417
Step 66120000 - Total Energy: -3127.51, Acceptance Ratio = 0.437871, Pressure = 2.15323
Step 66130000 - Total Energy: -3128.2, Acceptance Ratio = 0.437869, Pressure = 2.14572
Step 66140000 - Total Energy: -3102.1, Acceptance Ratio = 0.437869, Pressure = 2.43242
Step 66150000 - Total Energy: -3115.65, Acceptance Ratio = 0.437868, Pressure = 2.29517
Step 66160000 - Total Energy: -3083.49, Acceptance Ratio = 0.437868, Pressure = 2.54238
Step 66170000 - Total Energy: -3125.34, Acceptance Ratio = 0.437868, Pressure = 2.16276
Step 66180000 - Total Energy: -3123.31, Acceptance Ratio = 0.437869, Pressure = 2.19146
Step 66190000 - Total Energy: -3108.82, Acceptance Ratio = 0.43787, Pressure = 2.25952
Step 66200000 - Total Energy: -3112.87, Acceptance Ratio = 0.43787, Pressure = 2.31812
Step 66210000 - Total Energy: -3102.23, Acceptance Ratio = 0.437871, Pressure = 2.3348
Step 66220000 - Total Energy: -3097.94, Acceptance Ratio = 0.437871, Pressure = 2.42951
Step 66230000 - Total Energy: -3133.51, Acceptance Ratio = 0.43787, Pressure = 2.06859
Step 66240000 - Total Energy: -3094.38, Acceptance Ratio = 0.43787, Pressure = 2.40496
Step 66250000 - Total Energy: -3099.35, Acceptance Ratio = 0.437871, Pressure = 2.39345
Step 66260000 - Total Energy: -3126.31, Acceptance Ratio = 0.43787, Pressure = 2.15922
Step 66270000 - Total Energy: -3109.25, Acceptance Ratio = 0.437869, Pressure = 2.29909
Step 66280000 - Total Energy: -3123.56, Acceptance Ratio = 0.43787, Pressure = 2.23055
Step 66290000 - Total Energy: -3145.34, Acceptance Ratio = 0.437871, Pressure = 1.95835
Step 66300000 - Total Energy: -3096.4, Acceptance Ratio = 0.437871, Pressure = 2.40086
Step 66310000 - Total Energy: -3092.38, Acceptance Ratio = 0.437872, Pressure = 2.56861
Step 66320000 - Total Energy: -3148.5, Acceptance Ratio = 0.437872, Pressure = 1.87098
Step 66330000 - Total Energy: -3121.85, Acceptance Ratio = 0.437872, Pressure = 2.23616
Step 66340000 - Total Energy: -3153.13, Acceptance Ratio = 0.437871, Pressure = 1.89694
Step 66350000 - Total Energy: -3124.52, Acceptance Ratio = 0.437872, Pressure = 2.10591
Step 66360000 - Total Energy: -3107.12, Acceptance Ratio = 0.437872, Pressure = 2.34147
Step 66370000 - Total Energy: -3118.88, Acceptance Ratio = 0.437872, Pressure = 2.22452
Step 66380000 - Total Energy: -3083.31, Acceptance Ratio = 0.437871, Pressure = 2.69222
Step 66390000 - Total Energy: -3130.08, Acceptance Ratio = 0.43787, Pressure = 2.23524
Step 66400000 - Total Energy: -3106.51, Acceptance Ratio = 0.43787, Pressure = 2.37364
Step 66410000 - Total Energy: -3093.64, Acceptance Ratio = 0.43787, Pressure = 2.55379
Step 66420000 - Total Energy: -3117.42, Acceptance Ratio = 0.43787, Pressure = 2.25832
Step 66430000 - Total Energy: -3108.83, Acceptance Ratio = 0.437871, Pressure = 2.34184
Step 66440000 - Total Energy: -3112.39, Acceptance Ratio = 0.43787, Pressure = 2.3219
Step 66450000 - Total Energy: -3109.43, Acceptance Ratio = 0.43787, Pressure = 2.39586
Step 66460000 - Total Energy: -3103.4, Acceptance Ratio = 0.43787, Pressure = 2.43084
Step 66470000 - Total Energy: -3123.71, Acceptance Ratio = 0.43787, Pressure = 2.1829
Step 66480000 - Total Energy: -3116.48, Acceptance Ratio = 0.437869, Pressure = 2.23694
Step 66490000 - Total Energy: -3096.98, Acceptance Ratio = 0.43787, Pressure = 2.52477
Step 66500000 - Total Energy: -3111.76, Acceptance Ratio = 0.43787, Pressure = 2.31294
Step 66510000 - Total Energy: -3123.11, Acceptance Ratio = 0.43787, Pressure = 2.15339
Step 66520000 - Total Energy: -3129.98, Acceptance Ratio = 0.43787, Pressure = 2.08914
Step 66530000 - Total Energy: -3128.8, Acceptance Ratio = 0.43787, Pressure = 2.20109
Step 66540000 - Total Energy: -3119.47, Acceptance Ratio = 0.437871, Pressure = 2.225
Step 66550000 - Total Energy: -3137.88, Acceptance Ratio = 0.437871, Pressure = 2.0566
Step 66560000 - Total Energy: -3099.76, Acceptance Ratio = 0.43787, Pressure = 2.46715
Step 66570000 - Total Energy: -3107.25, Acceptance Ratio = 0.437869, Pressure = 2.38497
Step 66580000 - Total Energy: -3096.12, Acceptance Ratio = 0.437867, Pressure = 2.53167
Step 66590000 - Total Energy: -3103.66, Acceptance Ratio = 0.437867, Pressure = 2.48853
Step 66600000 - Total Energy: -3089.32, Acceptance Ratio = 0.437866, Pressure = 2.52702
Step 66610000 - Total Energy: -3113.31, Acceptance Ratio = 0.437865, Pressure = 2.36241
Step 66620000 - Total Energy: -3094.74, Acceptance Ratio = 0.437864, Pressure = 2.47019
Step 66630000 - Total Energy: -3138.53, Acceptance Ratio = 0.437864, Pressure = 2.15325
Step 66640000 - Total Energy: -3121.43, Acceptance Ratio = 0.437863, Pressure = 2.17113
Step 66650000 - Total Energy: -3141.9, Acceptance Ratio = 0.437863, Pressure = 2.03814
Step 66660000 - Total Energy: -3081.67, Acceptance Ratio = 0.437864, Pressure = 2.57875
Step 66670000 - Total Energy: -3120.86, Acceptance Ratio = 0.437864, Pressure = 2.23206
Step 66680000 - Total Energy: -3106.47, Acceptance Ratio = 0.437863, Pressure = 2.3916
Step 66690000 - Total Energy: -3128.54, Acceptance Ratio = 0.437863, Pressure = 2.13764
Step 66700000 - Total Energy: -3107.56, Acceptance Ratio = 0.437861, Pressure = 2.34447
Step 66710000 - Total Energy: -3112.87, Acceptance Ratio = 0.437861, Pressure = 2.30862
Step 66720000 - Total Energy: -3116.44, Acceptance Ratio = 0.437861, Pressure = 2.22208
Step 66730000 - Total Energy: -3135.91, Acceptance Ratio = 0.437861, Pressure = 2.04987
Step 66740000 - Total Energy: -3127.75, Acceptance Ratio = 0.437863, Pressure = 2.19438
Step 66750000 - Total Energy: -3140.29, Acceptance Ratio = 0.437863, Pressure = 2.05341
Step 66760000 - Total Energy: -3167.14, Acceptance Ratio = 0.437864, Pressure = 1.75782
Step 66770000 - Total Energy: -3110.7, Acceptance Ratio = 0.437864, Pressure = 2.35737
Step 66780000 - Total Energy: -3129.18, Acceptance Ratio = 0.437865, Pressure = 2.14796
Step 66790000 - Total Energy: -3085.27, Acceptance Ratio = 0.437864, Pressure = 2.54704
Step 66800000 - Total Energy: -3111.37, Acceptance Ratio = 0.437864, Pressure = 2.27181
Step 66810000 - Total Energy: -3113.62, Acceptance Ratio = 0.437864, Pressure = 2.27071
Step 66820000 - Total Energy: -3125.02, Acceptance Ratio = 0.437865, Pressure = 2.27939
Step 66830000 - Total Energy: -3140.46, Acceptance Ratio = 0.437865, Pressure = 2.05685
Step 66840000 - Total Energy: -3151.03, Acceptance Ratio = 0.437866, Pressure = 2.01842
Step 66850000 - Total Energy: -3136.08, Acceptance Ratio = 0.437866, Pressure = 2.05189
Step 66860000 - Total Energy: -3107.77, Acceptance Ratio = 0.437866, Pressure = 2.38697
Step 66870000 - Total Energy: -3134.73, Acceptance Ratio = 0.437867, Pressure = 2.16064
Step 66880000 - Total Energy: -3110.99, Acceptance Ratio = 0.437866, Pressure = 2.37124
Step 66890000 - Total Energy: -3104.72, Acceptance Ratio = 0.437866, Pressure = 2.43264
Step 66900000 - Total Energy: -3109.06, Acceptance Ratio = 0.437865, Pressure = 2.40587
Step 66910000 - Total Energy: -3112.22, Acceptance Ratio = 0.437865, Pressure = 2.30585
Step 66920000 - Total Energy: -3129.3, Acceptance Ratio = 0.437864, Pressure = 2.18506
Step 66930000 - Total Energy: -3108.07, Acceptance Ratio = 0.437863, Pressure = 2.4041
Step 66940000 - Total Energy: -3113.68, Acceptance Ratio = 0.437863, Pressure = 2.33797
Step 66950000 - Total Energy: -3084.95, Acceptance Ratio = 0.437863, Pressure = 2.6234
Step 66960000 - Total Energy: -3115.58, Acceptance Ratio = 0.437862, Pressure = 2.31969
Step 66970000 - Total Energy: -3130.6, Acceptance Ratio = 0.437861, Pressure = 2.13037
Step 66980000 - Total Energy: -3099.51, Acceptance Ratio = 0.437862, Pressure = 2.42265
Step 66990000 - Total Energy: -3101.62, Acceptance Ratio = 0.437862, Pressure = 2.4711
Step 67000000 - Total Energy: -3100.1, Acceptance Ratio = 0.43786, Pressure = 2.41606
Step 67010000 - Total Energy: -3129.15, Acceptance Ratio = 0.437859, Pressure = 2.09797
Step 67020000 - Total Energy: -3088.48, Acceptance Ratio = 0.43786, Pressure = 2.54984
Step 67030000 - Total Energy: -3131.94, Acceptance Ratio = 0.437861, Pressure = 2.12806
Step 67040000 - Total Energy: -3121.19, Acceptance Ratio = 0.437861, Pressure = 2.23296
Step 67050000 - Total Energy: -3117.79, Acceptance Ratio = 0.43786, Pressure = 2.28635
Step 67060000 - Total Energy: -3157.16, Acceptance Ratio = 0.43786, Pressure = 1.9007
Step 67070000 - Total Energy: -3149.08, Acceptance Ratio = 0.43786, Pressure = 1.92075
Step 67080000 - Total Energy: -3137.82, Acceptance Ratio = 0.437861, Pressure = 2.0844
Step 67090000 - Total Energy: -3121.38, Acceptance Ratio = 0.437861, Pressure = 2.23327
Step 67100000 - Total Energy: -3127.55, Acceptance Ratio = 0.43786, Pressure = 2.24172
Step 67110000 - Total Energy: -3118.52, Acceptance Ratio = 0.43786, Pressure = 2.23581
Step 67120000 - Total Energy: -3129.32, Acceptance Ratio = 0.437859, Pressure = 2.14206
Step 67130000 - Total Energy: -3124.36, Acceptance Ratio = 0.43786, Pressure = 2.22777
Step 67140000 - Total Energy: -3100.96, Acceptance Ratio = 0.437861, Pressure = 2.4312
Step 67150000 - Total Energy: -3112.64, Acceptance Ratio = 0.437861, Pressure = 2.30046
Step 67160000 - Total Energy: -3119.9, Acceptance Ratio = 0.43786, Pressure = 2.14106
Step 67170000 - Total Energy: -3164.35, Acceptance Ratio = 0.437861, Pressure = 1.82833
Step 67180000 - Total Energy: -3135.96, Acceptance Ratio = 0.437862, Pressure = 2.08501
Step 67190000 - Total Energy: -3129.77, Acceptance Ratio = 0.437862, Pressure = 2.13916
Step 67200000 - Total Energy: -3136.99, Acceptance Ratio = 0.437863, Pressure = 2.042
Step 67210000 - Total Energy: -3100.34, Acceptance Ratio = 0.437864, Pressure = 2.4828
Step 67220000 - Total Energy: -3136.74, Acceptance Ratio = 0.437865, Pressure = 2.07526
Step 67230000 - Total Energy: -3123.51, Acceptance Ratio = 0.437863, Pressure = 2.22514
Step 67240000 - Total Energy: -3140.44, Acceptance Ratio = 0.437864, Pressure = 2.09051
Step 67250000 - Total Energy: -3116.08, Acceptance Ratio = 0.437865, Pressure = 2.36575
Step 67260000 - Total Energy: -3092.7, Acceptance Ratio = 0.437865, Pressure = 2.51015
Step 67270000 - Total Energy: -3117, Acceptance Ratio = 0.437864, Pressure = 2.26467
Step 67280000 - Total Energy: -3152.57, Acceptance Ratio = 0.437865, Pressure = 1.84186
Step 67290000 - Total Energy: -3153.75, Acceptance Ratio = 0.437866, Pressure = 1.83925
Step 67300000 - Total Energy: -3106.96, Acceptance Ratio = 0.437866, Pressure = 2.384
Step 67310000 - Total Energy: -3082.95, Acceptance Ratio = 0.437865, Pressure = 2.6244
Step 67320000 - Total Energy: -3129.42, Acceptance Ratio = 0.437865, Pressure = 2.08968
Step 67330000 - Total Energy: -3087.31, Acceptance Ratio = 0.437865, Pressure = 2.4637
Step 67340000 - Total Energy: -3113.21, Acceptance Ratio = 0.437864, Pressure = 2.23091
Step 67350000 - Total Energy: -3132.13, Acceptance Ratio = 0.437863, Pressure = 2.06015
Step 67360000 - Total Energy: -3128.4, Acceptance Ratio = 0.437863, Pressure = 2.12257
Step 67370000 - Total Energy: -3118.88, Acceptance Ratio = 0.437864, Pressure = 2.19737
Step 67380000 - Total Energy: -3134.29, Acceptance Ratio = 0.437863, Pressure = 2.0961
Step 67390000 - Total Energy: -3108.18, Acceptance Ratio = 0.437865, Pressure = 2.35621
Step 67400000 - Total Energy: -3082.82, Acceptance Ratio = 0.437864, Pressure = 2.58704
Step 67410000 - Total Energy: -3133.67, Acceptance Ratio = 0.437864, Pressure = 2.13827
Step 67420000 - Total Energy: -3118.33, Acceptance Ratio = 0.437864, Pressure = 2.17709
Step 67430000 - Total Energy: -3149.21, Acceptance Ratio = 0.437864, Pressure = 1.88765
Step 67440000 - Total Energy: -3162.66, Acceptance Ratio = 0.437865, Pressure = 1.86396
Step 67450000 - Total Energy: -3127.96, Acceptance Ratio = 0.437865, Pressure = 2.16888
Step 67460000 - Total Energy: -3143.06, Acceptance Ratio = 0.437865, Pressure = 2.01899
Step 67470000 - Total Energy: -3091.82, Acceptance Ratio = 0.437866, Pressure = 2.5138
Step 67480000 - Total Energy: -3124.21, Acceptance Ratio = 0.437865, Pressure = 2.17339
Step 67490000 - Total Energy: -3129.5, Acceptance Ratio = 0.437866, Pressure = 2.09964
Step 67500000 - Total Energy: -3136.64, Acceptance Ratio = 0.437867, Pressure = 2.02942
Step 67510000 - Total Energy: -3123.54, Acceptance Ratio = 0.437867, Pressure = 2.15077
Step 67520000 - Total Energy: -3132.54, Acceptance Ratio = 0.437868, Pressure = 2.15908
Step 67530000 - Total Energy: -3136.8, Acceptance Ratio = 0.437869, Pressure = 2.12182
Step 67540000 - Total Energy: -3111.05, Acceptance Ratio = 0.437868, Pressure = 2.31301
Step 67550000 - Total Energy: -3116.62, Acceptance Ratio = 0.437869, Pressure = 2.27768
Step 67560000 - Total Energy: -3065.64, Acceptance Ratio = 0.437868, Pressure = 2.73849
Step 67570000 - Total Energy: -3082.78, Acceptance Ratio = 0.437867, Pressure = 2.6478
Step 67580000 - Total Energy: -3124.85, Acceptance Ratio = 0.437866, Pressure = 2.15112
Step 67590000 - Total Energy: -3087.07, Acceptance Ratio = 0.437865, Pressure = 2.5299
Step 67600000 - Total Energy: -3078.67, Acceptance Ratio = 0.437864, Pressure = 2.63067
Step 67610000 - Total Energy: -3076.36, Acceptance Ratio = 0.437864, Pressure = 2.72622
Step 67620000 - Total Energy: -3090.81, Acceptance Ratio = 0.437861, Pressure = 2.56263
Step 67630000 - Total Energy: -3116.61, Acceptance Ratio = 0.437862, Pressure = 2.26045
Step 67640000 - Total Energy: -3107.88, Acceptance Ratio = 0.437862, Pressure = 2.38486
Step 67650000 - Total Energy: -3139.92, Acceptance Ratio = 0.437863, Pressure = 1.97283
Step 67660000 - Total Energy: -3106.49, Acceptance Ratio = 0.437863, Pressure = 2.38461
Step 67670000 - Total Energy: -3137.81, Acceptance Ratio = 0.437862, Pressure = 2.07137
Step 67680000 - Total Energy: -3118.32, Acceptance Ratio = 0.437861, Pressure = 2.24426
Step 67690000 - Total Energy: -3124.24, Acceptance Ratio = 0.437861, Pressure = 2.27823
Step 67700000 - Total Energy: -3099.99, Acceptance Ratio = 0.43786, Pressure = 2.44496
Step 67710000 - Total Energy: -3130.5, Acceptance Ratio = 0.437861, Pressure = 2.15057
Step 67720000 - Total Energy: -3120.24, Acceptance Ratio = 0.437861, Pressure = 2.14839
Step 67730000 - Total Energy: -3117.44, Acceptance Ratio = 0.437861, Pressure = 2.25959
Step 67740000 - Total Energy: -3119.81, Acceptance Ratio = 0.43786, Pressure = 2.14977
Step 67750000 - Total Energy: -3101.99, Acceptance Ratio = 0.437861, Pressure = 2.40117
Step 67760000 - Total Energy: -3122.05, Acceptance Ratio = 0.437862, Pressure = 2.20082
Step 67770000 - Total Energy: -3133.51, Acceptance Ratio = 0.437862, Pressure = 2.16696
Step 67780000 - Total Energy: -3133.68, Acceptance Ratio = 0.437862, Pressure = 2.18054
Step 67790000 - Total Energy: -3106.59, Acceptance Ratio = 0.437862, Pressure = 2.29336
Step 67800000 - Total Energy: -3110.49, Acceptance Ratio = 0.437862, Pressure = 2.28284
Step 67810000 - Total Energy: -3083.69, Acceptance Ratio = 0.437861, Pressure = 2.58174
Step 67820000 - Total Energy: -3078.69, Acceptance Ratio = 0.437859, Pressure = 2.62887
Step 67830000 - Total Energy: -3118.13, Acceptance Ratio = 0.43786, Pressure = 2.30072
Step 67840000 - Total Energy: -3106.59, Acceptance Ratio = 0.437861, Pressure = 2.35665
Step 67850000 - Total Energy: -3127.25, Acceptance Ratio = 0.437861, Pressure = 2.17102
Step 67860000 - Total Energy: -3137.83, Acceptance Ratio = 0.43786, Pressure = 2.10615
Step 67870000 - Total Energy: -3108.97, Acceptance Ratio = 0.437861, Pressure = 2.451
Step 67880000 - Total Energy: -3129.62, Acceptance Ratio = 0.437861, Pressure = 2.21364
Step 67890000 - Total Energy: -3147.41, Acceptance Ratio = 0.437861, Pressure = 1.95962
Step 67900000 - Total Energy: -3142.82, Acceptance Ratio = 0.43786, Pressure = 2.07896
Step 67910000 - Total Energy: -3144.17, Acceptance Ratio = 0.437861, Pressure = 2.01401
Step 67920000 - Total Energy: -3117.44, Acceptance Ratio = 0.437861, Pressure = 2.2951
Step 67930000 - Total Energy: -3118.74, Acceptance Ratio = 0.43786, Pressure = 2.19767
Step 67940000 - Total Energy: -3119.75, Acceptance Ratio = 0.43786, Pressure = 2.16815
Step 67950000 - Total Energy: -3107.59, Acceptance Ratio = 0.437861, Pressure = 2.34186
Step 67960000 - Total Energy: -3123.24, Acceptance Ratio = 0.437861, Pressure = 2.25339
Step 67970000 - Total Energy: -3152.52, Acceptance Ratio = 0.437862, Pressure = 1.93511
Step 67980000 - Total Energy: -3114.98, Acceptance Ratio = 0.437862, Pressure = 2.37092
Step 67990000 - Total Energy: -3114.07, Acceptance Ratio = 0.437863, Pressure = 2.27088
Step 68000000 - Total Energy: -3107.78, Acceptance Ratio = 0.437862, Pressure = 2.35568
Step 68010000 - Total Energy: -3114.3, Acceptance Ratio = 0.437863, Pressure = 2.26359
Step 68020000 - Total Energy: -3122.9, Acceptance Ratio = 0.437863, Pressure = 2.23416
Step 68030000 - Total Energy: -3146.8, Acceptance Ratio = 0.437862, Pressure = 1.96292
Step 68040000 - Total Energy: -3101.88, Acceptance Ratio = 0.437862, Pressure = 2.41297
Step 68050000 - Total Energy: -3127.03, Acceptance Ratio = 0.437863, Pressure = 2.16162
Step 68060000 - Total Energy: -3113.71, Acceptance Ratio = 0.437862, Pressure = 2.30731
Step 68070000 - Total Energy: -3099.64, Acceptance Ratio = 0.437862, Pressure = 2.4946
Step 68080000 - Total Energy: -3123.27, Acceptance Ratio = 0.437861, Pressure = 2.2491
Step 68090000 - Total Energy: -3137.01, Acceptance Ratio = 0.437862, Pressure = 2.09943
Step 68100000 - Total Energy: -3114.21, Acceptance Ratio = 0.43786, Pressure = 2.3032
Step 68110000 - Total Energy: -3093.62, Acceptance Ratio = 0.437861, Pressure = 2.50326
Step 68120000 - Total Energy: -3105.33, Acceptance Ratio = 0.437862, Pressure = 2.41268
Step 68130000 - Total Energy: -3098.11, Acceptance Ratio = 0.437862, Pressure = 2.47906
Step 68140000 - Total Energy: -3107.96, Acceptance Ratio = 0.43786, Pressure = 2.32607
Step 68150000 - Total Energy: -3097.99, Acceptance Ratio = 0.437859, Pressure = 2.43566
Step 68160000 - Total Energy: -3124.75, Acceptance Ratio = 0.437858, Pressure = 2.16568
Step 68170000 - Total Energy: -3143.2, Acceptance Ratio = 0.437859, Pressure = 2.02209
Step 68180000 - Total Energy: -3112.83, Acceptance Ratio = 0.43786, Pressure = 2.26907
Step 68190000 - Total Energy: -3077.92, Acceptance Ratio = 0.43786, Pressure = 2.5792
Step 68200000 - Total Energy: -3054.06, Acceptance Ratio = 0.437858, Pressure = 2.82109
Step 68210000 - Total Energy: -3079.03, Acceptance Ratio = 0.437857, Pressure = 2.58022
Step 68220000 - Total Energy: -3088.99, Acceptance Ratio = 0.437857, Pressure = 2.51023
Step 68230000 - Total Energy: -3067.32, Acceptance Ratio = 0.437857, Pressure = 2.68794
Step 68240000 - Total Energy: -3086.93, Acceptance Ratio = 0.437856, Pressure = 2.56345
Step 68250000 - Total Energy: -3138.45, Acceptance Ratio = 0.437856, Pressure = 2.08263
Step 68260000 - Total Energy: -3104.27, Acceptance Ratio = 0.437856, Pressure = 2.45532
Step 68270000 - Total Energy: -3132.71, Acceptance Ratio = 0.437856, Pressure = 2.12793
Step 68280000 - Total Energy: -3135.94, Acceptance Ratio = 0.437854, Pressure = 2.09587
Step 68290000 - Total Energy: -3110, Acceptance Ratio = 0.437855, Pressure = 2.39477
Step 68300000 - Total Energy: -3142.1, Acceptance Ratio = 0.437856, Pressure = 2.02511
Step 68310000 - Total Energy: -3133.86, Acceptance Ratio = 0.437856, Pressure = 2.08037
Step 68320000 - Total Energy: -3129.85, Acceptance Ratio = 0.437857, Pressure = 2.09767
Step 68330000 - Total Energy: -3136.17, Acceptance Ratio = 0.437857, Pressure = 2.08895
Step 68340000 - Total Energy: -3153.71, Acceptance Ratio = 0.437856, Pressure = 1.89164
Step 68350000 - Total Energy: -3141.29, Acceptance Ratio = 0.437857, Pressure = 1.9876
Step 68360000 - Total Energy: -3065.43, Acceptance Ratio = 0.437856, Pressure = 2.71424
Step 68370000 - Total Energy: -3065.72, Acceptance Ratio = 0.437854, Pressure = 2.75363
Step 68380000 - Total Energy: -3108.96, Acceptance Ratio = 0.437854, Pressure = 2.34096
Step 68390000 - Total Energy: -3089.01, Acceptance Ratio = 0.437855, Pressure = 2.5537
Step 68400000 - Total Energy: -3085.7, Acceptance Ratio = 0.437854, Pressure = 2.67041
Step 68410000 - Total Energy: -3077.03, Acceptance Ratio = 0.437853, Pressure = 2.73976
Step 68420000 - Total Energy: -3086.9, Acceptance Ratio = 0.437852, Pressure = 2.62373
Step 68430000 - Total Energy: -3080.5, Acceptance Ratio = 0.437851, Pressure = 2.57964
Step 68440000 - Total Energy: -3140.38, Acceptance Ratio = 0.43785, Pressure = 1.99384
Step 68450000 - Total Energy: -3153.57, Acceptance Ratio = 0.437851, Pressure = 1.98146
Step 68460000 - Total Energy: -3141.24, Acceptance Ratio = 0.43785, Pressure = 2.05832
Step 68470000 - Total Energy: -3130.56, Acceptance Ratio = 0.437849, Pressure = 2.16832
Step 68480000 - Total Energy: -3160.29, Acceptance Ratio = 0.437849, Pressure = 1.91852
Step 68490000 - Total Energy: -3127.87, Acceptance Ratio = 0.437848, Pressure = 2.1799
Step 68500000 - Total Energy: -3108.07, Acceptance Ratio = 0.437848, Pressure = 2.3553
Step 68510000 - Total Energy: -3133.96, Acceptance Ratio = 0.437848, Pressure = 2.18558
Step 68520000 - Total Energy: -3117.8, Acceptance Ratio = 0.437848, Pressure = 2.31486
Step 68530000 - Total Energy: -3119.28, Acceptance Ratio = 0.437848, Pressure = 2.29538
Step 68540000 - Total Energy: -3125.07, Acceptance Ratio = 0.437848, Pressure = 2.29204
Step 68550000 - Total Energy: -3111.28, Acceptance Ratio = 0.437849, Pressure = 2.2695
Step 68560000 - Total Energy: -3126.97, Acceptance Ratio = 0.437849, Pressure = 2.1469
Step 68570000 - Total Energy: -3127.31, Acceptance Ratio = 0.437849, Pressure = 2.17021
Step 68580000 - Total Energy: -3105.96, Acceptance Ratio = 0.437849, Pressure = 2.36469
Step 68590000 - Total Energy: -3107.74, Acceptance Ratio = 0.43785, Pressure = 2.34888
Step 68600000 - Total Energy: -3138.06, Acceptance Ratio = 0.43785, Pressure = 2.08773
Step 68610000 - Total Energy: -3086.41, Acceptance Ratio = 0.43785, Pressure = 2.57653
Step 68620000 - Total Energy: -3091.75, Acceptance Ratio = 0.43785, Pressure = 2.60109
Step 68630000 - Total Energy: -3091.46, Acceptance Ratio = 0.43785, Pressure = 2.49606
Step 68640000 - Total Energy: -3096.77, Acceptance Ratio = 0.43785, Pressure = 2.5244
Step 68650000 - Total Energy: -3126.87, Acceptance Ratio = 0.437851, Pressure = 2.24741
Step 68660000 - Total Energy: -3135.29, Acceptance Ratio = 0.437851, Pressure = 2.13675
Step 68670000 - Total Energy: -3112.3, Acceptance Ratio = 0.437853, Pressure = 2.37264
Step 68680000 - Total Energy: -3103.36, Acceptance Ratio = 0.437852, Pressure = 2.39809
Step 68690000 - Total Energy: -3126.34, Acceptance Ratio = 0.437851, Pressure = 2.18434
Step 68700000 - Total Energy: -3117.12, Acceptance Ratio = 0.437852, Pressure = 2.26071
Step 68710000 - Total Energy: -3112.39, Acceptance Ratio = 0.437852, Pressure = 2.333
Step 68720000 - Total Energy: -3124.52, Acceptance Ratio = 0.437852, Pressure = 2.16962
Step 68730000 - Total Energy: -3108.3, Acceptance Ratio = 0.437851, Pressure = 2.37895
Step 68740000 - Total Energy: -3148.13, Acceptance Ratio = 0.437849, Pressure = 1.96334
Step 68750000 - Total Energy: -3111.04, Acceptance Ratio = 0.43785, Pressure = 2.35658
Step 68760000 - Total Energy: -3106.7, Acceptance Ratio = 0.43785, Pressure = 2.36851
Step 68770000 - Total Energy: -3119.68, Acceptance Ratio = 0.43785, Pressure = 2.24894
Step 68780000 - Total Energy: -3110.91, Acceptance Ratio = 0.437849, Pressure = 2.36863
Step 68790000 - Total Energy: -3103.3, Acceptance Ratio = 0.43785, Pressure = 2.409
Step 68800000 - Total Energy: -3088.24, Acceptance Ratio = 0.43785, Pressure = 2.55989
Step 68810000 - Total Energy: -3125.75, Acceptance Ratio = 0.43785, Pressure = 2.2258
Step 68820000 - Total Energy: -3067.39, Acceptance Ratio = 0.437849, Pressure = 2.80765
Step 68830000 - Total Energy: -3126.93, Acceptance Ratio = 0.437849, Pressure = 2.28227
Step 68840000 - Total Energy: -3117.58, Acceptance Ratio = 0.437848, Pressure = 2.28844
Step 68850000 - Total Energy: -3114.69, Acceptance Ratio = 0.437848, Pressure = 2.32101
Step 68860000 - Total Energy: -3129.82, Acceptance Ratio = 0.437847, Pressure = 2.17004
Step 68870000 - Total Energy: -3126.39, Acceptance Ratio = 0.437846, Pressure = 2.15074
Step 68880000 - Total Energy: -3071.78, Acceptance Ratio = 0.437846, Pressure = 2.64717
Step 68890000 - Total Energy: -3098.69, Acceptance Ratio = 0.437846, Pressure = 2.42254
Step 68900000 - Total Energy: -3132.75, Acceptance Ratio = 0.437846, Pressure = 2.12759
Step 68910000 - Total Energy: -3136.96, Acceptance Ratio = 0.437847, Pressure = 2.0314
Step 68920000 - Total Energy: -3081.99, Acceptance Ratio = 0.437847, Pressure = 2.67393
Step 68930000 - Total Energy: -3135.38, Acceptance Ratio = 0.437847, Pressure = 2.1192
Step 68940000 - Total Energy: -3118.74, Acceptance Ratio = 0.437847, Pressure = 2.29122
Step 68950000 - Total Energy: -3116.27, Acceptance Ratio = 0.437847, Pressure = 2.40106
Step 68960000 - Total Energy: -3121.28, Acceptance Ratio = 0.437847, Pressure = 2.32079
Step 68970000 - Total Energy: -3116.18, Acceptance Ratio = 0.437847, Pressure = 2.31779
Step 68980000 - Total Energy: -3125.38, Acceptance Ratio = 0.437845, Pressure = 2.20268
Step 68990000 - Total Energy: -3090.95, Acceptance Ratio = 0.437844, Pressure = 2.5549
Step 69000000 - Total Energy: -3144, Acceptance Ratio = 0.437844, Pressure = 1.98935
Step 69010000 - Total Energy: -3115.77, Acceptance Ratio = 0.437844, Pressure = 2.29223
Step 69020000 - Total Energy: -3113.62, Acceptance Ratio = 0.437845, Pressure = 2.36393
Step 69030000 - Total Energy: -3093.5, Acceptance Ratio = 0.437844, Pressure = 2.5262
Step 69040000 - Total Energy: -3128.5, Acceptance Ratio = 0.437843, Pressure = 2.14806
Step 69050000 - Total Energy: -3137.47, Acceptance Ratio = 0.437843, Pressure = 2.09902
Step 69060000 - Total Energy: -3129.82, Acceptance Ratio = 0.437843, Pressure = 2.12439
Step 69070000 - Total Energy: -3153.3, Acceptance Ratio = 0.437843, Pressure = 1.94752
Step 69080000 - Total Energy: -3143.53, Acceptance Ratio = 0.437843, Pressure = 2.04942
Step 69090000 - Total Energy: -3119.52, Acceptance Ratio = 0.437843, Pressure = 2.38828
Step 69100000 - Total Energy: -3114.17, Acceptance Ratio = 0.437842, Pressure = 2.34596
Step 69110000 - Total Energy: -3106.25, Acceptance Ratio = 0.437842, Pressure = 2.43189
Step 69120000 - Total Energy: -3132.26, Acceptance Ratio = 0.437842, Pressure = 2.12699
Step 69130000 - Total Energy: -3082.76, Acceptance Ratio = 0.437843, Pressure = 2.54391
Step 69140000 - Total Energy: -3118.87, Acceptance Ratio = 0.437843, Pressure = 2.20739
Step 69150000 - Total Energy: -3129.45, Acceptance Ratio = 0.437842, Pressure = 2.13752
Step 69160000 - Total Energy: -3100.06, Acceptance Ratio = 0.437844, Pressure = 2.45986
Step 69170000 - Total Energy: -3094.44, Acceptance Ratio = 0.437844, Pressure = 2.53413
Step 69180000 - Total Energy: -3129.85, Acceptance Ratio = 0.437842, Pressure = 2.19759
Step 69190000 - Total Energy: -3078.28, Acceptance Ratio = 0.437842, Pressure = 2.68229
Step 69200000 - Total Energy: -3072.76, Acceptance Ratio = 0.437842, Pressure = 2.69643
Step 69210000 - Total Energy: -3111.28, Acceptance Ratio = 0.437841, Pressure = 2.35284
Step 69220000 - Total Energy: -3118.69, Acceptance Ratio = 0.437842, Pressure = 2.26736
Step 69230000 - Total Energy: -3088.54, Acceptance Ratio = 0.437842, Pressure = 2.54867
Step 69240000 - Total Energy: -3127.89, Acceptance Ratio = 0.437841, Pressure = 2.1595
Step 69250000 - Total Energy: -3121.93, Acceptance Ratio = 0.437841, Pressure = 2.20039
Step 69260000 - Total Energy: -3095.64, Acceptance Ratio = 0.437841, Pressure = 2.48462
Step 69270000 - Total Energy: -3117.85, Acceptance Ratio = 0.437841, Pressure = 2.34295
Step 69280000 - Total Energy: -3121.52, Acceptance Ratio = 0.437841, Pressure = 2.2448
Step 69290000 - Total Energy: -3140.08, Acceptance Ratio = 0.43784, Pressure = 2.10001
Step 69300000 - Total Energy: -3089.78, Acceptance Ratio = 0.437839, Pressure = 2.55109
Step 69310000 - Total Energy: -3108.92, Acceptance Ratio = 0.43784, Pressure = 2.44038
Step 69320000 - Total Energy: -3081.51, Acceptance Ratio = 0.437838, Pressure = 2.66287
Step 69330000 - Total Energy: -3093.77, Acceptance Ratio = 0.437839, Pressure = 2.5194
Step 69340000 - Total Energy: -3088.55, Acceptance Ratio = 0.437837, Pressure = 2.56267
Step 69350000 - Total Energy: -3124.88, Acceptance Ratio = 0.437837, Pressure = 2.20993
Step 69360000 - Total Energy: -3086.35, Acceptance Ratio = 0.437836, Pressure = 2.5608
Step 69370000 - Total Energy: -3088.48, Acceptance Ratio = 0.437836, Pressure = 2.60117
Step 69380000 - Total Energy: -3148.39, Acceptance Ratio = 0.437836, Pressure = 1.91272
Step 69390000 - Total Energy: -3149.21, Acceptance Ratio = 0.437837, Pressure = 1.90669
Step 69400000 - Total Energy: -3119.78, Acceptance Ratio = 0.437837, Pressure = 2.25562
Step 69410000 - Total Energy: -3132.72, Acceptance Ratio = 0.437838, Pressure = 2.03034
Step 69420000 - Total Energy: -3157.99, Acceptance Ratio = 0.437838, Pressure = 1.79458
Step 69430000 - Total Energy: -3135.48, Acceptance Ratio = 0.437838, Pressure = 2.09837
Step 69440000 - Total Energy: -3115.01, Acceptance Ratio = 0.437839, Pressure = 2.30603
Step 69450000 - Total Energy: -3124.93, Acceptance Ratio = 0.437839, Pressure = 2.16063
Step 69460000 - Total Energy: -3098.82, Acceptance Ratio = 0.437839, Pressure = 2.47363
Step 69470000 - Total Energy: -3131.56, Acceptance Ratio = 0.437838, Pressure = 2.09419
Step 69480000 - Total Energy: -3138.89, Acceptance Ratio = 0.437838, Pressure = 2.04559
Step 69490000 - Total Energy: -3124.62, Acceptance Ratio = 0.437839, Pressure = 2.16411
Step 69500000 - Total Energy: -3166.38, Acceptance Ratio = 0.437841, Pressure = 1.73373
Step 69510000 - Total Energy: -3119.97, Acceptance Ratio = 0.437839, Pressure = 2.15581
Step 69520000 - Total Energy: -3108.65, Acceptance Ratio = 0.43784, Pressure = 2.31272
Step 69530000 - Total Energy: -3105.42, Acceptance Ratio = 0.43784, Pressure = 2.39712
Step 69540000 - Total Energy: -3127.63, Acceptance Ratio = 0.43784, Pressure = 2.20284
Step 69550000 - Total Energy: -3116.82, Acceptance Ratio = 0.437838, Pressure = 2.30389
Step 69560000 - Total Energy: -3080.37, Acceptance Ratio = 0.437837, Pressure = 2.59225
Step 69570000 - Total Energy: -3102.05, Acceptance Ratio = 0.437837, Pressure = 2.41879
Step 69580000 - Total Energy: -3149.16, Acceptance Ratio = 0.437838, Pressure = 1.86779
Step 69590000 - Total Energy: -3116.69, Acceptance Ratio = 0.437839, Pressure = 2.17021
Step 69600000 - Total Energy: -3147.19, Acceptance Ratio = 0.437838, Pressure = 1.87179
Step 69610000 - Total Energy: -3096.19, Acceptance Ratio = 0.437838, Pressure = 2.41847
Step 69620000 - Total Energy: -3086.71, Acceptance Ratio = 0.437838, Pressure = 2.55684
Step 69630000 - Total Energy: -3147.36, Acceptance Ratio = 0.437838, Pressure = 2.00605
Step 69640000 - Total Energy: -3113.53, Acceptance Ratio = 0.437837, Pressure = 2.21093
Step 69650000 - Total Energy: -3120.46, Acceptance Ratio = 0.437838, Pressure = 2.19427
Step 69660000 - Total Energy: -3128.04, Acceptance Ratio = 0.437837, Pressure = 2.12136
Step 69670000 - Total Energy: -3111.94, Acceptance Ratio = 0.437838, Pressure = 2.35889
Step 69680000 - Total Energy: -3112.88, Acceptance Ratio = 0.437838, Pressure = 2.38019
Step 69690000 - Total Energy: -3088.85, Acceptance Ratio = 0.437838, Pressure = 2.60853
Step 69700000 - Total Energy: -3081.43, Acceptance Ratio = 0.437839, Pressure = 2.67426
Step 69710000 - Total Energy: -3106.08, Acceptance Ratio = 0.437838, Pressure = 2.37757
Step 69720000 - Total Energy: -3092.13, Acceptance Ratio = 0.437838, Pressure = 2.5936
Step 69730000 - Total Energy: -3119.4, Acceptance Ratio = 0.437837, Pressure = 2.25194
Step 69740000 - Total Energy: -3093.75, Acceptance Ratio = 0.437835, Pressure = 2.58368
Step 69750000 - Total Energy: -3070.08, Acceptance Ratio = 0.437835, Pressure = 2.79679
Step 69760000 - Total Energy: -3098.94, Acceptance Ratio = 0.437833, Pressure = 2.54654
Step 69770000 - Total Energy: -3108.49, Acceptance Ratio = 0.437832, Pressure = 2.3794
Step 69780000 - Total Energy: -3108.82, Acceptance Ratio = 0.437832, Pressure = 2.37543
Step 69790000 - Total Energy: -3074.03, Acceptance Ratio = 0.43783, Pressure = 2.64598
Step 69800000 - Total Energy: -3097.97, Acceptance Ratio = 0.43783, Pressure = 2.4944
Step 69810000 - Total Energy: -3146.79, Acceptance Ratio = 0.43783, Pressure = 1.976
Step 69820000 - Total Energy: -3105.91, Acceptance Ratio = 0.437831, Pressure = 2.3919
Step 69830000 - Total Energy: -3100.62, Acceptance Ratio = 0.43783, Pressure = 2.40089
Step 69840000 - Total Energy: -3091.9, Acceptance Ratio = 0.43783, Pressure = 2.54896
Step 69850000 - Total Energy: -3113.34, Acceptance Ratio = 0.437829, Pressure = 2.25333
Step 69860000 - Total Energy: -3099.6, Acceptance Ratio = 0.437829, Pressure = 2.42642
Step 69870000 - Total Energy: -3087.31, Acceptance Ratio = 0.437828, Pressure = 2.63507
Step 69880000 - Total Energy: -3089.82, Acceptance Ratio = 0.437828, Pressure = 2.47324
Step 69890000 - Total Energy: -3097.44, Acceptance Ratio = 0.437828, Pressure = 2.45336
Step 69900000 - Total Energy: -3073.97, Acceptance Ratio = 0.437829, Pressure = 2.6607
Step 69910000 - Total Energy: -3145.65, Acceptance Ratio = 0.437828, Pressure = 1.96145
Step 69920000 - Total Energy: -3100.11, Acceptance Ratio = 0.437828, Pressure = 2.4813
Step 69930000 - Total Energy: -3098.62, Acceptance Ratio = 0.437828, Pressure = 2.42763
Step 69940000 - Total Energy: -3131.02, Acceptance Ratio = 0.437829, Pressure = 2.06511
Step 69950000 - Total Energy: -3147.91, Acceptance Ratio = 0.437828, Pressure = 1.9509
Step 69960000 - Total Energy: -3127.84, Acceptance Ratio = 0.437829, Pressure = 2.18966
Step 69970000 - Total Energy: -3118.19, Acceptance Ratio = 0.437829, Pressure = 2.2159
Step 69980000 - Total Energy: -3125.36, Acceptance Ratio = 0.437831, Pressure = 2.1165
Step 69990000 - Total Energy: -3127.81, Acceptance Ratio = 0.437832, Pressure = 2.15793
Step 70000000 - Total Energy: -3150.44, Acceptance Ratio = 0.437832, Pressure = 1.92967
Step 70010000 - Total Energy: -3102.2, Acceptance Ratio = 0.437831, Pressure = 2.33205
Step 70020000 - Total Energy: -3086.59, Acceptance Ratio = 0.437831, Pressure = 2.50642
Step 70030000 - Total Energy: -3095.28, Acceptance Ratio = 0.43783, Pressure = 2.49191
Step 70040000 - Total Energy: -3108.18, Acceptance Ratio = 0.437831, Pressure = 2.35481
Step 70050000 - Total Energy: -3123.18, Acceptance Ratio = 0.437831, Pressure = 2.16628
Step 70060000 - Total Energy: -3126.21, Acceptance Ratio = 0.437832, Pressure = 2.15641
Step 70070000 - Total Energy: -3122.56, Acceptance Ratio = 0.437833, Pressure = 2.13564
Step 70080000 - Total Energy: -3118.43, Acceptance Ratio = 0.437833, Pressure = 2.22794
Step 70090000 - Total Energy: -3103.22, Acceptance Ratio = 0.437833, Pressure = 2.4431
Step 70100000 - Total Energy: -3120.03, Acceptance Ratio = 0.437834, Pressure = 2.224
Step 70110000 - Total Energy: -3142.2, Acceptance Ratio = 0.437834, Pressure = 1.99318
Step 70120000 - Total Energy: -3130.79, Acceptance Ratio = 0.437834, Pressure = 2.13847
Step 70130000 - Total Energy: -3112.85, Acceptance Ratio = 0.437835, Pressure = 2.39808
Step 70140000 - Total Energy: -3128.42, Acceptance Ratio = 0.437835, Pressure = 2.18299
Step 70150000 - Total Energy: -3120.4, Acceptance Ratio = 0.437835, Pressure = 2.32856
Step 70160000 - Total Energy: -3089.61, Acceptance Ratio = 0.437834, Pressure = 2.53981
Step 70170000 - Total Energy: -3063.12, Acceptance Ratio = 0.437835, Pressure = 2.83292
Step 70180000 - Total Energy: -3119.6, Acceptance Ratio = 0.437834, Pressure = 2.27747
Step 70190000 - Total Energy: -3111.72, Acceptance Ratio = 0.437833, Pressure = 2.37306
Step 70200000 - Total Energy: -3116.18, Acceptance Ratio = 0.437831, Pressure = 2.40618
Step 70210000 - Total Energy: -3114.92, Acceptance Ratio = 0.437832, Pressure = 2.3794
Step 70220000 - Total Energy: -3101.05, Acceptance Ratio = 0.437832, Pressure = 2.44661
Step 70230000 - Total Energy: -3154.81, Acceptance Ratio = 0.437832, Pressure = 1.88199
Step 70240000 - Total Energy: -3126.09, Acceptance Ratio = 0.437832, Pressure = 2.13447
Step 70250000 - Total Energy: -3140.04, Acceptance Ratio = 0.437832, Pressure = 2.06863
Step 70260000 - Total Energy: -3103.43, Acceptance Ratio = 0.437832, Pressure = 2.42952
Step 70270000 - Total Energy: -3105.76, Acceptance Ratio = 0.437831, Pressure = 2.39401
Step 70280000 - Total Energy: -3120.1, Acceptance Ratio = 0.437831, Pressure = 2.21547
Step 70290000 - Total Energy: -3092.11, Acceptance Ratio = 0.437831, Pressure = 2.55742
Step 70300000 - Total Energy: -3121.15, Acceptance Ratio = 0.437831, Pressure = 2.22877
Step 70310000 - Total Energy: -3122.17, Acceptance Ratio = 0.437832, Pressure = 2.2111
Step 70320000 - Total Energy: -3111.92, Acceptance Ratio = 0.437831, Pressure = 2.38449
Step 70330000 - Total Energy: -3150.95, Acceptance Ratio = 0.43783, Pressure = 2.01476
Step 70340000 - Total Energy: -3126.3, Acceptance Ratio = 0.437831, Pressure = 2.20912
Step 70350000 - Total Energy: -3146.84, Acceptance Ratio = 0.437833, Pressure = 1.99484
Step 70360000 - Total Energy: -3128.41, Acceptance Ratio = 0.437833, Pressure = 2.18458
Step 70370000 - Total Energy: -3136.21, Acceptance Ratio = 0.437832, Pressure = 2.10767
Step 70380000 - Total Energy: -3151.04, Acceptance Ratio = 0.437832, Pressure = 1.95044
Step 70390000 - Total Energy: -3140.28, Acceptance Ratio = 0.437832, Pressure = 2.02215
Step 70400000 - Total Energy: -3115.74, Acceptance Ratio = 0.437833, Pressure = 2.24357
Step 70410000 - Total Energy: -3077.9, Acceptance Ratio = 0.437833, Pressure = 2.6973
Step 70420000 - Total Energy: -3122, Acceptance Ratio = 0.437833, Pressure = 2.22974
Step 70430000 - Total Energy: -3096.86, Acceptance Ratio = 0.437832, Pressure = 2.47617
Step 70440000 - Total Energy: -3115.75, Acceptance Ratio = 0.437833, Pressure = 2.3065
Step 70450000 - Total Energy: -3142.3, Acceptance Ratio = 0.437831, Pressure = 1.9653
Step 70460000 - Total Energy: -3145.1, Acceptance Ratio = 0.437833, Pressure = 1.94448
Step 70470000 - Total Energy: -3160.22, Acceptance Ratio = 0.437834, Pressure = 1.84504
Step 70480000 - Total Energy: -3137.21, Acceptance Ratio = 0.437836, Pressure = 2.02331
Step 70490000 - Total Energy: -3169.51, Acceptance Ratio = 0.437837, Pressure = 1.78458
Step 70500000 - Total Energy: -3149.02, Acceptance Ratio = 0.437838, Pressure = 1.95371
Step 70510000 - Total Energy: -3171.81, Acceptance Ratio = 0.437837, Pressure = 1.7574
Step 70520000 - Total Energy: -3133.15, Acceptance Ratio = 0.437838, Pressure = 2.09279
Step 70530000 - Total Energy: -3149.82, Acceptance Ratio = 0.43784, Pressure = 2.02808
Step 70540000 - Total Energy: -3147.93, Acceptance Ratio = 0.43784, Pressure = 1.97163
Step 70550000 - Total Energy: -3148.66, Acceptance Ratio = 0.437839, Pressure = 2.01723
Step 70560000 - Total Energy: -3165.57, Acceptance Ratio = 0.437839, Pressure = 1.80812
Step 70570000 - Total Energy: -3155.68, Acceptance Ratio = 0.437839, Pressure = 1.93646
Step 70580000 - Total Energy: -3108.89, Acceptance Ratio = 0.43784, Pressure = 2.39865
Step 70590000 - Total Energy: -3141.72, Acceptance Ratio = 0.437841, Pressure = 2.02943
Step 70600000 - Total Energy: -3143.9, Acceptance Ratio = 0.437842, Pressure = 2.00398
Step 70610000 - Total Energy: -3108.4, Acceptance Ratio = 0.437842, Pressure = 2.38005
Step 70620000 - Total Energy: -3096.86, Acceptance Ratio = 0.437842, Pressure = 2.40854
Step 70630000 - Total Energy: -3141.94, Acceptance Ratio = 0.437843, Pressure = 2.02541
Step 70640000 - Total Energy: -3144.71, Acceptance Ratio = 0.437843, Pressure = 2.10243
Step 70650000 - Total Energy: -3116.44, Acceptance Ratio = 0.437843, Pressure = 2.34608
Step 70660000 - Total Energy: -3137.61, Acceptance Ratio = 0.437844, Pressure = 2.13082
Step 70670000 - Total Energy: -3117.87, Acceptance Ratio = 0.437842, Pressure = 2.24606
Step 70680000 - Total Energy: -3109.61, Acceptance Ratio = 0.437841, Pressure = 2.30706
Step 70690000 - Total Energy: -3134.17, Acceptance Ratio = 0.437841, Pressure = 2.10779
Step 70700000 - Total Energy: -3159.98, Acceptance Ratio = 0.437842, Pressure = 1.82263
Step 70710000 - Total Energy: -3132.41, Acceptance Ratio = 0.437843, Pressure = 2.15369
Step 70720000 - Total Energy: -3122.09, Acceptance Ratio = 0.437844, Pressure = 2.22472
Step 70730000 - Total Energy: -3122.9, Acceptance Ratio = 0.437845, Pressure = 2.20566
Step 70740000 - Total Energy: -3133.57, Acceptance Ratio = 0.437845, Pressure = 2.09611
Step 70750000 - Total Energy: -3099.68, Acceptance Ratio = 0.437843, Pressure = 2.46344
Step 70760000 - Total Energy: -3118.55, Acceptance Ratio = 0.437843, Pressure = 2.30919
Step 70770000 - Total Energy: -3132.72, Acceptance Ratio = 0.437843, Pressure = 2.07406
Step 70780000 - Total Energy: -3102.59, Acceptance Ratio = 0.437842, Pressure = 2.43342
Step 70790000 - Total Energy: -3106.57, Acceptance Ratio = 0.437843, Pressure = 2.3531
Step 70800000 - Total Energy: -3125.21, Acceptance Ratio = 0.437842, Pressure = 2.07451
Step 70810000 - Total Energy: -3150.1, Acceptance Ratio = 0.437841, Pressure = 1.95687
Step 70820000 - Total Energy: -3124.83, Acceptance Ratio = 0.43784, Pressure = 2.15582
Step 70830000 - Total Energy: -3149.94, Acceptance Ratio = 0.437839, Pressure = 1.94169
Step 70840000 - Total Energy: -3134.13, Acceptance Ratio = 0.437839, Pressure = 2.0646
Step 70850000 - Total Energy: -3097.04, Acceptance Ratio = 0.43784, Pressure = 2.37988
Step 70860000 - Total Energy: -3124.85, Acceptance Ratio = 0.43784, Pressure = 2.20327
Step 70870000 - Total Energy: -3126.47, Acceptance Ratio = 0.437839, Pressure = 2.16826
Step 70880000 - Total Energy: -3151.61, Acceptance Ratio = 0.43784, Pressure = 1.92277
Step 70890000 - Total Energy: -3152.84, Acceptance Ratio = 0.43784, Pressure = 1.88711
Step 70900000 - Total Energy: -3147.95, Acceptance Ratio = 0.437839, Pressure = 1.92786
Step 70910000 - Total Energy: -3138.29, Acceptance Ratio = 0.43784, Pressure = 2.03022
Step 70920000 - Total Energy: -3120.21, Acceptance Ratio = 0.437841, Pressure = 2.24739
Step 70930000 - Total Energy: -3130.54, Acceptance Ratio = 0.437842, Pressure = 2.08911
Step 70940000 - Total Energy: -3104.52, Acceptance Ratio = 0.43784, Pressure = 2.35603
Step 70950000 - Total Energy: -3120.63, Acceptance Ratio = 0.437841, Pressure = 2.18042
Step 70960000 - Total Energy: -3172.25, Acceptance Ratio = 0.437843, Pressure = 1.70192
Step 70970000 - Total Energy: -3167.43, Acceptance Ratio = 0.437844, Pressure = 1.7649
Step 70980000 - Total Energy: -3125.35, Acceptance Ratio = 0.437846, Pressure = 2.24779
Step 70990000 - Total Energy: -3115.5, Acceptance Ratio = 0.437845, Pressure = 2.25833
Step 71000000 - Total Energy: -3121.88, Acceptance Ratio = 0.437845, Pressure = 2.25376
Step 71010000 - Total Energy: -3154.56, Acceptance Ratio = 0.437844, Pressure = 1.92919
Step 71020000 - Total Energy: -3142.29, Acceptance Ratio = 0.437844, Pressure = 1.999
Step 71030000 - Total Energy: -3143.17, Acceptance Ratio = 0.437843, Pressure = 2.05405
Step 71040000 - Total Energy: -3094.26, Acceptance Ratio = 0.437844, Pressure = 2.55512
Step 71050000 - Total Energy: -3131.52, Acceptance Ratio = 0.437844, Pressure = 2.12558
Step 71060000 - Total Energy: -3111.41, Acceptance Ratio = 0.437844, Pressure = 2.32486
Step 71070000 - Total Energy: -3114.45, Acceptance Ratio = 0.437845, Pressure = 2.30318
Step 71080000 - Total Energy: -3120.37, Acceptance Ratio = 0.437844, Pressure = 2.23482
Step 71090000 - Total Energy: -3147.12, Acceptance Ratio = 0.437843, Pressure = 2.05287
Step 71100000 - Total Energy: -3138.94, Acceptance Ratio = 0.437842, Pressure = 2.08167
Step 71110000 - Total Energy: -3122.82, Acceptance Ratio = 0.437842, Pressure = 2.2151
Step 71120000 - Total Energy: -3116.13, Acceptance Ratio = 0.437841, Pressure = 2.31567
Step 71130000 - Total Energy: -3105.22, Acceptance Ratio = 0.437841, Pressure = 2.44814
Step 71140000 - Total Energy: -3115.17, Acceptance Ratio = 0.437841, Pressure = 2.29645
Step 71150000 - Total Energy: -3108.46, Acceptance Ratio = 0.437841, Pressure = 2.36666
Step 71160000 - Total Energy: -3108.86, Acceptance Ratio = 0.43784, Pressure = 2.39914
Step 71170000 - Total Energy: -3143.75, Acceptance Ratio = 0.437841, Pressure = 2.03138
Step 71180000 - Total Energy: -3120.79, Acceptance Ratio = 0.43784, Pressure = 2.24968
Step 71190000 - Total Energy: -3134.03, Acceptance Ratio = 0.437841, Pressure = 2.06982
Step 71200000 - Total Energy: -3120.53, Acceptance Ratio = 0.437841, Pressure = 2.10664
Step 71210000 - Total Energy: -3161.95, Acceptance Ratio = 0.437842, Pressure = 1.77772
Step 71220000 - Total Energy: -3080.24, Acceptance Ratio = 0.437843, Pressure = 2.63782
Step 71230000 - Total Energy: -3108.96, Acceptance Ratio = 0.437841, Pressure = 2.42648
Step 71240000 - Total Energy: -3118.41, Acceptance Ratio = 0.437842, Pressure = 2.28044
Step 71250000 - Total Energy: -3146.69, Acceptance Ratio = 0.437841, Pressure = 1.98797
Step 71260000 - Total Energy: -3130.86, Acceptance Ratio = 0.43784, Pressure = 2.17708
Step 71270000 - Total Energy: -3082.53, Acceptance Ratio = 0.43784, Pressure = 2.61921
Step 71280000 - Total Energy: -3112.94, Acceptance Ratio = 0.43784, Pressure = 2.29594
Step 71290000 - Total Energy: -3107.73, Acceptance Ratio = 0.437838, Pressure = 2.44697
Step 71300000 - Total Energy: -3096.25, Acceptance Ratio = 0.437838, Pressure = 2.46088
Step 71310000 - Total Energy: -3156.68, Acceptance Ratio = 0.437838, Pressure = 1.9336
Step 71320000 - Total Energy: -3151.37, Acceptance Ratio = 0.437838, Pressure = 1.88713
Step 71330000 - Total Energy: -3113.1, Acceptance Ratio = 0.437839, Pressure = 2.34681
Step 71340000 - Total Energy: -3123.83, Acceptance Ratio = 0.437839, Pressure = 2.21074
Step 71350000 - Total Energy: -3120.38, Acceptance Ratio = 0.437838, Pressure = 2.24703
Step 71360000 - Total Energy: -3145.99, Acceptance Ratio = 0.437839, Pressure = 2.07736
Step 71370000 - Total Energy: -3101.91, Acceptance Ratio = 0.437839, Pressure = 2.47295
Step 71380000 - Total Energy: -3102.03, Acceptance Ratio = 0.437838, Pressure = 2.41962
Step 71390000 - Total Energy: -3094.38, Acceptance Ratio = 0.437837, Pressure = 2.5529
Step 71400000 - Total Energy: -3094.84, Acceptance Ratio = 0.437837, Pressure = 2.54945
Step 71410000 - Total Energy: -3102.53, Acceptance Ratio = 0.437837, Pressure = 2.4097
Step 71420000 - Total Energy: -3079.93, Acceptance Ratio = 0.437836, Pressure = 2.6524
Step 71430000 - Total Energy: -3068.44, Acceptance Ratio = 0.437835, Pressure = 2.76544
Step 71440000 - Total Energy: -3114.79, Acceptance Ratio = 0.437835, Pressure = 2.34303
Step 71450000 - Total Energy: -3111.19, Acceptance Ratio = 0.437834, Pressure = 2.3907
Step 71460000 - Total Energy: -3084.05, Acceptance Ratio = 0.437832, Pressure = 2.57896
Step 71470000 - Total Energy: -3094.66, Acceptance Ratio = 0.437833, Pressure = 2.46413
Step 71480000 - Total Energy: -3118.57, Acceptance Ratio = 0.437833, Pressure = 2.30586
Step 71490000 - Total Energy: -3136.99, Acceptance Ratio = 0.437834, Pressure = 2.11179
Step 71500000 - Total Energy: -3113.5, Acceptance Ratio = 0.437833, Pressure = 2.30653
Step 71510000 - Total Energy: -3107.68, Acceptance Ratio = 0.437832, Pressure = 2.313
Step 71520000 - Total Energy: -3079.55, Acceptance Ratio = 0.437832, Pressure = 2.66785
Step 71530000 - Total Energy: -3103.6, Acceptance Ratio = 0.437831, Pressure = 2.43312
Step 71540000 - Total Energy: -3116.75, Acceptance Ratio = 0.437829, Pressure = 2.27798
Step 71550000 - Total Energy: -3128.23, Acceptance Ratio = 0.437828, Pressure = 2.18967
Step 71560000 - Total Energy: -3107.52, Acceptance Ratio = 0.437828, Pressure = 2.35597
Step 71570000 - Total Energy: -3070.86, Acceptance Ratio = 0.437828, Pressure = 2.77474
Step 71580000 - Total Energy: -3104.04, Acceptance Ratio = 0.437827, Pressure = 2.43809
Step 71590000 - Total Energy: -3110.9, Acceptance Ratio = 0.437826, Pressure = 2.27456
Step 71600000 - Total Energy: -3132.28, Acceptance Ratio = 0.437826, Pressure = 2.09374
Step 71610000 - Total Energy: -3129.43, Acceptance Ratio = 0.437826, Pressure = 2.07425
Step 71620000 - Total Energy: -3149.81, Acceptance Ratio = 0.437826, Pressure = 1.95311
Step 71630000 - Total Energy: -3148.55, Acceptance Ratio = 0.437827, Pressure = 1.9679
Step 71640000 - Total Energy: -3127.87, Acceptance Ratio = 0.437827, Pressure = 2.19521
Step 71650000 - Total Energy: -3120.57, Acceptance Ratio = 0.437826, Pressure = 2.26485
Step 71660000 - Total Energy: -3106.45, Acceptance Ratio = 0.437824, Pressure = 2.40757
Step 71670000 - Total Energy: -3119.68, Acceptance Ratio = 0.437823, Pressure = 2.23991
Step 71680000 - Total Energy: -3129.26, Acceptance Ratio = 0.437821, Pressure = 2.14951
Step 71690000 - Total Energy: -3092.86, Acceptance Ratio = 0.437821, Pressure = 2.45447
Step 71700000 - Total Energy: -3085.85, Acceptance Ratio = 0.437821, Pressure = 2.56594
Step 71710000 - Total Energy: -3125.33, Acceptance Ratio = 0.437818, Pressure = 2.18983
Step 71720000 - Total Energy: -3105.65, Acceptance Ratio = 0.437819, Pressure = 2.3602
Step 71730000 - Total Energy: -3093.66, Acceptance Ratio = 0.437819, Pressure = 2.49634
Step 71740000 - Total Energy: -3094.31, Acceptance Ratio = 0.43782, Pressure = 2.54732
Step 71750000 - Total Energy: -3093.39, Acceptance Ratio = 0.437819, Pressure = 2.49631
Step 71760000 - Total Energy: -3112.32, Acceptance Ratio = 0.437819, Pressure = 2.34127
Step 71770000 - Total Energy: -3134.95, Acceptance Ratio = 0.437819, Pressure = 2.06278
Step 71780000 - Total Energy: -3090.52, Acceptance Ratio = 0.437818, Pressure = 2.53223
Step 71790000 - Total Energy: -3124.05, Acceptance Ratio = 0.437818, Pressure = 2.22966
Step 71800000 - Total Energy: -3115.64, Acceptance Ratio = 0.437818, Pressure = 2.27148
Step 71810000 - Total Energy: -3102.07, Acceptance Ratio = 0.437818, Pressure = 2.51915
Step 71820000 - Total Energy: -3140.63, Acceptance Ratio = 0.437818, Pressure = 2.03642
Step 71830000 - Total Energy: -3149.26, Acceptance Ratio = 0.437817, Pressure = 1.93939
Step 71840000 - Total Energy: -3148.4, Acceptance Ratio = 0.437817, Pressure = 1.95566
Step 71850000 - Total Energy: -3124.39, Acceptance Ratio = 0.437817, Pressure = 2.21448
Step 71860000 - Total Energy: -3092.13, Acceptance Ratio = 0.437815, Pressure = 2.5022
Step 71870000 - Total Energy: -3100.4, Acceptance Ratio = 0.437814, Pressure = 2.44809
Step 71880000 - Total Energy: -3078.05, Acceptance Ratio = 0.437815, Pressure = 2.66479
Step 71890000 - Total Energy: -3105.95, Acceptance Ratio = 0.437813, Pressure = 2.3562
Step 71900000 - Total Energy: -3110.41, Acceptance Ratio = 0.437814, Pressure = 2.28877
Step 71910000 - Total Energy: -3108.33, Acceptance Ratio = 0.437813, Pressure = 2.30919
Step 71920000 - Total Energy: -3110.24, Acceptance Ratio = 0.437812, Pressure = 2.28321
Step 71930000 - Total Energy: -3134.17, Acceptance Ratio = 0.437813, Pressure = 2.05859
Step 71940000 - Total Energy: -3087.81, Acceptance Ratio = 0.437814, Pressure = 2.57109
Step 71950000 - Total Energy: -3100.76, Acceptance Ratio = 0.437814, Pressure = 2.47524
Step 71960000 - Total Energy: -3146.71, Acceptance Ratio = 0.437814, Pressure = 1.96761
Step 71970000 - Total Energy: -3152.97, Acceptance Ratio = 0.437815, Pressure = 1.94712
Step 71980000 - Total Energy: -3144.8, Acceptance Ratio = 0.437815, Pressure = 1.92683
Step 71990000 - Total Energy: -3137.12, Acceptance Ratio = 0.437815, Pressure = 2.01083
Step 72000000 - Total Energy: -3125, Acceptance Ratio = 0.437813, Pressure = 2.14967
Step 72010000 - Total Energy: -3087.07, Acceptance Ratio = 0.437814, Pressure = 2.45622
Step 72020000 - Total Energy: -3128.12, Acceptance Ratio = 0.437815, Pressure = 2.03968
Step 72030000 - Total Energy: -3124.59, Acceptance Ratio = 0.437815, Pressure = 2.08134
Step 72040000 - Total Energy: -3103.3, Acceptance Ratio = 0.437815, Pressure = 2.37464
Step 72050000 - Total Energy: -3133.5, Acceptance Ratio = 0.437815, Pressure = 2.16165
Step 72060000 - Total Energy: -3132.23, Acceptance Ratio = 0.437814, Pressure = 2.15831
Step 72070000 - Total Energy: -3150.62, Acceptance Ratio = 0.437814, Pressure = 1.85378
Step 72080000 - Total Energy: -3151.22, Acceptance Ratio = 0.437812, Pressure = 1.85931
Step 72090000 - Total Energy: -3106.17, Acceptance Ratio = 0.437812, Pressure = 2.37956
Step 72100000 - Total Energy: -3142.48, Acceptance Ratio = 0.437812, Pressure = 1.97807
Step 72110000 - Total Energy: -3132.2, Acceptance Ratio = 0.437812, Pressure = 2.12237
Step 72120000 - Total Energy: -3116.55, Acceptance Ratio = 0.437812, Pressure = 2.31069
Step 72130000 - Total Energy: -3150.03, Acceptance Ratio = 0.437812, Pressure = 1.89112
Step 72140000 - Total Energy: -3137.59, Acceptance Ratio = 0.437813, Pressure = 2.01302
Step 72150000 - Total Energy: -3146.51, Acceptance Ratio = 0.437814, Pressure = 1.90257
Step 72160000 - Total Energy: -3149.74, Acceptance Ratio = 0.437815, Pressure = 1.95562
Step 72170000 - Total Energy: -3101.97, Acceptance Ratio = 0.437815, Pressure = 2.44666
Step 72180000 - Total Energy: -3120.69, Acceptance Ratio = 0.437815, Pressure = 2.17488
Step 72190000 - Total Energy: -3122.27, Acceptance Ratio = 0.437816, Pressure = 2.20092
Step 72200000 - Total Energy: -3159.99, Acceptance Ratio = 0.437818, Pressure = 1.79122
Step 72210000 - Total Energy: -3104.89, Acceptance Ratio = 0.437819, Pressure = 2.32292
Step 72220000 - Total Energy: -3141.42, Acceptance Ratio = 0.437819, Pressure = 1.88611
Step 72230000 - Total Energy: -3154.62, Acceptance Ratio = 0.437821, Pressure = 1.83149
Step 72240000 - Total Energy: -3136.48, Acceptance Ratio = 0.437822, Pressure = 2.10918
Step 72250000 - Total Energy: -3144.61, Acceptance Ratio = 0.437822, Pressure = 1.92823
Step 72260000 - Total Energy: -3135.88, Acceptance Ratio = 0.437823, Pressure = 2.05755
Step 72270000 - Total Energy: -3144.33, Acceptance Ratio = 0.437823, Pressure = 2.03696
Step 72280000 - Total Energy: -3153.31, Acceptance Ratio = 0.437824, Pressure = 1.94773
Step 72290000 - Total Energy: -3107.58, Acceptance Ratio = 0.437823, Pressure = 2.34661
Step 72300000 - Total Energy: -3171.56, Acceptance Ratio = 0.437824, Pressure = 1.73992
Step 72310000 - Total Energy: -3125.55, Acceptance Ratio = 0.437824, Pressure = 2.11653
Step 72320000 - Total Energy: -3099.73, Acceptance Ratio = 0.437824, Pressure = 2.40913
Step 72330000 - Total Energy: -3127.67, Acceptance Ratio = 0.437824, Pressure = 2.13957
Step 72340000 - Total Energy: -3165.08, Acceptance Ratio = 0.437825, Pressure = 1.8222
Step 72350000 - Total Energy: -3168.08, Acceptance Ratio = 0.437825, Pressure = 1.70824
Step 72360000 - Total Energy: -3106.79, Acceptance Ratio = 0.437825, Pressure = 2.32509
Step 72370000 - Total Energy: -3109.39, Acceptance Ratio = 0.437826, Pressure = 2.33232
Step 72380000 - Total Energy: -3106.37, Acceptance Ratio = 0.437826, Pressure = 2.34452
Step 72390000 - Total Energy: -3143.74, Acceptance Ratio = 0.437826, Pressure = 1.96448
Step 72400000 - Total Energy: -3115.91, Acceptance Ratio = 0.437825, Pressure = 2.32148
Step 72410000 - Total Energy: -3135.3, Acceptance Ratio = 0.437825, Pressure = 2.10101
Step 72420000 - Total Energy: -3184.65, Acceptance Ratio = 0.437825, Pressure = 1.57483
Step 72430000 - Total Energy: -3141.87, Acceptance Ratio = 0.437826, Pressure = 1.94621
Step 72440000 - Total Energy: -3116.96, Acceptance Ratio = 0.437827, Pressure = 2.30953
Step 72450000 - Total Energy: -3147.16, Acceptance Ratio = 0.437826, Pressure = 1.98132
Step 72460000 - Total Energy: -3148.78, Acceptance Ratio = 0.437826, Pressure = 1.91474
Step 72470000 - Total Energy: -3126.6, Acceptance Ratio = 0.437826, Pressure = 2.18583
Step 72480000 - Total Energy: -3120.56, Acceptance Ratio = 0.437825, Pressure = 2.241
Step 72490000 - Total Energy: -3110.07, Acceptance Ratio = 0.437824, Pressure = 2.35212
Step 72500000 - Total Energy: -3100.64, Acceptance Ratio = 0.437825, Pressure = 2.4785
Step 72510000 - Total Energy: -3106.22, Acceptance Ratio = 0.437824, Pressure = 2.43249
Step 72520000 - Total Energy: -3149.63, Acceptance Ratio = 0.437823, Pressure = 1.97852
Step 72530000 - Total Energy: -3146.48, Acceptance Ratio = 0.437824, Pressure = 1.97211
Step 72540000 - Total Energy: -3122.82, Acceptance Ratio = 0.437823, Pressure = 2.17367
Step 72550000 - Total Energy: -3125.99, Acceptance Ratio = 0.437824, Pressure = 2.1782
Step 72560000 - Total Energy: -3161.51, Acceptance Ratio = 0.437826, Pressure = 1.75674
Step 72570000 - Total Energy: -3124.02, Acceptance Ratio = 0.437827, Pressure = 2.12613
Step 72580000 - Total Energy: -3164.85, Acceptance Ratio = 0.437827, Pressure = 1.73215
Step 72590000 - Total Energy: -3150.32, Acceptance Ratio = 0.437828, Pressure = 1.89441
Step 72600000 - Total Energy: -3111.48, Acceptance Ratio = 0.437828, Pressure = 2.24289
Step 72610000 - Total Energy: -3125.13, Acceptance Ratio = 0.437828, Pressure = 2.18241
Step 72620000 - Total Energy: -3136.23, Acceptance Ratio = 0.437829, Pressure = 2.03846
Step 72630000 - Total Energy: -3146.94, Acceptance Ratio = 0.437829, Pressure = 1.89533
Step 72640000 - Total Energy: -3103.15, Acceptance Ratio = 0.43783, Pressure = 2.38585
Step 72650000 - Total Energy: -3117.63, Acceptance Ratio = 0.43783, Pressure = 2.27094
Step 72660000 - Total Energy: -3113.2, Acceptance Ratio = 0.437829, Pressure = 2.28658
Step 72670000 - Total Energy: -3133.38, Acceptance Ratio = 0.437829, Pressure = 2.08907
Step 72680000 - Total Energy: -3119.14, Acceptance Ratio = 0.43783, Pressure = 2.20053
Step 72690000 - Total Energy: -3136.97, Acceptance Ratio = 0.437831, Pressure = 2.00386
Step 72700000 - Total Energy: -3118.74, Acceptance Ratio = 0.43783, Pressure = 2.23019
Step 72710000 - Total Energy: -3122.26, Acceptance Ratio = 0.437831, Pressure = 2.20792
Step 72720000 - Total Energy: -3149.23, Acceptance Ratio = 0.437832, Pressure = 1.88557
Step 72730000 - Total Energy: -3127.63, Acceptance Ratio = 0.437831, Pressure = 2.13762
Step 72740000 - Total Energy: -3130.91, Acceptance Ratio = 0.437832, Pressure = 2.08403
Step 72750000 - Total Energy: -3070.4, Acceptance Ratio = 0.437832, Pressure = 2.72686
Step 72760000 - Total Energy: -3125.76, Acceptance Ratio = 0.437833, Pressure = 2.12943
Step 72770000 - Total Energy: -3129.23, Acceptance Ratio = 0.437834, Pressure = 2.13044
Step 72780000 - Total Energy: -3132.12, Acceptance Ratio = 0.437835, Pressure = 2.13144
Step 72790000 - Total Energy: -3107.72, Acceptance Ratio = 0.437836, Pressure = 2.29745
Step 72800000 - Total Energy: -3143.25, Acceptance Ratio = 0.437837, Pressure = 2.04996
Step 72810000 - Total Energy: -3153.24, Acceptance Ratio = 0.437837, Pressure = 1.84747
Step 72820000 - Total Energy: -3102.75, Acceptance Ratio = 0.437839, Pressure = 2.39975
Step 72830000 - Total Energy: -3116.13, Acceptance Ratio = 0.437839, Pressure = 2.21896
Step 72840000 - Total Energy: -3161.92, Acceptance Ratio = 0.437839, Pressure = 1.78918
Step 72850000 - Total Energy: -3170.45, Acceptance Ratio = 0.437839, Pressure = 1.73006
Step 72860000 - Total Energy: -3127.99, Acceptance Ratio = 0.437839, Pressure = 2.1957
Step 72870000 - Total Energy: -3129.35, Acceptance Ratio = 0.437839, Pressure = 2.17852
Step 72880000 - Total Energy: -3092.23, Acceptance Ratio = 0.43784, Pressure = 2.46296
Step 72890000 - Total Energy: -3122.38, Acceptance Ratio = 0.43784, Pressure = 2.22065
Step 72900000 - Total Energy: -3137.72, Acceptance Ratio = 0.43784, Pressure = 2.07064
Step 72910000 - Total Energy: -3149.81, Acceptance Ratio = 0.437841, Pressure = 1.97444
Step 72920000 - Total Energy: -3119.09, Acceptance Ratio = 0.437841, Pressure = 2.19619
Step 72930000 - Total Energy: -3121.52, Acceptance Ratio = 0.437842, Pressure = 2.22337
Step 72940000 - Total Energy: -3113.28, Acceptance Ratio = 0.437844, Pressure = 2.29207
Step 72950000 - Total Energy: -3122.73, Acceptance Ratio = 0.437843, Pressure = 2.15552
Step 72960000 - Total Energy: -3118.13, Acceptance Ratio = 0.437843, Pressure = 2.13055
Step 72970000 - Total Energy: -3113.87, Acceptance Ratio = 0.437843, Pressure = 2.25939
Step 72980000 - Total Energy: -3085.59, Acceptance Ratio = 0.437843, Pressure = 2.5309
Step 72990000 - Total Energy: -3102.34, Acceptance Ratio = 0.437843, Pressure = 2.44756
Step 73000000 - Total Energy: -3148.21, Acceptance Ratio = 0.437843, Pressure = 1.97407
Step 73010000 - Total Energy: -3097.08, Acceptance Ratio = 0.437844, Pressure = 2.45687
Step 73020000 - Total Energy: -3127.87, Acceptance Ratio = 0.437845, Pressure = 2.0662
Step 73030000 - Total Energy: -3081.44, Acceptance Ratio = 0.437845, Pressure = 2.62758
Step 73040000 - Total Energy: -3095.3, Acceptance Ratio = 0.437846, Pressure = 2.42238
Step 73050000 - Total Energy: -3125.01, Acceptance Ratio = 0.437848, Pressure = 2.08724
Step 73060000 - Total Energy: -3115.92, Acceptance Ratio = 0.437847, Pressure = 2.25924
Step 73070000 - Total Energy: -3119.12, Acceptance Ratio = 0.437846, Pressure = 2.25368
Step 73080000 - Total Energy: -3150.72, Acceptance Ratio = 0.437847, Pressure = 1.88071
Step 73090000 - Total Energy: -3114.73, Acceptance Ratio = 0.437848, Pressure = 2.29834
Step 73100000 - Total Energy: -3159.53, Acceptance Ratio = 0.437848, Pressure = 1.89466
Step 73110000 - Total Energy: -3140.53, Acceptance Ratio = 0.437848, Pressure = 2.08537
Step 73120000 - Total Energy: -3154.01, Acceptance Ratio = 0.437848, Pressure = 1.9673
Step 73130000 - Total Energy: -3117.84, Acceptance Ratio = 0.437849, Pressure = 2.30792
Step 73140000 - Total Energy: -3067.78, Acceptance Ratio = 0.437849, Pressure = 2.78612
Step 73150000 - Total Energy: -3102.95, Acceptance Ratio = 0.43785, Pressure = 2.39861
Step 73160000 - Total Energy: -3118.5, Acceptance Ratio = 0.43785, Pressure = 2.29052
Step 73170000 - Total Energy: -3129.84, Acceptance Ratio = 0.43785, Pressure = 2.17583
Step 73180000 - Total Energy: -3129.12, Acceptance Ratio = 0.43785, Pressure = 2.21185
Step 73190000 - Total Energy: -3128.51, Acceptance Ratio = 0.43785, Pressure = 2.13818
Step 73200000 - Total Energy: -3121.93, Acceptance Ratio = 0.43785, Pressure = 2.30685
Step 73210000 - Total Energy: -3122.16, Acceptance Ratio = 0.43785, Pressure = 2.30602
Step 73220000 - Total Energy: -3108.5, Acceptance Ratio = 0.43785, Pressure = 2.31794
Step 73230000 - Total Energy: -3140.48, Acceptance Ratio = 0.43785, Pressure = 2.05168
Step 73240000 - Total Energy: -3103.41, Acceptance Ratio = 0.437849, Pressure = 2.39231
Step 73250000 - Total Energy: -3103, Acceptance Ratio = 0.437849, Pressure = 2.4305
Step 73260000 - Total Energy: -3076.37, Acceptance Ratio = 0.43785, Pressure = 2.66525
Step 73270000 - Total Energy: -3117.12, Acceptance Ratio = 0.43785, Pressure = 2.30012
Step 73280000 - Total Energy: -3108.21, Acceptance Ratio = 0.437849, Pressure = 2.28041
Step 73290000 - Total Energy: -3107.84, Acceptance Ratio = 0.437848, Pressure = 2.39412
Step 73300000 - Total Energy: -3112.28, Acceptance Ratio = 0.437848, Pressure = 2.29227
Step 73310000 - Total Energy: -3137.83, Acceptance Ratio = 0.437848, Pressure = 2.00863
Step 73320000 - Total Energy: -3153.6, Acceptance Ratio = 0.437848, Pressure = 1.88422
Step 73330000 - Total Energy: -3157.17, Acceptance Ratio = 0.43785, Pressure = 1.8101
Step 73340000 - Total Energy: -3131.01, Acceptance Ratio = 0.437849, Pressure = 2.14393
Step 73350000 - Total Energy: -3160.99, Acceptance Ratio = 0.437851, Pressure = 1.8004
Step 73360000 - Total Energy: -3131.06, Acceptance Ratio = 0.437851, Pressure = 2.1311
Step 73370000 - Total Energy: -3107.1, Acceptance Ratio = 0.437852, Pressure = 2.30151
Step 73380000 - Total Energy: -3123.56, Acceptance Ratio = 0.437852, Pressure = 2.24121
Step 73390000 - Total Energy: -3125.41, Acceptance Ratio = 0.437853, Pressure = 2.21521
Step 73400000 - Total Energy: -3091.1, Acceptance Ratio = 0.437853, Pressure = 2.56674
Step 73410000 - Total Energy: -3151.2, Acceptance Ratio = 0.437853, Pressure = 1.90611
Step 73420000 - Total Energy: -3116.2, Acceptance Ratio = 0.437853, Pressure = 2.2601
Step 73430000 - Total Energy: -3133.3, Acceptance Ratio = 0.437853, Pressure = 2.05769
Step 73440000 - Total Energy: -3104.09, Acceptance Ratio = 0.437852, Pressure = 2.3166
Step 73450000 - Total Energy: -3142.15, Acceptance Ratio = 0.437853, Pressure = 2.03667
Step 73460000 - Total Energy: -3116.91, Acceptance Ratio = 0.437852, Pressure = 2.32084
Step 73470000 - Total Energy: -3119.08, Acceptance Ratio = 0.437852, Pressure = 2.27894
Step 73480000 - Total Energy: -3115.2, Acceptance Ratio = 0.437852, Pressure = 2.29485
Step 73490000 - Total Energy: -3115.44, Acceptance Ratio = 0.437852, Pressure = 2.32176
Step 73500000 - Total Energy: -3137.87, Acceptance Ratio = 0.437851, Pressure = 2.06846
Step 73510000 - Total Energy: -3115.63, Acceptance Ratio = 0.43785, Pressure = 2.30352
Step 73520000 - Total Energy: -3105.79, Acceptance Ratio = 0.437851, Pressure = 2.39883
Step 73530000 - Total Energy: -3112.89, Acceptance Ratio = 0.437851, Pressure = 2.27457
Step 73540000 - Total Energy: -3128.23, Acceptance Ratio = 0.437851, Pressure = 2.14943
Step 73550000 - Total Energy: -3113.84, Acceptance Ratio = 0.437852, Pressure = 2.25867
Step 73560000 - Total Energy: -3056.77, Acceptance Ratio = 0.437852, Pressure = 2.83137
Step 73570000 - Total Energy: -3106.31, Acceptance Ratio = 0.437852, Pressure = 2.37009
Step 73580000 - Total Energy: -3113.64, Acceptance Ratio = 0.437852, Pressure = 2.29433
Step 73590000 - Total Energy: -3090.26, Acceptance Ratio = 0.437853, Pressure = 2.52747
Step 73600000 - Total Energy: -3160.4, Acceptance Ratio = 0.437853, Pressure = 1.9136
Step 73610000 - Total Energy: -3094.34, Acceptance Ratio = 0.437853, Pressure = 2.52532
Step 73620000 - Total Energy: -3137.68, Acceptance Ratio = 0.437852, Pressure = 2.12119
Step 73630000 - Total Energy: -3105.47, Acceptance Ratio = 0.437852, Pressure = 2.37556
Step 73640000 - Total Energy: -3145.99, Acceptance Ratio = 0.437853, Pressure = 1.94466
Step 73650000 - Total Energy: -3147.09, Acceptance Ratio = 0.437852, Pressure = 1.98874
Step 73660000 - Total Energy: -3126.23, Acceptance Ratio = 0.437852, Pressure = 2.2184
Step 73670000 - Total Energy: -3105.12, Acceptance Ratio = 0.437853, Pressure = 2.3157
Step 73680000 - Total Energy: -3081.81, Acceptance Ratio = 0.437852, Pressure = 2.64097
Step 73690000 - Total Energy: -3101.91, Acceptance Ratio = 0.437851, Pressure = 2.40428
Step 73700000 - Total Energy: -3118.47, Acceptance Ratio = 0.437851, Pressure = 2.21206
Step 73710000 - Total Energy: -3093.85, Acceptance Ratio = 0.437851, Pressure = 2.48152
Step 73720000 - Total Energy: -3090.34, Acceptance Ratio = 0.43785, Pressure = 2.55071
Step 73730000 - Total Energy: -3097.84, Acceptance Ratio = 0.43785, Pressure = 2.48245
Step 73740000 - Total Energy: -3095.19, Acceptance Ratio = 0.437848, Pressure = 2.45076
Step 73750000 - Total Energy: -3063.33, Acceptance Ratio = 0.437849, Pressure = 2.81477
Step 73760000 - Total Energy: -3134.8, Acceptance Ratio = 0.437847, Pressure = 2.1365
Step 73770000 - Total Energy: -3106.53, Acceptance Ratio = 0.437846, Pressure = 2.37346
Step 73780000 - Total Energy: -3104.69, Acceptance Ratio = 0.437845, Pressure = 2.4511
Step 73790000 - Total Energy: -3109.09, Acceptance Ratio = 0.437845, Pressure = 2.33251
Step 73800000 - Total Energy: -3157.23, Acceptance Ratio = 0.437846, Pressure = 1.92368
Step 73810000 - Total Energy: -3118.67, Acceptance Ratio = 0.437847, Pressure = 2.27462
Step 73820000 - Total Energy: -3120.01, Acceptance Ratio = 0.437848, Pressure = 2.1818
Step 73830000 - Total Energy: -3079.89, Acceptance Ratio = 0.437847, Pressure = 2.56708
Step 73840000 - Total Energy: -3111.98, Acceptance Ratio = 0.437847, Pressure = 2.32135
Step 73850000 - Total Energy: -3111.9, Acceptance Ratio = 0.437845, Pressure = 2.28222
Step 73860000 - Total Energy: -3141.9, Acceptance Ratio = 0.437846, Pressure = 2.006
Step 73870000 - Total Energy: -3112.06, Acceptance Ratio = 0.437846, Pressure = 2.31911
Step 73880000 - Total Energy: -3116.89, Acceptance Ratio = 0.437846, Pressure = 2.25137
Step 73890000 - Total Energy: -3093.82, Acceptance Ratio = 0.437845, Pressure = 2.49406
Step 73900000 - Total Energy: -3145.22, Acceptance Ratio = 0.437844, Pressure = 1.9516
Step 73910000 - Total Energy: -3097.3, Acceptance Ratio = 0.437845, Pressure = 2.44511
Step 73920000 - Total Energy: -3105.81, Acceptance Ratio = 0.437844, Pressure = 2.34238
Step 73930000 - Total Energy: -3137.33, Acceptance Ratio = 0.437845, Pressure = 1.99131
Step 73940000 - Total Energy: -3125.16, Acceptance Ratio = 0.437846, Pressure = 2.16291
Step 73950000 - Total Energy: -3099.64, Acceptance Ratio = 0.437844, Pressure = 2.45018
Step 73960000 - Total Energy: -3146.92, Acceptance Ratio = 0.437844, Pressure = 1.99733
Step 73970000 - Total Energy: -3120.11, Acceptance Ratio = 0.437845, Pressure = 2.21434
Step 73980000 - Total Energy: -3135.15, Acceptance Ratio = 0.437846, Pressure = 2.05914
Step 73990000 - Total Energy: -3134.25, Acceptance Ratio = 0.437847, Pressure = 2.09614
Step 74000000 - Total Energy: -3134.92, Acceptance Ratio = 0.437848, Pressure = 2.09744
Step 74010000 - Total Energy: -3140, Acceptance Ratio = 0.437847, Pressure = 2.10742
Step 74020000 - Total Energy: -3131.72, Acceptance Ratio = 0.437847, Pressure = 2.14042
Step 74030000 - Total Energy: -3142.06, Acceptance Ratio = 0.437846, Pressure = 2.07672
Step 74040000 - Total Energy: -3130.3, Acceptance Ratio = 0.437846, Pressure = 2.1464
Step 74050000 - Total Energy: -3135.7, Acceptance Ratio = 0.437846, Pressure = 2.07393
Step 74060000 - Total Energy: -3110.15, Acceptance Ratio = 0.437847, Pressure = 2.34448
Step 74070000 - Total Energy: -3149.59, Acceptance Ratio = 0.437846, Pressure = 1.96774
Step 74080000 - Total Energy: -3088.1, Acceptance Ratio = 0.437845, Pressure = 2.57179
Step 74090000 - Total Energy: -3145.65, Acceptance Ratio = 0.437844, Pressure = 1.99113
Step 74100000 - Total Energy: -3109.9, Acceptance Ratio = 0.437845, Pressure = 2.37194
Step 74110000 - Total Energy: -3118.79, Acceptance Ratio = 0.437845, Pressure = 2.26666
Step 74120000 - Total Energy: -3143.31, Acceptance Ratio = 0.437845, Pressure = 2.03669
Step 74130000 - Total Energy: -3111.8, Acceptance Ratio = 0.437846, Pressure = 2.35566
Step 74140000 - Total Energy: -3119.81, Acceptance Ratio = 0.437844, Pressure = 2.21188
Step 74150000 - Total Energy: -3087.93, Acceptance Ratio = 0.437844, Pressure = 2.5506
Step 74160000 - Total Energy: -3113.1, Acceptance Ratio = 0.437845, Pressure = 2.30105
Step 74170000 - Total Energy: -3141.41, Acceptance Ratio = 0.437845, Pressure = 2.00085
Step 74180000 - Total Energy: -3113.82, Acceptance Ratio = 0.437846, Pressure = 2.30015
Step 74190000 - Total Energy: -3145.3, Acceptance Ratio = 0.437846, Pressure = 1.99721
Step 74200000 - Total Energy: -3160.9, Acceptance Ratio = 0.437846, Pressure = 1.86995
Step 74210000 - Total Energy: -3109.08, Acceptance Ratio = 0.437848, Pressure = 2.3527
Step 74220000 - Total Energy: -3140.16, Acceptance Ratio = 0.437848, Pressure = 1.98526
Step 74230000 - Total Energy: -3121.8, Acceptance Ratio = 0.437849, Pressure = 2.22131
Step 74240000 - Total Energy: -3100.96, Acceptance Ratio = 0.437849, Pressure = 2.37732
Step 74250000 - Total Energy: -3107.23, Acceptance Ratio = 0.437849, Pressure = 2.32589
Step 74260000 - Total Energy: -3147.86, Acceptance Ratio = 0.437849, Pressure = 1.93168
Step 74270000 - Total Energy: -3088.44, Acceptance Ratio = 0.437849, Pressure = 2.44989
Step 74280000 - Total Energy: -3148.63, Acceptance Ratio = 0.437849, Pressure = 1.96035
Step 74290000 - Total Energy: -3111.72, Acceptance Ratio = 0.437849, Pressure = 2.29193
Step 74300000 - Total Energy: -3123.91, Acceptance Ratio = 0.437848, Pressure = 2.22251
Step 74310000 - Total Energy: -3119.96, Acceptance Ratio = 0.437848, Pressure = 2.27413
Step 74320000 - Total Energy: -3129.1, Acceptance Ratio = 0.437848, Pressure = 2.17312
Step 74330000 - Total Energy: -3127.16, Acceptance Ratio = 0.437848, Pressure = 2.18787
Step 74340000 - Total Energy: -3128.55, Acceptance Ratio = 0.437848, Pressure = 2.27557
Step 74350000 - Total Energy: -3076.77, Acceptance Ratio = 0.437847, Pressure = 2.62712
Step 74360000 - Total Energy: -3123.54, Acceptance Ratio = 0.437848, Pressure = 2.22128
Step 74370000 - Total Energy: -3108.2, Acceptance Ratio = 0.437847, Pressure = 2.41688
Step 74380000 - Total Energy: -3096.42, Acceptance Ratio = 0.437847, Pressure = 2.47445
Step 74390000 - Total Energy: -3102.67, Acceptance Ratio = 0.437847, Pressure = 2.48917
Step 74400000 - Total Energy: -3163.91, Acceptance Ratio = 0.437847, Pressure = 1.77364
Step 74410000 - Total Energy: -3074.37, Acceptance Ratio = 0.437848, Pressure = 2.60376
Step 74420000 - Total Energy: -3124.9, Acceptance Ratio = 0.437848, Pressure = 2.22122
Step 74430000 - Total Energy: -3105.58, Acceptance Ratio = 0.437848, Pressure = 2.42975
Step 74440000 - Total Energy: -3100.55, Acceptance Ratio = 0.437847, Pressure = 2.46608
Step 74450000 - Total Energy: -3077.84, Acceptance Ratio = 0.437846, Pressure = 2.69585
Step 74460000 - Total Energy: -3089.97, Acceptance Ratio = 0.437845, Pressure = 2.54834
Step 74470000 - Total Energy: -3138.31, Acceptance Ratio = 0.437845, Pressure = 2.05944
Step 74480000 - Total Energy: -3128.05, Acceptance Ratio = 0.437845, Pressure = 2.16716
Step 74490000 - Total Energy: -3129.71, Acceptance Ratio = 0.437845, Pressure = 2.12804
Step 74500000 - Total Energy: -3147.85, Acceptance Ratio = 0.437846, Pressure = 1.94031
Step 74510000 - Total Energy: -3119.59, Acceptance Ratio = 0.437845, Pressure = 2.22618
Step 74520000 - Total Energy: -3117.02, Acceptance Ratio = 0.437844, Pressure = 2.30391
Step 74530000 - Total Energy: -3101.34, Acceptance Ratio = 0.437843, Pressure = 2.51508
Step 74540000 - Total Energy: -3116.61, Acceptance Ratio = 0.437844, Pressure = 2.30238
Step 74550000 - Total Energy: -3150.15, Acceptance Ratio = 0.437845, Pressure = 1.94414
Step 74560000 - Total Energy: -3128.81, Acceptance Ratio = 0.437846, Pressure = 2.10938
Step 74570000 - Total Energy: -3154.27, Acceptance Ratio = 0.437847, Pressure = 1.87966
Step 74580000 - Total Energy: -3145.25, Acceptance Ratio = 0.437846, Pressure = 1.99123
Step 74590000 - Total Energy: -3123.83, Acceptance Ratio = 0.437846, Pressure = 2.17463
Step 74600000 - Total Energy: -3147.29, Acceptance Ratio = 0.437846, Pressure = 1.94301
Step 74610000 - Total Energy: -3120.74, Acceptance Ratio = 0.437846, Pressure = 2.17164
Step 74620000 - Total Energy: -3138.71, Acceptance Ratio = 0.437846, Pressure = 2.04699
Step 74630000 - Total Energy: -3147.49, Acceptance Ratio = 0.437845, Pressure = 1.90421
Step 74640000 - Total Energy: -3149.94, Acceptance Ratio = 0.437846, Pressure = 1.88066
Step 74650000 - Total Energy: -3151.67, Acceptance Ratio = 0.437846, Pressure = 1.86024
Step 74660000 - Total Energy: -3128.19, Acceptance Ratio = 0.437846, Pressure = 2.12975
Step 74670000 - Total Energy: -3132.84, Acceptance Ratio = 0.437846, Pressure = 2.04358
Step 74680000 - Total Energy: -3125.75, Acceptance Ratio = 0.437847, Pressure = 2.1617
Step 74690000 - Total Energy: -3140.51, Acceptance Ratio = 0.437849, Pressure = 1.96191
Step 74700000 - Total Energy: -3119.61, Acceptance Ratio = 0.437851, Pressure = 2.21711
Step 74710000 - Total Energy: -3122.14, Acceptance Ratio = 0.43785, Pressure = 2.22158
Step 74720000 - Total Energy: -3157.11, Acceptance Ratio = 0.437851, Pressure = 1.87009
Step 74730000 - Total Energy: -3140.08, Acceptance Ratio = 0.437852, Pressure = 2.08509
Step 74740000 - Total Energy: -3130.05, Acceptance Ratio = 0.437851, Pressure = 2.20696
Step 74750000 - Total Energy: -3103.74, Acceptance Ratio = 0.437852, Pressure = 2.36996
Step 74760000 - Total Energy: -3145.89, Acceptance Ratio = 0.437853, Pressure = 1.98579
Step 74770000 - Total Energy: -3118.64, Acceptance Ratio = 0.437853, Pressure = 2.29451
Step 74780000 - Total Energy: -3116.19, Acceptance Ratio = 0.437853, Pressure = 2.26612
Step 74790000 - Total Energy: -3140.82, Acceptance Ratio = 0.437853, Pressure = 2.01163
Step 74800000 - Total Energy: -3135.09, Acceptance Ratio = 0.437854, Pressure = 2.07365
Step 74810000 - Total Energy: -3118.57, Acceptance Ratio = 0.437854, Pressure = 2.22386
Step 74820000 - Total Energy: -3104.32, Acceptance Ratio = 0.437854, Pressure = 2.43663
Step 74830000 - Total Energy: -3130.77, Acceptance Ratio = 0.437854, Pressure = 2.22119
Step 74840000 - Total Energy: -3121.97, Acceptance Ratio = 0.437854, Pressure = 2.29054
Step 74850000 - Total Energy: -3139.91, Acceptance Ratio = 0.437853, Pressure = 2.05085
Step 74860000 - Total Energy: -3105.04, Acceptance Ratio = 0.437854, Pressure = 2.4089
Step 74870000 - Total Energy: -3065.11, Acceptance Ratio = 0.437855, Pressure = 2.78565
Step 74880000 - Total Energy: -3115.88, Acceptance Ratio = 0.437856, Pressure = 2.22721
Step 74890000 - Total Energy: -3116.34, Acceptance Ratio = 0.437856, Pressure = 2.27292
Step 74900000 - Total Energy: -3114.56, Acceptance Ratio = 0.437857, Pressure = 2.3121
Step 74910000 - Total Energy: -3081.78, Acceptance Ratio = 0.437858, Pressure = 2.62869
Step 74920000 - Total Energy: -3126.98, Acceptance Ratio = 0.437859, Pressure = 2.1805
Step 74930000 - Total Energy: -3118.91, Acceptance Ratio = 0.43786, Pressure = 2.22634
Step 74940000 - Total Energy: -3100.76, Acceptance Ratio = 0.437859, Pressure = 2.43155
Step 74950000 - Total Energy: -3116.35, Acceptance Ratio = 0.437859, Pressure = 2.20241
Step 74960000 - Total Energy: -3117.03, Acceptance Ratio = 0.437859, Pressure = 2.26891
Step 74970000 - Total Energy: -3127.83, Acceptance Ratio = 0.437859, Pressure = 2.17028
Step 74980000 - Total Energy: -3123.5, Acceptance Ratio = 0.43786, Pressure = 2.19489
Step 74990000 - Total Energy: -3138.2, Acceptance Ratio = 0.43786, Pressure = 2.14602
Step 75000000 - Total Energy: -3119.22, Acceptance Ratio = 0.43786, Pressure = 2.32142
Step 75010000 - Total Energy: -3102.07, Acceptance Ratio = 0.43786, Pressure = 2.36507
Step 75020000 - Total Energy: -3125.74, Acceptance Ratio = 0.43786, Pressure = 2.22576
Step 75030000 - Total Energy: -3126.13, Acceptance Ratio = 0.437861, Pressure = 2.15893
Step 75040000 - Total Energy: -3127.24, Acceptance Ratio = 0.437861, Pressure = 2.26394
Step 75050000 - Total Energy: -3116.21, Acceptance Ratio = 0.43786, Pressure = 2.30026
Step 75060000 - Total Energy: -3119.36, Acceptance Ratio = 0.437859, Pressure = 2.27747
Step 75070000 - Total Energy: -3107.15, Acceptance Ratio = 0.437859, Pressure = 2.36617
Step 75080000 - Total Energy: -3087.8, Acceptance Ratio = 0.437859, Pressure = 2.5746
Step 75090000 - Total Energy: -3101.45, Acceptance Ratio = 0.437858, Pressure = 2.43694
Step 75100000 - Total Energy: -3112.14, Acceptance Ratio = 0.437858, Pressure = 2.38388
Step 75110000 - Total Energy: -3111.36, Acceptance Ratio = 0.437859, Pressure = 2.34162
Step 75120000 - Total Energy: -3126.88, Acceptance Ratio = 0.437859, Pressure = 2.17913
Step 75130000 - Total Energy: -3106.45, Acceptance Ratio = 0.43786, Pressure = 2.31124
Step 75140000 - Total Energy: -3114.55, Acceptance Ratio = 0.43786, Pressure = 2.27004
Step 75150000 - Total Energy: -3089.68, Acceptance Ratio = 0.437861, Pressure = 2.58353
Step 75160000 - Total Energy: -3118.53, Acceptance Ratio = 0.43786, Pressure = 2.29786
Step 75170000 - Total Energy: -3129.38, Acceptance Ratio = 0.43786, Pressure = 2.11852
Step 75180000 - Total Energy: -3100.27, Acceptance Ratio = 0.43786, Pressure = 2.5185
Step 75190000 - Total Energy: -3099.68, Acceptance Ratio = 0.43786, Pressure = 2.4194
Step 75200000 - Total Energy: -3130.7, Acceptance Ratio = 0.437859, Pressure = 2.14271
Step 75210000 - Total Energy: -3115.06, Acceptance Ratio = 0.437859, Pressure = 2.27833
Step 75220000 - Total Energy: -3085.39, Acceptance Ratio = 0.437859, Pressure = 2.61669
Step 75230000 - Total Energy: -3106.69, Acceptance Ratio = 0.437859, Pressure = 2.44798
Step 75240000 - Total Energy: -3113.55, Acceptance Ratio = 0.437859, Pressure = 2.36382
Step 75250000 - Total Energy: -3110.85, Acceptance Ratio = 0.437859, Pressure = 2.39081
Step 75260000 - Total Energy: -3091.91, Acceptance Ratio = 0.437858, Pressure = 2.42233
Step 75270000 - Total Energy: -3133.03, Acceptance Ratio = 0.437859, Pressure = 2.11408
Step 75280000 - Total Energy: -3087.9, Acceptance Ratio = 0.437859, Pressure = 2.5167
Step 75290000 - Total Energy: -3099.94, Acceptance Ratio = 0.437858, Pressure = 2.45393
Step 75300000 - Total Energy: -3142.11, Acceptance Ratio = 0.437859, Pressure = 1.99899
Step 75310000 - Total Energy: -3117.07, Acceptance Ratio = 0.43786, Pressure = 2.23586
Step 75320000 - Total Energy: -3110.12, Acceptance Ratio = 0.43786, Pressure = 2.30188
Step 75330000 - Total Energy: -3122.73, Acceptance Ratio = 0.437861, Pressure = 2.1656
Step 75340000 - Total Energy: -3121.49, Acceptance Ratio = 0.43786, Pressure = 2.1823
Step 75350000 - Total Energy: -3131.61, Acceptance Ratio = 0.437861, Pressure = 2.08278
Step 75360000 - Total Energy: -3105.14, Acceptance Ratio = 0.437861, Pressure = 2.41537
Step 75370000 - Total Energy: -3127.85, Acceptance Ratio = 0.437862, Pressure = 2.1649
Step 75380000 - Total Energy: -3151.81, Acceptance Ratio = 0.437863, Pressure = 1.92849
Step 75390000 - Total Energy: -3125.33, Acceptance Ratio = 0.437862, Pressure = 2.22163
Step 75400000 - Total Energy: -3140.81, Acceptance Ratio = 0.437864, Pressure = 2.01768
Step 75410000 - Total Energy: -3110.24, Acceptance Ratio = 0.437865, Pressure = 2.36609
Step 75420000 - Total Energy: -3130.96, Acceptance Ratio = 0.437866, Pressure = 2.12853
Step 75430000 - Total Energy: -3069.86, Acceptance Ratio = 0.437866, Pressure = 2.73268
Step 75440000 - Total Energy: -3144.91, Acceptance Ratio = 0.437865, Pressure = 1.94251
Step 75450000 - Total Energy: -3137.93, Acceptance Ratio = 0.437866, Pressure = 2.0829
Step 75460000 - Total Energy: -3140.66, Acceptance Ratio = 0.437868, Pressure = 2.06531
Step 75470000 - Total Energy: -3140.55, Acceptance Ratio = 0.437867, Pressure = 2.12287
Step 75480000 - Total Energy: -3131.94, Acceptance Ratio = 0.437867, Pressure = 2.14781
Step 75490000 - Total Energy: -3144.06, Acceptance Ratio = 0.437867, Pressure = 2.09708
Step 75500000 - Total Energy: -3129.55, Acceptance Ratio = 0.437867, Pressure = 2.25396
Step 75510000 - Total Energy: -3125.2, Acceptance Ratio = 0.437866, Pressure = 2.26294
Step 75520000 - Total Energy: -3123.6, Acceptance Ratio = 0.437867, Pressure = 2.25015
Step 75530000 - Total Energy: -3130.17, Acceptance Ratio = 0.437867, Pressure = 2.11796
Step 75540000 - Total Energy: -3083.01, Acceptance Ratio = 0.437866, Pressure = 2.61427
Step 75550000 - Total Energy: -3107.95, Acceptance Ratio = 0.437866, Pressure = 2.33955
Step 75560000 - Total Energy: -3120.46, Acceptance Ratio = 0.437867, Pressure = 2.27569
Step 75570000 - Total Energy: -3174.14, Acceptance Ratio = 0.437867, Pressure = 1.66463
Step 75580000 - Total Energy: -3164.96, Acceptance Ratio = 0.437867, Pressure = 1.80374
Step 75590000 - Total Energy: -3168.05, Acceptance Ratio = 0.437868, Pressure = 1.78071
Step 75600000 - Total Energy: -3146.32, Acceptance Ratio = 0.437867, Pressure = 1.92855
Step 75610000 - Total Energy: -3134.13, Acceptance Ratio = 0.437868, Pressure = 2.07603
Step 75620000 - Total Energy: -3138.17, Acceptance Ratio = 0.437869, Pressure = 2.12413
Step 75630000 - Total Energy: -3156.56, Acceptance Ratio = 0.437868, Pressure = 1.86954
Step 75640000 - Total Energy: -3137.04, Acceptance Ratio = 0.43787, Pressure = 2.04493
Step 75650000 - Total Energy: -3150.83, Acceptance Ratio = 0.437869, Pressure = 1.95232
Step 75660000 - Total Energy: -3126.52, Acceptance Ratio = 0.437869, Pressure = 2.13572
Step 75670000 - Total Energy: -3166, Acceptance Ratio = 0.437869, Pressure = 1.75695
Step 75680000 - Total Energy: -3143.19, Acceptance Ratio = 0.437871, Pressure = 2.01503
Step 75690000 - Total Energy: -3136.92, Acceptance Ratio = 0.43787, Pressure = 2.03423
Step 75700000 - Total Energy: -3132.43, Acceptance Ratio = 0.437869, Pressure = 2.10073
Step 75710000 - Total Energy: -3144.76, Acceptance Ratio = 0.437871, Pressure = 1.95529
Step 75720000 - Total Energy: -3130.74, Acceptance Ratio = 0.437872, Pressure = 2.17012
Step 75730000 - Total Energy: -3141.32, Acceptance Ratio = 0.437872, Pressure = 2.07326
Step 75740000 - Total Energy: -3123.64, Acceptance Ratio = 0.437872, Pressure = 2.23582
Step 75750000 - Total Energy: -3161.98, Acceptance Ratio = 0.437872, Pressure = 1.85723
Step 75760000 - Total Energy: -3109.01, Acceptance Ratio = 0.437872, Pressure = 2.33224
Step 75770000 - Total Energy: -3133.86, Acceptance Ratio = 0.437872, Pressure = 2.13869
Step 75780000 - Total Energy: -3138.97, Acceptance Ratio = 0.437873, Pressure = 2.02366
Step 75790000 - Total Energy: -3139.82, Acceptance Ratio = 0.437874, Pressure = 1.94099
Step 75800000 - Total Energy: -3132.49, Acceptance Ratio = 0.437875, Pressure = 2.06386
Step 75810000 - Total Energy: -3137.12, Acceptance Ratio = 0.437875, Pressure = 2.14421
Step 75820000 - Total Energy: -3126.51, Acceptance Ratio = 0.437875, Pressure = 2.13052
Step 75830000 - Total Energy: -3081.15, Acceptance Ratio = 0.437875, Pressure = 2.58418
Step 75840000 - Total Energy: -3137.4, Acceptance Ratio = 0.437875, Pressure = 2.07527
Step 75850000 - Total Energy: -3118.82, Acceptance Ratio = 0.437875, Pressure = 2.22222
Step 75860000 - Total Energy: -3086.05, Acceptance Ratio = 0.437874, Pressure = 2.49536
Step 75870000 - Total Energy: -3128.18, Acceptance Ratio = 0.437875, Pressure = 2.10568
Step 75880000 - Total Energy: -3141.92, Acceptance Ratio = 0.437875, Pressure = 2.0113
Step 75890000 - Total Energy: -3123.58, Acceptance Ratio = 0.437874, Pressure = 2.16872
Step 75900000 - Total Energy: -3089.38, Acceptance Ratio = 0.437874, Pressure = 2.55859
Step 75910000 - Total Energy: -3083.97, Acceptance Ratio = 0.437874, Pressure = 2.60191
Step 75920000 - Total Energy: -3141.63, Acceptance Ratio = 0.437874, Pressure = 2.04895
Step 75930000 - Total Energy: -3126.21, Acceptance Ratio = 0.437874, Pressure = 2.1944
Step 75940000 - Total Energy: -3124.17, Acceptance Ratio = 0.437874, Pressure = 2.2337
Step 75950000 - Total Energy: -3148.93, Acceptance Ratio = 0.437874, Pressure = 1.89981
Step 75960000 - Total Energy: -3145.96, Acceptance Ratio = 0.437874, Pressure = 1.97328
Step 75970000 - Total Energy: -3135.66, Acceptance Ratio = 0.437874, Pressure = 2.04653
Step 75980000 - Total Energy: -3144.06, Acceptance Ratio = 0.437875, Pressure = 2.0465
Step 75990000 - Total Energy: -3129.06, Acceptance Ratio = 0.437876, Pressure = 2.15078
Step 76000000 - Total Energy: -3164.43, Acceptance Ratio = 0.437876, Pressure = 1.79362
Step 76010000 - Total Energy: -3174.93, Acceptance Ratio = 0.437877, Pressure = 1.66692
Step 76020000 - Total Energy: -3136.8, Acceptance Ratio = 0.437878, Pressure = 2.04469
Step 76030000 - Total Energy: -3142.54, Acceptance Ratio = 0.437879, Pressure = 1.9487
Step 76040000 - Total Energy: -3139.46, Acceptance Ratio = 0.43788, Pressure = 2.01881
Step 76050000 - Total Energy: -3112.5, Acceptance Ratio = 0.43788, Pressure = 2.29559
Step 76060000 - Total Energy: -3138.07, Acceptance Ratio = 0.43788, Pressure = 2.03553
Step 76070000 - Total Energy: -3119.46, Acceptance Ratio = 0.43788, Pressure = 2.18595
Step 76080000 - Total Energy: -3135.67, Acceptance Ratio = 0.437881, Pressure = 2.03856
Step 76090000 - Total Energy: -3084.02, Acceptance Ratio = 0.437882, Pressure = 2.52235
Step 76100000 - Total Energy: -3119.45, Acceptance Ratio = 0.437883, Pressure = 2.17183
Step 76110000 - Total Energy: -3127.99, Acceptance Ratio = 0.437884, Pressure = 2.15235
Step 76120000 - Total Energy: -3127.03, Acceptance Ratio = 0.437884, Pressure = 2.14502
Step 76130000 - Total Energy: -3125.26, Acceptance Ratio = 0.437883, Pressure = 2.14835
Step 76140000 - Total Energy: -3151.94, Acceptance Ratio = 0.437884, Pressure = 1.8767
Step 76150000 - Total Energy: -3114.91, Acceptance Ratio = 0.437884, Pressure = 2.28371
Step 76160000 - Total Energy: -3123.17, Acceptance Ratio = 0.437885, Pressure = 2.19864
Step 76170000 - Total Energy: -3135.08, Acceptance Ratio = 0.437885, Pressure = 2.10571
Step 76180000 - Total Energy: -3143.19, Acceptance Ratio = 0.437885, Pressure = 2.01949
Step 76190000 - Total Energy: -3146.44, Acceptance Ratio = 0.437885, Pressure = 1.98888
Step 76200000 - Total Energy: -3113.69, Acceptance Ratio = 0.437885, Pressure = 2.21889
Step 76210000 - Total Energy: -3149.93, Acceptance Ratio = 0.437886, Pressure = 1.89073
Step 76220000 - Total Energy: -3112.48, Acceptance Ratio = 0.437886, Pressure = 2.36467
Step 76230000 - Total Energy: -3119.75, Acceptance Ratio = 0.437887, Pressure = 2.13642
Step 76240000 - Total Energy: -3134.15, Acceptance Ratio = 0.437887, Pressure = 2.09033
Step 76250000 - Total Energy: -3152.56, Acceptance Ratio = 0.437887, Pressure = 1.89827
Step 76260000 - Total Energy: -3111.05, Acceptance Ratio = 0.437887, Pressure = 2.26732
Step 76270000 - Total Energy: -3133.02, Acceptance Ratio = 0.437888, Pressure = 2.08848
Step 76280000 - Total Energy: -3140.45, Acceptance Ratio = 0.437888, Pressure = 1.99296
Step 76290000 - Total Energy: -3149.01, Acceptance Ratio = 0.437889, Pressure = 1.88678
Step 76300000 - Total Energy: -3125.3, Acceptance Ratio = 0.43789, Pressure = 2.12021
Step 76310000 - Total Energy: -3104.3, Acceptance Ratio = 0.43789, Pressure = 2.36462
Step 76320000 - Total Energy: -3111.18, Acceptance Ratio = 0.437889, Pressure = 2.25228
Step 76330000 - Total Energy: -3140.22, Acceptance Ratio = 0.437889, Pressure = 2.00229
Step 76340000 - Total Energy: -3115.29, Acceptance Ratio = 0.437889, Pressure = 2.31362
Step 76350000 - Total Energy: -3110.47, Acceptance Ratio = 0.437889, Pressure = 2.26317
Step 76360000 - Total Energy: -3108.72, Acceptance Ratio = 0.43789, Pressure = 2.28976
Step 76370000 - Total Energy: -3105.94, Acceptance Ratio = 0.437891, Pressure = 2.38515
Step 76380000 - Total Energy: -3146.75, Acceptance Ratio = 0.437891, Pressure = 1.91528
Step 76390000 - Total Energy: -3139.94, Acceptance Ratio = 0.437891, Pressure = 1.94278
Step 76400000 - Total Energy: -3130, Acceptance Ratio = 0.437892, Pressure = 2.1089
Step 76410000 - Total Energy: -3115.29, Acceptance Ratio = 0.437892, Pressure = 2.30764
Step 76420000 - Total Energy: -3142.8, Acceptance Ratio = 0.437892, Pressure = 1.99348
Step 76430000 - Total Energy: -3158.49, Acceptance Ratio = 0.437893, Pressure = 1.82253
Step 76440000 - Total Energy: -3115.22, Acceptance Ratio = 0.437892, Pressure = 2.24402
Step 76450000 - Total Energy: -3120.51, Acceptance Ratio = 0.437892, Pressure = 2.18189
Step 76460000 - Total Energy: -3120.86, Acceptance Ratio = 0.437892, Pressure = 2.18567
Step 76470000 - Total Energy: -3091.18, Acceptance Ratio = 0.437893, Pressure = 2.50217
Step 76480000 - Total Energy: -3100.7, Acceptance Ratio = 0.437893, Pressure = 2.429
Step 76490000 - Total Energy: -3101.41, Acceptance Ratio = 0.437892, Pressure = 2.4385
Step 76500000 - Total Energy: -3129.68, Acceptance Ratio = 0.437892, Pressure = 2.14293
Step 76510000 - Total Energy: -3064, Acceptance Ratio = 0.437891, Pressure = 2.82797
Step 76520000 - Total Energy: -3118.39, Acceptance Ratio = 0.437889, Pressure = 2.37497
Step 76530000 - Total Energy: -3103.11, Acceptance Ratio = 0.437889, Pressure = 2.4302
Step 76540000 - Total Energy: -3103.42, Acceptance Ratio = 0.437888, Pressure = 2.475
Step 76550000 - Total Energy: -3126.25, Acceptance Ratio = 0.437887, Pressure = 2.18271
Step 76560000 - Total Energy: -3063.05, Acceptance Ratio = 0.437887, Pressure = 2.84148
Step 76570000 - Total Energy: -3118.98, Acceptance Ratio = 0.437888, Pressure = 2.27172
Step 76580000 - Total Energy: -3106.68, Acceptance Ratio = 0.437887, Pressure = 2.38127
Step 76590000 - Total Energy: -3128.43, Acceptance Ratio = 0.437887, Pressure = 2.09616
Step 76600000 - Total Energy: -3134.18, Acceptance Ratio = 0.437887, Pressure = 2.12091
Step 76610000 - Total Energy: -3133.51, Acceptance Ratio = 0.437888, Pressure = 2.12993
Step 76620000 - Total Energy: -3088.23, Acceptance Ratio = 0.437887, Pressure = 2.54088
Step 76630000 - Total Energy: -3089.97, Acceptance Ratio = 0.437887, Pressure = 2.51169
Step 76640000 - Total Energy: -3093.83, Acceptance Ratio = 0.437887, Pressure = 2.47322
Step 76650000 - Total Energy: -3125.51, Acceptance Ratio = 0.437887, Pressure = 2.14712
Step 76660000 - Total Energy: -3135.68, Acceptance Ratio = 0.437887, Pressure = 2.09142
Step 76670000 - Total Energy: -3099.68, Acceptance Ratio = 0.437888, Pressure = 2.41234
Step 76680000 - Total Energy: -3095.28, Acceptance Ratio = 0.437888, Pressure = 2.48083
Step 76690000 - Total Energy: -3114.39, Acceptance Ratio = 0.437889, Pressure = 2.29402
Step 76700000 - Total Energy: -3114.48, Acceptance Ratio = 0.437888, Pressure = 2.22626
Step 76710000 - Total Energy: -3137.63, Acceptance Ratio = 0.437889, Pressure = 2.08037
Step 76720000 - Total Energy: -3143.35, Acceptance Ratio = 0.43789, Pressure = 2.00998
Step 76730000 - Total Energy: -3127.56, Acceptance Ratio = 0.43789, Pressure = 2.18401
Step 76740000 - Total Energy: -3118.16, Acceptance Ratio = 0.437891, Pressure = 2.30716
Step 76750000 - Total Energy: -3146, Acceptance Ratio = 0.437892, Pressure = 1.97008
Step 76760000 - Total Energy: -3147.14, Acceptance Ratio = 0.437894, Pressure = 1.92022
Step 76770000 - Total Energy: -3136.84, Acceptance Ratio = 0.437894, Pressure = 2.05551
Step 76780000 - Total Energy: -3103.73, Acceptance Ratio = 0.437894, Pressure = 2.36457
Step 76790000 - Total Energy: -3110.82, Acceptance Ratio = 0.437895, Pressure = 2.3419
Step 76800000 - Total Energy: -3100.65, Acceptance Ratio = 0.437895, Pressure = 2.39917
Step 76810000 - Total Energy: -3118.22, Acceptance Ratio = 0.437893, Pressure = 2.31263
Step 76820000 - Total Energy: -3154.2, Acceptance Ratio = 0.437893, Pressure = 1.8773
Step 76830000 - Total Energy: -3106.01, Acceptance Ratio = 0.437893, Pressure = 2.34637
Step 76840000 - Total Energy: -3142.1, Acceptance Ratio = 0.437893, Pressure = 2.07599
Step 76850000 - Total Energy: -3169.17, Acceptance Ratio = 0.437894, Pressure = 1.7316
Step 76860000 - Total Energy: -3141.5, Acceptance Ratio = 0.437895, Pressure = 1.96809
Step 76870000 - Total Energy: -3142.09, Acceptance Ratio = 0.437895, Pressure = 1.99122
Step 76880000 - Total Energy: -3141.93, Acceptance Ratio = 0.437894, Pressure = 1.95608
Step 76890000 - Total Energy: -3139.59, Acceptance Ratio = 0.437895, Pressure = 1.98995
Step 76900000 - Total Energy: -3152.72, Acceptance Ratio = 0.437895, Pressure = 1.88676
Step 76910000 - Total Energy: -3112.24, Acceptance Ratio = 0.437895, Pressure = 2.3242
Step 76920000 - Total Energy: -3130.81, Acceptance Ratio = 0.437895, Pressure = 2.06543
Step 76930000 - Total Energy: -3109.32, Acceptance Ratio = 0.437896, Pressure = 2.32178
Step 76940000 - Total Energy: -3150.98, Acceptance Ratio = 0.437896, Pressure = 1.87632
Step 76950000 - Total Energy: -3136.8, Acceptance Ratio = 0.437896, Pressure = 1.98739
Step 76960000 - Total Energy: -3100.98, Acceptance Ratio = 0.437895, Pressure = 2.39024
Step 76970000 - Total Energy: -3125.78, Acceptance Ratio = 0.437895, Pressure = 2.15865
Step 76980000 - Total Energy: -3093.05, Acceptance Ratio = 0.437893, Pressure = 2.61459
Step 76990000 - Total Energy: -3108.64, Acceptance Ratio = 0.437893, Pressure = 2.39751
Step 77000000 - Total Energy: -3137.78, Acceptance Ratio = 0.437894, Pressure = 2.07693
Step 77010000 - Total Energy: -3122.75, Acceptance Ratio = 0.437894, Pressure = 2.24835
Step 77020000 - Total Energy: -3158.48, Acceptance Ratio = 0.437894, Pressure = 1.83649
Step 77030000 - Total Energy: -3130.2, Acceptance Ratio = 0.437894, Pressure = 2.10034
Step 77040000 - Total Energy: -3119.29, Acceptance Ratio = 0.437892, Pressure = 2.1699
Step 77050000 - Total Energy: -3091.2, Acceptance Ratio = 0.437891, Pressure = 2.571
Step 77060000 - Total Energy: -3100.2, Acceptance Ratio = 0.437891, Pressure = 2.42836
Step 77070000 - Total Energy: -3117.91, Acceptance Ratio = 0.437891, Pressure = 2.3218
Step 77080000 - Total Energy: -3134.84, Acceptance Ratio = 0.437891, Pressure = 2.18068
Step 77090000 - Total Energy: -3142.11, Acceptance Ratio = 0.437891, Pressure = 2.01816
Step 77100000 - Total Energy: -3136.35, Acceptance Ratio = 0.43789, Pressure = 2.1629
Step 77110000 - Total Energy: -3119.57, Acceptance Ratio = 0.437891, Pressure = 2.18866
Step 77120000 - Total Energy: -3126.23, Acceptance Ratio = 0.437891, Pressure = 2.21944
Step 77130000 - Total Energy: -3142.17, Acceptance Ratio = 0.437891, Pressure = 2.0316
Step 77140000 - Total Energy: -3147.13, Acceptance Ratio = 0.437892, Pressure = 1.95152
Step 77150000 - Total Energy: -3142.02, Acceptance Ratio = 0.437893, Pressure = 1.99007
Step 77160000 - Total Energy: -3116.51, Acceptance Ratio = 0.437894, Pressure = 2.27378
Step 77170000 - Total Energy: -3123.16, Acceptance Ratio = 0.437893, Pressure = 2.16935
Step 77180000 - Total Energy: -3138.91, Acceptance Ratio = 0.437893, Pressure = 2.02258
Step 77190000 - Total Energy: -3094.53, Acceptance Ratio = 0.437893, Pressure = 2.47893
Step 77200000 - Total Energy: -3117.92, Acceptance Ratio = 0.437894, Pressure = 2.20579
Step 77210000 - Total Energy: -3115.83, Acceptance Ratio = 0.437894, Pressure = 2.24049
Step 77220000 - Total Energy: -3107.28, Acceptance Ratio = 0.437895, Pressure = 2.40296
Step 77230000 - Total Energy: -3131.14, Acceptance Ratio = 0.437896, Pressure = 2.17317
Step 77240000 - Total Energy: -3128.98, Acceptance Ratio = 0.437897, Pressure = 2.16752
Step 77250000 - Total Energy: -3125.63, Acceptance Ratio = 0.437897, Pressure = 2.14387
Step 77260000 - Total Energy: -3142.32, Acceptance Ratio = 0.437897, Pressure = 2.04063
Step 77270000 - Total Energy: -3130.44, Acceptance Ratio = 0.437897, Pressure = 2.07427
Step 77280000 - Total Energy: -3102.42, Acceptance Ratio = 0.437898, Pressure = 2.36974
Step 77290000 - Total Energy: -3139.26, Acceptance Ratio = 0.437898, Pressure = 2.04482
Step 77300000 - Total Energy: -3155.64, Acceptance Ratio = 0.437898, Pressure = 1.9112
Step 77310000 - Total Energy: -3109.81, Acceptance Ratio = 0.437898, Pressure = 2.30684
Step 77320000 - Total Energy: -3127.28, Acceptance Ratio = 0.437898, Pressure = 2.25211
Step 77330000 - Total Energy: -3129.09, Acceptance Ratio = 0.437897, Pressure = 2.1353
Step 77340000 - Total Energy: -3144.61, Acceptance Ratio = 0.437898, Pressure = 1.9666
Step 77350000 - Total Energy: -3090.41, Acceptance Ratio = 0.437898, Pressure = 2.55179
Step 77360000 - Total Energy: -3104.83, Acceptance Ratio = 0.437898, Pressure = 2.4314
Step 77370000 - Total Energy: -3092.03, Acceptance Ratio = 0.437898, Pressure = 2.51821
Step 77380000 - Total Energy: -3108.59, Acceptance Ratio = 0.437897, Pressure = 2.35465
Step 77390000 - Total Energy: -3132.12, Acceptance Ratio = 0.437897, Pressure = 2.13237
Step 77400000 - Total Energy: -3125.87, Acceptance Ratio = 0.437896, Pressure = 2.19025
Step 77410000 - Total Energy: -3116.59, Acceptance Ratio = 0.437897, Pressure = 2.23154
Step 77420000 - Total Energy: -3152.43, Acceptance Ratio = 0.437897, Pressure = 1.85526
Step 77430000 - Total Energy: -3102.52, Acceptance Ratio = 0.437898, Pressure = 2.44433
Step 77440000 - Total Energy: -3102.68, Acceptance Ratio = 0.437896, Pressure = 2.3841
Step 77450000 - Total Energy: -3127.92, Acceptance Ratio = 0.437894, Pressure = 2.15779
Step 77460000 - Total Energy: -3104.34, Acceptance Ratio = 0.437894, Pressure = 2.3806
Step 77470000 - Total Energy: -3145.55, Acceptance Ratio = 0.437894, Pressure = 1.98805
Step 77480000 - Total Energy: -3120.7, Acceptance Ratio = 0.437894, Pressure = 2.25278
Step 77490000 - Total Energy: -3101.31, Acceptance Ratio = 0.437892, Pressure = 2.41813
Step 77500000 - Total Energy: -3126.61, Acceptance Ratio = 0.437891, Pressure = 2.17828
Step 77510000 - Total Energy: -3093.14, Acceptance Ratio = 0.43789, Pressure = 2.57056
Step 77520000 - Total Energy: -3136.03, Acceptance Ratio = 0.43789, Pressure = 2.08207
Step 77530000 - Total Energy: -3126.33, Acceptance Ratio = 0.437891, Pressure = 2.16772
Step 77540000 - Total Energy: -3160.74, Acceptance Ratio = 0.437892, Pressure = 1.83757
Step 77550000 - Total Energy: -3125.85, Acceptance Ratio = 0.437893, Pressure = 2.1446
Step 77560000 - Total Energy: -3136.47, Acceptance Ratio = 0.437894, Pressure = 2.0665
Step 77570000 - Total Energy: -3129, Acceptance Ratio = 0.437894, Pressure = 2.16651
Step 77580000 - Total Energy: -3099.63, Acceptance Ratio = 0.437893, Pressure = 2.43547
Step 77590000 - Total Energy: -3091.8, Acceptance Ratio = 0.437893, Pressure = 2.47234
Step 77600000 - Total Energy: -3117.13, Acceptance Ratio = 0.437892, Pressure = 2.22485
Step 77610000 - Total Energy: -3133.19, Acceptance Ratio = 0.437892, Pressure = 2.0388
Step 77620000 - Total Energy: -3103.62, Acceptance Ratio = 0.437893, Pressure = 2.39156
Step 77630000 - Total Energy: -3110.79, Acceptance Ratio = 0.437893, Pressure = 2.33026
Step 77640000 - Total Energy: -3147.8, Acceptance Ratio = 0.437893, Pressure = 1.9574
Step 77650000 - Total Energy: -3137.01, Acceptance Ratio = 0.437894, Pressure = 2.0542
Step 77660000 - Total Energy: -3113.5, Acceptance Ratio = 0.437895, Pressure = 2.2285
Step 77670000 - Total Energy: -3113.69, Acceptance Ratio = 0.437895, Pressure = 2.24376
Step 77680000 - Total Energy: -3115.9, Acceptance Ratio = 0.437896, Pressure = 2.32569
Step 77690000 - Total Energy: -3118.06, Acceptance Ratio = 0.437895, Pressure = 2.20097
Step 77700000 - Total Energy: -3107.97, Acceptance Ratio = 0.437895, Pressure = 2.37658
Step 77710000 - Total Energy: -3114.69, Acceptance Ratio = 0.437894, Pressure = 2.33631
Step 77720000 - Total Energy: -3139.67, Acceptance Ratio = 0.437893, Pressure = 2.09456
Step 77730000 - Total Energy: -3163.08, Acceptance Ratio = 0.437893, Pressure = 1.85835
Step 77740000 - Total Energy: -3105.44, Acceptance Ratio = 0.437893, Pressure = 2.39521
Step 77750000 - Total Energy: -3147.82, Acceptance Ratio = 0.437894, Pressure = 1.98479
Step 77760000 - Total Energy: -3121.85, Acceptance Ratio = 0.437895, Pressure = 2.23302
Step 77770000 - Total Energy: -3117.06, Acceptance Ratio = 0.437895, Pressure = 2.34344
Step 77780000 - Total Energy: -3133.77, Acceptance Ratio = 0.437896, Pressure = 2.07636
Step 77790000 - Total Energy: -3149.38, Acceptance Ratio = 0.437897, Pressure = 1.9871
Step 77800000 - Total Energy: -3162.84, Acceptance Ratio = 0.437898, Pressure = 1.86615
Step 77810000 - Total Energy: -3119.42, Acceptance Ratio = 0.437898, Pressure = 2.23177
Step 77820000 - Total Energy: -3132.2, Acceptance Ratio = 0.437899, Pressure = 2.08058
Step 77830000 - Total Energy: -3141.35, Acceptance Ratio = 0.437898, Pressure = 2.0451
Step 77840000 - Total Energy: -3109.77, Acceptance Ratio = 0.437898, Pressure = 2.28593
Step 77850000 - Total Energy: -3136.06, Acceptance Ratio = 0.437898, Pressure = 2.00507
Step 77860000 - Total Energy: -3107.11, Acceptance Ratio = 0.437898, Pressure = 2.35065
Step 77870000 - Total Energy: -3144.16, Acceptance Ratio = 0.437898, Pressure = 1.94464
Step 77880000 - Total Energy: -3106.26, Acceptance Ratio = 0.437898, Pressure = 2.32449
Step 77890000 - Total Energy: -3155.51, Acceptance Ratio = 0.437899, Pressure = 1.87008
Step 77900000 - Total Energy: -3127.54, Acceptance Ratio = 0.4379, Pressure = 2.13077
Step 77910000 - Total Energy: -3127.07, Acceptance Ratio = 0.4379, Pressure = 2.20202
Step 77920000 - Total Energy: -3155.05, Acceptance Ratio = 0.4379, Pressure = 1.85745
Step 77930000 - Total Energy: -3119.68, Acceptance Ratio = 0.437901, Pressure = 2.18578
Step 77940000 - Total Energy: -3157.88, Acceptance Ratio = 0.4379, Pressure = 1.79708
Step 77950000 - Total Energy: -3159.22, Acceptance Ratio = 0.4379, Pressure = 1.79386
Step 77960000 - Total Energy: -3134.43, Acceptance Ratio = 0.4379, Pressure = 2.05865
Step 77970000 - Total Energy: -3111.35, Acceptance Ratio = 0.4379, Pressure = 2.32552
Step 77980000 - Total Energy: -3125.73, Acceptance Ratio = 0.4379, Pressure = 2.15446
Step 77990000 - Total Energy: -3138.02, Acceptance Ratio = 0.437902, Pressure = 2.0627
Step 78000000 - Total Energy: -3149.33, Acceptance Ratio = 0.437903, Pressure = 1.88038
Step 78010000 - Total Energy: -3160.72, Acceptance Ratio = 0.437903, Pressure = 1.8047
Step 78020000 - Total Energy: -3164.79, Acceptance Ratio = 0.437903, Pressure = 1.80048
Step 78030000 - Total Energy: -3134.85, Acceptance Ratio = 0.437904, Pressure = 2.02467
Step 78040000 - Total Energy: -3134.88, Acceptance Ratio = 0.437904, Pressure = 2.06367
Step 78050000 - Total Energy: -3155.39, Acceptance Ratio = 0.437904, Pressure = 1.84215
Step 78060000 - Total Energy: -3124.25, Acceptance Ratio = 0.437904, Pressure = 2.19377
Step 78070000 - Total Energy: -3131.75, Acceptance Ratio = 0.437903, Pressure = 2.13806
Step 78080000 - Total Energy: -3153.16, Acceptance Ratio = 0.437903, Pressure = 1.88491
Step 78090000 - Total Energy: -3142.9, Acceptance Ratio = 0.437905, Pressure = 1.97412
Step 78100000 - Total Energy: -3137.24, Acceptance Ratio = 0.437905, Pressure = 2.09415
Step 78110000 - Total Energy: -3117.85, Acceptance Ratio = 0.437904, Pressure = 2.27095
Step 78120000 - Total Energy: -3143.57, Acceptance Ratio = 0.437904, Pressure = 1.96908
Step 78130000 - Total Energy: -3121.73, Acceptance Ratio = 0.437905, Pressure = 2.22322
Step 78140000 - Total Energy: -3092.97, Acceptance Ratio = 0.437904, Pressure = 2.52077
Step 78150000 - Total Energy: -3118.64, Acceptance Ratio = 0.437905, Pressure = 2.2323
Step 78160000 - Total Energy: -3096.73, Acceptance Ratio = 0.437904, Pressure = 2.46476
Step 78170000 - Total Energy: -3140.03, Acceptance Ratio = 0.437904, Pressure = 2.01864
Step 78180000 - Total Energy: -3130.04, Acceptance Ratio = 0.437903, Pressure = 2.09431
Step 78190000 - Total Energy: -3094.81, Acceptance Ratio = 0.437903, Pressure = 2.44643
Step 78200000 - Total Energy: -3124.84, Acceptance Ratio = 0.437902, Pressure = 2.18985
Step 78210000 - Total Energy: -3085.13, Acceptance Ratio = 0.437902, Pressure = 2.53355
Step 78220000 - Total Energy: -3100.6, Acceptance Ratio = 0.437901, Pressure = 2.3662
Step 78230000 - Total Energy: -3058.89, Acceptance Ratio = 0.4379, Pressure = 2.81364
Step 78240000 - Total Energy: -3092.73, Acceptance Ratio = 0.437899, Pressure = 2.47875
Step 78250000 - Total Energy: -3093.59, Acceptance Ratio = 0.437899, Pressure = 2.47269
Step 78260000 - Total Energy: -3124.59, Acceptance Ratio = 0.4379, Pressure = 2.18969
Step 78270000 - Total Energy: -3085.92, Acceptance Ratio = 0.4379, Pressure = 2.56101
Step 78280000 - Total Energy: -3103.1, Acceptance Ratio = 0.4379, Pressure = 2.35493
Step 78290000 - Total Energy: -3082.23, Acceptance Ratio = 0.4379, Pressure = 2.57279
Step 78300000 - Total Energy: -3083.84, Acceptance Ratio = 0.437901, Pressure = 2.55517
Step 78310000 - Total Energy: -3101.62, Acceptance Ratio = 0.437901, Pressure = 2.45031
Step 78320000 - Total Energy: -3096.37, Acceptance Ratio = 0.4379, Pressure = 2.48831
Step 78330000 - Total Energy: -3102.72, Acceptance Ratio = 0.437901, Pressure = 2.40963
Step 78340000 - Total Energy: -3121.01, Acceptance Ratio = 0.437901, Pressure = 2.19327
Step 78350000 - Total Energy: -3139.66, Acceptance Ratio = 0.4379, Pressure = 2.01839
Step 78360000 - Total Energy: -3139.13, Acceptance Ratio = 0.437899, Pressure = 2.0061
Step 78370000 - Total Energy: -3115.19, Acceptance Ratio = 0.437898, Pressure = 2.29228
Step 78380000 - Total Energy: -3119.38, Acceptance Ratio = 0.437899, Pressure = 2.2661
Step 78390000 - Total Energy: -3072.89, Acceptance Ratio = 0.437899, Pressure = 2.69936
Step 78400000 - Total Energy: -3095.01, Acceptance Ratio = 0.437898, Pressure = 2.53837
Step 78410000 - Total Energy: -3117.56, Acceptance Ratio = 0.437898, Pressure = 2.30456
Step 78420000 - Total Energy: -3108.4, Acceptance Ratio = 0.437898, Pressure = 2.42482
Step 78430000 - Total Energy: -3103.03, Acceptance Ratio = 0.437898, Pressure = 2.31392
Step 78440000 - Total Energy: -3100.27, Acceptance Ratio = 0.437898, Pressure = 2.37217
Step 78450000 - Total Energy: -3094.2, Acceptance Ratio = 0.437898, Pressure = 2.41814
Step 78460000 - Total Energy: -3085.02, Acceptance Ratio = 0.437897, Pressure = 2.52832
Step 78470000 - Total Energy: -3119.15, Acceptance Ratio = 0.437897, Pressure = 2.20401
Step 78480000 - Total Energy: -3153.19, Acceptance Ratio = 0.437897, Pressure = 1.8856
Step 78490000 - Total Energy: -3125.42, Acceptance Ratio = 0.437897, Pressure = 2.17983
Step 78500000 - Total Energy: -3111.05, Acceptance Ratio = 0.437897, Pressure = 2.31912
Step 78510000 - Total Energy: -3107.52, Acceptance Ratio = 0.437897, Pressure = 2.35054
Step 78520000 - Total Energy: -3139.64, Acceptance Ratio = 0.437896, Pressure = 1.93179
Step 78530000 - Total Energy: -3119.81, Acceptance Ratio = 0.437896, Pressure = 2.2146
Step 78540000 - Total Energy: -3143.26, Acceptance Ratio = 0.437897, Pressure = 2.03484
Step 78550000 - Total Energy: -3108.13, Acceptance Ratio = 0.437897, Pressure = 2.2932
Step 78560000 - Total Energy: -3106.04, Acceptance Ratio = 0.437897, Pressure = 2.33491
Step 78570000 - Total Energy: -3137.39, Acceptance Ratio = 0.437897, Pressure = 1.97648
Step 78580000 - Total Energy: -3121.49, Acceptance Ratio = 0.437897, Pressure = 2.15323
Step 78590000 - Total Energy: -3125.66, Acceptance Ratio = 0.437896, Pressure = 2.15948
Step 78600000 - Total Energy: -3154.74, Acceptance Ratio = 0.437897, Pressure = 1.82662
Step 78610000 - Total Energy: -3150.71, Acceptance Ratio = 0.437896, Pressure = 1.92779
Step 78620000 - Total Energy: -3147.11, Acceptance Ratio = 0.437897, Pressure = 1.91752
Step 78630000 - Total Energy: -3158.79, Acceptance Ratio = 0.437898, Pressure = 1.83759
Step 78640000 - Total Energy: -3144.26, Acceptance Ratio = 0.437898, Pressure = 1.93787
Step 78650000 - Total Energy: -3125.42, Acceptance Ratio = 0.437899, Pressure = 2.1237
Step 78660000 - Total Energy: -3163.82, Acceptance Ratio = 0.4379, Pressure = 1.81531
Step 78670000 - Total Energy: -3143.51, Acceptance Ratio = 0.4379, Pressure = 1.9527
Step 78680000 - Total Energy: -3156.29, Acceptance Ratio = 0.437901, Pressure = 1.85104
Step 78690000 - Total Energy: -3102.51, Acceptance Ratio = 0.437902, Pressure = 2.35603
Step 78700000 - Total Energy: -3165.45, Acceptance Ratio = 0.437903, Pressure = 1.77899
Step 78710000 - Total Energy: -3158.07, Acceptance Ratio = 0.437903, Pressure = 1.90424
Step 78720000 - Total Energy: -3152.72, Acceptance Ratio = 0.437904, Pressure = 1.94337
Step 78730000 - Total Energy: -3126.3, Acceptance Ratio = 0.437905, Pressure = 2.12075
Step 78740000 - Total Energy: -3150.23, Acceptance Ratio = 0.437905, Pressure = 1.87688
Step 78750000 - Total Energy: -3135.3, Acceptance Ratio = 0.437905, Pressure = 2.05665
Step 78760000 - Total Energy: -3160.05, Acceptance Ratio = 0.437905, Pressure = 1.7669
Step 78770000 - Total Energy: -3155.45, Acceptance Ratio = 0.437907, Pressure = 1.84896
Step 78780000 - Total Energy: -3117.05, Acceptance Ratio = 0.437907, Pressure = 2.26774
Step 78790000 - Total Energy: -3138.7, Acceptance Ratio = 0.437907, Pressure = 2.04829
Step 78800000 - Total Energy: -3163.38, Acceptance Ratio = 0.437908, Pressure = 1.76598
Step 78810000 - Total Energy: -3165.98, Acceptance Ratio = 0.437909, Pressure = 1.74251
Step 78820000 - Total Energy: -3155, Acceptance Ratio = 0.43791, Pressure = 1.87782
Step 78830000 - Total Energy: -3140.69, Acceptance Ratio = 0.43791, Pressure = 2.0396
Step 78840000 - Total Energy: -3150.13, Acceptance Ratio = 0.43791, Pressure = 1.95673
Step 78850000 - Total Energy: -3136.59, Acceptance Ratio = 0.437909, Pressure = 2.05345
Step 78860000 - Total Energy: -3116.99, Acceptance Ratio = 0.437909, Pressure = 2.22558
Step 78870000 - Total Energy: -3128.66, Acceptance Ratio = 0.437909, Pressure = 2.18814
Step 78880000 - Total Energy: -3101.21, Acceptance Ratio = 0.43791, Pressure = 2.43718
Step 78890000 - Total Energy: -3114.84, Acceptance Ratio = 0.437911, Pressure = 2.33619
Step 78900000 - Total Energy: -3115.13, Acceptance Ratio = 0.437911, Pressure = 2.34685
Step 78910000 - Total Energy: -3111.32, Acceptance Ratio = 0.43791, Pressure = 2.37008
Step 78920000 - Total Energy: -3108.86, Acceptance Ratio = 0.437911, Pressure = 2.37092
Step 78930000 - Total Energy: -3113.86, Acceptance Ratio = 0.437911, Pressure = 2.29417
Step 78940000 - Total Energy: -3074, Acceptance Ratio = 0.437911, Pressure = 2.6857
Step 78950000 - Total Energy: -3114.84, Acceptance Ratio = 0.437911, Pressure = 2.37743
Step 78960000 - Total Energy: -3120.88, Acceptance Ratio = 0.437911, Pressure = 2.25747
Step 78970000 - Total Energy: -3114.61, Acceptance Ratio = 0.437911, Pressure = 2.39274
Step 78980000 - Total Energy: -3093.89, Acceptance Ratio = 0.437911, Pressure = 2.56542
Step 78990000 - Total Energy: -3138.73, Acceptance Ratio = 0.437911, Pressure = 2.04406
Step 79000000 - Total Energy: -3102.16, Acceptance Ratio = 0.43791, Pressure = 2.41843
Step 79010000 - Total Energy: -3087.68, Acceptance Ratio = 0.437909, Pressure = 2.54745
Step 79020000 - Total Energy: -3151.23, Acceptance Ratio = 0.437908, Pressure = 1.86929
Step 79030000 - Total Energy: -3131.92, Acceptance Ratio = 0.437907, Pressure = 2.14662
Step 79040000 - Total Energy: -3126.05, Acceptance Ratio = 0.437908, Pressure = 2.09947
Step 79050000 - Total Energy: -3123.27, Acceptance Ratio = 0.437908, Pressure = 2.2399
Step 79060000 - Total Energy: -3138.33, Acceptance Ratio = 0.437907, Pressure = 2.04797
Step 79070000 - Total Energy: -3096.37, Acceptance Ratio = 0.437908, Pressure = 2.55261
Step 79080000 - Total Energy: -3158.59, Acceptance Ratio = 0.437907, Pressure = 1.85263
Step 79090000 - Total Energy: -3118.18, Acceptance Ratio = 0.437908, Pressure = 2.29363
Step 79100000 - Total Energy: -3110.35, Acceptance Ratio = 0.437907, Pressure = 2.42314
Step 79110000 - Total Energy: -3096.17, Acceptance Ratio = 0.437907, Pressure = 2.46894
Step 79120000 - Total Energy: -3101.2, Acceptance Ratio = 0.437907, Pressure = 2.44418
Step 79130000 - Total Energy: -3094.24, Acceptance Ratio = 0.437907, Pressure = 2.4588
Step 79140000 - Total Energy: -3098.54, Acceptance Ratio = 0.437909, Pressure = 2.37087
Step 79150000 - Total Energy: -3119.6, Acceptance Ratio = 0.43791, Pressure = 2.24748
Step 79160000 - Total Energy: -3113.3, Acceptance Ratio = 0.43791, Pressure = 2.2954
Step 79170000 - Total Energy: -3150.43, Acceptance Ratio = 0.43791, Pressure = 1.95099
Step 79180000 - Total Energy: -3103.52, Acceptance Ratio = 0.437911, Pressure = 2.43315
Step 79190000 - Total Energy: -3111.2, Acceptance Ratio = 0.437912, Pressure = 2.27024
Step 79200000 - Total Energy: -3120.62, Acceptance Ratio = 0.437911, Pressure = 2.24655
Step 79210000 - Total Energy: -3075.5, Acceptance Ratio = 0.437911, Pressure = 2.66644
Step 79220000 - Total Energy: -3115.3, Acceptance Ratio = 0.437911, Pressure = 2.27813
Step 79230000 - Total Energy: -3123.6, Acceptance Ratio = 0.437912, Pressure = 2.17732
Step 79240000 - Total Energy: -3095.27, Acceptance Ratio = 0.437911, Pressure = 2.53511
Step 79250000 - Total Energy: -3121.74, Acceptance Ratio = 0.437912, Pressure = 2.1958
Step 79260000 - Total Energy: -3126.97, Acceptance Ratio = 0.437911, Pressure = 2.19262
Step 79270000 - Total Energy: -3102.89, Acceptance Ratio = 0.43791, Pressure = 2.43616
Step 79280000 - Total Energy: -3149.66, Acceptance Ratio = 0.43791, Pressure = 1.94466
Step 79290000 - Total Energy: -3132.22, Acceptance Ratio = 0.437909, Pressure = 2.18091
Step 79300000 - Total Energy: -3111.16, Acceptance Ratio = 0.437909, Pressure = 2.36695
Step 79310000 - Total Energy: -3088.28, Acceptance Ratio = 0.437909, Pressure = 2.56082
Step 79320000 - Total Energy: -3138.7, Acceptance Ratio = 0.437908, Pressure = 2.05158
Step 79330000 - Total Energy: -3147.48, Acceptance Ratio = 0.437909, Pressure = 1.96268
Step 79340000 - Total Energy: -3107.43, Acceptance Ratio = 0.43791, Pressure = 2.38917
Step 79350000 - Total Energy: -3133.31, Acceptance Ratio = 0.43791, Pressure = 2.19224
Step 79360000 - Total Energy: -3112.52, Acceptance Ratio = 0.43791, Pressure = 2.41666
Step 79370000 - Total Energy: -3120.72, Acceptance Ratio = 0.437909, Pressure = 2.27717
Step 79380000 - Total Energy: -3080.85, Acceptance Ratio = 0.437909, Pressure = 2.65956
Step 79390000 - Total Energy: -3108.99, Acceptance Ratio = 0.437909, Pressure = 2.29637
Step 79400000 - Total Energy: -3126.41, Acceptance Ratio = 0.437909, Pressure = 2.17649
Step 79410000 - Total Energy: -3123.56, Acceptance Ratio = 0.437908, Pressure = 2.20955
Step 79420000 - Total Energy: -3113.1, Acceptance Ratio = 0.437908, Pressure = 2.33857
Step 79430000 - Total Energy: -3060.08, Acceptance Ratio = 0.437908, Pressure = 2.83512
Step 79440000 - Total Energy: -3071.3, Acceptance Ratio = 0.437907, Pressure = 2.74447
Step 79450000 - Total Energy: -3080.54, Acceptance Ratio = 0.437906, Pressure = 2.70114
Step 79460000 - Total Energy: -3084.44, Acceptance Ratio = 0.437905, Pressure = 2.6787
Step 79470000 - Total Energy: -3108.3, Acceptance Ratio = 0.437905, Pressure = 2.4163
Step 79480000 - Total Energy: -3098.29, Acceptance Ratio = 0.437903, Pressure = 2.50568
Step 79490000 - Total Energy: -3101.49, Acceptance Ratio = 0.437902, Pressure = 2.46257
Step 79500000 - Total Energy: -3095.27, Acceptance Ratio = 0.437902, Pressure = 2.50157
Step 79510000 - Total Energy: -3106.18, Acceptance Ratio = 0.437901, Pressure = 2.51095
Step 79520000 - Total Energy: -3101.66, Acceptance Ratio = 0.437901, Pressure = 2.4472
Step 79530000 - Total Energy: -3113.65, Acceptance Ratio = 0.4379, Pressure = 2.38411
Step 79540000 - Total Energy: -3098.32, Acceptance Ratio = 0.437899, Pressure = 2.46878
Step 79550000 - Total Energy: -3109.19, Acceptance Ratio = 0.4379, Pressure = 2.34186
Step 79560000 - Total Energy: -3100.92, Acceptance Ratio = 0.437899, Pressure = 2.4649
Step 79570000 - Total Energy: -3119.69, Acceptance Ratio = 0.437899, Pressure = 2.24047
Step 79580000 - Total Energy: -3090.67, Acceptance Ratio = 0.4379, Pressure = 2.51697
Step 79590000 - Total Energy: -3128.97, Acceptance Ratio = 0.437901, Pressure = 2.12124
Step 79600000 - Total Energy: -3089.48, Acceptance Ratio = 0.4379, Pressure = 2.53133
Step 79610000 - Total Energy: -3097.31, Acceptance Ratio = 0.437901, Pressure = 2.47466
Step 79620000 - Total Energy: -3141.48, Acceptance Ratio = 0.437901, Pressure = 2.04661
Step 79630000 - Total Energy: -3114.41, Acceptance Ratio = 0.437902, Pressure = 2.27769
Step 79640000 - Total Energy: -3081.23, Acceptance Ratio = 0.437902, Pressure = 2.64096
Step 79650000 - Total Energy: -3082.8, Acceptance Ratio = 0.437902, Pressure = 2.58764
Step 79660000 - Total Energy: -3123.01, Acceptance Ratio = 0.437902, Pressure = 2.19423
Step 79670000 - Total Energy: -3116.7, Acceptance Ratio = 0.437901, Pressure = 2.23328
Step 79680000 - Total Energy: -3131.49, Acceptance Ratio = 0.437903, Pressure = 2.14542
Step 79690000 - Total Energy: -3116.26, Acceptance Ratio = 0.437903, Pressure = 2.25905
Step 79700000 - Total Energy: -3119.66, Acceptance Ratio = 0.437903, Pressure = 2.20198
Step 79710000 - Total Energy: -3078.43, Acceptance Ratio = 0.437904, Pressure = 2.57334
Step 79720000 - Total Energy: -3110.13, Acceptance Ratio = 0.437905, Pressure = 2.29959
Step 79730000 - Total Energy: -3146.23, Acceptance Ratio = 0.437905, Pressure = 1.95432
Step 79740000 - Total Energy: -3122.13, Acceptance Ratio = 0.437906, Pressure = 2.15332
Step 79750000 - Total Energy: -3131.77, Acceptance Ratio = 0.437906, Pressure = 2.0684
Step 79760000 - Total Energy: -3143.8, Acceptance Ratio = 0.437906, Pressure = 1.99845
Step 79770000 - Total Energy: -3116.32, Acceptance Ratio = 0.437908, Pressure = 2.22996
Step 79780000 - Total Energy: -3139.19, Acceptance Ratio = 0.437908, Pressure = 2.00186
Step 79790000 - Total Energy: -3109.46, Acceptance Ratio = 0.437908, Pressure = 2.3434
Step 79800000 - Total Energy: -3103.75, Acceptance Ratio = 0.437907, Pressure = 2.33606
Step 79810000 - Total Energy: -3098.3, Acceptance Ratio = 0.437907, Pressure = 2.42058
Step 79820000 - Total Energy: -3125.81, Acceptance Ratio = 0.437907, Pressure = 2.14217
Step 79830000 - Total Energy: -3136.75, Acceptance Ratio = 0.437907, Pressure = 2.05891
Step 79840000 - Total Energy: -3148.3, Acceptance Ratio = 0.437907, Pressure = 1.90538
Step 79850000 - Total Energy: -3163.39, Acceptance Ratio = 0.437908, Pressure = 1.90422
Step 79860000 - Total Energy: -3134.81, Acceptance Ratio = 0.437908, Pressure = 2.14357
Step 79870000 - Total Energy: -3142.68, Acceptance Ratio = 0.437907, Pressure = 2.02322
Step 79880000 - Total Energy: -3140.24, Acceptance Ratio = 0.437907, Pressure = 2.02403
Step 79890000 - Total Energy: -3129.98, Acceptance Ratio = 0.437906, Pressure = 2.13269
Step 79900000 - Total Energy: -3131.58, Acceptance Ratio = 0.437906, Pressure = 2.14705
Step 79910000 - Total Energy: -3096.54, Acceptance Ratio = 0.437905, Pressure = 2.45917
Step 79920000 - Total Energy: -3141.74, Acceptance Ratio = 0.437905, Pressure = 2.03353
Step 79930000 - Total Energy: -3089.49, Acceptance Ratio = 0.437905, Pressure = 2.48556
Step 79940000 - Total Energy: -3107.86, Acceptance Ratio = 0.437902, Pressure = 2.37877
Step 79950000 - Total Energy: -3100.66, Acceptance Ratio = 0.437903, Pressure = 2.41448
Step 79960000 - Total Energy: -3121, Acceptance Ratio = 0.437902, Pressure = 2.28101
Step 79970000 - Total Energy: -3119.63, Acceptance Ratio = 0.437901, Pressure = 2.27666
Step 79980000 - Total Energy: -3131.51, Acceptance Ratio = 0.437901, Pressure = 2.13265
Step 79990000 - Total Energy: -3111.63, Acceptance Ratio = 0.4379, Pressure = 2.39389
Step 80000000 - Total Energy: -3125.18, Acceptance Ratio = 0.437901, Pressure = 2.21448
Step 80010000 - Total Energy: -3138.06, Acceptance Ratio = 0.437901, Pressure = 2.07364
Step 80020000 - Total Energy: -3045.18, Acceptance Ratio = 0.437902, Pressure = 2.9264
Step 80030000 - Total Energy: -3095.98, Acceptance Ratio = 0.437901, Pressure = 2.47874
Step 80040000 - Total Energy: -3119.56, Acceptance Ratio = 0.437901, Pressure = 2.21934
Step 80050000 - Total Energy: -3105.38, Acceptance Ratio = 0.4379, Pressure = 2.44612
Step 80060000 - Total Energy: -3113.31, Acceptance Ratio = 0.437901, Pressure = 2.39855
Step 80070000 - Total Energy: -3132.47, Acceptance Ratio = 0.4379, Pressure = 2.11615
Step 80080000 - Total Energy: -3114.25, Acceptance Ratio = 0.437899, Pressure = 2.312
Step 80090000 - Total Energy: -3134.37, Acceptance Ratio = 0.4379, Pressure = 2.14425
Step 80100000 - Total Energy: -3122.65, Acceptance Ratio = 0.437899, Pressure = 2.27743
Step 80110000 - Total Energy: -3109.12, Acceptance Ratio = 0.437898, Pressure = 2.34688
Step 80120000 - Total Energy: -3114.36, Acceptance Ratio = 0.437898, Pressure = 2.29245
Step 80130000 - Total Energy: -3047.64, Acceptance Ratio = 0.437898, Pressure = 2.98964
Step 80140000 - Total Energy: -3136.52, Acceptance Ratio = 0.437897, Pressure = 2.11117
Step 80150000 - Total Energy: -3088.94, Acceptance Ratio = 0.437898, Pressure = 2.57398
Step 80160000 - Total Energy: -3102.67, Acceptance Ratio = 0.437897, Pressure = 2.33337
Step 80170000 - Total Energy: -3125.22, Acceptance Ratio = 0.437897, Pressure = 2.15071
Step 80180000 - Total Energy: -3095.82, Acceptance Ratio = 0.437897, Pressure = 2.44886
Step 80190000 - Total Energy: -3143.95, Acceptance Ratio = 0.437898, Pressure = 1.95545
Step 80200000 - Total Energy: -3110.7, Acceptance Ratio = 0.437898, Pressure = 2.39172
Step 80210000 - Total Energy: -3115.89, Acceptance Ratio = 0.437898, Pressure = 2.29203
Step 80220000 - Total Energy: -3110.23, Acceptance Ratio = 0.437897, Pressure = 2.34802
Step 80230000 - Total Energy: -3088.66, Acceptance Ratio = 0.437896, Pressure = 2.58081
Step 80240000 - Total Energy: -3101.33, Acceptance Ratio = 0.437895, Pressure = 2.45553
Step 80250000 - Total Energy: -3065.14, Acceptance Ratio = 0.437896, Pressure = 2.79672
Step 80260000 - Total Energy: -3072.37, Acceptance Ratio = 0.437894, Pressure = 2.69436
Step 80270000 - Total Energy: -3105.94, Acceptance Ratio = 0.437894, Pressure = 2.36274
Step 80280000 - Total Energy: -3108.88, Acceptance Ratio = 0.437894, Pressure = 2.32859
Step 80290000 - Total Energy: -3115.29, Acceptance Ratio = 0.437893, Pressure = 2.28168
Step 80300000 - Total Energy: -3110.5, Acceptance Ratio = 0.437892, Pressure = 2.35634
Step 80310000 - Total Energy: -3142.58, Acceptance Ratio = 0.437893, Pressure = 2.02125
Step 80320000 - Total Energy: -3102.34, Acceptance Ratio = 0.437892, Pressure = 2.39683
Step 80330000 - Total Energy: -3111.03, Acceptance Ratio = 0.437892, Pressure = 2.34167
Step 80340000 - Total Energy: -3129.97, Acceptance Ratio = 0.437893, Pressure = 2.13341
Step 80350000 - Total Energy: -3120.57, Acceptance Ratio = 0.437893, Pressure = 2.26875
Step 80360000 - Total Energy: -3120.2, Acceptance Ratio = 0.437893, Pressure = 2.21431
Step 80370000 - Total Energy: -3123.11, Acceptance Ratio = 0.437893, Pressure = 2.16187
Step 80380000 - Total Energy: -3133.94, Acceptance Ratio = 0.437895, Pressure = 2.08791
Step 80390000 - Total Energy: -3129.46, Acceptance Ratio = 0.437894, Pressure = 2.09905
Step 80400000 - Total Energy: -3137.03, Acceptance Ratio = 0.437895, Pressure = 2.04476
Step 80410000 - Total Energy: -3109.14, Acceptance Ratio = 0.437896, Pressure = 2.38083
Step 80420000 - Total Energy: -3155.03, Acceptance Ratio = 0.437895, Pressure = 1.96051
Step 80430000 - Total Energy: -3116.06, Acceptance Ratio = 0.437894, Pressure = 2.2904
Step 80440000 - Total Energy: -3135.99, Acceptance Ratio = 0.437895, Pressure = 2.15056
Step 80450000 - Total Energy: -3126.81, Acceptance Ratio = 0.437895, Pressure = 2.19726
Step 80460000 - Total Energy: -3116.11, Acceptance Ratio = 0.437895, Pressure = 2.28714
Step 80470000 - Total Energy: -3127.81, Acceptance Ratio = 0.437896, Pressure = 2.10626
Step 80480000 - Total Energy: -3117.86, Acceptance Ratio = 0.437896, Pressure = 2.2523
Step 80490000 - Total Energy: -3107.62, Acceptance Ratio = 0.437896, Pressure = 2.35246
Step 80500000 - Total Energy: -3104.14, Acceptance Ratio = 0.437895, Pressure = 2.47533
Step 80510000 - Total Energy: -3148.35, Acceptance Ratio = 0.437896, Pressure = 2.0645
Step 80520000 - Total Energy: -3087.67, Acceptance Ratio = 0.437895, Pressure = 2.57528
Step 80530000 - Total Energy: -3118.83, Acceptance Ratio = 0.437895, Pressure = 2.27765
Step 80540000 - Total Energy: -3114.69, Acceptance Ratio = 0.437894, Pressure = 2.32318
Step 80550000 - Total Energy: -3133.25, Acceptance Ratio = 0.437894, Pressure = 2.11168
Step 80560000 - Total Energy: -3155.84, Acceptance Ratio = 0.437894, Pressure = 1.92869
Step 80570000 - Total Energy: -3139.91, Acceptance Ratio = 0.437894, Pressure = 1.97583
Step 80580000 - Total Energy: -3129.59, Acceptance Ratio = 0.437896, Pressure = 2.12797
Step 80590000 - Total Energy: -3153.26, Acceptance Ratio = 0.437895, Pressure = 1.88822
Step 80600000 - Total Energy: -3135.35, Acceptance Ratio = 0.437895, Pressure = 2.16252
Step 80610000 - Total Energy: -3115.31, Acceptance Ratio = 0.437895, Pressure = 2.33907
Step 80620000 - Total Energy: -3131.99, Acceptance Ratio = 0.437894, Pressure = 2.19348
Step 80630000 - Total Energy: -3157.78, Acceptance Ratio = 0.437894, Pressure = 1.90829
Step 80640000 - Total Energy: -3122.09, Acceptance Ratio = 0.437895, Pressure = 2.2431
Step 80650000 - Total Energy: -3134.88, Acceptance Ratio = 0.437895, Pressure = 2.09461
Step 80660000 - Total Energy: -3083.16, Acceptance Ratio = 0.437896, Pressure = 2.52941
Step 80670000 - Total Energy: -3138.04, Acceptance Ratio = 0.437896, Pressure = 2.04616
Step 80680000 - Total Energy: -3093.98, Acceptance Ratio = 0.437896, Pressure = 2.38973
Step 80690000 - Total Energy: -3126.08, Acceptance Ratio = 0.437895, Pressure = 2.18684
Step 80700000 - Total Energy: -3124.34, Acceptance Ratio = 0.437894, Pressure = 2.1519
Step 80710000 - Total Energy: -3105.52, Acceptance Ratio = 0.437893, Pressure = 2.30869
Step 80720000 - Total Energy: -3108.99, Acceptance Ratio = 0.437894, Pressure = 2.33055
Step 80730000 - Total Energy: -3091.99, Acceptance Ratio = 0.437896, Pressure = 2.55557
Step 80740000 - Total Energy: -3123.17, Acceptance Ratio = 0.437896, Pressure = 2.22613
Step 80750000 - Total Energy: -3119.21, Acceptance Ratio = 0.437895, Pressure = 2.25196
Step 80760000 - Total Energy: -3141.64, Acceptance Ratio = 0.437896, Pressure = 1.99657
Step 80770000 - Total Energy: -3157.1, Acceptance Ratio = 0.437895, Pressure = 1.88176
Step 80780000 - Total Energy: -3125.37, Acceptance Ratio = 0.437895, Pressure = 2.18577
Step 80790000 - Total Energy: -3117.98, Acceptance Ratio = 0.437896, Pressure = 2.28012
Step 80800000 - Total Energy: -3100.28, Acceptance Ratio = 0.437896, Pressure = 2.3749
Step 80810000 - Total Energy: -3088.78, Acceptance Ratio = 0.437895, Pressure = 2.60897
Step 80820000 - Total Energy: -3127.97, Acceptance Ratio = 0.437896, Pressure = 2.15792
Step 80830000 - Total Energy: -3134.45, Acceptance Ratio = 0.437896, Pressure = 2.10268
Step 80840000 - Total Energy: -3149.41, Acceptance Ratio = 0.437897, Pressure = 1.96348
Step 80850000 - Total Energy: -3160.79, Acceptance Ratio = 0.437898, Pressure = 1.84122
Step 80860000 - Total Energy: -3134.07, Acceptance Ratio = 0.437899, Pressure = 2.13666
Step 80870000 - Total Energy: -3126.09, Acceptance Ratio = 0.437899, Pressure = 2.10804
Step 80880000 - Total Energy: -3099.31, Acceptance Ratio = 0.437899, Pressure = 2.36325
Step 80890000 - Total Energy: -3135.48, Acceptance Ratio = 0.437899, Pressure = 2.09725
Step 80900000 - Total Energy: -3167.32, Acceptance Ratio = 0.437899, Pressure = 1.70766
Step 80910000 - Total Energy: -3136.87, Acceptance Ratio = 0.4379, Pressure = 2.09314
Step 80920000 - Total Energy: -3119.13, Acceptance Ratio = 0.437898, Pressure = 2.36143
Step 80930000 - Total Energy: -3149.72, Acceptance Ratio = 0.437898, Pressure = 2.02831
Step 80940000 - Total Energy: -3134.71, Acceptance Ratio = 0.437899, Pressure = 2.08416
Step 80950000 - Total Energy: -3113.82, Acceptance Ratio = 0.437899, Pressure = 2.32154
Step 80960000 - Total Energy: -3133.06, Acceptance Ratio = 0.4379, Pressure = 2.16874
Step 80970000 - Total Energy: -3128, Acceptance Ratio = 0.437899, Pressure = 2.11072
Step 80980000 - Total Energy: -3128.93, Acceptance Ratio = 0.4379, Pressure = 2.13569
Step 80990000 - Total Energy: -3117.14, Acceptance Ratio = 0.4379, Pressure = 2.21805
Step 81000000 - Total Energy: -3121.94, Acceptance Ratio = 0.4379, Pressure = 2.18633
Step 81010000 - Total Energy: -3138.89, Acceptance Ratio = 0.437901, Pressure = 2.04987
Step 81020000 - Total Energy: -3149.59, Acceptance Ratio = 0.437901, Pressure = 1.9512
Step 81030000 - Total Energy: -3114.63, Acceptance Ratio = 0.437901, Pressure = 2.28279
Step 81040000 - Total Energy: -3130.68, Acceptance Ratio = 0.4379, Pressure = 2.09807
Step 81050000 - Total Energy: -3112.25, Acceptance Ratio = 0.437902, Pressure = 2.3353
Step 81060000 - Total Energy: -3128.95, Acceptance Ratio = 0.437902, Pressure = 2.10535
Step 81070000 - Total Energy: -3139.9, Acceptance Ratio = 0.437902, Pressure = 2.00981
Step 81080000 - Total Energy: -3143.1, Acceptance Ratio = 0.437901, Pressure = 1.99699
Step 81090000 - Total Energy: -3117.38, Acceptance Ratio = 0.437901, Pressure = 2.25822
Step 81100000 - Total Energy: -3120.66, Acceptance Ratio = 0.437901, Pressure = 2.19712
Step 81110000 - Total Energy: -3109.36, Acceptance Ratio = 0.4379, Pressure = 2.36482
Step 81120000 - Total Energy: -3081.07, Acceptance Ratio = 0.437898, Pressure = 2.69126
Step 81130000 - Total Energy: -3116.65, Acceptance Ratio = 0.437898, Pressure = 2.34558
Step 81140000 - Total Energy: -3089.1, Acceptance Ratio = 0.437897, Pressure = 2.54086
Step 81150000 - Total Energy: -3075.2, Acceptance Ratio = 0.437897, Pressure = 2.7023
Step 81160000 - Total Energy: -3104.63, Acceptance Ratio = 0.437898, Pressure = 2.38185
Step 81170000 - Total Energy: -3141.28, Acceptance Ratio = 0.4379, Pressure = 1.97105
Step 81180000 - Total Energy: -3126.2, Acceptance Ratio = 0.4379, Pressure = 2.1597
Step 81190000 - Total Energy: -3134.1, Acceptance Ratio = 0.4379, Pressure = 2.08724
Step 81200000 - Total Energy: -3144.46, Acceptance Ratio = 0.437901, Pressure = 2.04154
Step 81210000 - Total Energy: -3133.31, Acceptance Ratio = 0.437902, Pressure = 2.15511
Step 81220000 - Total Energy: -3129.82, Acceptance Ratio = 0.437902, Pressure = 2.1596
Step 81230000 - Total Energy: -3134.29, Acceptance Ratio = 0.437902, Pressure = 2.11841
Step 81240000 - Total Energy: -3147.26, Acceptance Ratio = 0.437903, Pressure = 1.91064
Step 81250000 - Total Energy: -3185.23, Acceptance Ratio = 0.437903, Pressure = 1.53514
Step 81260000 - Total Energy: -3151.43, Acceptance Ratio = 0.437904, Pressure = 1.90876
Step 81270000 - Total Energy: -3134.18, Acceptance Ratio = 0.437904, Pressure = 2.06861
Step 81280000 - Total Energy: -3112.43, Acceptance Ratio = 0.437905, Pressure = 2.26698
Step 81290000 - Total Energy: -3138.73, Acceptance Ratio = 0.437906, Pressure = 1.96326
Step 81300000 - Total Energy: -3127.6, Acceptance Ratio = 0.437906, Pressure = 2.14788
Step 81310000 - Total Energy: -3149.97, Acceptance Ratio = 0.437907, Pressure = 1.95578
Step 81320000 - Total Energy: -3155.02, Acceptance Ratio = 0.437908, Pressure = 1.91149
Step 81330000 - Total Energy: -3121.81, Acceptance Ratio = 0.437909, Pressure = 2.15858
Step 81340000 - Total Energy: -3119.69, Acceptance Ratio = 0.437907, Pressure = 2.27992
Step 81350000 - Total Energy: -3093.3, Acceptance Ratio = 0.437908, Pressure = 2.44707
Step 81360000 - Total Energy: -3119.19, Acceptance Ratio = 0.437908, Pressure = 2.22579
Step 81370000 - Total Energy: -3124.85, Acceptance Ratio = 0.437907, Pressure = 2.16845
Step 81380000 - Total Energy: -3161.87, Acceptance Ratio = 0.437906, Pressure = 1.76848
Step 81390000 - Total Energy: -3153.88, Acceptance Ratio = 0.437907, Pressure = 1.8651
Step 81400000 - Total Energy: -3094.36, Acceptance Ratio = 0.437906, Pressure = 2.49787
Step 81410000 - Total Energy: -3138.45, Acceptance Ratio = 0.437906, Pressure = 2.05336
Step 81420000 - Total Energy: -3096.85, Acceptance Ratio = 0.437907, Pressure = 2.45114
Step 81430000 - Total Energy: -3099.23, Acceptance Ratio = 0.437906, Pressure = 2.44946
Step 81440000 - Total Energy: -3095.12, Acceptance Ratio = 0.437906, Pressure = 2.49958
Step 81450000 - Total Energy: -3123.92, Acceptance Ratio = 0.437906, Pressure = 2.16271
Step 81460000 - Total Energy: -3110.05, Acceptance Ratio = 0.437905, Pressure = 2.33906
Step 81470000 - Total Energy: -3114.46, Acceptance Ratio = 0.437905, Pressure = 2.24699
Step 81480000 - Total Energy: -3103.25, Acceptance Ratio = 0.437906, Pressure = 2.40297
Step 81490000 - Total Energy: -3107.01, Acceptance Ratio = 0.437906, Pressure = 2.38704
Step 81500000 - Total Energy: -3119.32, Acceptance Ratio = 0.437907, Pressure = 2.32213
Step 81510000 - Total Energy: -3119.58, Acceptance Ratio = 0.437907, Pressure = 2.24578
Step 81520000 - Total Energy: -3130.32, Acceptance Ratio = 0.437906, Pressure = 2.17382
Step 81530000 - Total Energy: -3126.42, Acceptance Ratio = 0.437906, Pressure = 2.29423
Step 81540000 - Total Energy: -3114.45, Acceptance Ratio = 0.437905, Pressure = 2.38286
Step 81550000 - Total Energy: -3120.71, Acceptance Ratio = 0.437905, Pressure = 2.24641
Step 81560000 - Total Energy: -3148.45, Acceptance Ratio = 0.437906, Pressure = 1.91452
Step 81570000 - Total Energy: -3145.97, Acceptance Ratio = 0.437907, Pressure = 1.99725
Step 81580000 - Total Energy: -3151.58, Acceptance Ratio = 0.437908, Pressure = 1.8911
Step 81590000 - Total Energy: -3123.46, Acceptance Ratio = 0.437908, Pressure = 2.2783
Step 81600000 - Total Energy: -3122.9, Acceptance Ratio = 0.437909, Pressure = 2.21249
Step 81610000 - Total Energy: -3131.64, Acceptance Ratio = 0.437909, Pressure = 2.12872
Step 81620000 - Total Energy: -3134.72, Acceptance Ratio = 0.43791, Pressure = 2.06363
Step 81630000 - Total Energy: -3118.39, Acceptance Ratio = 0.437911, Pressure = 2.2266
Step 81640000 - Total Energy: -3120.04, Acceptance Ratio = 0.437912, Pressure = 2.18412
Step 81650000 - Total Energy: -3110.85, Acceptance Ratio = 0.437911, Pressure = 2.34602
Step 81660000 - Total Energy: -3085.97, Acceptance Ratio = 0.437911, Pressure = 2.57819
Step 81670000 - Total Energy: -3096.57, Acceptance Ratio = 0.437911, Pressure = 2.52978
Step 81680000 - Total Energy: -3120.07, Acceptance Ratio = 0.437912, Pressure = 2.26607
Step 81690000 - Total Energy: -3117.63, Acceptance Ratio = 0.437912, Pressure = 2.35737
Step 81700000 - Total Energy: -3126.73, Acceptance Ratio = 0.437912, Pressure = 2.17195
Step 81710000 - Total Energy: -3099.13, Acceptance Ratio = 0.437912, Pressure = 2.436
Step 81720000 - Total Energy: -3139.34, Acceptance Ratio = 0.437912, Pressure = 2.03926
Step 81730000 - Total Energy: -3129.44, Acceptance Ratio = 0.437912, Pressure = 2.17951
Step 81740000 - Total Energy: -3095.36, Acceptance Ratio = 0.437913, Pressure = 2.47629
Step 81750000 - Total Energy: -3102.51, Acceptance Ratio = 0.437912, Pressure = 2.40245
Step 81760000 - Total Energy: -3117.92, Acceptance Ratio = 0.437913, Pressure = 2.28287
Step 81770000 - Total Energy: -3129.92, Acceptance Ratio = 0.437913, Pressure = 2.13396
Step 81780000 - Total Energy: -3133.62, Acceptance Ratio = 0.437913, Pressure = 2.07163
Step 81790000 - Total Energy: -3136.03, Acceptance Ratio = 0.437913, Pressure = 2.09658
Step 81800000 - Total Energy: -3139.74, Acceptance Ratio = 0.437911, Pressure = 2.08713
Step 81810000 - Total Energy: -3101.7, Acceptance Ratio = 0.43791, Pressure = 2.40116
Step 81820000 - Total Energy: -3119.9, Acceptance Ratio = 0.437911, Pressure = 2.27616
Step 81830000 - Total Energy: -3140.64, Acceptance Ratio = 0.437912, Pressure = 1.95956
Step 81840000 - Total Energy: -3137.08, Acceptance Ratio = 0.437912, Pressure = 2.12536
Step 81850000 - Total Energy: -3145.25, Acceptance Ratio = 0.437912, Pressure = 1.98191
Step 81860000 - Total Energy: -3094.69, Acceptance Ratio = 0.437913, Pressure = 2.46509
Step 81870000 - Total Energy: -3058.99, Acceptance Ratio = 0.43791, Pressure = 2.77584
Step 81880000 - Total Energy: -3073.01, Acceptance Ratio = 0.437909, Pressure = 2.64745
Step 81890000 - Total Energy: -3123.9, Acceptance Ratio = 0.437908, Pressure = 2.12284
Step 81900000 - Total Energy: -3086.35, Acceptance Ratio = 0.437907, Pressure = 2.54757
Step 81910000 - Total Energy: -3077.86, Acceptance Ratio = 0.437907, Pressure = 2.64902
Step 81920000 - Total Energy: -3099.37, Acceptance Ratio = 0.437907, Pressure = 2.43976
Step 81930000 - Total Energy: -3143.13, Acceptance Ratio = 0.437906, Pressure = 2.02593
Step 81940000 - Total Energy: -3136.79, Acceptance Ratio = 0.437906, Pressure = 2.06071
Step 81950000 - Total Energy: -3119.71, Acceptance Ratio = 0.437907, Pressure = 2.24588
Step 81960000 - Total Energy: -3130.39, Acceptance Ratio = 0.437906, Pressure = 2.19024
Step 81970000 - Total Energy: -3124.96, Acceptance Ratio = 0.437906, Pressure = 2.21251
Step 81980000 - Total Energy: -3132.73, Acceptance Ratio = 0.437907, Pressure = 2.14715
Step 81990000 - Total Energy: -3118.84, Acceptance Ratio = 0.437908, Pressure = 2.25846
Step 82000000 - Total Energy: -3120.62, Acceptance Ratio = 0.437908, Pressure = 2.24749
Step 82010000 - Total Energy: -3108.81, Acceptance Ratio = 0.437908, Pressure = 2.36023
Step 82020000 - Total Energy: -3098.73, Acceptance Ratio = 0.437907, Pressure = 2.43624
Step 82030000 - Total Energy: -3104.9, Acceptance Ratio = 0.437907, Pressure = 2.3199
Step 82040000 - Total Energy: -3147.25, Acceptance Ratio = 0.437908, Pressure = 1.90981
Step 82050000 - Total Energy: -3151.24, Acceptance Ratio = 0.437908, Pressure = 1.94365
Step 82060000 - Total Energy: -3120.33, Acceptance Ratio = 0.437908, Pressure = 2.221
Step 82070000 - Total Energy: -3126.58, Acceptance Ratio = 0.437909, Pressure = 2.19747
Step 82080000 - Total Energy: -3159.54, Acceptance Ratio = 0.437908, Pressure = 1.8289
Step 82090000 - Total Energy: -3117.34, Acceptance Ratio = 0.437909, Pressure = 2.20424
Step 82100000 - Total Energy: -3139.85, Acceptance Ratio = 0.437909, Pressure = 2.05791
Step 82110000 - Total Energy: -3145.08, Acceptance Ratio = 0.437909, Pressure = 1.95167
Step 82120000 - Total Energy: -3107.55, Acceptance Ratio = 0.43791, Pressure = 2.32014
Step 82130000 - Total Energy: -3104.46, Acceptance Ratio = 0.43791, Pressure = 2.33045
Step 82140000 - Total Energy: -3111.87, Acceptance Ratio = 0.437909, Pressure = 2.36885
Step 82150000 - Total Energy: -3094.11, Acceptance Ratio = 0.43791, Pressure = 2.52371
Step 82160000 - Total Energy: -3115.88, Acceptance Ratio = 0.437909, Pressure = 2.35037
Step 82170000 - Total Energy: -3123.23, Acceptance Ratio = 0.437909, Pressure = 2.22307
Step 82180000 - Total Energy: -3133.87, Acceptance Ratio = 0.43791, Pressure = 2.12221
Step 82190000 - Total Energy: -3065.5, Acceptance Ratio = 0.437909, Pressure = 2.75076
Step 82200000 - Total Energy: -3113.49, Acceptance Ratio = 0.437909, Pressure = 2.29696
Step 82210000 - Total Energy: -3080.35, Acceptance Ratio = 0.437909, Pressure = 2.70613
Step 82220000 - Total Energy: -3056.76, Acceptance Ratio = 0.437909, Pressure = 2.86434
Step 82230000 - Total Energy: -3117.41, Acceptance Ratio = 0.437908, Pressure = 2.30053
Step 82240000 - Total Energy: -3088.33, Acceptance Ratio = 0.437908, Pressure = 2.63605
Step 82250000 - Total Energy: -3041.17, Acceptance Ratio = 0.437907, Pressure = 3.07452
Step 82260000 - Total Energy: -3142.85, Acceptance Ratio = 0.437907, Pressure = 2.04798
Step 82270000 - Total Energy: -3150.71, Acceptance Ratio = 0.437906, Pressure = 1.98542
Step 82280000 - Total Energy: -3090.27, Acceptance Ratio = 0.437906, Pressure = 2.53006
Step 82290000 - Total Energy: -3106.02, Acceptance Ratio = 0.437907, Pressure = 2.42395
Step 82300000 - Total Energy: -3119.75, Acceptance Ratio = 0.437906, Pressure = 2.26703
Step 82310000 - Total Energy: -3122.61, Acceptance Ratio = 0.437905, Pressure = 2.1874
Step 82320000 - Total Energy: -3136.17, Acceptance Ratio = 0.437906, Pressure = 2.0113
Step 82330000 - Total Energy: -3146.78, Acceptance Ratio = 0.437906, Pressure = 1.95271
Step 82340000 - Total Energy: -3096.89, Acceptance Ratio = 0.437906, Pressure = 2.52081
Step 82350000 - Total Energy: -3125.92, Acceptance Ratio = 0.437905, Pressure = 2.29327
Step 82360000 - Total Energy: -3094.86, Acceptance Ratio = 0.437904, Pressure = 2.58165
Step 82370000 - Total Energy: -3091, Acceptance Ratio = 0.437903, Pressure = 2.62237
Step 82380000 - Total Energy: -3085.95, Acceptance Ratio = 0.437903, Pressure = 2.67439
Step 82390000 - Total Energy: -3130.7, Acceptance Ratio = 0.437903, Pressure = 2.18317
Step 82400000 - Total Energy: -3101.67, Acceptance Ratio = 0.437903, Pressure = 2.49969
Step 82410000 - Total Energy: -3108.93, Acceptance Ratio = 0.437902, Pressure = 2.35201
Step 82420000 - Total Energy: -3086.41, Acceptance Ratio = 0.437902, Pressure = 2.56462
Step 82430000 - Total Energy: -3111.02, Acceptance Ratio = 0.437901, Pressure = 2.36392
Step 82440000 - Total Energy: -3159.24, Acceptance Ratio = 0.437902, Pressure = 1.86267
Step 82450000 - Total Energy: -3116.85, Acceptance Ratio = 0.437901, Pressure = 2.29174
Step 82460000 - Total Energy: -3101.23, Acceptance Ratio = 0.4379, Pressure = 2.386
Step 82470000 - Total Energy: -3118.33, Acceptance Ratio = 0.4379, Pressure = 2.19733
Step 82480000 - Total Energy: -3131.64, Acceptance Ratio = 0.4379, Pressure = 2.16126
Step 82490000 - Total Energy: -3089.16, Acceptance Ratio = 0.4379, Pressure = 2.49938
Step 82500000 - Total Energy: -3140.1, Acceptance Ratio = 0.437899, Pressure = 2.07122
Step 82510000 - Total Energy: -3121.5, Acceptance Ratio = 0.437899, Pressure = 2.17714
Step 82520000 - Total Energy: -3094.55, Acceptance Ratio = 0.437899, Pressure = 2.4716
Step 82530000 - Total Energy: -3128.04, Acceptance Ratio = 0.437899, Pressure = 2.21796
Step 82540000 - Total Energy: -3115.58, Acceptance Ratio = 0.437898, Pressure = 2.33337
Step 82550000 - Total Energy: -3109.33, Acceptance Ratio = 0.437898, Pressure = 2.40571
Step 82560000 - Total Energy: -3130.77, Acceptance Ratio = 0.437897, Pressure = 2.21142
Step 82570000 - Total Energy: -3113.61, Acceptance Ratio = 0.437897, Pressure = 2.32795
Step 82580000 - Total Energy: -3118.97, Acceptance Ratio = 0.437898, Pressure = 2.24699
Step 82590000 - Total Energy: -3136.47, Acceptance Ratio = 0.437897, Pressure = 2.07484
Step 82600000 - Total Energy: -3122.65, Acceptance Ratio = 0.437898, Pressure = 2.26795
Step 82610000 - Total Energy: -3088.46, Acceptance Ratio = 0.437899, Pressure = 2.57467
Step 82620000 - Total Energy: -3103.19, Acceptance Ratio = 0.437899, Pressure = 2.30961
Step 82630000 - Total Energy: -3164.34, Acceptance Ratio = 0.437899, Pressure = 1.82377
Step 82640000 - Total Energy: -3135.55, Acceptance Ratio = 0.437898, Pressure = 2.07417
Step 82650000 - Total Energy: -3137.52, Acceptance Ratio = 0.437899, Pressure = 2.04244
Step 82660000 - Total Energy: -3151.43, Acceptance Ratio = 0.437898, Pressure = 1.93324
Step 82670000 - Total Energy: -3077.63, Acceptance Ratio = 0.437898, Pressure = 2.61382
Step 82680000 - Total Energy: -3091.41, Acceptance Ratio = 0.437898, Pressure = 2.48585
Step 82690000 - Total Energy: -3117.32, Acceptance Ratio = 0.437898, Pressure = 2.19167
Step 82700000 - Total Energy: -3136.61, Acceptance Ratio = 0.437897, Pressure = 1.99782
Step 82710000 - Total Energy: -3095.63, Acceptance Ratio = 0.437897, Pressure = 2.45944
Step 82720000 - Total Energy: -3134.64, Acceptance Ratio = 0.437897, Pressure = 2.07111
Step 82730000 - Total Energy: -3165.12, Acceptance Ratio = 0.437898, Pressure = 1.78123
Step 82740000 - Total Energy: -3135.92, Acceptance Ratio = 0.437898, Pressure = 2.0661
Step 82750000 - Total Energy: -3148.78, Acceptance Ratio = 0.4379, Pressure = 1.88762
Step 82760000 - Total Energy: -3116.56, Acceptance Ratio = 0.437899, Pressure = 2.20106
Step 82770000 - Total Energy: -3106.52, Acceptance Ratio = 0.437899, Pressure = 2.33768
Step 82780000 - Total Energy: -3105.72, Acceptance Ratio = 0.437898, Pressure = 2.34647
Step 82790000 - Total Energy: -3140.26, Acceptance Ratio = 0.437898, Pressure = 2.09965
Step 82800000 - Total Energy: -3112.86, Acceptance Ratio = 0.437898, Pressure = 2.37037
Step 82810000 - Total Energy: -3133.58, Acceptance Ratio = 0.437899, Pressure = 2.1319
Step 82820000 - Total Energy: -3130.32, Acceptance Ratio = 0.437899, Pressure = 2.17688
Step 82830000 - Total Energy: -3150.25, Acceptance Ratio = 0.437899, Pressure = 1.93762
Step 82840000 - Total Energy: -3137.75, Acceptance Ratio = 0.437899, Pressure = 2.06509
Step 82850000 - Total Energy: -3127.22, Acceptance Ratio = 0.437898, Pressure = 2.13558
Step 82860000 - Total Energy: -3114.39, Acceptance Ratio = 0.437898, Pressure = 2.26744
Step 82870000 - Total Energy: -3144.91, Acceptance Ratio = 0.437898, Pressure = 1.96711
Step 82880000 - Total Energy: -3107.78, Acceptance Ratio = 0.437899, Pressure = 2.37271
Step 82890000 - Total Energy: -3139.06, Acceptance Ratio = 0.437898, Pressure = 2.04721
Step 82900000 - Total Energy: -3147.35, Acceptance Ratio = 0.437896, Pressure = 1.98137
Step 82910000 - Total Energy: -3089.62, Acceptance Ratio = 0.437896, Pressure = 2.58869
Step 82920000 - Total Energy: -3117.26, Acceptance Ratio = 0.437895, Pressure = 2.26096
Step 82930000 - Total Energy: -3113.34, Acceptance Ratio = 0.437896, Pressure = 2.29661
Step 82940000 - Total Energy: -3116.33, Acceptance Ratio = 0.437894, Pressure = 2.22519
Step 82950000 - Total Energy: -3085.2, Acceptance Ratio = 0.437893, Pressure = 2.59955
Step 82960000 - Total Energy: -3119.86, Acceptance Ratio = 0.437893, Pressure = 2.18101
Step 82970000 - Total Energy: -3083.73, Acceptance Ratio = 0.437893, Pressure = 2.48469
Step 82980000 - Total Energy: -3077.48, Acceptance Ratio = 0.437893, Pressure = 2.58638
Step 82990000 - Total Energy: -3101.33, Acceptance Ratio = 0.437892, Pressure = 2.35695
Step 83000000 - Total Energy: -3089.99, Acceptance Ratio = 0.437891, Pressure = 2.50779
Step 83010000 - Total Energy: -3099.56, Acceptance Ratio = 0.43789, Pressure = 2.48522
Step 83020000 - Total Energy: -3107.59, Acceptance Ratio = 0.437889, Pressure = 2.42085
Step 83030000 - Total Energy: -3132.68, Acceptance Ratio = 0.437889, Pressure = 2.14174
Step 83040000 - Total Energy: -3124.13, Acceptance Ratio = 0.437888, Pressure = 2.1697
Step 83050000 - Total Energy: -3139.12, Acceptance Ratio = 0.437888, Pressure = 2.03333
Step 83060000 - Total Energy: -3108.65, Acceptance Ratio = 0.437887, Pressure = 2.32984
Step 83070000 - Total Energy: -3125.65, Acceptance Ratio = 0.437887, Pressure = 2.11183
Step 83080000 - Total Energy: -3093.87, Acceptance Ratio = 0.437888, Pressure = 2.47727
Step 83090000 - Total Energy: -3123.95, Acceptance Ratio = 0.437887, Pressure = 2.23071
Step 83100000 - Total Energy: -3158.25, Acceptance Ratio = 0.437887, Pressure = 1.82451
Step 83110000 - Total Energy: -3106.22, Acceptance Ratio = 0.437888, Pressure = 2.26141
Step 83120000 - Total Energy: -3129.75, Acceptance Ratio = 0.437889, Pressure = 2.09679
Step 83130000 - Total Energy: -3116.23, Acceptance Ratio = 0.437888, Pressure = 2.20742
Step 83140000 - Total Energy: -3136.44, Acceptance Ratio = 0.437888, Pressure = 2.00213
Step 83150000 - Total Energy: -3104.48, Acceptance Ratio = 0.437888, Pressure = 2.35214
Step 83160000 - Total Energy: -3108.25, Acceptance Ratio = 0.437887, Pressure = 2.32833
Step 83170000 - Total Energy: -3097.02, Acceptance Ratio = 0.437887, Pressure = 2.47504
Step 83180000 - Total Energy: -3093.12, Acceptance Ratio = 0.437886, Pressure = 2.47177
Step 83190000 - Total Energy: -3096.87, Acceptance Ratio = 0.437886, Pressure = 2.47364
Step 83200000 - Total Energy: -3089.35, Acceptance Ratio = 0.437886, Pressure = 2.65837
Step 83210000 - Total Energy: -3082.24, Acceptance Ratio = 0.437886, Pressure = 2.64504
Step 83220000 - Total Energy: -3109.69, Acceptance Ratio = 0.437887, Pressure = 2.34359
Step 83230000 - Total Energy: -3106.02, Acceptance Ratio = 0.437886, Pressure = 2.30115
Step 83240000 - Total Energy: -3115.89, Acceptance Ratio = 0.437886, Pressure = 2.31261
Step 83250000 - Total Energy: -3065.35, Acceptance Ratio = 0.437886, Pressure = 2.77035
Step 83260000 - Total Energy: -3130.54, Acceptance Ratio = 0.437886, Pressure = 2.07561
Step 83270000 - Total Energy: -3130.48, Acceptance Ratio = 0.437886, Pressure = 2.18138
Step 83280000 - Total Energy: -3139.43, Acceptance Ratio = 0.437886, Pressure = 2.0862
Step 83290000 - Total Energy: -3137.95, Acceptance Ratio = 0.437886, Pressure = 2.06383
Step 83300000 - Total Energy: -3097.09, Acceptance Ratio = 0.437887, Pressure = 2.46344
Step 83310000 - Total Energy: -3126.14, Acceptance Ratio = 0.437886, Pressure = 2.20895
Step 83320000 - Total Energy: -3149.27, Acceptance Ratio = 0.437885, Pressure = 1.95361
Step 83330000 - Total Energy: -3110.03, Acceptance Ratio = 0.437884, Pressure = 2.44671
Step 83340000 - Total Energy: -3110.86, Acceptance Ratio = 0.437884, Pressure = 2.44647
Step 83350000 - Total Energy: -3126.35, Acceptance Ratio = 0.437885, Pressure = 2.22269
Step 83360000 - Total Energy: -3147.78, Acceptance Ratio = 0.437886, Pressure = 2.04
Step 83370000 - Total Energy: -3128.88, Acceptance Ratio = 0.437888, Pressure = 2.20499
Step 83380000 - Total Energy: -3108.57, Acceptance Ratio = 0.437887, Pressure = 2.42921
Step 83390000 - Total Energy: -3130.5, Acceptance Ratio = 0.437887, Pressure = 2.2113
Step 83400000 - Total Energy: -3123.94, Acceptance Ratio = 0.437887, Pressure = 2.26137
Step 83410000 - Total Energy: -3088.66, Acceptance Ratio = 0.437886, Pressure = 2.62894
Step 83420000 - Total Energy: -3108.52, Acceptance Ratio = 0.437886, Pressure = 2.3449
Step 83430000 - Total Energy: -3131.86, Acceptance Ratio = 0.437886, Pressure = 2.16303
Step 83440000 - Total Energy: -3106.72, Acceptance Ratio = 0.437887, Pressure = 2.3839
Step 83450000 - Total Energy: -3081.97, Acceptance Ratio = 0.437886, Pressure = 2.64902
Step 83460000 - Total Energy: -3126.02, Acceptance Ratio = 0.437887, Pressure = 2.19835
Step 83470000 - Total Energy: -3133.55, Acceptance Ratio = 0.437886, Pressure = 2.13186
Step 83480000 - Total Energy: -3129.86, Acceptance Ratio = 0.437887, Pressure = 2.19368
Step 83490000 - Total Energy: -3128.11, Acceptance Ratio = 0.437888, Pressure = 2.07988
Step 83500000 - Total Energy: -3133.15, Acceptance Ratio = 0.437889, Pressure = 2.08744
Step 83510000 - Total Energy: -3083.71, Acceptance Ratio = 0.437889, Pressure = 2.59581
Step 83520000 - Total Energy: -3189.67, Acceptance Ratio = 0.437889, Pressure = 1.60391
Step 83530000 - Total Energy: -3163.92, Acceptance Ratio = 0.43789, Pressure = 1.82519
Step 83540000 - Total Energy: -3145.79, Acceptance Ratio = 0.437891, Pressure = 1.92645
Step 83550000 - Total Energy: -3154.09, Acceptance Ratio = 0.437892, Pressure = 1.91848
Step 83560000 - Total Energy: -3141.82, Acceptance Ratio = 0.437891, Pressure = 2.06219
Step 83570000 - Total Energy: -3130.52, Acceptance Ratio = 0.437891, Pressure = 2.15482
Step 83580000 - Total Energy: -3118.77, Acceptance Ratio = 0.437892, Pressure = 2.23641
Step 83590000 - Total Energy: -3101.53, Acceptance Ratio = 0.437892, Pressure = 2.33948
Step 83600000 - Total Energy: -3141.06, Acceptance Ratio = 0.437892, Pressure = 2.01923
Step 83610000 - Total Energy: -3105.14, Acceptance Ratio = 0.437892, Pressure = 2.36892
Step 83620000 - Total Energy: -3100.7, Acceptance Ratio = 0.437891, Pressure = 2.47058
Step 83630000 - Total Energy: -3118.47, Acceptance Ratio = 0.43789, Pressure = 2.33242
Step 83640000 - Total Energy: -3131.19, Acceptance Ratio = 0.43789, Pressure = 2.18953
Step 83650000 - Total Energy: -3130.37, Acceptance Ratio = 0.437889, Pressure = 2.18527
Step 83660000 - Total Energy: -3080.21, Acceptance Ratio = 0.437889, Pressure = 2.68628
Step 83670000 - Total Energy: -3102.5, Acceptance Ratio = 0.437889, Pressure = 2.47201
Step 83680000 - Total Energy: -3098.09, Acceptance Ratio = 0.437889, Pressure = 2.44433
Step 83690000 - Total Energy: -3091.01, Acceptance Ratio = 0.43789, Pressure = 2.46868
Step 83700000 - Total Energy: -3119.36, Acceptance Ratio = 0.43789, Pressure = 2.24964
Step 83710000 - Total Energy: -3090.43, Acceptance Ratio = 0.43789, Pressure = 2.57945
Step 83720000 - Total Energy: -3132.24, Acceptance Ratio = 0.437889, Pressure = 2.13045
Step 83730000 - Total Energy: -3114.88, Acceptance Ratio = 0.437889, Pressure = 2.27889
Step 83740000 - Total Energy: -3104.34, Acceptance Ratio = 0.43789, Pressure = 2.45585
Step 83750000 - Total Energy: -3126.33, Acceptance Ratio = 0.437891, Pressure = 2.19017
Step 83760000 - Total Energy: -3131.91, Acceptance Ratio = 0.43789, Pressure = 2.11938
Step 83770000 - Total Energy: -3115.93, Acceptance Ratio = 0.43789, Pressure = 2.30331
Step 83780000 - Total Energy: -3102.6, Acceptance Ratio = 0.437889, Pressure = 2.48621
Step 83790000 - Total Energy: -3113.78, Acceptance Ratio = 0.437888, Pressure = 2.33263
Step 83800000 - Total Energy: -3113.16, Acceptance Ratio = 0.437888, Pressure = 2.34255
Step 83810000 - Total Energy: -3136.66, Acceptance Ratio = 0.437888, Pressure = 2.09782
Step 83820000 - Total Energy: -3124.72, Acceptance Ratio = 0.437888, Pressure = 2.2375
Step 83830000 - Total Energy: -3128.91, Acceptance Ratio = 0.437887, Pressure = 2.1388
Step 83840000 - Total Energy: -3096.87, Acceptance Ratio = 0.437886, Pressure = 2.51423
Step 83850000 - Total Energy: -3126.99, Acceptance Ratio = 0.437886, Pressure = 2.17195
Step 83860000 - Total Energy: -3111.85, Acceptance Ratio = 0.437885, Pressure = 2.34952
Step 83870000 - Total Energy: -3108.6, Acceptance Ratio = 0.437884, Pressure = 2.36316
Step 83880000 - Total Energy: -3106.65, Acceptance Ratio = 0.437884, Pressure = 2.39771
Step 83890000 - Total Energy: -3099.79, Acceptance Ratio = 0.437884, Pressure = 2.39854
Step 83900000 - Total Energy: -3113.15, Acceptance Ratio = 0.437883, Pressure = 2.34778
Step 83910000 - Total Energy: -3092.47, Acceptance Ratio = 0.437883, Pressure = 2.53879
Step 83920000 - Total Energy: -3083.43, Acceptance Ratio = 0.437883, Pressure = 2.59234
Step 83930000 - Total Energy: -3116.16, Acceptance Ratio = 0.437883, Pressure = 2.25861
Step 83940000 - Total Energy: -3110.8, Acceptance Ratio = 0.437883, Pressure = 2.33137
Step 83950000 - Total Energy: -3062.89, Acceptance Ratio = 0.437883, Pressure = 2.91019
Step 83960000 - Total Energy: -3093.75, Acceptance Ratio = 0.437883, Pressure = 2.52736
Step 83970000 - Total Energy: -3118.15, Acceptance Ratio = 0.437883, Pressure = 2.34581
Step 83980000 - Total Energy: -3109.8, Acceptance Ratio = 0.437883, Pressure = 2.34034
Step 83990000 - Total Energy: -3106.28, Acceptance Ratio = 0.437881, Pressure = 2.40008
Step 84000000 - Total Energy: -3141.11, Acceptance Ratio = 0.437881, Pressure = 2.08946
Step 84010000 - Total Energy: -3112.13, Acceptance Ratio = 0.437882, Pressure = 2.31142
Step 84020000 - Total Energy: -3129.75, Acceptance Ratio = 0.437881, Pressure = 2.10789
Step 84030000 - Total Energy: -3072.76, Acceptance Ratio = 0.437883, Pressure = 2.70854
Step 84040000 - Total Energy: -3130.4, Acceptance Ratio = 0.437883, Pressure = 2.1371
Step 84050000 - Total Energy: -3095.1, Acceptance Ratio = 0.437883, Pressure = 2.49894
Step 84060000 - Total Energy: -3113.03, Acceptance Ratio = 0.437883, Pressure = 2.29171
Step 84070000 - Total Energy: -3119.22, Acceptance Ratio = 0.437883, Pressure = 2.28071
Step 84080000 - Total Energy: -3098.68, Acceptance Ratio = 0.437882, Pressure = 2.38228
Step 84090000 - Total Energy: -3091.54, Acceptance Ratio = 0.437883, Pressure = 2.59571
Step 84100000 - Total Energy: -3099.78, Acceptance Ratio = 0.437883, Pressure = 2.47862
Step 84110000 - Total Energy: -3104.6, Acceptance Ratio = 0.437881, Pressure = 2.44061
Step 84120000 - Total Energy: -3118.09, Acceptance Ratio = 0.437881, Pressure = 2.27838
Step 84130000 - Total Energy: -3128.9, Acceptance Ratio = 0.437881, Pressure = 2.12645
Step 84140000 - Total Energy: -3132.65, Acceptance Ratio = 0.437882, Pressure = 2.06024
Step 84150000 - Total Energy: -3146.12, Acceptance Ratio = 0.437882, Pressure = 2.01279
Step 84160000 - Total Energy: -3090.43, Acceptance Ratio = 0.437883, Pressure = 2.5401
Step 84170000 - Total Energy: -3132.52, Acceptance Ratio = 0.437883, Pressure = 2.08073
Step 84180000 - Total Energy: -3130.82, Acceptance Ratio = 0.437882, Pressure = 2.19058
Step 84190000 - Total Energy: -3105.2, Acceptance Ratio = 0.437883, Pressure = 2.36677
Step 84200000 - Total Energy: -3142.16, Acceptance Ratio = 0.437882, Pressure = 1.97963
Step 84210000 - Total Energy: -3121.16, Acceptance Ratio = 0.437883, Pressure = 2.28988
Step 84220000 - Total Energy: -3148.95, Acceptance Ratio = 0.437883, Pressure = 1.90359
Step 84230000 - Total Energy: -3145.56, Acceptance Ratio = 0.437884, Pressure = 1.98751
Step 84240000 - Total Energy: -3128.24, Acceptance Ratio = 0.437884, Pressure = 2.16033
Step 84250000 - Total Energy: -3121.48, Acceptance Ratio = 0.437885, Pressure = 2.22732
Step 84260000 - Total Energy: -3141.14, Acceptance Ratio = 0.437885, Pressure = 2.02483
Step 84270000 - Total Energy: -3107.31, Acceptance Ratio = 0.437886, Pressure = 2.36976
Step 84280000 - Total Energy: -3127.44, Acceptance Ratio = 0.437885, Pressure = 2.27446
Step 84290000 - Total Energy: -3109.61, Acceptance Ratio = 0.437886, Pressure = 2.41281
Step 84300000 - Total Energy: -3105.04, Acceptance Ratio = 0.437887, Pressure = 2.41116
Step 84310000 - Total Energy: -3099.86, Acceptance Ratio = 0.437886, Pressure = 2.43377
Step 84320000 - Total Energy: -3097.27, Acceptance Ratio = 0.437886, Pressure = 2.4437
Step 84330000 - Total Energy: -3096.24, Acceptance Ratio = 0.437886, Pressure = 2.48509
Step 84340000 - Total Energy: -3092.76, Acceptance Ratio = 0.437885, Pressure = 2.49562
Step 84350000 - Total Energy: -3084.04, Acceptance Ratio = 0.437885, Pressure = 2.50501
Step 84360000 - Total Energy: -3122.86, Acceptance Ratio = 0.437884, Pressure = 2.21391
Step 84370000 - Total Energy: -3114.59, Acceptance Ratio = 0.437883, Pressure = 2.29312
Step 84380000 - Total Energy: -3145.59, Acceptance Ratio = 0.437883, Pressure = 1.99808
Step 84390000 - Total Energy: -3116.62, Acceptance Ratio = 0.437884, Pressure = 2.17251
Step 84400000 - Total Energy: -3105.84, Acceptance Ratio = 0.437884, Pressure = 2.30854
Step 84410000 - Total Energy: -3126.49, Acceptance Ratio = 0.437884, Pressure = 2.14001
Step 84420000 - Total Energy: -3163.53, Acceptance Ratio = 0.437883, Pressure = 1.79874
Step 84430000 - Total Energy: -3123.95, Acceptance Ratio = 0.437885, Pressure = 2.20145
Step 84440000 - Total Energy: -3119.79, Acceptance Ratio = 0.437886, Pressure = 2.20592
Step 84450000 - Total Energy: -3124.53, Acceptance Ratio = 0.437885, Pressure = 2.11766
Step 84460000 - Total Energy: -3163.24, Acceptance Ratio = 0.437885, Pressure = 1.77393
Step 84470000 - Total Energy: -3126.18, Acceptance Ratio = 0.437886, Pressure = 2.07943
Step 84480000 - Total Energy: -3121.93, Acceptance Ratio = 0.437885, Pressure = 2.19792
Step 84490000 - Total Energy: -3086.71, Acceptance Ratio = 0.437886, Pressure = 2.55401
Step 84500000 - Total Energy: -3157.68, Acceptance Ratio = 0.437886, Pressure = 1.88992
Step 84510000 - Total Energy: -3140.52, Acceptance Ratio = 0.437885, Pressure = 2.0041
Step 84520000 - Total Energy: -3140.23, Acceptance Ratio = 0.437885, Pressure = 2.04078
Step 84530000 - Total Energy: -3139.53, Acceptance Ratio = 0.437886, Pressure = 2.0859
Step 84540000 - Total Energy: -3121.34, Acceptance Ratio = 0.437887, Pressure = 2.20274
Step 84550000 - Total Energy: -3098.96, Acceptance Ratio = 0.437887, Pressure = 2.54116
Step 84560000 - Total Energy: -3165.37, Acceptance Ratio = 0.437887, Pressure = 1.78857
Step 84570000 - Total Energy: -3116.2, Acceptance Ratio = 0.437886, Pressure = 2.31619
Step 84580000 - Total Energy: -3131.84, Acceptance Ratio = 0.437886, Pressure = 2.12104
Step 84590000 - Total Energy: -3133.23, Acceptance Ratio = 0.437886, Pressure = 2.19883
Step 84600000 - Total Energy: -3096.24, Acceptance Ratio = 0.437885, Pressure = 2.48056
Step 84610000 - Total Energy: -3143.72, Acceptance Ratio = 0.437886, Pressure = 1.96104
Step 84620000 - Total Energy: -3113.85, Acceptance Ratio = 0.437885, Pressure = 2.2278
Step 84630000 - Total Energy: -3147.09, Acceptance Ratio = 0.437885, Pressure = 2.00893
Step 84640000 - Total Energy: -3099.02, Acceptance Ratio = 0.437886, Pressure = 2.47314
Step 84650000 - Total Energy: -3112.09, Acceptance Ratio = 0.437885, Pressure = 2.28423
Step 84660000 - Total Energy: -3113.05, Acceptance Ratio = 0.437885, Pressure = 2.32479
Step 84670000 - Total Energy: -3096.73, Acceptance Ratio = 0.437885, Pressure = 2.48449
Step 84680000 - Total Energy: -3086.96, Acceptance Ratio = 0.437885, Pressure = 2.57934
Step 84690000 - Total Energy: -3116.56, Acceptance Ratio = 0.437884, Pressure = 2.32334
Step 84700000 - Total Energy: -3107.82, Acceptance Ratio = 0.437884, Pressure = 2.37905
Step 84710000 - Total Energy: -3132.84, Acceptance Ratio = 0.437883, Pressure = 2.09212
Step 84720000 - Total Energy: -3124.48, Acceptance Ratio = 0.437883, Pressure = 2.17471
Step 84730000 - Total Energy: -3112.85, Acceptance Ratio = 0.437883, Pressure = 2.26347
Step 84740000 - Total Energy: -3103.63, Acceptance Ratio = 0.437882, Pressure = 2.41638
Step 84750000 - Total Energy: -3114.64, Acceptance Ratio = 0.437881, Pressure = 2.28896
Step 84760000 - Total Energy: -3096.98, Acceptance Ratio = 0.437881, Pressure = 2.46237
Step 84770000 - Total Energy: -3102.86, Acceptance Ratio = 0.437881, Pressure = 2.35648
Step 84780000 - Total Energy: -3132.36, Acceptance Ratio = 0.437879, Pressure = 2.18818
Step 84790000 - Total Energy: -3128.36, Acceptance Ratio = 0.437879, Pressure = 2.1849
Step 84800000 - Total Energy: -3095.39, Acceptance Ratio = 0.437879, Pressure = 2.55927
Step 84810000 - Total Energy: -3096.23, Acceptance Ratio = 0.437879, Pressure = 2.49686
Step 84820000 - Total Energy: -3116.94, Acceptance Ratio = 0.437878, Pressure = 2.32828
Step 84830000 - Total Energy: -3118.47, Acceptance Ratio = 0.437879, Pressure = 2.2986
Step 84840000 - Total Energy: -3126.16, Acceptance Ratio = 0.43788, Pressure = 2.211
Step 84850000 - Total Energy: -3140, Acceptance Ratio = 0.437879, Pressure = 2.05793
Step 84860000 - Total Energy: -3133.94, Acceptance Ratio = 0.43788, Pressure = 2.0779
Step 84870000 - Total Energy: -3144.44, Acceptance Ratio = 0.437879, Pressure = 1.93627
Step 84880000 - Total Energy: -3170.47, Acceptance Ratio = 0.43788, Pressure = 1.69666
Step 84890000 - Total Energy: -3106.07, Acceptance Ratio = 0.43788, Pressure = 2.35005
Step 84900000 - Total Energy: -3102.39, Acceptance Ratio = 0.43788, Pressure = 2.39948
Step 84910000 - Total Energy: -3134.71, Acceptance Ratio = 0.43788, Pressure = 2.0944
Step 84920000 - Total Energy: -3121.12, Acceptance Ratio = 0.43788, Pressure = 2.19842
Step 84930000 - Total Energy: -3146.64, Acceptance Ratio = 0.437881, Pressure = 1.97169
Step 84940000 - Total Energy: -3105.59, Acceptance Ratio = 0.437881, Pressure = 2.3939
Step 84950000 - Total Energy: -3114.48, Acceptance Ratio = 0.437882, Pressure = 2.25389
Step 84960000 - Total Energy: -3136.05, Acceptance Ratio = 0.437883, Pressure = 1.99636
Step 84970000 - Total Energy: -3094.47, Acceptance Ratio = 0.437882, Pressure = 2.41109
Step 84980000 - Total Energy: -3102.17, Acceptance Ratio = 0.437882, Pressure = 2.38736
Step 84990000 - Total Energy: -3094.01, Acceptance Ratio = 0.437882, Pressure = 2.45953
Step 85000000 - Total Energy: -3067.78, Acceptance Ratio = 0.437883, Pressure = 2.69715
Step 85010000 - Total Energy: -3093.77, Acceptance Ratio = 0.437883, Pressure = 2.51724
Step 85020000 - Total Energy: -3109.04, Acceptance Ratio = 0.437883, Pressure = 2.37831
Step 85030000 - Total Energy: -3122.35, Acceptance Ratio = 0.437883, Pressure = 2.3082
Step 85040000 - Total Energy: -3143.08, Acceptance Ratio = 0.437882, Pressure = 1.98078
Step 85050000 - Total Energy: -3111.58, Acceptance Ratio = 0.437882, Pressure = 2.31813
Step 85060000 - Total Energy: -3117.89, Acceptance Ratio = 0.437882, Pressure = 2.23555
Step 85070000 - Total Energy: -3093.52, Acceptance Ratio = 0.43788, Pressure = 2.48851
Step 85080000 - Total Energy: -3107.01, Acceptance Ratio = 0.437879, Pressure = 2.33138
Step 85090000 - Total Energy: -3128.01, Acceptance Ratio = 0.437879, Pressure = 2.15932
Step 85100000 - Total Energy: -3112.61, Acceptance Ratio = 0.437881, Pressure = 2.28441
Step 85110000 - Total Energy: -3116.94, Acceptance Ratio = 0.437881, Pressure = 2.29271
Step 85120000 - Total Energy: -3159.7, Acceptance Ratio = 0.437881, Pressure = 1.87866
Step 85130000 - Total Energy: -3138.44, Acceptance Ratio = 0.437882, Pressure = 2.0256
Step 85140000 - Total Energy: -3104.26, Acceptance Ratio = 0.437881, Pressure = 2.42929
Step 85150000 - Total Energy: -3098.18, Acceptance Ratio = 0.437882, Pressure = 2.47953
Step 85160000 - Total Energy: -3128.64, Acceptance Ratio = 0.437881, Pressure = 2.16864
Step 85170000 - Total Energy: -3131.72, Acceptance Ratio = 0.437882, Pressure = 2.16624
Step 85180000 - Total Energy: -3100.31, Acceptance Ratio = 0.437882, Pressure = 2.41322
Step 85190000 - Total Energy: -3144.21, Acceptance Ratio = 0.437882, Pressure = 2.02575
Step 85200000 - Total Energy: -3123.72, Acceptance Ratio = 0.437884, Pressure = 2.26902
Step 85210000 - Total Energy: -3124.61, Acceptance Ratio = 0.437884, Pressure = 2.26697
Step 85220000 - Total Energy: -3131.37, Acceptance Ratio = 0.437884, Pressure = 2.12284
Step 85230000 - Total Energy: -3126.41, Acceptance Ratio = 0.437884, Pressure = 2.25926
Step 85240000 - Total Energy: -3111.96, Acceptance Ratio = 0.437885, Pressure = 2.32712
Step 85250000 - Total Energy: -3102.36, Acceptance Ratio = 0.437885, Pressure = 2.4565
Step 85260000 - Total Energy: -3099.57, Acceptance Ratio = 0.437884, Pressure = 2.42009
Step 85270000 - Total Energy: -3107.62, Acceptance Ratio = 0.437884, Pressure = 2.41276
Step 85280000 - Total Energy: -3084.29, Acceptance Ratio = 0.437884, Pressure = 2.65079
Step 85290000 - Total Energy: -3067.89, Acceptance Ratio = 0.437883, Pressure = 2.76108
Step 85300000 - Total Energy: -3115.59, Acceptance Ratio = 0.437883, Pressure = 2.273
Step 85310000 - Total Energy: -3115.21, Acceptance Ratio = 0.437882, Pressure = 2.4212
Step 85320000 - Total Energy: -3144.79, Acceptance Ratio = 0.437881, Pressure = 1.99898
Step 85330000 - Total Energy: -3104.37, Acceptance Ratio = 0.437881, Pressure = 2.50232
Step 85340000 - Total Energy: -3093.15, Acceptance Ratio = 0.437881, Pressure = 2.59949
Step 85350000 - Total Energy: -3079.67, Acceptance Ratio = 0.437879, Pressure = 2.6798
Step 85360000 - Total Energy: -3119.12, Acceptance Ratio = 0.437879, Pressure = 2.36502
Step 85370000 - Total Energy: -3096.14, Acceptance Ratio = 0.437877, Pressure = 2.46444
Step 85380000 - Total Energy: -3041.56, Acceptance Ratio = 0.437878, Pressure = 3.01574
Step 85390000 - Total Energy: -3109.46, Acceptance Ratio = 0.437878, Pressure = 2.37848
Step 85400000 - Total Energy: -3113.3, Acceptance Ratio = 0.437878, Pressure = 2.30001
Step 85410000 - Total Energy: -3084.45, Acceptance Ratio = 0.437876, Pressure = 2.6121
Step 85420000 - Total Energy: -3053.46, Acceptance Ratio = 0.437875, Pressure = 2.88076
Step 85430000 - Total Energy: -3083.68, Acceptance Ratio = 0.437875, Pressure = 2.59356
Step 85440000 - Total Energy: -3103.33, Acceptance Ratio = 0.437875, Pressure = 2.47162
Step 85450000 - Total Energy: -3090.94, Acceptance Ratio = 0.437875, Pressure = 2.51619
Step 85460000 - Total Energy: -3136.6, Acceptance Ratio = 0.437875, Pressure = 2.01178
Step 85470000 - Total Energy: -3131.21, Acceptance Ratio = 0.437875, Pressure = 2.10007
Step 85480000 - Total Energy: -3124.36, Acceptance Ratio = 0.437875, Pressure = 2.17817
Step 85490000 - Total Energy: -3109.58, Acceptance Ratio = 0.437876, Pressure = 2.34939
Step 85500000 - Total Energy: -3108.82, Acceptance Ratio = 0.437876, Pressure = 2.36498
Step 85510000 - Total Energy: -3143.3, Acceptance Ratio = 0.437876, Pressure = 2.07323
Step 85520000 - Total Energy: -3089.68, Acceptance Ratio = 0.437876, Pressure = 2.58141
Step 85530000 - Total Energy: -3135.42, Acceptance Ratio = 0.437877, Pressure = 2.12264
Step 85540000 - Total Energy: -3108.97, Acceptance Ratio = 0.437878, Pressure = 2.33023
Step 85550000 - Total Energy: -3122.54, Acceptance Ratio = 0.437878, Pressure = 2.24254
Step 85560000 - Total Energy: -3072.75, Acceptance Ratio = 0.437879, Pressure = 2.64631
Step 85570000 - Total Energy: -3116.56, Acceptance Ratio = 0.437878, Pressure = 2.20821
Step 85580000 - Total Energy: -3097.86, Acceptance Ratio = 0.437877, Pressure = 2.51891
Step 85590000 - Total Energy: -3103.85, Acceptance Ratio = 0.437877, Pressure = 2.45184
Step 85600000 - Total Energy: -3121.81, Acceptance Ratio = 0.437876, Pressure = 2.30749
Step 85610000 - Total Energy: -3128.97, Acceptance Ratio = 0.437876, Pressure = 2.09903
Step 85620000 - Total Energy: -3169.96, Acceptance Ratio = 0.437876, Pressure = 1.76511
Step 85630000 - Total Energy: -3104.94, Acceptance Ratio = 0.437877, Pressure = 2.40173
Step 85640000 - Total Energy: -3115.88, Acceptance Ratio = 0.437877, Pressure = 2.30934
Step 85650000 - Total Energy: -3115.43, Acceptance Ratio = 0.437877, Pressure = 2.32873
Step 85660000 - Total Energy: -3127.99, Acceptance Ratio = 0.437876, Pressure = 2.19204
Step 85670000 - Total Energy: -3071.96, Acceptance Ratio = 0.437876, Pressure = 2.80035
Step 85680000 - Total Energy: -3145.04, Acceptance Ratio = 0.437876, Pressure = 2.10726
Step 85690000 - Total Energy: -3129.35, Acceptance Ratio = 0.437877, Pressure = 2.11222
Step 85700000 - Total Energy: -3139.41, Acceptance Ratio = 0.437877, Pressure = 2.02339
Step 85710000 - Total Energy: -3109.96, Acceptance Ratio = 0.437876, Pressure = 2.34777
Step 85720000 - Total Energy: -3114.22, Acceptance Ratio = 0.437876, Pressure = 2.26788
Step 85730000 - Total Energy: -3098.33, Acceptance Ratio = 0.437876, Pressure = 2.50563
Step 85740000 - Total Energy: -3087.64, Acceptance Ratio = 0.437876, Pressure = 2.58576
Step 85750000 - Total Energy: -3092.7, Acceptance Ratio = 0.437877, Pressure = 2.5536
Step 85760000 - Total Energy: -3092.12, Acceptance Ratio = 0.437876, Pressure = 2.5462
Step 85770000 - Total Energy: -3089.5, Acceptance Ratio = 0.437875, Pressure = 2.56859
Step 85780000 - Total Energy: -3124.21, Acceptance Ratio = 0.437875, Pressure = 2.17654
Step 85790000 - Total Energy: -3102.57, Acceptance Ratio = 0.437874, Pressure = 2.33649
Step 85800000 - Total Energy: -3120.99, Acceptance Ratio = 0.437874, Pressure = 2.22924
Step 85810000 - Total Energy: -3102.17, Acceptance Ratio = 0.437874, Pressure = 2.39316
Step 85820000 - Total Energy: -3149.52, Acceptance Ratio = 0.437874, Pressure = 1.93498
Step 85830000 - Total Energy: -3140.36, Acceptance Ratio = 0.437874, Pressure = 2.03797
Step 85840000 - Total Energy: -3116.96, Acceptance Ratio = 0.437873, Pressure = 2.23661
Step 85850000 - Total Energy: -3138.66, Acceptance Ratio = 0.437873, Pressure = 2.03086
Step 85860000 - Total Energy: -3126, Acceptance Ratio = 0.437874, Pressure = 2.23277
Step 85870000 - Total Energy: -3147.54, Acceptance Ratio = 0.437874, Pressure = 2.07536
Step 85880000 - Total Energy: -3163.74, Acceptance Ratio = 0.437875, Pressure = 1.82797
Step 85890000 - Total Energy: -3102.15, Acceptance Ratio = 0.437874, Pressure = 2.48322
Step 85900000 - Total Energy: -3139.6, Acceptance Ratio = 0.437875, Pressure = 2.05234
Step 85910000 - Total Energy: -3093.34, Acceptance Ratio = 0.437875, Pressure = 2.55617
Step 85920000 - Total Energy: -3149.28, Acceptance Ratio = 0.437874, Pressure = 2.02431
Step 85930000 - Total Energy: -3119.36, Acceptance Ratio = 0.437875, Pressure = 2.32095
Step 85940000 - Total Energy: -3124.57, Acceptance Ratio = 0.437875, Pressure = 2.20455
Step 85950000 - Total Energy: -3136.52, Acceptance Ratio = 0.437877, Pressure = 2.05506
Step 85960000 - Total Energy: -3142.77, Acceptance Ratio = 0.437877, Pressure = 1.99497
Step 85970000 - Total Energy: -3104.16, Acceptance Ratio = 0.437877, Pressure = 2.35794
Step 85980000 - Total Energy: -3127.63, Acceptance Ratio = 0.437878, Pressure = 2.2049
Step 85990000 - Total Energy: -3139.94, Acceptance Ratio = 0.437877, Pressure = 2.08566
Step 86000000 - Total Energy: -3106.95, Acceptance Ratio = 0.437877, Pressure = 2.46379
Step 86010000 - Total Energy: -3140.39, Acceptance Ratio = 0.437876, Pressure = 2.09592
Step 86020000 - Total Energy: -3111.54, Acceptance Ratio = 0.437877, Pressure = 2.40096
Step 86030000 - Total Energy: -3130.34, Acceptance Ratio = 0.437876, Pressure = 2.20244
Step 86040000 - Total Energy: -3144.97, Acceptance Ratio = 0.437877, Pressure = 2.07825
Step 86050000 - Total Energy: -3107.63, Acceptance Ratio = 0.437876, Pressure = 2.3774
Step 86060000 - Total Energy: -3094.74, Acceptance Ratio = 0.437876, Pressure = 2.47648
Step 86070000 - Total Energy: -3144.99, Acceptance Ratio = 0.437877, Pressure = 2.04439
Step 86080000 - Total Energy: -3116.93, Acceptance Ratio = 0.437878, Pressure = 2.27008
Step 86090000 - Total Energy: -3067.8, Acceptance Ratio = 0.437877, Pressure = 2.70476
Step 86100000 - Total Energy: -3074.33, Acceptance Ratio = 0.437878, Pressure = 2.65631
Step 86110000 - Total Energy: -3100.1, Acceptance Ratio = 0.437879, Pressure = 2.41909
Step 86120000 - Total Energy: -3093.7, Acceptance Ratio = 0.437878, Pressure = 2.43263
Step 86130000 - Total Energy: -3130.75, Acceptance Ratio = 0.437878, Pressure = 2.05216
Step 86140000 - Total Energy: -3131.76, Acceptance Ratio = 0.437878, Pressure = 2.12566
Step 86150000 - Total Energy: -3094.72, Acceptance Ratio = 0.437879, Pressure = 2.49453
Step 86160000 - Total Energy: -3077.91, Acceptance Ratio = 0.437878, Pressure = 2.64924
Step 86170000 - Total Energy: -3128.02, Acceptance Ratio = 0.437878, Pressure = 2.14081
Step 86180000 - Total Energy: -3091.56, Acceptance Ratio = 0.437878, Pressure = 2.48069
Step 86190000 - Total Energy: -3116.59, Acceptance Ratio = 0.437878, Pressure = 2.2421
Step 86200000 - Total Energy: -3112.42, Acceptance Ratio = 0.437878, Pressure = 2.27969
Step 86210000 - Total Energy: -3152.18, Acceptance Ratio = 0.437877, Pressure = 1.98166
Step 86220000 - Total Energy: -3157.75, Acceptance Ratio = 0.437878, Pressure = 1.90921
Step 86230000 - Total Energy: -3122.86, Acceptance Ratio = 0.437878, Pressure = 2.13815
Step 86240000 - Total Energy: -3100.43, Acceptance Ratio = 0.437879, Pressure = 2.37056
Step 86250000 - Total Energy: -3114.54, Acceptance Ratio = 0.437879, Pressure = 2.28958
Step 86260000 - Total Energy: -3127.8, Acceptance Ratio = 0.437878, Pressure = 2.14987
Step 86270000 - Total Energy: -3166.53, Acceptance Ratio = 0.43788, Pressure = 1.75792
Step 86280000 - Total Energy: -3103.19, Acceptance Ratio = 0.437879, Pressure = 2.36737
Step 86290000 - Total Energy: -3120.53, Acceptance Ratio = 0.43788, Pressure = 2.21295
Step 86300000 - Total Energy: -3099.56, Acceptance Ratio = 0.43788, Pressure = 2.44827
Step 86310000 - Total Energy: -3127.7, Acceptance Ratio = 0.43788, Pressure = 2.10773
Step 86320000 - Total Energy: -3143.05, Acceptance Ratio = 0.43788, Pressure = 1.99128
Step 86330000 - Total Energy: -3110, Acceptance Ratio = 0.437881, Pressure = 2.2471
Step 86340000 - Total Energy: -3132.16, Acceptance Ratio = 0.437882, Pressure = 2.13621
Step 86350000 - Total Energy: -3118.56, Acceptance Ratio = 0.437882, Pressure = 2.24646
Step 86360000 - Total Energy: -3138.73, Acceptance Ratio = 0.437882, Pressure = 2.09058
Step 86370000 - Total Energy: -3120.26, Acceptance Ratio = 0.437881, Pressure = 2.25371
Step 86380000 - Total Energy: -3072.72, Acceptance Ratio = 0.437881, Pressure = 2.72732
Step 86390000 - Total Energy: -3112.21, Acceptance Ratio = 0.43788, Pressure = 2.31745
Step 86400000 - Total Energy: -3085.97, Acceptance Ratio = 0.43788, Pressure = 2.64564
Step 86410000 - Total Energy: -3102.46, Acceptance Ratio = 0.43788, Pressure = 2.41235
Step 86420000 - Total Energy: -3121.83, Acceptance Ratio = 0.43788, Pressure = 2.27599
Step 86430000 - Total Energy: -3130.59, Acceptance Ratio = 0.437881, Pressure = 2.15907
Step 86440000 - Total Energy: -3133.49, Acceptance Ratio = 0.43788, Pressure = 2.1467
Step 86450000 - Total Energy: -3136.82, Acceptance Ratio = 0.437881, Pressure = 2.02655
Step 86460000 - Total Energy: -3156.07, Acceptance Ratio = 0.437881, Pressure = 1.91704
Step 86470000 - Total Energy: -3086.73, Acceptance Ratio = 0.437881, Pressure = 2.61131
Step 86480000 - Total Energy: -3135.12, Acceptance Ratio = 0.43788, Pressure = 2.13989
Step 86490000 - Total Energy: -3113.27, Acceptance Ratio = 0.43788, Pressure = 2.30679
Step 86500000 - Total Energy: -3139.68, Acceptance Ratio = 0.43788, Pressure = 2.10545
Step 86510000 - Total Energy: -3123.94, Acceptance Ratio = 0.437881, Pressure = 2.13892
Step 86520000 - Total Energy: -3100.05, Acceptance Ratio = 0.437882, Pressure = 2.4691
Step 86530000 - Total Energy: -3141.74, Acceptance Ratio = 0.437882, Pressure = 2.00591
Step 86540000 - Total Energy: -3134.72, Acceptance Ratio = 0.437881, Pressure = 2.08795
Step 86550000 - Total Energy: -3134.32, Acceptance Ratio = 0.437882, Pressure = 2.12143
Step 86560000 - Total Energy: -3116.13, Acceptance Ratio = 0.437881, Pressure = 2.30971
Step 86570000 - Total Energy: -3075.64, Acceptance Ratio = 0.437881, Pressure = 2.70059
Step 86580000 - Total Energy: -3086.8, Acceptance Ratio = 0.437881, Pressure = 2.561
Step 86590000 - Total Energy: -3116.67, Acceptance Ratio = 0.437882, Pressure = 2.3195
Step 86600000 - Total Energy: -3122.41, Acceptance Ratio = 0.437881, Pressure = 2.18247
Step 86610000 - Total Energy: -3138.3, Acceptance Ratio = 0.437881, Pressure = 2.12518
Step 86620000 - Total Energy: -3149.83, Acceptance Ratio = 0.43788, Pressure = 2.04046
Step 86630000 - Total Energy: -3142.26, Acceptance Ratio = 0.437881, Pressure = 2.12796
Step 86640000 - Total Energy: -3119.89, Acceptance Ratio = 0.437881, Pressure = 2.31456
Step 86650000 - Total Energy: -3106.05, Acceptance Ratio = 0.437881, Pressure = 2.38242
Step 86660000 - Total Energy: -3105.73, Acceptance Ratio = 0.437881, Pressure = 2.44864
Step 86670000 - Total Energy: -3122.5, Acceptance Ratio = 0.43788, Pressure = 2.2309
Step 86680000 - Total Energy: -3139.44, Acceptance Ratio = 0.437879, Pressure = 1.99987
Step 86690000 - Total Energy: -3129.29, Acceptance Ratio = 0.43788, Pressure = 2.09092
Step 86700000 - Total Energy: -3094.29, Acceptance Ratio = 0.43788, Pressure = 2.41724
Step 86710000 - Total Energy: -3095.68, Acceptance Ratio = 0.437881, Pressure = 2.47693
Step 86720000 - Total Energy: -3125.09, Acceptance Ratio = 0.437881, Pressure = 2.19451
Step 86730000 - Total Energy: -3101.95, Acceptance Ratio = 0.437881, Pressure = 2.40566
Step 86740000 - Total Energy: -3116.5, Acceptance Ratio = 0.437881, Pressure = 2.29644
Step 86750000 - Total Energy: -3105.46, Acceptance Ratio = 0.437882, Pressure = 2.30277
Step 86760000 - Total Energy: -3124.57, Acceptance Ratio = 0.437881, Pressure = 2.17397
Step 86770000 - Total Energy: -3123.96, Acceptance Ratio = 0.437881, Pressure = 2.20627
Step 86780000 - Total Energy: -3108.11, Acceptance Ratio = 0.437881, Pressure = 2.29927
Step 86790000 - Total Energy: -3110.31, Acceptance Ratio = 0.437881, Pressure = 2.28942
Step 86800000 - Total Energy: -3152.65, Acceptance Ratio = 0.437881, Pressure = 1.96333
Step 86810000 - Total Energy: -3123.65, Acceptance Ratio = 0.437881, Pressure = 2.25052
Step 86820000 - Total Energy: -3146.85, Acceptance Ratio = 0.43788, Pressure = 2.03212
Step 86830000 - Total Energy: -3113.01, Acceptance Ratio = 0.437881, Pressure = 2.38597
Step 86840000 - Total Energy: -3093.18, Acceptance Ratio = 0.437881, Pressure = 2.51787
Step 86850000 - Total Energy: -3089.12, Acceptance Ratio = 0.437881, Pressure = 2.62698
Step 86860000 - Total Energy: -3120.44, Acceptance Ratio = 0.437879, Pressure = 2.28592
Step 86870000 - Total Energy: -3111.07, Acceptance Ratio = 0.43788, Pressure = 2.35058
Step 86880000 - Total Energy: -3086.84, Acceptance Ratio = 0.437879, Pressure = 2.58209
Step 86890000 - Total Energy: -3113.28, Acceptance Ratio = 0.437878, Pressure = 2.38554
Step 86900000 - Total Energy: -3100.54, Acceptance Ratio = 0.437879, Pressure = 2.44057
Step 86910000 - Total Energy: -3119.6, Acceptance Ratio = 0.437878, Pressure = 2.24348
Step 86920000 - Total Energy: -3128.38, Acceptance Ratio = 0.437878, Pressure = 2.14891
Step 86930000 - Total Energy: -3131.89, Acceptance Ratio = 0.437878, Pressure = 2.12406
Step 86940000 - Total Energy: -3105.12, Acceptance Ratio = 0.437879, Pressure = 2.3201
Step 86950000 - Total Energy: -3145.48, Acceptance Ratio = 0.437879, Pressure = 1.95106
Step 86960000 - Total Energy: -3113.02, Acceptance Ratio = 0.437879, Pressure = 2.2829
Step 86970000 - Total Energy: -3150, Acceptance Ratio = 0.43788, Pressure = 1.88401
Step 86980000 - Total Energy: -3133.01, Acceptance Ratio = 0.43788, Pressure = 2.12593
Step 86990000 - Total Energy: -3125.07, Acceptance Ratio = 0.437881, Pressure = 2.20611
Step 87000000 - Total Energy: -3127.03, Acceptance Ratio = 0.437881, Pressure = 2.27593
Step 87010000 - Total Energy: -3085.47, Acceptance Ratio = 0.437881, Pressure = 2.59772
Step 87020000 - Total Energy: -3118.82, Acceptance Ratio = 0.437881, Pressure = 2.30569
Step 87030000 - Total Energy: -3120.86, Acceptance Ratio = 0.43788, Pressure = 2.26034
Step 87040000 - Total Energy: -3123.65, Acceptance Ratio = 0.437881, Pressure = 2.09439
Step 87050000 - Total Energy: -3131.45, Acceptance Ratio = 0.437881, Pressure = 2.09895
Step 87060000 - Total Energy: -3127.87, Acceptance Ratio = 0.437882, Pressure = 2.13322
Step 87070000 - Total Energy: -3117.65, Acceptance Ratio = 0.437883, Pressure = 2.22591
Step 87080000 - Total Energy: -3113.22, Acceptance Ratio = 0.437882, Pressure = 2.32386
Step 87090000 - Total Energy: -3108.13, Acceptance Ratio = 0.437882, Pressure = 2.41847
Step 87100000 - Total Energy: -3124.95, Acceptance Ratio = 0.437883, Pressure = 2.2002
Step 87110000 - Total Energy: -3108.72, Acceptance Ratio = 0.437884, Pressure = 2.33237
Step 87120000 - Total Energy: -3147.87, Acceptance Ratio = 0.437883, Pressure = 1.98882
Step 87130000 - Total Energy: -3119.08, Acceptance Ratio = 0.437883, Pressure = 2.28006
Step 87140000 - Total Energy: -3106.82, Acceptance Ratio = 0.437883, Pressure = 2.29313
Step 87150000 - Total Energy: -3134.33, Acceptance Ratio = 0.437883, Pressure = 2.09228
Step 87160000 - Total Energy: -3084.83, Acceptance Ratio = 0.437883, Pressure = 2.65798
Step 87170000 - Total Energy: -3083.58, Acceptance Ratio = 0.437883, Pressure = 2.65108
Step 87180000 - Total Energy: -3123.93, Acceptance Ratio = 0.437884, Pressure = 2.32395
Step 87190000 - Total Energy: -3122.51, Acceptance Ratio = 0.437884, Pressure = 2.25989
Step 87200000 - Total Energy: -3062.22, Acceptance Ratio = 0.437884, Pressure = 2.88721
Step 87210000 - Total Energy: -3116.4, Acceptance Ratio = 0.437884, Pressure = 2.28262
Step 87220000 - Total Energy: -3108.58, Acceptance Ratio = 0.437884, Pressure = 2.38268
Step 87230000 - Total Energy: -3103.6, Acceptance Ratio = 0.437884, Pressure = 2.46444
Step 87240000 - Total Energy: -3109.5, Acceptance Ratio = 0.437884, Pressure = 2.29288
Step 87250000 - Total Energy: -3093.52, Acceptance Ratio = 0.437884, Pressure = 2.54581
Step 87260000 - Total Energy: -3138.82, Acceptance Ratio = 0.437883, Pressure = 2.09447
Step 87270000 - Total Energy: -3101.2, Acceptance Ratio = 0.437884, Pressure = 2.34166
Step 87280000 - Total Energy: -3115.48, Acceptance Ratio = 0.437884, Pressure = 2.24667
Step 87290000 - Total Energy: -3110.91, Acceptance Ratio = 0.437884, Pressure = 2.32368
Step 87300000 - Total Energy: -3113.99, Acceptance Ratio = 0.437883, Pressure = 2.30752
Step 87310000 - Total Energy: -3099.61, Acceptance Ratio = 0.437882, Pressure = 2.41946
Step 87320000 - Total Energy: -3100.87, Acceptance Ratio = 0.437881, Pressure = 2.43681
Step 87330000 - Total Energy: -3101.89, Acceptance Ratio = 0.43788, Pressure = 2.39241
Step 87340000 - Total Energy: -3091.02, Acceptance Ratio = 0.43788, Pressure = 2.55084
Step 87350000 - Total Energy: -3080.52, Acceptance Ratio = 0.437878, Pressure = 2.7137
Step 87360000 - Total Energy: -3091.66, Acceptance Ratio = 0.437877, Pressure = 2.55313
Step 87370000 - Total Energy: -3081.84, Acceptance Ratio = 0.437876, Pressure = 2.69111
Step 87380000 - Total Energy: -3058.31, Acceptance Ratio = 0.437875, Pressure = 2.86844
Step 87390000 - Total Energy: -3114.22, Acceptance Ratio = 0.437875, Pressure = 2.31314
Step 87400000 - Total Energy: -3106.99, Acceptance Ratio = 0.437874, Pressure = 2.38478
Step 87410000 - Total Energy: -3102.48, Acceptance Ratio = 0.437873, Pressure = 2.41371
Step 87420000 - Total Energy: -3096.12, Acceptance Ratio = 0.437872, Pressure = 2.4949
Step 87430000 - Total Energy: -3088.08, Acceptance Ratio = 0.437873, Pressure = 2.61536
Step 87440000 - Total Energy: -3126.93, Acceptance Ratio = 0.437873, Pressure = 2.24877
Step 87450000 - Total Energy: -3105.24, Acceptance Ratio = 0.437873, Pressure = 2.43294
Step 87460000 - Total Energy: -3143.98, Acceptance Ratio = 0.437873, Pressure = 2.02448
Step 87470000 - Total Energy: -3136.24, Acceptance Ratio = 0.437872, Pressure = 2.15515
Step 87480000 - Total Energy: -3094.27, Acceptance Ratio = 0.437872, Pressure = 2.51063
Step 87490000 - Total Energy: -3113.9, Acceptance Ratio = 0.437872, Pressure = 2.26196
Step 87500000 - Total Energy: -3163.44, Acceptance Ratio = 0.437871, Pressure = 1.81825
Step 87510000 - Total Energy: -3102.49, Acceptance Ratio = 0.437872, Pressure = 2.40214
Step 87520000 - Total Energy: -3108.25, Acceptance Ratio = 0.437871, Pressure = 2.38407
Step 87530000 - Total Energy: -3091.2, Acceptance Ratio = 0.437872, Pressure = 2.54441
Step 87540000 - Total Energy: -3100.22, Acceptance Ratio = 0.43787, Pressure = 2.44604
Step 87550000 - Total Energy: -3106.9, Acceptance Ratio = 0.437869, Pressure = 2.32903
Step 87560000 - Total Energy: -3110.43, Acceptance Ratio = 0.437869, Pressure = 2.41013
Step 87570000 - Total Energy: -3143.42, Acceptance Ratio = 0.437869, Pressure = 2.03951
Step 87580000 - Total Energy: -3103.56, Acceptance Ratio = 0.437869, Pressure = 2.53018
Step 87590000 - Total Energy: -3106.77, Acceptance Ratio = 0.437869, Pressure = 2.5163
Step 87600000 - Total Energy: -3078.57, Acceptance Ratio = 0.437869, Pressure = 2.72695
Step 87610000 - Total Energy: -3123.16, Acceptance Ratio = 0.437869, Pressure = 2.20819
Step 87620000 - Total Energy: -3099, Acceptance Ratio = 0.437869, Pressure = 2.48857
Step 87630000 - Total Energy: -3146.79, Acceptance Ratio = 0.437868, Pressure = 1.98449
Step 87640000 - Total Energy: -3098.38, Acceptance Ratio = 0.437868, Pressure = 2.45149
Step 87650000 - Total Energy: -3126.58, Acceptance Ratio = 0.437868, Pressure = 2.22185
Step 87660000 - Total Energy: -3131.18, Acceptance Ratio = 0.437869, Pressure = 2.21884
Step 87670000 - Total Energy: -3123.12, Acceptance Ratio = 0.437869, Pressure = 2.22877
Step 87680000 - Total Energy: -3126.49, Acceptance Ratio = 0.437868, Pressure = 2.16259
Step 87690000 - Total Energy: -3151.24, Acceptance Ratio = 0.43787, Pressure = 1.90034
Step 87700000 - Total Energy: -3114.86, Acceptance Ratio = 0.437869, Pressure = 2.27755
Step 87710000 - Total Energy: -3104.89, Acceptance Ratio = 0.43787, Pressure = 2.45179
Step 87720000 - Total Energy: -3105.22, Acceptance Ratio = 0.43787, Pressure = 2.36148
Step 87730000 - Total Energy: -3108.37, Acceptance Ratio = 0.43787, Pressure = 2.36059
Step 87740000 - Total Energy: -3127.84, Acceptance Ratio = 0.437871, Pressure = 2.12133
Step 87750000 - Total Energy: -3142.47, Acceptance Ratio = 0.437871, Pressure = 2.01456
Step 87760000 - Total Energy: -3130.94, Acceptance Ratio = 0.437871, Pressure = 2.14723
Step 87770000 - Total Energy: -3129.77, Acceptance Ratio = 0.437872, Pressure = 2.11316
Step 87780000 - Total Energy: -3132.04, Acceptance Ratio = 0.437873, Pressure = 2.18682
Step 87790000 - Total Energy: -3130.53, Acceptance Ratio = 0.437873, Pressure = 2.12988
Step 87800000 - Total Energy: -3090.25, Acceptance Ratio = 0.437873, Pressure = 2.54376
Step 87810000 - Total Energy: -3121.31, Acceptance Ratio = 0.437872, Pressure = 2.27387
Step 87820000 - Total Energy: -3133.29, Acceptance Ratio = 0.437873, Pressure = 2.08437
Step 87830000 - Total Energy: -3138.84, Acceptance Ratio = 0.437873, Pressure = 2.12488
Step 87840000 - Total Energy: -3111.25, Acceptance Ratio = 0.437873, Pressure = 2.3987
Step 87850000 - Total Energy: -3148.81, Acceptance Ratio = 0.437872, Pressure = 2.05898
Step 87860000 - Total Energy: -3136.43, Acceptance Ratio = 0.437872, Pressure = 2.09512
Step 87870000 - Total Energy: -3116.63, Acceptance Ratio = 0.437873, Pressure = 2.31519
Step 87880000 - Total Energy: -3086.44, Acceptance Ratio = 0.437873, Pressure = 2.56627
Step 87890000 - Total Energy: -3091.57, Acceptance Ratio = 0.437871, Pressure = 2.55251
Step 87900000 - Total Energy: -3124.53, Acceptance Ratio = 0.43787, Pressure = 2.15927
Step 87910000 - Total Energy: -3116.33, Acceptance Ratio = 0.43787, Pressure = 2.20986
Step 87920000 - Total Energy: -3129.79, Acceptance Ratio = 0.437871, Pressure = 2.16947
Step 87930000 - Total Energy: -3130.95, Acceptance Ratio = 0.437872, Pressure = 2.10083
Step 87940000 - Total Energy: -3114.42, Acceptance Ratio = 0.437872, Pressure = 2.26297
Step 87950000 - Total Energy: -3091.06, Acceptance Ratio = 0.437873, Pressure = 2.47672
Step 87960000 - Total Energy: -3103.73, Acceptance Ratio = 0.437872, Pressure = 2.415
Step 87970000 - Total Energy: -3102.88, Acceptance Ratio = 0.437872, Pressure = 2.36089
Step 87980000 - Total Energy: -3101.81, Acceptance Ratio = 0.437872, Pressure = 2.37901
Step 87990000 - Total Energy: -3139.11, Acceptance Ratio = 0.437872, Pressure = 1.97459
Step 88000000 - Total Energy: -3143.4, Acceptance Ratio = 0.437873, Pressure = 2.00984
Step 88010000 - Total Energy: -3116.29, Acceptance Ratio = 0.437871, Pressure = 2.23162
Step 88020000 - Total Energy: -3127, Acceptance Ratio = 0.437872, Pressure = 2.10516
Step 88030000 - Total Energy: -3121.09, Acceptance Ratio = 0.437871, Pressure = 2.1533
Step 88040000 - Total Energy: -3115.2, Acceptance Ratio = 0.437871, Pressure = 2.20627
Step 88050000 - Total Energy: -3117.59, Acceptance Ratio = 0.437872, Pressure = 2.18602
Step 88060000 - Total Energy: -3134.18, Acceptance Ratio = 0.437872, Pressure = 2.097
Step 88070000 - Total Energy: -3076.32, Acceptance Ratio = 0.437872, Pressure = 2.62133
Step 88080000 - Total Energy: -3111.07, Acceptance Ratio = 0.437873, Pressure = 2.32201
Step 88090000 - Total Energy: -3071.4, Acceptance Ratio = 0.437873, Pressure = 2.68942
Step 88100000 - Total Energy: -3102.1, Acceptance Ratio = 0.437873, Pressure = 2.36275
Step 88110000 - Total Energy: -3105.48, Acceptance Ratio = 0.437874, Pressure = 2.36923
Step 88120000 - Total Energy: -3082.97, Acceptance Ratio = 0.437874, Pressure = 2.5701
Step 88130000 - Total Energy: -3119.12, Acceptance Ratio = 0.437874, Pressure = 2.21173
Step 88140000 - Total Energy: -3145.52, Acceptance Ratio = 0.437874, Pressure = 1.98539
Step 88150000 - Total Energy: -3123.75, Acceptance Ratio = 0.437874, Pressure = 2.19063
Step 88160000 - Total Energy: -3130.15, Acceptance Ratio = 0.437874, Pressure = 2.16887
Step 88170000 - Total Energy: -3119.35, Acceptance Ratio = 0.437874, Pressure = 2.17554
Step 88180000 - Total Energy: -3104.23, Acceptance Ratio = 0.437874, Pressure = 2.35785
Step 88190000 - Total Energy: -3097.64, Acceptance Ratio = 0.437874, Pressure = 2.48318
Step 88200000 - Total Energy: -3096.02, Acceptance Ratio = 0.437873, Pressure = 2.446
Step 88210000 - Total Energy: -3079.42, Acceptance Ratio = 0.437873, Pressure = 2.53496
Step 88220000 - Total Energy: -3063.46, Acceptance Ratio = 0.437873, Pressure = 2.77258
Step 88230000 - Total Energy: -3098.32, Acceptance Ratio = 0.437873, Pressure = 2.445
Step 88240000 - Total Energy: -3099.57, Acceptance Ratio = 0.437873, Pressure = 2.42614
Step 88250000 - Total Energy: -3054.33, Acceptance Ratio = 0.437872, Pressure = 2.89868
Step 88260000 - Total Energy: -3103.8, Acceptance Ratio = 0.437872, Pressure = 2.41641
Step 88270000 - Total Energy: -3084.84, Acceptance Ratio = 0.43787, Pressure = 2.56769
Step 88280000 - Total Energy: -3105.66, Acceptance Ratio = 0.43787, Pressure = 2.43929
Step 88290000 - Total Energy: -3092.5, Acceptance Ratio = 0.437869, Pressure = 2.51894
Step 88300000 - Total Energy: -3115.86, Acceptance Ratio = 0.43787, Pressure = 2.27284
Step 88310000 - Total Energy: -3119.3, Acceptance Ratio = 0.437869, Pressure = 2.32604
Step 88320000 - Total Energy: -3126.7, Acceptance Ratio = 0.437869, Pressure = 2.22709
Step 88330000 - Total Energy: -3098.01, Acceptance Ratio = 0.437868, Pressure = 2.45929
Step 88340000 - Total Energy: -3128.15, Acceptance Ratio = 0.437868, Pressure = 2.12181
Step 88350000 - Total Energy: -3144.31, Acceptance Ratio = 0.437869, Pressure = 1.99369
Step 88360000 - Total Energy: -3127, Acceptance Ratio = 0.437867, Pressure = 2.16426
Step 88370000 - Total Energy: -3120.24, Acceptance Ratio = 0.437866, Pressure = 2.21261
Step 88380000 - Total Energy: -3092.87, Acceptance Ratio = 0.437866, Pressure = 2.48748
Step 88390000 - Total Energy: -3112.59, Acceptance Ratio = 0.437866, Pressure = 2.30631
Step 88400000 - Total Energy: -3114.74, Acceptance Ratio = 0.437865, Pressure = 2.27265
Step 88410000 - Total Energy: -3136.7, Acceptance Ratio = 0.437866, Pressure = 2.06503
Step 88420000 - Total Energy: -3098.16, Acceptance Ratio = 0.437867, Pressure = 2.44103
Step 88430000 - Total Energy: -3137.42, Acceptance Ratio = 0.437868, Pressure = 2.0092
Step 88440000 - Total Energy: -3112.13, Acceptance Ratio = 0.437868, Pressure = 2.23189
Step 88450000 - Total Energy: -3118.3, Acceptance Ratio = 0.437868, Pressure = 2.19194
Step 88460000 - Total Energy: -3169, Acceptance Ratio = 0.437868, Pressure = 1.69562
Step 88470000 - Total Energy: -3152.69, Acceptance Ratio = 0.437868, Pressure = 1.88572
Step 88480000 - Total Energy: -3159.89, Acceptance Ratio = 0.437868, Pressure = 1.79849
Step 88490000 - Total Energy: -3125.35, Acceptance Ratio = 0.437868, Pressure = 2.1982
Step 88500000 - Total Energy: -3134.38, Acceptance Ratio = 0.437867, Pressure = 2.0679
Step 88510000 - Total Energy: -3138.3, Acceptance Ratio = 0.437867, Pressure = 2.04761
Step 88520000 - Total Energy: -3135.27, Acceptance Ratio = 0.437867, Pressure = 1.97677
Step 88530000 - Total Energy: -3121, Acceptance Ratio = 0.437868, Pressure = 2.15492
Step 88540000 - Total Energy: -3132.35, Acceptance Ratio = 0.437869, Pressure = 2.06139
Step 88550000 - Total Energy: -3092.65, Acceptance Ratio = 0.437869, Pressure = 2.46108
Step 88560000 - Total Energy: -3108.25, Acceptance Ratio = 0.437869, Pressure = 2.39677
Step 88570000 - Total Energy: -3092.08, Acceptance Ratio = 0.437869, Pressure = 2.54809
Step 88580000 - Total Energy: -3118.05, Acceptance Ratio = 0.437871, Pressure = 2.24113
Step 88590000 - Total Energy: -3114.07, Acceptance Ratio = 0.43787, Pressure = 2.28219
Step 88600000 - Total Energy: -3121.71, Acceptance Ratio = 0.437871, Pressure = 2.23671
Step 88610000 - Total Energy: -3122.57, Acceptance Ratio = 0.437871, Pressure = 2.1279
Step 88620000 - Total Energy: -3125.24, Acceptance Ratio = 0.437871, Pressure = 2.16692
Step 88630000 - Total Energy: -3146.22, Acceptance Ratio = 0.437872, Pressure = 2.06265
Step 88640000 - Total Energy: -3141.89, Acceptance Ratio = 0.437871, Pressure = 2.03442
Step 88650000 - Total Energy: -3129.72, Acceptance Ratio = 0.437871, Pressure = 2.19286
Step 88660000 - Total Energy: -3142.15, Acceptance Ratio = 0.437872, Pressure = 2.04411
Step 88670000 - Total Energy: -3113.13, Acceptance Ratio = 0.437871, Pressure = 2.35574
Step 88680000 - Total Energy: -3154.12, Acceptance Ratio = 0.437871, Pressure = 1.92798
Step 88690000 - Total Energy: -3136.57, Acceptance Ratio = 0.437871, Pressure = 2.06319
Step 88700000 - Total Energy: -3132.6, Acceptance Ratio = 0.437872, Pressure = 2.06251
Step 88710000 - Total Energy: -3154.22, Acceptance Ratio = 0.437873, Pressure = 1.91963
Step 88720000 - Total Energy: -3123.66, Acceptance Ratio = 0.437873, Pressure = 2.19284
Step 88730000 - Total Energy: -3149.5, Acceptance Ratio = 0.437873, Pressure = 1.96292
Step 88740000 - Total Energy: -3117.62, Acceptance Ratio = 0.437873, Pressure = 2.25291
Step 88750000 - Total Energy: -3117.42, Acceptance Ratio = 0.437874, Pressure = 2.29297
Step 88760000 - Total Energy: -3137.5, Acceptance Ratio = 0.437874, Pressure = 2.12717
Step 88770000 - Total Energy: -3136.82, Acceptance Ratio = 0.437874, Pressure = 2.14399
Step 88780000 - Total Energy: -3108.1, Acceptance Ratio = 0.437874, Pressure = 2.41568
Step 88790000 - Total Energy: -3165.4, Acceptance Ratio = 0.437874, Pressure = 1.84343
Step 88800000 - Total Energy: -3112.63, Acceptance Ratio = 0.437874, Pressure = 2.33384
Step 88810000 - Total Energy: -3159.56, Acceptance Ratio = 0.437873, Pressure = 1.8813
Step 88820000 - Total Energy: -3113.02, Acceptance Ratio = 0.437874, Pressure = 2.33973
Step 88830000 - Total Energy: -3117.98, Acceptance Ratio = 0.437874, Pressure = 2.30191
Step 88840000 - Total Energy: -3148.14, Acceptance Ratio = 0.437873, Pressure = 1.97844
Step 88850000 - Total Energy: -3094.14, Acceptance Ratio = 0.437873, Pressure = 2.44051
Step 88860000 - Total Energy: -3124.74, Acceptance Ratio = 0.437873, Pressure = 2.18902
Step 88870000 - Total Energy: -3132.88, Acceptance Ratio = 0.437872, Pressure = 2.07664
Step 88880000 - Total Energy: -3152.59, Acceptance Ratio = 0.437872, Pressure = 1.87553
Step 88890000 - Total Energy: -3136.45, Acceptance Ratio = 0.437873, Pressure = 2.0342
Step 88900000 - Total Energy: -3160.27, Acceptance Ratio = 0.437873, Pressure = 1.87355
Step 88910000 - Total Energy: -3127.47, Acceptance Ratio = 0.437872, Pressure = 2.14666
Step 88920000 - Total Energy: -3113.25, Acceptance Ratio = 0.437872, Pressure = 2.33066
Step 88930000 - Total Energy: -3119.99, Acceptance Ratio = 0.437873, Pressure = 2.35203
Step 88940000 - Total Energy: -3110.91, Acceptance Ratio = 0.437873, Pressure = 2.3596
Step 88950000 - Total Energy: -3110.54, Acceptance Ratio = 0.437873, Pressure = 2.22892
Step 88960000 - Total Energy: -3140.04, Acceptance Ratio = 0.437873, Pressure = 2.06302
Step 88970000 - Total Energy: -3116.41, Acceptance Ratio = 0.437872, Pressure = 2.26039
Step 88980000 - Total Energy: -3111.67, Acceptance Ratio = 0.437872, Pressure = 2.32098
Step 88990000 - Total Energy: -3106.52, Acceptance Ratio = 0.437873, Pressure = 2.37084
Step 89000000 - Total Energy: -3104.7, Acceptance Ratio = 0.437872, Pressure = 2.35636
Step 89010000 - Total Energy: -3106.82, Acceptance Ratio = 0.437872, Pressure = 2.40886
Step 89020000 - Total Energy: -3125.36, Acceptance Ratio = 0.437872, Pressure = 2.15587
Step 89030000 - Total Energy: -3147.58, Acceptance Ratio = 0.437872, Pressure = 1.99882
Step 89040000 - Total Energy: -3124.84, Acceptance Ratio = 0.437872, Pressure = 2.17776
Step 89050000 - Total Energy: -3133.57, Acceptance Ratio = 0.437871, Pressure = 2.02405
Step 89060000 - Total Energy: -3121.9, Acceptance Ratio = 0.437872, Pressure = 2.19949
Step 89070000 - Total Energy: -3100.78, Acceptance Ratio = 0.437871, Pressure = 2.39236
Step 89080000 - Total Energy: -3110.22, Acceptance Ratio = 0.437872, Pressure = 2.28261
Step 89090000 - Total Energy: -3124.47, Acceptance Ratio = 0.437872, Pressure = 2.11313
Step 89100000 - Total Energy: -3108.19, Acceptance Ratio = 0.437872, Pressure = 2.32493
Step 89110000 - Total Energy: -3100.21, Acceptance Ratio = 0.437872, Pressure = 2.43013
Step 89120000 - Total Energy: -3122.92, Acceptance Ratio = 0.437871, Pressure = 2.21158
Step 89130000 - Total Energy: -3115.8, Acceptance Ratio = 0.437872, Pressure = 2.29741
Step 89140000 - Total Energy: -3143.03, Acceptance Ratio = 0.437871, Pressure = 2.06291
Step 89150000 - Total Energy: -3142.39, Acceptance Ratio = 0.437871, Pressure = 2.01842
Step 89160000 - Total Energy: -3125.44, Acceptance Ratio = 0.437872, Pressure = 2.22653
Step 89170000 - Total Energy: -3141.13, Acceptance Ratio = 0.437872, Pressure = 2.04566
Step 89180000 - Total Energy: -3106.67, Acceptance Ratio = 0.437872, Pressure = 2.3356
Step 89190000 - Total Energy: -3124.43, Acceptance Ratio = 0.437872, Pressure = 2.19692
Step 89200000 - Total Energy: -3135.75, Acceptance Ratio = 0.437872, Pressure = 2.11886
Step 89210000 - Total Energy: -3131.28, Acceptance Ratio = 0.437872, Pressure = 2.13029
Step 89220000 - Total Energy: -3118.93, Acceptance Ratio = 0.437873, Pressure = 2.25256
Step 89230000 - Total Energy: -3129.55, Acceptance Ratio = 0.437873, Pressure = 2.16521
Step 89240000 - Total Energy: -3127.47, Acceptance Ratio = 0.437874, Pressure = 2.13154
Step 89250000 - Total Energy: -3130.87, Acceptance Ratio = 0.437874, Pressure = 2.16241
Step 89260000 - Total Energy: -3131.34, Acceptance Ratio = 0.437874, Pressure = 2.135
Step 89270000 - Total Energy: -3136.95, Acceptance Ratio = 0.437875, Pressure = 2.08528
Step 89280000 - Total Energy: -3161.61, Acceptance Ratio = 0.437877, Pressure = 1.83412
Step 89290000 - Total Energy: -3134.07, Acceptance Ratio = 0.437878, Pressure = 2.08286
Step 89300000 - Total Energy: -3113.23, Acceptance Ratio = 0.437878, Pressure = 2.276
Step 89310000 - Total Energy: -3116.85, Acceptance Ratio = 0.437878, Pressure = 2.29824
Step 89320000 - Total Energy: -3110.33, Acceptance Ratio = 0.437878, Pressure = 2.32521
Step 89330000 - Total Energy: -3150.09, Acceptance Ratio = 0.437879, Pressure = 1.95085
Step 89340000 - Total Energy: -3112.75, Acceptance Ratio = 0.437879, Pressure = 2.33307
Step 89350000 - Total Energy: -3108.53, Acceptance Ratio = 0.437879, Pressure = 2.34115
Step 89360000 - Total Energy: -3097.66, Acceptance Ratio = 0.437879, Pressure = 2.45525
Step 89370000 - Total Energy: -3108.66, Acceptance Ratio = 0.437879, Pressure = 2.35897
Step 89380000 - Total Energy: -3114.01, Acceptance Ratio = 0.437879, Pressure = 2.32327
Step 89390000 - Total Energy: -3110.59, Acceptance Ratio = 0.437878, Pressure = 2.34271
Step 89400000 - Total Energy: -3133.59, Acceptance Ratio = 0.437877, Pressure = 2.11981
Step 89410000 - Total Energy: -3105.46, Acceptance Ratio = 0.437877, Pressure = 2.38422
Step 89420000 - Total Energy: -3113.71, Acceptance Ratio = 0.437877, Pressure = 2.28014
Step 89430000 - Total Energy: -3139.39, Acceptance Ratio = 0.437878, Pressure = 2.0339
Step 89440000 - Total Energy: -3116.62, Acceptance Ratio = 0.437878, Pressure = 2.33065
Step 89450000 - Total Energy: -3058.43, Acceptance Ratio = 0.437878, Pressure = 2.89484
Step 89460000 - Total Energy: -3125.97, Acceptance Ratio = 0.437878, Pressure = 2.24107
Step 89470000 - Total Energy: -3104.75, Acceptance Ratio = 0.437878, Pressure = 2.47266
Step 89480000 - Total Energy: -3114.37, Acceptance Ratio = 0.437879, Pressure = 2.30668
Step 89490000 - Total Energy: -3098, Acceptance Ratio = 0.437879, Pressure = 2.46807
Step 89500000 - Total Energy: -3108.47, Acceptance Ratio = 0.437879, Pressure = 2.43663
Step 89510000 - Total Energy: -3085.2, Acceptance Ratio = 0.437878, Pressure = 2.59817
Step 89520000 - Total Energy: -3090.02, Acceptance Ratio = 0.437877, Pressure = 2.58304
Step 89530000 - Total Energy: -3082.98, Acceptance Ratio = 0.437876, Pressure = 2.60899
Step 89540000 - Total Energy: -3117.04, Acceptance Ratio = 0.437876, Pressure = 2.29755
Step 89550000 - Total Energy: -3144.02, Acceptance Ratio = 0.437876, Pressure = 2.04675
Step 89560000 - Total Energy: -3121.61, Acceptance Ratio = 0.437875, Pressure = 2.24683
Step 89570000 - Total Energy: -3115.78, Acceptance Ratio = 0.437876, Pressure = 2.26353
Step 89580000 - Total Energy: -3100.23, Acceptance Ratio = 0.437876, Pressure = 2.36458
Step 89590000 - Total Energy: -3175.21, Acceptance Ratio = 0.437877, Pressure = 1.66625
Step 89600000 - Total Energy: -3126.05, Acceptance Ratio = 0.437877, Pressure = 2.12784
Step 89610000 - Total Energy: -3136.27, Acceptance Ratio = 0.437877, Pressure = 2.06038
Step 89620000 - Total Energy: -3120.17, Acceptance Ratio = 0.437877, Pressure = 2.15122
Step 89630000 - Total Energy: -3107.34, Acceptance Ratio = 0.437878, Pressure = 2.35925
Step 89640000 - Total Energy: -3139.61, Acceptance Ratio = 0.437879, Pressure = 2.00349
Step 89650000 - Total Energy: -3128.8, Acceptance Ratio = 0.437881, Pressure = 2.14955
Step 89660000 - Total Energy: -3120.9, Acceptance Ratio = 0.437882, Pressure = 2.24092
Step 89670000 - Total Energy: -3114.23, Acceptance Ratio = 0.437883, Pressure = 2.29832
Step 89680000 - Total Energy: -3131.32, Acceptance Ratio = 0.437884, Pressure = 2.08519
Step 89690000 - Total Energy: -3130.09, Acceptance Ratio = 0.437883, Pressure = 2.09905
Step 89700000 - Total Energy: -3121.17, Acceptance Ratio = 0.437884, Pressure = 2.13553
Step 89710000 - Total Energy: -3109.21, Acceptance Ratio = 0.437885, Pressure = 2.34687
Step 89720000 - Total Energy: -3085.02, Acceptance Ratio = 0.437885, Pressure = 2.62576
Step 89730000 - Total Energy: -3058.06, Acceptance Ratio = 0.437885, Pressure = 2.96836
Step 89740000 - Total Energy: -3127.21, Acceptance Ratio = 0.437884, Pressure = 2.24141
Step 89750000 - Total Energy: -3140.64, Acceptance Ratio = 0.437885, Pressure = 2.04054
Step 89760000 - Total Energy: -3105.46, Acceptance Ratio = 0.437885, Pressure = 2.33138
Step 89770000 - Total Energy: -3095.16, Acceptance Ratio = 0.437884, Pressure = 2.47842
Step 89780000 - Total Energy: -3081.09, Acceptance Ratio = 0.437884, Pressure = 2.66285
Step 89790000 - Total Energy: -3107.63, Acceptance Ratio = 0.437884, Pressure = 2.36028
Step 89800000 - Total Energy: -3106.81, Acceptance Ratio = 0.437884, Pressure = 2.33053
Step 89810000 - Total Energy: -3092.09, Acceptance Ratio = 0.437884, Pressure = 2.47883
Step 89820000 - Total Energy: -3128.98, Acceptance Ratio = 0.437884, Pressure = 2.16642
Step 89830000 - Total Energy: -3102.16, Acceptance Ratio = 0.437885, Pressure = 2.4019
Step 89840000 - Total Energy: -3139.32, Acceptance Ratio = 0.437885, Pressure = 2.00256
Step 89850000 - Total Energy: -3111.67, Acceptance Ratio = 0.437885, Pressure = 2.2608
Step 89860000 - Total Energy: -3131.36, Acceptance Ratio = 0.437885, Pressure = 2.11177
Step 89870000 - Total Energy: -3101.44, Acceptance Ratio = 0.437886, Pressure = 2.34131
Step 89880000 - Total Energy: -3102.79, Acceptance Ratio = 0.437886, Pressure = 2.32569
Step 89890000 - Total Energy: -3119.68, Acceptance Ratio = 0.437885, Pressure = 2.25116
Step 89900000 - Total Energy: -3130.27, Acceptance Ratio = 0.437885, Pressure = 2.02113
Step 89910000 - Total Energy: -3094.84, Acceptance Ratio = 0.437885, Pressure = 2.44682
Step 89920000 - Total Energy: -3106.86, Acceptance Ratio = 0.437886, Pressure = 2.3758
Step 89930000 - Total Energy: -3116.07, Acceptance Ratio = 0.437885, Pressure = 2.31926
Step 89940000 - Total Energy: -3122.53, Acceptance Ratio = 0.437884, Pressure = 2.18402
Step 89950000 - Total Energy: -3104.99, Acceptance Ratio = 0.437884, Pressure = 2.37511
Step 89960000 - Total Energy: -3114.83, Acceptance Ratio = 0.437885, Pressure = 2.22346
Step 89970000 - Total Energy: -3128.47, Acceptance Ratio = 0.437885, Pressure = 2.12728
Step 89980000 - Total Energy: -3092.63, Acceptance Ratio = 0.437887, Pressure = 2.48784
Step 89990000 - Total Energy: -3126.25, Acceptance Ratio = 0.437887, Pressure = 2.11781
Step 90000000 - Total Energy: -3120.79, Acceptance Ratio = 0.437887, Pressure = 2.2398
Step 90010000 - Total Energy: -3137.24, Acceptance Ratio = 0.437887, Pressure = 2.03906
Step 90020000 - Total Energy: -3137.96, Acceptance Ratio = 0.437886, Pressure = 2.08289
Step 90030000 - Total Energy: -3112.59, Acceptance Ratio = 0.437887, Pressure = 2.33377
Step 90040000 - Total Energy: -3126.81, Acceptance Ratio = 0.437887, Pressure = 2.26359
Step 90050000 - Total Energy: -3108.15, Acceptance Ratio = 0.437888, Pressure = 2.32925
Step 90060000 - Total Energy: -3125.52, Acceptance Ratio = 0.437888, Pressure = 2.15202
Step 90070000 - Total Energy: -3080.28, Acceptance Ratio = 0.437888, Pressure = 2.61658
Step 90080000 - Total Energy: -3123.32, Acceptance Ratio = 0.437887, Pressure = 2.16521
Step 90090000 - Total Energy: -3121.37, Acceptance Ratio = 0.437888, Pressure = 2.20396
Step 90100000 - Total Energy: -3081.72, Acceptance Ratio = 0.437888, Pressure = 2.70829
Step 90110000 - Total Energy: -3132.05, Acceptance Ratio = 0.437889, Pressure = 2.14266
Step 90120000 - Total Energy: -3098.38, Acceptance Ratio = 0.437889, Pressure = 2.48207
Step 90130000 - Total Energy: -3103.43, Acceptance Ratio = 0.437888, Pressure = 2.36546
Step 90140000 - Total Energy: -3127.05, Acceptance Ratio = 0.437888, Pressure = 2.08324
Step 90150000 - Total Energy: -3093.17, Acceptance Ratio = 0.437887, Pressure = 2.46692
Step 90160000 - Total Energy: -3119.96, Acceptance Ratio = 0.437887, Pressure = 2.22544
Step 90170000 - Total Energy: -3125.19, Acceptance Ratio = 0.437887, Pressure = 2.16834
Step 90180000 - Total Energy: -3113.96, Acceptance Ratio = 0.437888, Pressure = 2.32519
Step 90190000 - Total Energy: -3126.42, Acceptance Ratio = 0.437887, Pressure = 2.16023
Step 90200000 - Total Energy: -3137.9, Acceptance Ratio = 0.437887, Pressure = 2.10196
Step 90210000 - Total Energy: -3118.06, Acceptance Ratio = 0.437887, Pressure = 2.28177
Step 90220000 - Total Energy: -3107, Acceptance Ratio = 0.437887, Pressure = 2.37924
Step 90230000 - Total Energy: -3124.86, Acceptance Ratio = 0.437888, Pressure = 2.1753
Step 90240000 - Total Energy: -3104.22, Acceptance Ratio = 0.437888, Pressure = 2.37177
Step 90250000 - Total Energy: -3071.57, Acceptance Ratio = 0.437887, Pressure = 2.70701
Step 90260000 - Total Energy: -3073.41, Acceptance Ratio = 0.437887, Pressure = 2.71038
Step 90270000 - Total Energy: -3117.06, Acceptance Ratio = 0.437887, Pressure = 2.25516
Step 90280000 - Total Energy: -3129.03, Acceptance Ratio = 0.437886, Pressure = 2.16329
Step 90290000 - Total Energy: -3123.57, Acceptance Ratio = 0.437886, Pressure = 2.23444
Step 90300000 - Total Energy: -3134.12, Acceptance Ratio = 0.437886, Pressure = 2.11939
Step 90310000 - Total Energy: -3120.62, Acceptance Ratio = 0.437886, Pressure = 2.12443
Step 90320000 - Total Energy: -3121.12, Acceptance Ratio = 0.437887, Pressure = 2.18853
Step 90330000 - Total Energy: -3132.8, Acceptance Ratio = 0.437886, Pressure = 2.11542
Step 90340000 - Total Energy: -3119.66, Acceptance Ratio = 0.437886, Pressure = 2.19031
Step 90350000 - Total Energy: -3102.4, Acceptance Ratio = 0.437886, Pressure = 2.40578
Step 90360000 - Total Energy: -3139.93, Acceptance Ratio = 0.437887, Pressure = 2.02187
Step 90370000 - Total Energy: -3127.51, Acceptance Ratio = 0.437887, Pressure = 2.19331
Step 90380000 - Total Energy: -3141.24, Acceptance Ratio = 0.437887, Pressure = 2.0737
Step 90390000 - Total Energy: -3116.28, Acceptance Ratio = 0.437887, Pressure = 2.35486
Step 90400000 - Total Energy: -3133.32, Acceptance Ratio = 0.437887, Pressure = 2.09455
Step 90410000 - Total Energy: -3161.63, Acceptance Ratio = 0.437888, Pressure = 1.80719
Step 90420000 - Total Energy: -3157.62, Acceptance Ratio = 0.437888, Pressure = 1.78703
Step 90430000 - Total Energy: -3142.59, Acceptance Ratio = 0.437888, Pressure = 1.97712
Step 90440000 - Total Energy: -3132.9, Acceptance Ratio = 0.437888, Pressure = 2.06819
Step 90450000 - Total Energy: -3140.81, Acceptance Ratio = 0.437889, Pressure = 1.96349
Step 90460000 - Total Energy: -3113.28, Acceptance Ratio = 0.437889, Pressure = 2.29906
Step 90470000 - Total Energy: -3124.12, Acceptance Ratio = 0.43789, Pressure = 2.21628
Step 90480000 - Total Energy: -3132.26, Acceptance Ratio = 0.43789, Pressure = 2.15031
Step 90490000 - Total Energy: -3134.14, Acceptance Ratio = 0.437889, Pressure = 2.09687
Step 90500000 - Total Energy: -3140.47, Acceptance Ratio = 0.43789, Pressure = 2.06995
Step 90510000 - Total Energy: -3113.69, Acceptance Ratio = 0.437893, Pressure = 2.29668
Step 90520000 - Total Energy: -3142.09, Acceptance Ratio = 0.437892, Pressure = 2.00459
Step 90530000 - Total Energy: -3151.39, Acceptance Ratio = 0.437894, Pressure = 1.92775
Step 90540000 - Total Energy: -3137.36, Acceptance Ratio = 0.437893, Pressure = 2.06627
Step 90550000 - Total Energy: -3125.81, Acceptance Ratio = 0.437894, Pressure = 2.23107
Step 90560000 - Total Energy: -3104.28, Acceptance Ratio = 0.437893, Pressure = 2.3852
Step 90570000 - Total Energy: -3126.33, Acceptance Ratio = 0.437893, Pressure = 2.19114
Step 90580000 - Total Energy: -3126.18, Acceptance Ratio = 0.437892, Pressure = 2.17125
Step 90590000 - Total Energy: -3095.13, Acceptance Ratio = 0.437893, Pressure = 2.47582
Step 90600000 - Total Energy: -3149.57, Acceptance Ratio = 0.437893, Pressure = 2.0003
Step 90610000 - Total Energy: -3124.17, Acceptance Ratio = 0.437892, Pressure = 2.17065
Step 90620000 - Total Energy: -3132.96, Acceptance Ratio = 0.437892, Pressure = 2.11255
Step 90630000 - Total Energy: -3137.09, Acceptance Ratio = 0.437893, Pressure = 2.08324
Step 90640000 - Total Energy: -3135.67, Acceptance Ratio = 0.437893, Pressure = 2.03101
Step 90650000 - Total Energy: -3122.27, Acceptance Ratio = 0.437894, Pressure = 2.18159
Step 90660000 - Total Energy: -3144.9, Acceptance Ratio = 0.437895, Pressure = 1.96934
Step 90670000 - Total Energy: -3144, Acceptance Ratio = 0.437896, Pressure = 2.01611
Step 90680000 - Total Energy: -3181.11, Acceptance Ratio = 0.437896, Pressure = 1.61403
Step 90690000 - Total Energy: -3128.18, Acceptance Ratio = 0.437896, Pressure = 2.07892
Step 90700000 - Total Energy: -3107.26, Acceptance Ratio = 0.437896, Pressure = 2.32972
Step 90710000 - Total Energy: -3124.92, Acceptance Ratio = 0.437896, Pressure = 2.1909
Step 90720000 - Total Energy: -3151.68, Acceptance Ratio = 0.437897, Pressure = 1.84458
Step 90730000 - Total Energy: -3161.29, Acceptance Ratio = 0.437898, Pressure = 1.81836
Step 90740000 - Total Energy: -3126.35, Acceptance Ratio = 0.437899, Pressure = 2.13451
Step 90750000 - Total Energy: -3140.11, Acceptance Ratio = 0.437899, Pressure = 2.083
Step 90760000 - Total Energy: -3156.41, Acceptance Ratio = 0.437899, Pressure = 1.84641
Step 90770000 - Total Energy: -3127.32, Acceptance Ratio = 0.437899, Pressure = 2.13528
Step 90780000 - Total Energy: -3152.84, Acceptance Ratio = 0.437898, Pressure = 1.85406
Step 90790000 - Total Energy: -3133.12, Acceptance Ratio = 0.437898, Pressure = 2.10171
Step 90800000 - Total Energy: -3125.1, Acceptance Ratio = 0.437899, Pressure = 2.17136
Step 90810000 - Total Energy: -3109.82, Acceptance Ratio = 0.437899, Pressure = 2.31755
Step 90820000 - Total Energy: -3146.74, Acceptance Ratio = 0.437899, Pressure = 1.97611
Step 90830000 - Total Energy: -3136.4, Acceptance Ratio = 0.4379, Pressure = 2.0274
Step 90840000 - Total Energy: -3117.24, Acceptance Ratio = 0.4379, Pressure = 2.27632
Step 90850000 - Total Energy: -3129.03, Acceptance Ratio = 0.4379, Pressure = 2.12456
Step 90860000 - Total Energy: -3132.03, Acceptance Ratio = 0.4379, Pressure = 2.07037
Step 90870000 - Total Energy: -3130.15, Acceptance Ratio = 0.437901, Pressure = 2.1164
Step 90880000 - Total Energy: -3095.95, Acceptance Ratio = 0.437902, Pressure = 2.45404
Step 90890000 - Total Energy: -3129.5, Acceptance Ratio = 0.437901, Pressure = 2.21119
Step 90900000 - Total Energy: -3097.47, Acceptance Ratio = 0.4379, Pressure = 2.46624
Step 90910000 - Total Energy: -3114.99, Acceptance Ratio = 0.4379, Pressure = 2.39709
Step 90920000 - Total Energy: -3151.85, Acceptance Ratio = 0.4379, Pressure = 1.99399
Step 90930000 - Total Energy: -3142.86, Acceptance Ratio = 0.437899, Pressure = 2.08008
Step 90940000 - Total Energy: -3106.39, Acceptance Ratio = 0.4379, Pressure = 2.3655
Step 90950000 - Total Energy: -3102.32, Acceptance Ratio = 0.4379, Pressure = 2.38305
Step 90960000 - Total Energy: -3138.63, Acceptance Ratio = 0.437901, Pressure = 1.98943
Step 90970000 - Total Energy: -3125.18, Acceptance Ratio = 0.437901, Pressure = 2.18469
Step 90980000 - Total Energy: -3133.28, Acceptance Ratio = 0.437901, Pressure = 2.17157
Step 90990000 - Total Energy: -3109.01, Acceptance Ratio = 0.437901, Pressure = 2.32748
Step 91000000 - Total Energy: -3105.53, Acceptance Ratio = 0.437901, Pressure = 2.43643
Step 91010000 - Total Energy: -3105.81, Acceptance Ratio = 0.437901, Pressure = 2.39497
Step 91020000 - Total Energy: -3121.56, Acceptance Ratio = 0.4379, Pressure = 2.22803
Step 91030000 - Total Energy: -3139.92, Acceptance Ratio = 0.4379, Pressure = 2.08766
Step 91040000 - Total Energy: -3120.03, Acceptance Ratio = 0.437899, Pressure = 2.22555
Step 91050000 - Total Energy: -3098.63, Acceptance Ratio = 0.437898, Pressure = 2.46247
Step 91060000 - Total Energy: -3077.96, Acceptance Ratio = 0.437897, Pressure = 2.67648
Step 91070000 - Total Energy: -3094.96, Acceptance Ratio = 0.437897, Pressure = 2.5336
Step 91080000 - Total Energy: -3115.36, Acceptance Ratio = 0.437896, Pressure = 2.2481
Step 91090000 - Total Energy: -3089.72, Acceptance Ratio = 0.437897, Pressure = 2.56645
Step 91100000 - Total Energy: -3126.31, Acceptance Ratio = 0.437896, Pressure = 2.18224
Step 91110000 - Total Energy: -3086.69, Acceptance Ratio = 0.437896, Pressure = 2.5725
Step 91120000 - Total Energy: -3122.63, Acceptance Ratio = 0.437896, Pressure = 2.23614
Step 91130000 - Total Energy: -3092.6, Acceptance Ratio = 0.437897, Pressure = 2.51252
Step 91140000 - Total Energy: -3083.85, Acceptance Ratio = 0.437897, Pressure = 2.58717
Step 91150000 - Total Energy: -3102.27, Acceptance Ratio = 0.437896, Pressure = 2.41729
Step 91160000 - Total Energy: -3083.94, Acceptance Ratio = 0.437896, Pressure = 2.63837
Step 91170000 - Total Energy: -3100.14, Acceptance Ratio = 0.437895, Pressure = 2.48184
Step 91180000 - Total Energy: -3107.94, Acceptance Ratio = 0.437894, Pressure = 2.38999
Step 91190000 - Total Energy: -3150.51, Acceptance Ratio = 0.437895, Pressure = 1.9622
Step 91200000 - Total Energy: -3153.16, Acceptance Ratio = 0.437895, Pressure = 1.89338
Step 91210000 - Total Energy: -3135.15, Acceptance Ratio = 0.437896, Pressure = 2.12146
Step 91220000 - Total Energy: -3138.87, Acceptance Ratio = 0.437897, Pressure = 2.01313
Step 91230000 - Total Energy: -3100.2, Acceptance Ratio = 0.437898, Pressure = 2.40364
Step 91240000 - Total Energy: -3108.99, Acceptance Ratio = 0.437897, Pressure = 2.34279
Step 91250000 - Total Energy: -3108.66, Acceptance Ratio = 0.437897, Pressure = 2.2669
Step 91260000 - Total Energy: -3122.84, Acceptance Ratio = 0.437897, Pressure = 2.12821
Step 91270000 - Total Energy: -3100, Acceptance Ratio = 0.437896, Pressure = 2.46352
Step 91280000 - Total Energy: -3097.73, Acceptance Ratio = 0.437896, Pressure = 2.53888
Step 91290000 - Total Energy: -3087.06, Acceptance Ratio = 0.437895, Pressure = 2.60251
Step 91300000 - Total Energy: -3084.23, Acceptance Ratio = 0.437895, Pressure = 2.5958
Step 91310000 - Total Energy: -3110.09, Acceptance Ratio = 0.437894, Pressure = 2.36154
Step 91320000 - Total Energy: -3099.89, Acceptance Ratio = 0.437895, Pressure = 2.51481
Step 91330000 - Total Energy: -3114.22, Acceptance Ratio = 0.437893, Pressure = 2.38189
Step 91340000 - Total Energy: -3112.13, Acceptance Ratio = 0.437894, Pressure = 2.39424
Step 91350000 - Total Energy: -3105.14, Acceptance Ratio = 0.437893, Pressure = 2.45794
Step 91360000 - Total Energy: -3089.17, Acceptance Ratio = 0.437892, Pressure = 2.591
Step 91370000 - Total Energy: -3095.69, Acceptance Ratio = 0.437892, Pressure = 2.51433
Step 91380000 - Total Energy: -3128.75, Acceptance Ratio = 0.437892, Pressure = 2.20734
Step 91390000 - Total Energy: -3136.05, Acceptance Ratio = 0.437891, Pressure = 2.19744
Step 91400000 - Total Energy: -3115.12, Acceptance Ratio = 0.437891, Pressure = 2.30325
Step 91410000 - Total Energy: -3096.12, Acceptance Ratio = 0.437891, Pressure = 2.47317
Step 91420000 - Total Energy: -3121.57, Acceptance Ratio = 0.437892, Pressure = 2.24168
Step 91430000 - Total Energy: -3100.2, Acceptance Ratio = 0.437891, Pressure = 2.51636
Step 91440000 - Total Energy: -3131.98, Acceptance Ratio = 0.43789, Pressure = 2.14999
Step 91450000 - Total Energy: -3127.23, Acceptance Ratio = 0.43789, Pressure = 2.23753
Step 91460000 - Total Energy: -3121.03, Acceptance Ratio = 0.43789, Pressure = 2.23579
Step 91470000 - Total Energy: -3124.07, Acceptance Ratio = 0.437889, Pressure = 2.18822
Step 91480000 - Total Energy: -3122.54, Acceptance Ratio = 0.437889, Pressure = 2.20081
Step 91490000 - Total Energy: -3135.22, Acceptance Ratio = 0.437888, Pressure = 2.03886
Step 91500000 - Total Energy: -3159.84, Acceptance Ratio = 0.437889, Pressure = 1.83176
Step 91510000 - Total Energy: -3128.47, Acceptance Ratio = 0.437889, Pressure = 2.14991
Step 91520000 - Total Energy: -3124.09, Acceptance Ratio = 0.437888, Pressure = 2.19327
Step 91530000 - Total Energy: -3105.81, Acceptance Ratio = 0.437887, Pressure = 2.38488
Step 91540000 - Total Energy: -3114.02, Acceptance Ratio = 0.437886, Pressure = 2.39813
Step 91550000 - Total Energy: -3083.49, Acceptance Ratio = 0.437886, Pressure = 2.68138
Step 91560000 - Total Energy: -3110.96, Acceptance Ratio = 0.437885, Pressure = 2.3514
Step 91570000 - Total Energy: -3084.53, Acceptance Ratio = 0.437885, Pressure = 2.58621
Step 91580000 - Total Energy: -3121.09, Acceptance Ratio = 0.437885, Pressure = 2.22249
Step 91590000 - Total Energy: -3122.34, Acceptance Ratio = 0.437886, Pressure = 2.21684
Step 91600000 - Total Energy: -3100.87, Acceptance Ratio = 0.437885, Pressure = 2.41938
Step 91610000 - Total Energy: -3101.54, Acceptance Ratio = 0.437885, Pressure = 2.40641
Step 91620000 - Total Energy: -3112.81, Acceptance Ratio = 0.437886, Pressure = 2.31469
Step 91630000 - Total Energy: -3123.78, Acceptance Ratio = 0.437886, Pressure = 2.20944
Step 91640000 - Total Energy: -3125.44, Acceptance Ratio = 0.437886, Pressure = 2.18017
Step 91650000 - Total Energy: -3099.09, Acceptance Ratio = 0.437886, Pressure = 2.4861
Step 91660000 - Total Energy: -3066.06, Acceptance Ratio = 0.437885, Pressure = 2.83824
Step 91670000 - Total Energy: -3124.74, Acceptance Ratio = 0.437885, Pressure = 2.25287
Step 91680000 - Total Energy: -3094.18, Acceptance Ratio = 0.437885, Pressure = 2.54733
Step 91690000 - Total Energy: -3103.28, Acceptance Ratio = 0.437885, Pressure = 2.41185
Step 91700000 - Total Energy: -3129.73, Acceptance Ratio = 0.437885, Pressure = 2.08949
Step 91710000 - Total Energy: -3140.69, Acceptance Ratio = 0.437886, Pressure = 2.07764
Step 91720000 - Total Energy: -3159.77, Acceptance Ratio = 0.437886, Pressure = 1.85555
Step 91730000 - Total Energy: -3152.35, Acceptance Ratio = 0.437886, Pressure = 1.96078
Step 91740000 - Total Energy: -3109.88, Acceptance Ratio = 0.437887, Pressure = 2.29463
Step 91750000 - Total Energy: -3114.52, Acceptance Ratio = 0.437888, Pressure = 2.27685
Step 91760000 - Total Energy: -3110, Acceptance Ratio = 0.437886, Pressure = 2.33991
Step 91770000 - Total Energy: -3100.65, Acceptance Ratio = 0.437887, Pressure = 2.52186
Step 91780000 - Total Energy: -3104.23, Acceptance Ratio = 0.437887, Pressure = 2.4691
Step 91790000 - Total Energy: -3132.6, Acceptance Ratio = 0.437886, Pressure = 2.11971
Step 91800000 - Total Energy: -3127.59, Acceptance Ratio = 0.437887, Pressure = 2.15826
Step 91810000 - Total Energy: -3084.84, Acceptance Ratio = 0.437887, Pressure = 2.58344
Step 91820000 - Total Energy: -3119.73, Acceptance Ratio = 0.437887, Pressure = 2.18737
Step 91830000 - Total Energy: -3121.33, Acceptance Ratio = 0.437888, Pressure = 2.14874
Step 91840000 - Total Energy: -3121.14, Acceptance Ratio = 0.437888, Pressure = 2.23555
Step 91850000 - Total Energy: -3141.81, Acceptance Ratio = 0.437888, Pressure = 2.00514
Step 91860000 - Total Energy: -3160.29, Acceptance Ratio = 0.43789, Pressure = 1.82865
Step 91870000 - Total Energy: -3115.76, Acceptance Ratio = 0.437891, Pressure = 2.25802
Step 91880000 - Total Energy: -3156.58, Acceptance Ratio = 0.437892, Pressure = 1.85708
Step 91890000 - Total Energy: -3129.57, Acceptance Ratio = 0.437891, Pressure = 2.20379
Step 91900000 - Total Energy: -3128.68, Acceptance Ratio = 0.437891, Pressure = 2.17593
Step 91910000 - Total Energy: -3142.49, Acceptance Ratio = 0.437891, Pressure = 2.03194
Step 91920000 - Total Energy: -3130.29, Acceptance Ratio = 0.437892, Pressure = 2.07863
Step 91930000 - Total Energy: -3094.4, Acceptance Ratio = 0.437892, Pressure = 2.44911
Step 91940000 - Total Energy: -3122.54, Acceptance Ratio = 0.437892, Pressure = 2.1966
Step 91950000 - Total Energy: -3109.96, Acceptance Ratio = 0.437891, Pressure = 2.30814
Step 91960000 - Total Energy: -3140.5, Acceptance Ratio = 0.437891, Pressure = 2.02884
Step 91970000 - Total Energy: -3113.46, Acceptance Ratio = 0.437892, Pressure = 2.34204
Step 91980000 - Total Energy: -3131.52, Acceptance Ratio = 0.437891, Pressure = 2.15964
Step 91990000 - Total Energy: -3163.56, Acceptance Ratio = 0.437891, Pressure = 1.77535
Step 92000000 - Total Energy: -3162.6, Acceptance Ratio = 0.437893, Pressure = 1.79044
Step 92010000 - Total Energy: -3151.11, Acceptance Ratio = 0.437893, Pressure = 1.876
Step 92020000 - Total Energy: -3153.47, Acceptance Ratio = 0.437894, Pressure = 1.93058
Step 92030000 - Total Energy: -3154.53, Acceptance Ratio = 0.437894, Pressure = 1.87297
Step 92040000 - Total Energy: -3094.07, Acceptance Ratio = 0.437895, Pressure = 2.47594
Step 92050000 - Total Energy: -3120.56, Acceptance Ratio = 0.437896, Pressure = 2.24433
Step 92060000 - Total Energy: -3113.58, Acceptance Ratio = 0.437896, Pressure = 2.19435
Step 92070000 - Total Energy: -3160.2, Acceptance Ratio = 0.437897, Pressure = 1.79941
Step 92080000 - Total Energy: -3105.16, Acceptance Ratio = 0.437897, Pressure = 2.40034
Step 92090000 - Total Energy: -3122.51, Acceptance Ratio = 0.437898, Pressure = 2.23965
Step 92100000 - Total Energy: -3127.19, Acceptance Ratio = 0.437897, Pressure = 2.22526
Step 92110000 - Total Energy: -3095.43, Acceptance Ratio = 0.437898, Pressure = 2.53878
Step 92120000 - Total Energy: -3154.44, Acceptance Ratio = 0.437897, Pressure = 1.90658
Step 92130000 - Total Energy: -3157.41, Acceptance Ratio = 0.437897, Pressure = 1.92504
Step 92140000 - Total Energy: -3144.33, Acceptance Ratio = 0.437896, Pressure = 2.09199
Step 92150000 - Total Energy: -3078.4, Acceptance Ratio = 0.437896, Pressure = 2.68636
Step 92160000 - Total Energy: -3120.53, Acceptance Ratio = 0.437895, Pressure = 2.22235
Step 92170000 - Total Energy: -3119.66, Acceptance Ratio = 0.437895, Pressure = 2.24675
Step 92180000 - Total Energy: -3063.68, Acceptance Ratio = 0.437895, Pressure = 2.74918
Step 92190000 - Total Energy: -3120.06, Acceptance Ratio = 0.437894, Pressure = 2.26307
Step 92200000 - Total Energy: -3118.99, Acceptance Ratio = 0.437893, Pressure = 2.31807
Step 92210000 - Total Energy: -3163.11, Acceptance Ratio = 0.437894, Pressure = 1.80457
Step 92220000 - Total Energy: -3131.07, Acceptance Ratio = 0.437895, Pressure = 2.08115
Step 92230000 - Total Energy: -3106.69, Acceptance Ratio = 0.437896, Pressure = 2.42901
Step 92240000 - Total Energy: -3107.55, Acceptance Ratio = 0.437895, Pressure = 2.39443
Step 92250000 - Total Energy: -3116.49, Acceptance Ratio = 0.437895, Pressure = 2.30882
Step 92260000 - Total Energy: -3081.04, Acceptance Ratio = 0.437894, Pressure = 2.63262
Step 92270000 - Total Energy: -3099.22, Acceptance Ratio = 0.437894, Pressure = 2.46744
Step 92280000 - Total Energy: -3084.46, Acceptance Ratio = 0.437893, Pressure = 2.53569
Step 92290000 - Total Energy: -3102.67, Acceptance Ratio = 0.437892, Pressure = 2.41767
Step 92300000 - Total Energy: -3119.16, Acceptance Ratio = 0.437892, Pressure = 2.2457
Step 92310000 - Total Energy: -3080.04, Acceptance Ratio = 0.437892, Pressure = 2.63114
Step 92320000 - Total Energy: -3120.21, Acceptance Ratio = 0.437893, Pressure = 2.29673
Step 92330000 - Total Energy: -3091.41, Acceptance Ratio = 0.437892, Pressure = 2.47674
Step 92340000 - Total Energy: -3103.12, Acceptance Ratio = 0.437891, Pressure = 2.4274
Step 92350000 - Total Energy: -3085.96, Acceptance Ratio = 0.437891, Pressure = 2.58521
Step 92360000 - Total Energy: -3104.69, Acceptance Ratio = 0.43789, Pressure = 2.4176
Step 92370000 - Total Energy: -3076.42, Acceptance Ratio = 0.437889, Pressure = 2.70171
Step 92380000 - Total Energy: -3102.28, Acceptance Ratio = 0.437888, Pressure = 2.44552
Step 92390000 - Total Energy: -3110.41, Acceptance Ratio = 0.437889, Pressure = 2.36518
Step 92400000 - Total Energy: -3104.49, Acceptance Ratio = 0.437888, Pressure = 2.481
Step 92410000 - Total Energy: -3129.08, Acceptance Ratio = 0.437887, Pressure = 2.08669
Step 92420000 - Total Energy: -3078.16, Acceptance Ratio = 0.437887, Pressure = 2.68958
Step 92430000 - Total Energy: -3061.88, Acceptance Ratio = 0.437886, Pressure = 2.91956
Step 92440000 - Total Energy: -3080.64, Acceptance Ratio = 0.437884, Pressure = 2.68936
Step 92450000 - Total Energy: -3082.5, Acceptance Ratio = 0.437884, Pressure = 2.67502
Step 92460000 - Total Energy: -3104.26, Acceptance Ratio = 0.437884, Pressure = 2.39782
Step 92470000 - Total Energy: -3062.31, Acceptance Ratio = 0.437883, Pressure = 2.79581
Step 92480000 - Total Energy: -3101.19, Acceptance Ratio = 0.437883, Pressure = 2.41679
Step 92490000 - Total Energy: -3110.71, Acceptance Ratio = 0.437882, Pressure = 2.29725
Step 92500000 - Total Energy: -3126.42, Acceptance Ratio = 0.437882, Pressure = 2.16068
Step 92510000 - Total Energy: -3082.05, Acceptance Ratio = 0.437881, Pressure = 2.72033
Step 92520000 - Total Energy: -3109.25, Acceptance Ratio = 0.437881, Pressure = 2.35318
Step 92530000 - Total Energy: -3093.18, Acceptance Ratio = 0.437882, Pressure = 2.56422
Step 92540000 - Total Energy: -3120.27, Acceptance Ratio = 0.437882, Pressure = 2.17044
Step 92550000 - Total Energy: -3102.88, Acceptance Ratio = 0.437881, Pressure = 2.43394
Step 92560000 - Total Energy: -3133.93, Acceptance Ratio = 0.437882, Pressure = 2.09997
Step 92570000 - Total Energy: -3100.14, Acceptance Ratio = 0.437881, Pressure = 2.41809
Step 92580000 - Total Energy: -3118.2, Acceptance Ratio = 0.437881, Pressure = 2.34562
Step 92590000 - Total Energy: -3107.13, Acceptance Ratio = 0.43788, Pressure = 2.37418
Step 92600000 - Total Energy: -3122.06, Acceptance Ratio = 0.43788, Pressure = 2.21214
Step 92610000 - Total Energy: -3129.8, Acceptance Ratio = 0.43788, Pressure = 2.16198
Step 92620000 - Total Energy: -3168.53, Acceptance Ratio = 0.437881, Pressure = 1.77183
Step 92630000 - Total Energy: -3128.09, Acceptance Ratio = 0.437881, Pressure = 2.11939
Step 92640000 - Total Energy: -3116.96, Acceptance Ratio = 0.437881, Pressure = 2.25552
Step 92650000 - Total Energy: -3099.95, Acceptance Ratio = 0.437881, Pressure = 2.32846
Step 92660000 - Total Energy: -3096.57, Acceptance Ratio = 0.437883, Pressure = 2.49391
Step 92670000 - Total Energy: -3124.13, Acceptance Ratio = 0.437883, Pressure = 2.29337
Step 92680000 - Total Energy: -3122.65, Acceptance Ratio = 0.437883, Pressure = 2.21976
Step 92690000 - Total Energy: -3100.59, Acceptance Ratio = 0.437882, Pressure = 2.40784
Step 92700000 - Total Energy: -3149.71, Acceptance Ratio = 0.437882, Pressure = 2.01411
Step 92710000 - Total Energy: -3120.25, Acceptance Ratio = 0.437882, Pressure = 2.25455
Step 92720000 - Total Energy: -3129.64, Acceptance Ratio = 0.437882, Pressure = 2.04012
Step 92730000 - Total Energy: -3118.05, Acceptance Ratio = 0.437882, Pressure = 2.23695
Step 92740000 - Total Energy: -3100.69, Acceptance Ratio = 0.437882, Pressure = 2.35561
Step 92750000 - Total Energy: -3132.3, Acceptance Ratio = 0.437883, Pressure = 2.12837
Step 92760000 - Total Energy: -3093.74, Acceptance Ratio = 0.437883, Pressure = 2.49295
Step 92770000 - Total Energy: -3109.96, Acceptance Ratio = 0.437883, Pressure = 2.33078
Step 92780000 - Total Energy: -3099.51, Acceptance Ratio = 0.437882, Pressure = 2.47592
Step 92790000 - Total Energy: -3098.68, Acceptance Ratio = 0.437881, Pressure = 2.49621
Step 92800000 - Total Energy: -3133.18, Acceptance Ratio = 0.437881, Pressure = 2.1375
Step 92810000 - Total Energy: -3137.16, Acceptance Ratio = 0.43788, Pressure = 2.07942
Step 92820000 - Total Energy: -3132.63, Acceptance Ratio = 0.43788, Pressure = 2.16549
Step 92830000 - Total Energy: -3101.7, Acceptance Ratio = 0.437881, Pressure = 2.47763
Step 92840000 - Total Energy: -3106.25, Acceptance Ratio = 0.437881, Pressure = 2.43261
Step 92850000 - Total Energy: -3101.24, Acceptance Ratio = 0.437881, Pressure = 2.4828
Step 92860000 - Total Energy: -3123.95, Acceptance Ratio = 0.43788, Pressure = 2.17997
Step 92870000 - Total Energy: -3150.55, Acceptance Ratio = 0.43788, Pressure = 1.89189
Step 92880000 - Total Energy: -3134.18, Acceptance Ratio = 0.43788, Pressure = 2.19054
Step 92890000 - Total Energy: -3133.25, Acceptance Ratio = 0.437882, Pressure = 2.0752
Step 92900000 - Total Energy: -3133.41, Acceptance Ratio = 0.437883, Pressure = 2.09696
Step 92910000 - Total Energy: -3132.03, Acceptance Ratio = 0.437883, Pressure = 2.18591
Step 92920000 - Total Energy: -3111.35, Acceptance Ratio = 0.437883, Pressure = 2.32235
Step 92930000 - Total Energy: -3121.59, Acceptance Ratio = 0.437883, Pressure = 2.31562
Step 92940000 - Total Energy: -3109.22, Acceptance Ratio = 0.437883, Pressure = 2.45057
Step 92950000 - Total Energy: -3130.12, Acceptance Ratio = 0.437883, Pressure = 2.22317
Step 92960000 - Total Energy: -3142.89, Acceptance Ratio = 0.437884, Pressure = 2.01345
Step 92970000 - Total Energy: -3158.53, Acceptance Ratio = 0.437885, Pressure = 1.84951
Step 92980000 - Total Energy: -3171.21, Acceptance Ratio = 0.437885, Pressure = 1.70211
Step 92990000 - Total Energy: -3127.88, Acceptance Ratio = 0.437886, Pressure = 2.10174
Step 93000000 - Total Energy: -3118.45, Acceptance Ratio = 0.437886, Pressure = 2.2997
Step 93010000 - Total Energy: -3117.85, Acceptance Ratio = 0.437886, Pressure = 2.19312
Step 93020000 - Total Energy: -3111.26, Acceptance Ratio = 0.437885, Pressure = 2.32398
Step 93030000 - Total Energy: -3118.55, Acceptance Ratio = 0.437884, Pressure = 2.25215
Step 93040000 - Total Energy: -3086.02, Acceptance Ratio = 0.437885, Pressure = 2.52084
Step 93050000 - Total Energy: -3112.54, Acceptance Ratio = 0.437884, Pressure = 2.35272
Step 93060000 - Total Energy: -3123.33, Acceptance Ratio = 0.437885, Pressure = 2.16793
Step 93070000 - Total Energy: -3152.07, Acceptance Ratio = 0.437885, Pressure = 1.91896
Step 93080000 - Total Energy: -3123.15, Acceptance Ratio = 0.437884, Pressure = 2.15655
Step 93090000 - Total Energy: -3116.26, Acceptance Ratio = 0.437884, Pressure = 2.19714
Step 93100000 - Total Energy: -3129.08, Acceptance Ratio = 0.437884, Pressure = 2.08036
Step 93110000 - Total Energy: -3134.03, Acceptance Ratio = 0.437886, Pressure = 2.01927
Step 93120000 - Total Energy: -3099.8, Acceptance Ratio = 0.437885, Pressure = 2.40944
Step 93130000 - Total Energy: -3124.19, Acceptance Ratio = 0.437885, Pressure = 2.08258
Step 93140000 - Total Energy: -3139.9, Acceptance Ratio = 0.437885, Pressure = 2.02737
Step 93150000 - Total Energy: -3133.31, Acceptance Ratio = 0.437884, Pressure = 2.03905
Step 93160000 - Total Energy: -3099.24, Acceptance Ratio = 0.437885, Pressure = 2.44692
Step 93170000 - Total Energy: -3147.5, Acceptance Ratio = 0.437885, Pressure = 1.9658
Step 93180000 - Total Energy: -3114.31, Acceptance Ratio = 0.437885, Pressure = 2.238
Step 93190000 - Total Energy: -3146.72, Acceptance Ratio = 0.437886, Pressure = 1.9533
Step 93200000 - Total Energy: -3122.83, Acceptance Ratio = 0.437886, Pressure = 2.16454
Step 93210000 - Total Energy: -3159.63, Acceptance Ratio = 0.437888, Pressure = 1.78627
Step 93220000 - Total Energy: -3139.1, Acceptance Ratio = 0.437888, Pressure = 2.01557
Step 93230000 - Total Energy: -3149.64, Acceptance Ratio = 0.437889, Pressure = 1.9715
Step 93240000 - Total Energy: -3136.59, Acceptance Ratio = 0.437889, Pressure = 2.06274
Step 93250000 - Total Energy: -3148.82, Acceptance Ratio = 0.43789, Pressure = 2.01042
Step 93260000 - Total Energy: -3126.58, Acceptance Ratio = 0.43789, Pressure = 2.20954
Step 93270000 - Total Energy: -3129.41, Acceptance Ratio = 0.43789, Pressure = 2.09729
Step 93280000 - Total Energy: -3162.77, Acceptance Ratio = 0.43789, Pressure = 1.83799
Step 93290000 - Total Energy: -3100.72, Acceptance Ratio = 0.43789, Pressure = 2.40422
Step 93300000 - Total Energy: -3167.12, Acceptance Ratio = 0.43789, Pressure = 1.75989
Step 93310000 - Total Energy: -3114.34, Acceptance Ratio = 0.437889, Pressure = 2.30164
Step 93320000 - Total Energy: -3095.73, Acceptance Ratio = 0.437888, Pressure = 2.47409
Step 93330000 - Total Energy: -3113.14, Acceptance Ratio = 0.437888, Pressure = 2.31834
Step 93340000 - Total Energy: -3108.95, Acceptance Ratio = 0.437887, Pressure = 2.24891
Step 93350000 - Total Energy: -3112.02, Acceptance Ratio = 0.437889, Pressure = 2.29386
Step 93360000 - Total Energy: -3143.47, Acceptance Ratio = 0.43789, Pressure = 2.0164
Step 93370000 - Total Energy: -3130.3, Acceptance Ratio = 0.43789, Pressure = 2.08842
Step 93380000 - Total Energy: -3117.62, Acceptance Ratio = 0.43789, Pressure = 2.29159
Step 93390000 - Total Energy: -3116.98, Acceptance Ratio = 0.437889, Pressure = 2.30637
Step 93400000 - Total Energy: -3141.2, Acceptance Ratio = 0.437888, Pressure = 2.01065
Step 93410000 - Total Energy: -3108.65, Acceptance Ratio = 0.437889, Pressure = 2.33219
Step 93420000 - Total Energy: -3127.17, Acceptance Ratio = 0.437888, Pressure = 2.17329
Step 93430000 - Total Energy: -3136.92, Acceptance Ratio = 0.437888, Pressure = 2.13842
Step 93440000 - Total Energy: -3102.21, Acceptance Ratio = 0.437888, Pressure = 2.35561
Step 93450000 - Total Energy: -3107.62, Acceptance Ratio = 0.437888, Pressure = 2.38015
Step 93460000 - Total Energy: -3101.35, Acceptance Ratio = 0.437887, Pressure = 2.5031
Step 93470000 - Total Energy: -3117.92, Acceptance Ratio = 0.437886, Pressure = 2.28394
Step 93480000 - Total Energy: -3126.96, Acceptance Ratio = 0.437886, Pressure = 2.17894
Step 93490000 - Total Energy: -3125.14, Acceptance Ratio = 0.437885, Pressure = 2.16128
Step 93500000 - Total Energy: -3101.77, Acceptance Ratio = 0.437885, Pressure = 2.40286
Step 93510000 - Total Energy: -3125.46, Acceptance Ratio = 0.437885, Pressure = 2.10761
Step 93520000 - Total Energy: -3148.91, Acceptance Ratio = 0.437885, Pressure = 1.856
Step 93530000 - Total Energy: -3113.07, Acceptance Ratio = 0.437886, Pressure = 2.22636
Step 93540000 - Total Energy: -3138.94, Acceptance Ratio = 0.437886, Pressure = 1.99984
Step 93550000 - Total Energy: -3109.51, Acceptance Ratio = 0.437887, Pressure = 2.33153
Step 93560000 - Total Energy: -3104.82, Acceptance Ratio = 0.437887, Pressure = 2.33967
Step 93570000 - Total Energy: -3103.95, Acceptance Ratio = 0.437887, Pressure = 2.43424
Step 93580000 - Total Energy: -3128.68, Acceptance Ratio = 0.437887, Pressure = 2.16459
Step 93590000 - Total Energy: -3095.16, Acceptance Ratio = 0.437887, Pressure = 2.40951
Step 93600000 - Total Energy: -3118.91, Acceptance Ratio = 0.437886, Pressure = 2.138
Step 93610000 - Total Energy: -3126.58, Acceptance Ratio = 0.437885, Pressure = 2.13843
Step 93620000 - Total Energy: -3125.22, Acceptance Ratio = 0.437885, Pressure = 2.19218
Step 93630000 - Total Energy: -3109.16, Acceptance Ratio = 0.437885, Pressure = 2.34571
Step 93640000 - Total Energy: -3099.61, Acceptance Ratio = 0.437885, Pressure = 2.43426
Step 93650000 - Total Energy: -3131.55, Acceptance Ratio = 0.437885, Pressure = 2.09643
Step 93660000 - Total Energy: -3106.48, Acceptance Ratio = 0.437885, Pressure = 2.34524
Step 93670000 - Total Energy: -3107.29, Acceptance Ratio = 0.437885, Pressure = 2.3612
Step 93680000 - Total Energy: -3140.94, Acceptance Ratio = 0.437886, Pressure = 2.04136
Step 93690000 - Total Energy: -3147.26, Acceptance Ratio = 0.437886, Pressure = 1.90274
Step 93700000 - Total Energy: -3114.53, Acceptance Ratio = 0.437886, Pressure = 2.24432
Step 93710000 - Total Energy: -3113.14, Acceptance Ratio = 0.437886, Pressure = 2.2775
Step 93720000 - Total Energy: -3102.03, Acceptance Ratio = 0.437886, Pressure = 2.35866
Step 93730000 - Total Energy: -3138.21, Acceptance Ratio = 0.437886, Pressure = 2.01575
Step 93740000 - Total Energy: -3135.45, Acceptance Ratio = 0.437886, Pressure = 2.06436
Step 93750000 - Total Energy: -3098.73, Acceptance Ratio = 0.437886, Pressure = 2.51488
Step 93760000 - Total Energy: -3124.44, Acceptance Ratio = 0.437886, Pressure = 2.21471
Step 93770000 - Total Energy: -3116.36, Acceptance Ratio = 0.437887, Pressure = 2.33827
Step 93780000 - Total Energy: -3096.64, Acceptance Ratio = 0.437886, Pressure = 2.39971
Step 93790000 - Total Energy: -3137.21, Acceptance Ratio = 0.437887, Pressure = 2.06752
Step 93800000 - Total Energy: -3146.19, Acceptance Ratio = 0.437887, Pressure = 1.99163
Step 93810000 - Total Energy: -3104.48, Acceptance Ratio = 0.437887, Pressure = 2.42742
Step 93820000 - Total Energy: -3110.42, Acceptance Ratio = 0.437888, Pressure = 2.33787
Step 93830000 - Total Energy: -3095.11, Acceptance Ratio = 0.437888, Pressure = 2.42019
Step 93840000 - Total Energy: -3110.07, Acceptance Ratio = 0.437888, Pressure = 2.31504
Step 93850000 - Total Energy: -3111.65, Acceptance Ratio = 0.437887, Pressure = 2.23617
Step 93860000 - Total Energy: -3082.77, Acceptance Ratio = 0.437887, Pressure = 2.56639
Step 93870000 - Total Energy: -3133.98, Acceptance Ratio = 0.437886, Pressure = 2.06052
Step 93880000 - Total Energy: -3115.28, Acceptance Ratio = 0.437886, Pressure = 2.35275
Step 93890000 - Total Energy: -3077.4, Acceptance Ratio = 0.437886, Pressure = 2.65322
Step 93900000 - Total Energy: -3137.62, Acceptance Ratio = 0.437885, Pressure = 2.06538
Step 93910000 - Total Energy: -3130.31, Acceptance Ratio = 0.437885, Pressure = 2.168
Step 93920000 - Total Energy: -3118.29, Acceptance Ratio = 0.437885, Pressure = 2.34564
Step 93930000 - Total Energy: -3074.44, Acceptance Ratio = 0.437884, Pressure = 2.67237
Step 93940000 - Total Energy: -3089.44, Acceptance Ratio = 0.437884, Pressure = 2.50719
Step 93950000 - Total Energy: -3074.61, Acceptance Ratio = 0.437883, Pressure = 2.7206
Step 93960000 - Total Energy: -3124.59, Acceptance Ratio = 0.437883, Pressure = 2.13636
Step 93970000 - Total Energy: -3106.15, Acceptance Ratio = 0.437883, Pressure = 2.40477
Step 93980000 - Total Energy: -3112.08, Acceptance Ratio = 0.437882, Pressure = 2.35171
Step 93990000 - Total Energy: -3091.37, Acceptance Ratio = 0.437882, Pressure = 2.56205
Step 94000000 - Total Energy: -3069.52, Acceptance Ratio = 0.437881, Pressure = 2.7023
Step 94010000 - Total Energy: -3109.6, Acceptance Ratio = 0.43788, Pressure = 2.32216
Step 94020000 - Total Energy: -3105.35, Acceptance Ratio = 0.43788, Pressure = 2.37902
Step 94030000 - Total Energy: -3111.53, Acceptance Ratio = 0.43788, Pressure = 2.29421
Step 94040000 - Total Energy: -3115.9, Acceptance Ratio = 0.43788, Pressure = 2.30842
Step 94050000 - Total Energy: -3104.53, Acceptance Ratio = 0.43788, Pressure = 2.35998
Step 94060000 - Total Energy: -3102.89, Acceptance Ratio = 0.43788, Pressure = 2.4052
Step 94070000 - Total Energy: -3102.01, Acceptance Ratio = 0.43788, Pressure = 2.4454
Step 94080000 - Total Energy: -3083.09, Acceptance Ratio = 0.43788, Pressure = 2.49634
Step 94090000 - Total Energy: -3111.49, Acceptance Ratio = 0.43788, Pressure = 2.34322
Step 94100000 - Total Energy: -3105.3, Acceptance Ratio = 0.43788, Pressure = 2.32333
Step 94110000 - Total Energy: -3115.06, Acceptance Ratio = 0.437879, Pressure = 2.29565
Step 94120000 - Total Energy: -3141.32, Acceptance Ratio = 0.43788, Pressure = 2.02121
Step 94130000 - Total Energy: -3123.19, Acceptance Ratio = 0.437881, Pressure = 2.24065
Step 94140000 - Total Energy: -3099.32, Acceptance Ratio = 0.437881, Pressure = 2.44652
Step 94150000 - Total Energy: -3125.47, Acceptance Ratio = 0.437882, Pressure = 2.18011
Step 94160000 - Total Energy: -3129.3, Acceptance Ratio = 0.437881, Pressure = 2.18584
Step 94170000 - Total Energy: -3148.83, Acceptance Ratio = 0.43788, Pressure = 1.95018
Step 94180000 - Total Energy: -3113.21, Acceptance Ratio = 0.437879, Pressure = 2.3045
Step 94190000 - Total Energy: -3141.82, Acceptance Ratio = 0.437879, Pressure = 2.0431
Step 94200000 - Total Energy: -3140.96, Acceptance Ratio = 0.437879, Pressure = 2.05053
Step 94210000 - Total Energy: -3135.79, Acceptance Ratio = 0.43788, Pressure = 2.13407
Step 94220000 - Total Energy: -3145.23, Acceptance Ratio = 0.43788, Pressure = 2.04787
Step 94230000 - Total Energy: -3126.08, Acceptance Ratio = 0.43788, Pressure = 2.22069
Step 94240000 - Total Energy: -3124.35, Acceptance Ratio = 0.43788, Pressure = 2.15391
Step 94250000 - Total Energy: -3163.08, Acceptance Ratio = 0.437881, Pressure = 1.82655
Step 94260000 - Total Energy: -3121.46, Acceptance Ratio = 0.43788, Pressure = 2.23865
Step 94270000 - Total Energy: -3108.58, Acceptance Ratio = 0.437879, Pressure = 2.36937
Step 94280000 - Total Energy: -3137.14, Acceptance Ratio = 0.43788, Pressure = 2.04167
Step 94290000 - Total Energy: -3092, Acceptance Ratio = 0.437879, Pressure = 2.52122
Step 94300000 - Total Energy: -3101.47, Acceptance Ratio = 0.437878, Pressure = 2.41476
Step 94310000 - Total Energy: -3119.37, Acceptance Ratio = 0.437878, Pressure = 2.33263
Step 94320000 - Total Energy: -3145.89, Acceptance Ratio = 0.437878, Pressure = 2.02553
Step 94330000 - Total Energy: -3136.59, Acceptance Ratio = 0.437878, Pressure = 2.1093
Step 94340000 - Total Energy: -3099.31, Acceptance Ratio = 0.437877, Pressure = 2.43249
Step 94350000 - Total Energy: -3117.41, Acceptance Ratio = 0.437877, Pressure = 2.25495
Step 94360000 - Total Energy: -3114.36, Acceptance Ratio = 0.437876, Pressure = 2.31332
Step 94370000 - Total Energy: -3116.23, Acceptance Ratio = 0.437877, Pressure = 2.28672
Step 94380000 - Total Energy: -3115.62, Acceptance Ratio = 0.437875, Pressure = 2.25842
Step 94390000 - Total Energy: -3158.65, Acceptance Ratio = 0.437876, Pressure = 1.87266
Step 94400000 - Total Energy: -3115.34, Acceptance Ratio = 0.437877, Pressure = 2.32323
Step 94410000 - Total Energy: -3173.28, Acceptance Ratio = 0.437877, Pressure = 1.75632
Step 94420000 - Total Energy: -3137.58, Acceptance Ratio = 0.437878, Pressure = 2.04825
Step 94430000 - Total Energy: -3164.44, Acceptance Ratio = 0.437879, Pressure = 1.75965
Step 94440000 - Total Energy: -3133.6, Acceptance Ratio = 0.437878, Pressure = 2.08404
Step 94450000 - Total Energy: -3143.92, Acceptance Ratio = 0.437879, Pressure = 1.99987
Step 94460000 - Total Energy: -3132.94, Acceptance Ratio = 0.43788, Pressure = 2.10283
Step 94470000 - Total Energy: -3138.86, Acceptance Ratio = 0.437879, Pressure = 2.09412
Step 94480000 - Total Energy: -3143.99, Acceptance Ratio = 0.43788, Pressure = 2.02254
Step 94490000 - Total Energy: -3150.62, Acceptance Ratio = 0.43788, Pressure = 1.93904
Step 94500000 - Total Energy: -3129.3, Acceptance Ratio = 0.437881, Pressure = 2.10026
Step 94510000 - Total Energy: -3183.54, Acceptance Ratio = 0.437881, Pressure = 1.56549
Step 94520000 - Total Energy: -3122.08, Acceptance Ratio = 0.437882, Pressure = 2.26598
Step 94530000 - Total Energy: -3133.28, Acceptance Ratio = 0.437882, Pressure = 2.16171
Step 94540000 - Total Energy: -3140.43, Acceptance Ratio = 0.437882, Pressure = 2.04358
Step 94550000 - Total Energy: -3142.97, Acceptance Ratio = 0.437883, Pressure = 1.98571
Step 94560000 - Total Energy: -3132.11, Acceptance Ratio = 0.437884, Pressure = 2.15954
Step 94570000 - Total Energy: -3140.49, Acceptance Ratio = 0.437885, Pressure = 2.02694
Step 94580000 - Total Energy: -3139.03, Acceptance Ratio = 0.437885, Pressure = 2.09694
Step 94590000 - Total Energy: -3097.74, Acceptance Ratio = 0.437885, Pressure = 2.45432
Step 94600000 - Total Energy: -3112.93, Acceptance Ratio = 0.437884, Pressure = 2.3581
Step 94610000 - Total Energy: -3089.86, Acceptance Ratio = 0.437885, Pressure = 2.5097
Step 94620000 - Total Energy: -3124.92, Acceptance Ratio = 0.437885, Pressure = 2.17057
Step 94630000 - Total Energy: -3103.09, Acceptance Ratio = 0.437885, Pressure = 2.40281
Step 94640000 - Total Energy: -3125.33, Acceptance Ratio = 0.437885, Pressure = 2.16773
Step 94650000 - Total Energy: -3126.8, Acceptance Ratio = 0.437885, Pressure = 2.21385
Step 94660000 - Total Energy: -3172.17, Acceptance Ratio = 0.437885, Pressure = 1.75802
Step 94670000 - Total Energy: -3109.96, Acceptance Ratio = 0.437886, Pressure = 2.36027
Step 94680000 - Total Energy: -3129.49, Acceptance Ratio = 0.437886, Pressure = 2.19706
Step 94690000 - Total Energy: -3129.77, Acceptance Ratio = 0.437887, Pressure = 2.20073
Step 94700000 - Total Energy: -3130.24, Acceptance Ratio = 0.437886, Pressure = 2.15075
Step 94710000 - Total Energy: -3119.57, Acceptance Ratio = 0.437886, Pressure = 2.21627
Step 94720000 - Total Energy: -3126.96, Acceptance Ratio = 0.437886, Pressure = 2.17669
Step 94730000 - Total Energy: -3146.14, Acceptance Ratio = 0.437887, Pressure = 1.94612
Step 94740000 - Total Energy: -3140.57, Acceptance Ratio = 0.437887, Pressure = 1.99412
Step 94750000 - Total Energy: -3114.09, Acceptance Ratio = 0.437886, Pressure = 2.2856
Step 94760000 - Total Energy: -3086.44, Acceptance Ratio = 0.437886, Pressure = 2.5744
Step 94770000 - Total Energy: -3143.35, Acceptance Ratio = 0.437886, Pressure = 2.01065
Step 94780000 - Total Energy: -3124.15, Acceptance Ratio = 0.437886, Pressure = 2.18731
Step 94790000 - Total Energy: -3155.57, Acceptance Ratio = 0.437885, Pressure = 1.84323
Step 94800000 - Total Energy: -3133.98, Acceptance Ratio = 0.437886, Pressure = 1.97065
Step 94810000 - Total Energy: -3147.78, Acceptance Ratio = 0.437887, Pressure = 1.88876
Step 94820000 - Total Energy: -3142.15, Acceptance Ratio = 0.437887, Pressure = 1.95485
Step 94830000 - Total Energy: -3151.77, Acceptance Ratio = 0.437888, Pressure = 1.88139
Step 94840000 - Total Energy: -3141.17, Acceptance Ratio = 0.437889, Pressure = 1.97969
Step 94850000 - Total Energy: -3166.66, Acceptance Ratio = 0.437888, Pressure = 1.70186
Step 94860000 - Total Energy: -3158.63, Acceptance Ratio = 0.437889, Pressure = 1.7367
Step 94870000 - Total Energy: -3121.58, Acceptance Ratio = 0.437889, Pressure = 2.14574
Step 94880000 - Total Energy: -3105.64, Acceptance Ratio = 0.437889, Pressure = 2.27483
Step 94890000 - Total Energy: -3137.08, Acceptance Ratio = 0.437889, Pressure = 2.0157
Step 94900000 - Total Energy: -3146.42, Acceptance Ratio = 0.437889, Pressure = 1.89844
Step 94910000 - Total Energy: -3123.62, Acceptance Ratio = 0.43789, Pressure = 2.11717
Step 94920000 - Total Energy: -3109.06, Acceptance Ratio = 0.43789, Pressure = 2.29223
Step 94930000 - Total Energy: -3147.64, Acceptance Ratio = 0.437891, Pressure = 1.93538
Step 94940000 - Total Energy: -3174.06, Acceptance Ratio = 0.437892, Pressure = 1.63348
Step 94950000 - Total Energy: -3167.2, Acceptance Ratio = 0.437892, Pressure = 1.74559
Step 94960000 - Total Energy: -3154.11, Acceptance Ratio = 0.437893, Pressure = 1.91347
Step 94970000 - Total Energy: -3123.31, Acceptance Ratio = 0.437893, Pressure = 2.19359
Step 94980000 - Total Energy: -3132.94, Acceptance Ratio = 0.437893, Pressure = 2.12345
Step 94990000 - Total Energy: -3133.58, Acceptance Ratio = 0.437894, Pressure = 2.12803
Step 95000000 - Total Energy: -3131.46, Acceptance Ratio = 0.437895, Pressure = 2.11198
Step 95010000 - Total Energy: -3120.49, Acceptance Ratio = 0.437895, Pressure = 2.20781
Step 95020000 - Total Energy: -3120.55, Acceptance Ratio = 0.437896, Pressure = 2.2898
Step 95030000 - Total Energy: -3157.78, Acceptance Ratio = 0.437896, Pressure = 1.85956
Step 95040000 - Total Energy: -3129.22, Acceptance Ratio = 0.437897, Pressure = 2.14736
Step 95050000 - Total Energy: -3107.57, Acceptance Ratio = 0.437898, Pressure = 2.34076
Step 95060000 - Total Energy: -3142.03, Acceptance Ratio = 0.437899, Pressure = 1.97805
Step 95070000 - Total Energy: -3119.5, Acceptance Ratio = 0.437899, Pressure = 2.2484
Step 95080000 - Total Energy: -3159.43, Acceptance Ratio = 0.437899, Pressure = 1.79802
Step 95090000 - Total Energy: -3150.72, Acceptance Ratio = 0.437899, Pressure = 1.90862
Step 95100000 - Total Energy: -3139.42, Acceptance Ratio = 0.4379, Pressure = 2.15596
Step 95110000 - Total Energy: -3117.11, Acceptance Ratio = 0.4379, Pressure = 2.34075
Step 95120000 - Total Energy: -3113.97, Acceptance Ratio = 0.437899, Pressure = 2.33247
Step 95130000 - Total Energy: -3126.2, Acceptance Ratio = 0.4379, Pressure = 2.26438
Step 95140000 - Total Energy: -3128.41, Acceptance Ratio = 0.437899, Pressure = 2.25799
Step 95150000 - Total Energy: -3122.33, Acceptance Ratio = 0.437899, Pressure = 2.25385
Step 95160000 - Total Energy: -3144.6, Acceptance Ratio = 0.4379, Pressure = 1.99394
Step 95170000 - Total Energy: -3122.64, Acceptance Ratio = 0.4379, Pressure = 2.25609
Step 95180000 - Total Energy: -3150.59, Acceptance Ratio = 0.437901, Pressure = 2.02197
Step 95190000 - Total Energy: -3139.09, Acceptance Ratio = 0.4379, Pressure = 2.0267
Step 95200000 - Total Energy: -3165.93, Acceptance Ratio = 0.4379, Pressure = 1.79101
Step 95210000 - Total Energy: -3156.02, Acceptance Ratio = 0.437901, Pressure = 1.85989
Step 95220000 - Total Energy: -3169.42, Acceptance Ratio = 0.437902, Pressure = 1.72462
Step 95230000 - Total Energy: -3127.73, Acceptance Ratio = 0.437902, Pressure = 2.12196
Step 95240000 - Total Energy: -3119.41, Acceptance Ratio = 0.437902, Pressure = 2.17824
Step 95250000 - Total Energy: -3157.83, Acceptance Ratio = 0.437902, Pressure = 1.75924
Step 95260000 - Total Energy: -3099.33, Acceptance Ratio = 0.437903, Pressure = 2.36233
Step 95270000 - Total Energy: -3123, Acceptance Ratio = 0.437902, Pressure = 2.11728
Step 95280000 - Total Energy: -3111.09, Acceptance Ratio = 0.437902, Pressure = 2.31226
Step 95290000 - Total Energy: -3123.79, Acceptance Ratio = 0.437901, Pressure = 2.12753
Step 95300000 - Total Energy: -3123.58, Acceptance Ratio = 0.437902, Pressure = 2.18312
Step 95310000 - Total Energy: -3133.32, Acceptance Ratio = 0.437903, Pressure = 2.10746
Step 95320000 - Total Energy: -3113.56, Acceptance Ratio = 0.437903, Pressure = 2.30243
Step 95330000 - Total Energy: -3137.46, Acceptance Ratio = 0.437903, Pressure = 2.02036
Step 95340000 - Total Energy: -3095.27, Acceptance Ratio = 0.437902, Pressure = 2.3967
Step 95350000 - Total Energy: -3132.67, Acceptance Ratio = 0.437902, Pressure = 2.05975
Step 95360000 - Total Energy: -3101.8, Acceptance Ratio = 0.437902, Pressure = 2.46649
Step 95370000 - Total Energy: -3103.37, Acceptance Ratio = 0.437903, Pressure = 2.42591
Step 95380000 - Total Energy: -3072.11, Acceptance Ratio = 0.437903, Pressure = 2.74754
Step 95390000 - Total Energy: -3117.66, Acceptance Ratio = 0.437903, Pressure = 2.28811
Step 95400000 - Total Energy: -3118.01, Acceptance Ratio = 0.437903, Pressure = 2.27077
Step 95410000 - Total Energy: -3116.79, Acceptance Ratio = 0.437902, Pressure = 2.26009
Step 95420000 - Total Energy: -3108.17, Acceptance Ratio = 0.437902, Pressure = 2.39275
Step 95430000 - Total Energy: -3076.88, Acceptance Ratio = 0.437901, Pressure = 2.68557
Step 95440000 - Total Energy: -3073.92, Acceptance Ratio = 0.437901, Pressure = 2.77761
Step 95450000 - Total Energy: -3116.98, Acceptance Ratio = 0.4379, Pressure = 2.31507
Step 95460000 - Total Energy: -3081.84, Acceptance Ratio = 0.4379, Pressure = 2.61776
Step 95470000 - Total Energy: -3080.36, Acceptance Ratio = 0.4379, Pressure = 2.6117
Step 95480000 - Total Energy: -3132.43, Acceptance Ratio = 0.437899, Pressure = 2.11307
Step 95490000 - Total Energy: -3123.23, Acceptance Ratio = 0.4379, Pressure = 2.26631
Step 95500000 - Total Energy: -3115.61, Acceptance Ratio = 0.437899, Pressure = 2.34033
Step 95510000 - Total Energy: -3118.06, Acceptance Ratio = 0.437899, Pressure = 2.26654
Step 95520000 - Total Energy: -3115.28, Acceptance Ratio = 0.437899, Pressure = 2.28061
Step 95530000 - Total Energy: -3112.06, Acceptance Ratio = 0.437899, Pressure = 2.31696
Step 95540000 - Total Energy: -3122.64, Acceptance Ratio = 0.437899, Pressure = 2.23448
Step 95550000 - Total Energy: -3168.21, Acceptance Ratio = 0.437899, Pressure = 1.69969
Step 95560000 - Total Energy: -3102.99, Acceptance Ratio = 0.4379, Pressure = 2.37763
Step 95570000 - Total Energy: -3138.45, Acceptance Ratio = 0.4379, Pressure = 2.03775
Step 95580000 - Total Energy: -3118.72, Acceptance Ratio = 0.4379, Pressure = 2.25233
Step 95590000 - Total Energy: -3109.71, Acceptance Ratio = 0.437898, Pressure = 2.31617
Step 95600000 - Total Energy: -3125.59, Acceptance Ratio = 0.437899, Pressure = 2.20045
Step 95610000 - Total Energy: -3100.5, Acceptance Ratio = 0.437899, Pressure = 2.43033
Step 95620000 - Total Energy: -3140.42, Acceptance Ratio = 0.437899, Pressure = 2.08509
Step 95630000 - Total Energy: -3130, Acceptance Ratio = 0.437899, Pressure = 2.16483
Step 95640000 - Total Energy: -3167.68, Acceptance Ratio = 0.437899, Pressure = 1.75882
Step 95650000 - Total Energy: -3116.64, Acceptance Ratio = 0.4379, Pressure = 2.27029
Step 95660000 - Total Energy: -3100.59, Acceptance Ratio = 0.4379, Pressure = 2.40296
Step 95670000 - Total Energy: -3113.37, Acceptance Ratio = 0.4379, Pressure = 2.21598
Step 95680000 - Total Energy: -3127.85, Acceptance Ratio = 0.437899, Pressure = 2.13257
Step 95690000 - Total Energy: -3115.04, Acceptance Ratio = 0.437899, Pressure = 2.21788
Step 95700000 - Total Energy: -3111.25, Acceptance Ratio = 0.437899, Pressure = 2.28136
Step 95710000 - Total Energy: -3110.66, Acceptance Ratio = 0.4379, Pressure = 2.23847
Step 95720000 - Total Energy: -3144.52, Acceptance Ratio = 0.437899, Pressure = 2.01852
Step 95730000 - Total Energy: -3109.38, Acceptance Ratio = 0.437899, Pressure = 2.2843
Step 95740000 - Total Energy: -3122.79, Acceptance Ratio = 0.4379, Pressure = 2.19888
Step 95750000 - Total Energy: -3145.18, Acceptance Ratio = 0.437901, Pressure = 1.9478
Step 95760000 - Total Energy: -3145.94, Acceptance Ratio = 0.437902, Pressure = 1.90541
Step 95770000 - Total Energy: -3154.61, Acceptance Ratio = 0.437902, Pressure = 1.83867
Step 95780000 - Total Energy: -3147.43, Acceptance Ratio = 0.437903, Pressure = 1.92395
Step 95790000 - Total Energy: -3117.55, Acceptance Ratio = 0.437904, Pressure = 2.20048
Step 95800000 - Total Energy: -3158.88, Acceptance Ratio = 0.437905, Pressure = 1.85618
Step 95810000 - Total Energy: -3134.12, Acceptance Ratio = 0.437906, Pressure = 2.07568
Step 95820000 - Total Energy: -3121.03, Acceptance Ratio = 0.437906, Pressure = 2.26442
Step 95830000 - Total Energy: -3126.79, Acceptance Ratio = 0.437908, Pressure = 2.15155
Step 95840000 - Total Energy: -3100.61, Acceptance Ratio = 0.437908, Pressure = 2.39153
Step 95850000 - Total Energy: -3167.75, Acceptance Ratio = 0.437908, Pressure = 1.70282
Step 95860000 - Total Energy: -3150.48, Acceptance Ratio = 0.437909, Pressure = 1.889
Step 95870000 - Total Energy: -3149.09, Acceptance Ratio = 0.43791, Pressure = 1.90879
Step 95880000 - Total Energy: -3124.46, Acceptance Ratio = 0.43791, Pressure = 2.13345
Step 95890000 - Total Energy: -3157.78, Acceptance Ratio = 0.437911, Pressure = 1.85913
Step 95900000 - Total Energy: -3128.29, Acceptance Ratio = 0.437911, Pressure = 2.15589
Step 95910000 - Total Energy: -3095.79, Acceptance Ratio = 0.437912, Pressure = 2.46595
Step 95920000 - Total Energy: -3137.13, Acceptance Ratio = 0.437912, Pressure = 2.06355
Step 95930000 - Total Energy: -3145.46, Acceptance Ratio = 0.437912, Pressure = 1.95781
Step 95940000 - Total Energy: -3103.98, Acceptance Ratio = 0.437913, Pressure = 2.41636
Step 95950000 - Total Energy: -3085.07, Acceptance Ratio = 0.437914, Pressure = 2.57976
Step 95960000 - Total Energy: -3114.6, Acceptance Ratio = 0.437914, Pressure = 2.32209
Step 95970000 - Total Energy: -3143.76, Acceptance Ratio = 0.437914, Pressure = 2.02327
Step 95980000 - Total Energy: -3131.36, Acceptance Ratio = 0.437914, Pressure = 2.13761
Step 95990000 - Total Energy: -3096.81, Acceptance Ratio = 0.437914, Pressure = 2.47927
Step 96000000 - Total Energy: -3112.36, Acceptance Ratio = 0.437915, Pressure = 2.3086
Step 96010000 - Total Energy: -3134.43, Acceptance Ratio = 0.437915, Pressure = 2.09164
Step 96020000 - Total Energy: -3141.43, Acceptance Ratio = 0.437915, Pressure = 2.00019
Step 96030000 - Total Energy: -3139.37, Acceptance Ratio = 0.437915, Pressure = 2.04948
Step 96040000 - Total Energy: -3133.42, Acceptance Ratio = 0.437915, Pressure = 2.08108
Step 96050000 - Total Energy: -3115.97, Acceptance Ratio = 0.437915, Pressure = 2.27661
Step 96060000 - Total Energy: -3110.74, Acceptance Ratio = 0.437914, Pressure = 2.31848
Step 96070000 - Total Energy: -3105.24, Acceptance Ratio = 0.437915, Pressure = 2.37187
Step 96080000 - Total Energy: -3134.99, Acceptance Ratio = 0.437916, Pressure = 2.11466
Step 96090000 - Total Energy: -3086.07, Acceptance Ratio = 0.437915, Pressure = 2.56252
Step 96100000 - Total Energy: -3092.14, Acceptance Ratio = 0.437914, Pressure = 2.49102
Step 96110000 - Total Energy: -3079.84, Acceptance Ratio = 0.437914, Pressure = 2.59144
Step 96120000 - Total Energy: -3160.05, Acceptance Ratio = 0.437914, Pressure = 1.80431
Step 96130000 - Total Energy: -3178.81, Acceptance Ratio = 0.437915, Pressure = 1.66409
Step 96140000 - Total Energy: -3126.33, Acceptance Ratio = 0.437915, Pressure = 2.12734
Step 96150000 - Total Energy: -3104.82, Acceptance Ratio = 0.437915, Pressure = 2.33797
Step 96160000 - Total Energy: -3108.46, Acceptance Ratio = 0.437915, Pressure = 2.35399
Step 96170000 - Total Energy: -3137.41, Acceptance Ratio = 0.437915, Pressure = 2.11908
Step 96180000 - Total Energy: -3119.31, Acceptance Ratio = 0.437915, Pressure = 2.24466
Step 96190000 - Total Energy: -3140.04, Acceptance Ratio = 0.437914, Pressure = 2.06678
Step 96200000 - Total Energy: -3110.3, Acceptance Ratio = 0.437915, Pressure = 2.3513
Step 96210000 - Total Energy: -3125.15, Acceptance Ratio = 0.437915, Pressure = 2.31266
Step 96220000 - Total Energy: -3115.86, Acceptance Ratio = 0.437915, Pressure = 2.33152
Step 96230000 - Total Energy: -3114.37, Acceptance Ratio = 0.437914, Pressure = 2.34706
Step 96240000 - Total Energy: -3150.4, Acceptance Ratio = 0.437913, Pressure = 1.96089
Step 96250000 - Total Energy: -3111.26, Acceptance Ratio = 0.437913, Pressure = 2.30701
Step 96260000 - Total Energy: -3119.31, Acceptance Ratio = 0.437913, Pressure = 2.25546
Step 96270000 - Total Energy: -3124.54, Acceptance Ratio = 0.437913, Pressure = 2.15344
Step 96280000 - Total Energy: -3139.72, Acceptance Ratio = 0.437914, Pressure = 2.02152
Step 96290000 - Total Energy: -3182.83, Acceptance Ratio = 0.437914, Pressure = 1.58537
Step 96300000 - Total Energy: -3130.47, Acceptance Ratio = 0.437914, Pressure = 2.14888
Step 96310000 - Total Energy: -3134.81, Acceptance Ratio = 0.437914, Pressure = 2.03597
Step 96320000 - Total Energy: -3143.67, Acceptance Ratio = 0.437916, Pressure = 2.06084
Step 96330000 - Total Energy: -3148.96, Acceptance Ratio = 0.437916, Pressure = 2.02163
Step 96340000 - Total Energy: -3107.67, Acceptance Ratio = 0.437917, Pressure = 2.36261
Step 96350000 - Total Energy: -3128.7, Acceptance Ratio = 0.437918, Pressure = 2.15865
Step 96360000 - Total Energy: -3118.61, Acceptance Ratio = 0.437917, Pressure = 2.29308
Step 96370000 - Total Energy: -3115.16, Acceptance Ratio = 0.437916, Pressure = 2.30638
Step 96380000 - Total Energy: -3115.47, Acceptance Ratio = 0.437916, Pressure = 2.35183
Step 96390000 - Total Energy: -3150.88, Acceptance Ratio = 0.437917, Pressure = 1.96901
Step 96400000 - Total Energy: -3094.67, Acceptance Ratio = 0.437916, Pressure = 2.45119
Step 96410000 - Total Energy: -3142, Acceptance Ratio = 0.437916, Pressure = 2.05568
Step 96420000 - Total Energy: -3130.12, Acceptance Ratio = 0.437915, Pressure = 2.17746
Step 96430000 - Total Energy: -3135.12, Acceptance Ratio = 0.437916, Pressure = 2.09691
Step 96440000 - Total Energy: -3097.08, Acceptance Ratio = 0.437916, Pressure = 2.48074
Step 96450000 - Total Energy: -3120.15, Acceptance Ratio = 0.437916, Pressure = 2.1708
Step 96460000 - Total Energy: -3141.29, Acceptance Ratio = 0.437917, Pressure = 1.97223
Step 96470000 - Total Energy: -3145.09, Acceptance Ratio = 0.437917, Pressure = 2.01734
Step 96480000 - Total Energy: -3110.03, Acceptance Ratio = 0.437917, Pressure = 2.38545
Step 96490000 - Total Energy: -3103.87, Acceptance Ratio = 0.437917, Pressure = 2.38342
Step 96500000 - Total Energy: -3146.17, Acceptance Ratio = 0.437917, Pressure = 1.97006
Step 96510000 - Total Energy: -3130.99, Acceptance Ratio = 0.437917, Pressure = 2.15166
Step 96520000 - Total Energy: -3142.15, Acceptance Ratio = 0.437918, Pressure = 1.99106
Step 96530000 - Total Energy: -3138.5, Acceptance Ratio = 0.437918, Pressure = 2.08771
Step 96540000 - Total Energy: -3099.26, Acceptance Ratio = 0.437919, Pressure = 2.4656
Step 96550000 - Total Energy: -3160.7, Acceptance Ratio = 0.437919, Pressure = 1.85492
Step 96560000 - Total Energy: -3123.8, Acceptance Ratio = 0.437919, Pressure = 2.19494
Step 96570000 - Total Energy: -3130.27, Acceptance Ratio = 0.437919, Pressure = 2.13276
Step 96580000 - Total Energy: -3128.2, Acceptance Ratio = 0.437918, Pressure = 2.1515
Step 96590000 - Total Energy: -3147.17, Acceptance Ratio = 0.437919, Pressure = 1.94381
Step 96600000 - Total Energy: -3090.47, Acceptance Ratio = 0.437919, Pressure = 2.51733
Step 96610000 - Total Energy: -3132.97, Acceptance Ratio = 0.437919, Pressure = 2.09746
Step 96620000 - Total Energy: -3100.67, Acceptance Ratio = 0.437919, Pressure = 2.43297
Step 96630000 - Total Energy: -3113.17, Acceptance Ratio = 0.43792, Pressure = 2.29738
Step 96640000 - Total Energy: -3097.61, Acceptance Ratio = 0.43792, Pressure = 2.41649
Step 96650000 - Total Energy: -3106.1, Acceptance Ratio = 0.43792, Pressure = 2.36563
Step 96660000 - Total Energy: -3097.73, Acceptance Ratio = 0.437921, Pressure = 2.46756
Step 96670000 - Total Energy: -3085.45, Acceptance Ratio = 0.43792, Pressure = 2.55866
Step 96680000 - Total Energy: -3113.85, Acceptance Ratio = 0.43792, Pressure = 2.26906
Step 96690000 - Total Energy: -3099.46, Acceptance Ratio = 0.437919, Pressure = 2.38451
Step 96700000 - Total Energy: -3076.61, Acceptance Ratio = 0.437919, Pressure = 2.68116
Step 96710000 - Total Energy: -3104.39, Acceptance Ratio = 0.437919, Pressure = 2.36337
Step 96720000 - Total Energy: -3075.93, Acceptance Ratio = 0.437919, Pressure = 2.6571
Step 96730000 - Total Energy: -3099.72, Acceptance Ratio = 0.437917, Pressure = 2.39773
Step 96740000 - Total Energy: -3083.94, Acceptance Ratio = 0.437917, Pressure = 2.56098
Step 96750000 - Total Energy: -3119.05, Acceptance Ratio = 0.437916, Pressure = 2.26172
Step 96760000 - Total Energy: -3118, Acceptance Ratio = 0.437916, Pressure = 2.31592
Step 96770000 - Total Energy: -3134.8, Acceptance Ratio = 0.437916, Pressure = 2.10122
Step 96780000 - Total Energy: -3090.96, Acceptance Ratio = 0.437917, Pressure = 2.52799
Step 96790000 - Total Energy: -3103.13, Acceptance Ratio = 0.437917, Pressure = 2.47679
Step 96800000 - Total Energy: -3075.47, Acceptance Ratio = 0.437916, Pressure = 2.74356
Step 96810000 - Total Energy: -3099.07, Acceptance Ratio = 0.437916, Pressure = 2.45294
Step 96820000 - Total Energy: -3108.22, Acceptance Ratio = 0.437915, Pressure = 2.41252
Step 96830000 - Total Energy: -3082.63, Acceptance Ratio = 0.437915, Pressure = 2.56893
Step 96840000 - Total Energy: -3093.22, Acceptance Ratio = 0.437914, Pressure = 2.45025
Step 96850000 - Total Energy: -3142.23, Acceptance Ratio = 0.437915, Pressure = 2.03813
Step 96860000 - Total Energy: -3116.92, Acceptance Ratio = 0.437916, Pressure = 2.27916
Step 96870000 - Total Energy: -3109.23, Acceptance Ratio = 0.437916, Pressure = 2.31305
Step 96880000 - Total Energy: -3146.98, Acceptance Ratio = 0.437915, Pressure = 1.94956
Step 96890000 - Total Energy: -3114.61, Acceptance Ratio = 0.437915, Pressure = 2.35417
Step 96900000 - Total Energy: -3155.19, Acceptance Ratio = 0.437915, Pressure = 1.84087
Step 96910000 - Total Energy: -3130.75, Acceptance Ratio = 0.437915, Pressure = 2.14628
Step 96920000 - Total Energy: -3140.2, Acceptance Ratio = 0.437915, Pressure = 2.02868
Step 96930000 - Total Energy: -3148.62, Acceptance Ratio = 0.437916, Pressure = 2.02407
Step 96940000 - Total Energy: -3117.23, Acceptance Ratio = 0.437917, Pressure = 2.28024
Step 96950000 - Total Energy: -3098.66, Acceptance Ratio = 0.437917, Pressure = 2.5166
Step 96960000 - Total Energy: -3129.36, Acceptance Ratio = 0.437917, Pressure = 2.18719
Step 96970000 - Total Energy: -3090.72, Acceptance Ratio = 0.437916, Pressure = 2.56217
Step 96980000 - Total Energy: -3131.12, Acceptance Ratio = 0.437916, Pressure = 2.20499
Step 96990000 - Total Energy: -3114.3, Acceptance Ratio = 0.437915, Pressure = 2.29312
Step 97000000 - Total Energy: -3112.1, Acceptance Ratio = 0.437914, Pressure = 2.36207
Step 97010000 - Total Energy: -3142.07, Acceptance Ratio = 0.437914, Pressure = 1.9648
Step 97020000 - Total Energy: -3148.58, Acceptance Ratio = 0.437914, Pressure = 1.97176
Step 97030000 - Total Energy: -3154.29, Acceptance Ratio = 0.437915, Pressure = 1.86665
Step 97040000 - Total Energy: -3114.68, Acceptance Ratio = 0.437915, Pressure = 2.25172
Step 97050000 - Total Energy: -3120.4, Acceptance Ratio = 0.437915, Pressure = 2.20632
Step 97060000 - Total Energy: -3117.56, Acceptance Ratio = 0.437915, Pressure = 2.26893
Step 97070000 - Total Energy: -3124.31, Acceptance Ratio = 0.437915, Pressure = 2.19611
Step 97080000 - Total Energy: -3113.26, Acceptance Ratio = 0.437916, Pressure = 2.27047
Step 97090000 - Total Energy: -3149.8, Acceptance Ratio = 0.437917, Pressure = 1.91143
Step 97100000 - Total Energy: -3105.93, Acceptance Ratio = 0.437916, Pressure = 2.37321
Step 97110000 - Total Energy: -3138.21, Acceptance Ratio = 0.437916, Pressure = 2.0959
Step 97120000 - Total Energy: -3139.63, Acceptance Ratio = 0.437916, Pressure = 2.11717
Step 97130000 - Total Energy: -3116.24, Acceptance Ratio = 0.437915, Pressure = 2.34371
Step 97140000 - Total Energy: -3111.97, Acceptance Ratio = 0.437914, Pressure = 2.32364
Step 97150000 - Total Energy: -3104.02, Acceptance Ratio = 0.437914, Pressure = 2.38425
Step 97160000 - Total Energy: -3138.07, Acceptance Ratio = 0.437915, Pressure = 2.06785
Step 97170000 - Total Energy: -3120.13, Acceptance Ratio = 0.437915, Pressure = 2.19392
Step 97180000 - Total Energy: -3093.46, Acceptance Ratio = 0.437915, Pressure = 2.49041
Step 97190000 - Total Energy: -3089.57, Acceptance Ratio = 0.437915, Pressure = 2.5123
Step 97200000 - Total Energy: -3126, Acceptance Ratio = 0.437915, Pressure = 2.14226
Step 97210000 - Total Energy: -3144.36, Acceptance Ratio = 0.437914, Pressure = 1.99945
Step 97220000 - Total Energy: -3127.94, Acceptance Ratio = 0.437914, Pressure = 2.1835
Step 97230000 - Total Energy: -3128.9, Acceptance Ratio = 0.437914, Pressure = 2.1555
Step 97240000 - Total Energy: -3126.26, Acceptance Ratio = 0.437914, Pressure = 2.17429
Step 97250000 - Total Energy: -3117.28, Acceptance Ratio = 0.437913, Pressure = 2.30234
Step 97260000 - Total Energy: -3098.96, Acceptance Ratio = 0.437913, Pressure = 2.53506
Step 97270000 - Total Energy: -3087.89, Acceptance Ratio = 0.437912, Pressure = 2.66367
Step 97280000 - Total Energy: -3085.4, Acceptance Ratio = 0.437911, Pressure = 2.61661
Step 97290000 - Total Energy: -3106.7, Acceptance Ratio = 0.437912, Pressure = 2.39202
Step 97300000 - Total Energy: -3107.37, Acceptance Ratio = 0.437911, Pressure = 2.38298
Step 97310000 - Total Energy: -3136.91, Acceptance Ratio = 0.437911, Pressure = 2.13273
Step 97320000 - Total Energy: -3115.33, Acceptance Ratio = 0.43791, Pressure = 2.32041
Step 97330000 - Total Energy: -3091.31, Acceptance Ratio = 0.437909, Pressure = 2.57304
Step 97340000 - Total Energy: -3090.69, Acceptance Ratio = 0.437909, Pressure = 2.54969
Step 97350000 - Total Energy: -3104.92, Acceptance Ratio = 0.43791, Pressure = 2.44575
Step 97360000 - Total Energy: -3122.65, Acceptance Ratio = 0.437909, Pressure = 2.31188
Step 97370000 - Total Energy: -3149.91, Acceptance Ratio = 0.43791, Pressure = 1.9391
Step 97380000 - Total Energy: -3139.3, Acceptance Ratio = 0.43791, Pressure = 2.14345
Step 97390000 - Total Energy: -3139.52, Acceptance Ratio = 0.43791, Pressure = 2.07297
Step 97400000 - Total Energy: -3128.54, Acceptance Ratio = 0.437909, Pressure = 2.19075
Step 97410000 - Total Energy: -3136.52, Acceptance Ratio = 0.43791, Pressure = 2.07859
Step 97420000 - Total Energy: -3107.81, Acceptance Ratio = 0.437909, Pressure = 2.41473
Step 97430000 - Total Energy: -3139.84, Acceptance Ratio = 0.437909, Pressure = 2.0873
Step 97440000 - Total Energy: -3147.73, Acceptance Ratio = 0.437909, Pressure = 1.96993
Step 97450000 - Total Energy: -3132.46, Acceptance Ratio = 0.437908, Pressure = 2.12481
Step 97460000 - Total Energy: -3105.83, Acceptance Ratio = 0.437908, Pressure = 2.37404
Step 97470000 - Total Energy: -3100.75, Acceptance Ratio = 0.437908, Pressure = 2.52994
Step 97480000 - Total Energy: -3094.51, Acceptance Ratio = 0.437907, Pressure = 2.48247
Step 97490000 - Total Energy: -3112.64, Acceptance Ratio = 0.437907, Pressure = 2.33354
Step 97500000 - Total Energy: -3103.32, Acceptance Ratio = 0.437907, Pressure = 2.41109
Step 97510000 - Total Energy: -3096.28, Acceptance Ratio = 0.437907, Pressure = 2.54311
Step 97520000 - Total Energy: -3122.4, Acceptance Ratio = 0.437907, Pressure = 2.2487
Step 97530000 - Total Energy: -3142.06, Acceptance Ratio = 0.437907, Pressure = 2.06449
Step 97540000 - Total Energy: -3122.36, Acceptance Ratio = 0.437907, Pressure = 2.17151
Step 97550000 - Total Energy: -3093.85, Acceptance Ratio = 0.437906, Pressure = 2.50258
Step 97560000 - Total Energy: -3110.31, Acceptance Ratio = 0.437906, Pressure = 2.36225
Step 97570000 - Total Energy: -3138.35, Acceptance Ratio = 0.437906, Pressure = 2.16031
Step 97580000 - Total Energy: -3126.14, Acceptance Ratio = 0.437907, Pressure = 2.24742
Step 97590000 - Total Energy: -3136.43, Acceptance Ratio = 0.437907, Pressure = 2.04242
Step 97600000 - Total Energy: -3151.45, Acceptance Ratio = 0.437907, Pressure = 1.90398
Step 97610000 - Total Energy: -3106.23, Acceptance Ratio = 0.437908, Pressure = 2.37565
Step 97620000 - Total Energy: -3114.81, Acceptance Ratio = 0.437909, Pressure = 2.25788
Step 97630000 - Total Energy: -3093.72, Acceptance Ratio = 0.437909, Pressure = 2.46564
Step 97640000 - Total Energy: -3150.72, Acceptance Ratio = 0.437908, Pressure = 1.9791
Step 97650000 - Total Energy: -3098.26, Acceptance Ratio = 0.437908, Pressure = 2.44669
Step 97660000 - Total Energy: -3084.5, Acceptance Ratio = 0.437908, Pressure = 2.55034
Step 97670000 - Total Energy: -3130.97, Acceptance Ratio = 0.437908, Pressure = 2.17648
Step 97680000 - Total Energy: -3128.83, Acceptance Ratio = 0.437908, Pressure = 2.09614
Step 97690000 - Total Energy: -3099.32, Acceptance Ratio = 0.437907, Pressure = 2.48679
Step 97700000 - Total Energy: -3074.31, Acceptance Ratio = 0.437906, Pressure = 2.64835
Step 97710000 - Total Energy: -3122.32, Acceptance Ratio = 0.437905, Pressure = 2.22258
Step 97720000 - Total Energy: -3108.51, Acceptance Ratio = 0.437905, Pressure = 2.30817
Step 97730000 - Total Energy: -3128.35, Acceptance Ratio = 0.437905, Pressure = 2.07265
Step 97740000 - Total Energy: -3130.87, Acceptance Ratio = 0.437905, Pressure = 2.06582
Step 97750000 - Total Energy: -3111.6, Acceptance Ratio = 0.437905, Pressure = 2.3096
Step 97760000 - Total Energy: -3124.58, Acceptance Ratio = 0.437904, Pressure = 2.26116
Step 97770000 - Total Energy: -3105.87, Acceptance Ratio = 0.437903, Pressure = 2.34936
Step 97780000 - Total Energy: -3107.73, Acceptance Ratio = 0.437904, Pressure = 2.33977
Step 97790000 - Total Energy: -3108.82, Acceptance Ratio = 0.437904, Pressure = 2.36711
Step 97800000 - Total Energy: -3146.32, Acceptance Ratio = 0.437904, Pressure = 2.00432
Step 97810000 - Total Energy: -3073.98, Acceptance Ratio = 0.437904, Pressure = 2.692
Step 97820000 - Total Energy: -3093.02, Acceptance Ratio = 0.437904, Pressure = 2.45435
Step 97830000 - Total Energy: -3117.23, Acceptance Ratio = 0.437904, Pressure = 2.292
Step 97840000 - Total Energy: -3142.7, Acceptance Ratio = 0.437904, Pressure = 1.98139
Step 97850000 - Total Energy: -3142.59, Acceptance Ratio = 0.437904, Pressure = 2.00167
Step 97860000 - Total Energy: -3101.2, Acceptance Ratio = 0.437905, Pressure = 2.39466
Step 97870000 - Total Energy: -3125.39, Acceptance Ratio = 0.437904, Pressure = 2.26647
Step 97880000 - Total Energy: -3110.69, Acceptance Ratio = 0.437903, Pressure = 2.30697
Step 97890000 - Total Energy: -3156.13, Acceptance Ratio = 0.437904, Pressure = 1.8577
Step 97900000 - Total Energy: -3127.81, Acceptance Ratio = 0.437903, Pressure = 2.13434
Step 97910000 - Total Energy: -3141.8, Acceptance Ratio = 0.437903, Pressure = 2.07858
Step 97920000 - Total Energy: -3148.21, Acceptance Ratio = 0.437903, Pressure = 1.97315
Step 97930000 - Total Energy: -3130.53, Acceptance Ratio = 0.437904, Pressure = 2.08226
Step 97940000 - Total Energy: -3107.13, Acceptance Ratio = 0.437903, Pressure = 2.39274
Step 97950000 - Total Energy: -3117.69, Acceptance Ratio = 0.437902, Pressure = 2.26641
Step 97960000 - Total Energy: -3171.24, Acceptance Ratio = 0.437902, Pressure = 1.7007
Step 97970000 - Total Energy: -3106.09, Acceptance Ratio = 0.437902, Pressure = 2.39524
Step 97980000 - Total Energy: -3149.61, Acceptance Ratio = 0.437902, Pressure = 1.94591
Step 97990000 - Total Energy: -3110.97, Acceptance Ratio = 0.437903, Pressure = 2.35059
Step 98000000 - Total Energy: -3123.56, Acceptance Ratio = 0.437903, Pressure = 2.20576
Step 98010000 - Total Energy: -3090.3, Acceptance Ratio = 0.437902, Pressure = 2.55568
Step 98020000 - Total Energy: -3118.43, Acceptance Ratio = 0.437902, Pressure = 2.19851
Step 98030000 - Total Energy: -3148.78, Acceptance Ratio = 0.437902, Pressure = 1.89547
Step 98040000 - Total Energy: -3108.07, Acceptance Ratio = 0.437902, Pressure = 2.31013
Step 98050000 - Total Energy: -3099.27, Acceptance Ratio = 0.437902, Pressure = 2.40373
Step 98060000 - Total Energy: -3121.22, Acceptance Ratio = 0.437901, Pressure = 2.19811
Step 98070000 - Total Energy: -3075.42, Acceptance Ratio = 0.4379, Pressure = 2.66704
Step 98080000 - Total Energy: -3096.44, Acceptance Ratio = 0.4379, Pressure = 2.49641
Step 98090000 - Total Energy: -3105.31, Acceptance Ratio = 0.437899, Pressure = 2.49066
Step 98100000 - Total Energy: -3120.52, Acceptance Ratio = 0.437899, Pressure = 2.19578
Step 98110000 - Total Energy: -3116.04, Acceptance Ratio = 0.437899, Pressure = 2.23429
Step 98120000 - Total Energy: -3115.66, Acceptance Ratio = 0.4379, Pressure = 2.28002
Step 98130000 - Total Energy: -3127.3, Acceptance Ratio = 0.4379, Pressure = 2.26548
Step 98140000 - Total Energy: -3090.16, Acceptance Ratio = 0.4379, Pressure = 2.55039
Step 98150000 - Total Energy: -3101.46, Acceptance Ratio = 0.437901, Pressure = 2.45768
Step 98160000 - Total Energy: -3125.71, Acceptance Ratio = 0.4379, Pressure = 2.14871
Step 98170000 - Total Energy: -3123.25, Acceptance Ratio = 0.4379, Pressure = 2.20051
Step 98180000 - Total Energy: -3082.98, Acceptance Ratio = 0.4379, Pressure = 2.6733
Step 98190000 - Total Energy: -3144.38, Acceptance Ratio = 0.4379, Pressure = 1.97804
Step 98200000 - Total Energy: -3128.59, Acceptance Ratio = 0.4379, Pressure = 2.11931
Step 98210000 - Total Energy: -3126.38, Acceptance Ratio = 0.437899, Pressure = 2.1492
Step 98220000 - Total Energy: -3126.06, Acceptance Ratio = 0.437898, Pressure = 2.2033
Step 98230000 - Total Energy: -3116.76, Acceptance Ratio = 0.437898, Pressure = 2.29732
Step 98240000 - Total Energy: -3119.91, Acceptance Ratio = 0.437897, Pressure = 2.26943
Step 98250000 - Total Energy: -3098.76, Acceptance Ratio = 0.437897, Pressure = 2.60465
Step 98260000 - Total Energy: -3136.18, Acceptance Ratio = 0.437897, Pressure = 2.13975
Step 98270000 - Total Energy: -3140.98, Acceptance Ratio = 0.437897, Pressure = 2.11279
Step 98280000 - Total Energy: -3121.13, Acceptance Ratio = 0.437897, Pressure = 2.26058
Step 98290000 - Total Energy: -3144.17, Acceptance Ratio = 0.437896, Pressure = 1.99033
Step 98300000 - Total Energy: -3100.02, Acceptance Ratio = 0.437897, Pressure = 2.42096
Step 98310000 - Total Energy: -3130.41, Acceptance Ratio = 0.437896, Pressure = 2.10854
Step 98320000 - Total Energy: -3168.35, Acceptance Ratio = 0.437897, Pressure = 1.74211
Step 98330000 - Total Energy: -3129.29, Acceptance Ratio = 0.437897, Pressure = 2.13475
Step 98340000 - Total Energy: -3107.23, Acceptance Ratio = 0.437896, Pressure = 2.42489
Step 98350000 - Total Energy: -3089.69, Acceptance Ratio = 0.437896, Pressure = 2.53682
Step 98360000 - Total Energy: -3114.15, Acceptance Ratio = 0.437896, Pressure = 2.26818
Step 98370000 - Total Energy: -3111.42, Acceptance Ratio = 0.437896, Pressure = 2.24461
Step 98380000 - Total Energy: -3184.28, Acceptance Ratio = 0.437896, Pressure = 1.59297
Step 98390000 - Total Energy: -3150.41, Acceptance Ratio = 0.437897, Pressure = 1.91971
Step 98400000 - Total Energy: -3085.77, Acceptance Ratio = 0.437897, Pressure = 2.61076
Step 98410000 - Total Energy: -3128.8, Acceptance Ratio = 0.437897, Pressure = 2.15812
Step 98420000 - Total Energy: -3133.06, Acceptance Ratio = 0.437897, Pressure = 2.19571
Step 98430000 - Total Energy: -3113.78, Acceptance Ratio = 0.437897, Pressure = 2.29738
Step 98440000 - Total Energy: -3093.58, Acceptance Ratio = 0.437898, Pressure = 2.53667
Step 98450000 - Total Energy: -3087.24, Acceptance Ratio = 0.437899, Pressure = 2.61552
Step 98460000 - Total Energy: -3123.07, Acceptance Ratio = 0.437899, Pressure = 2.21451
Step 98470000 - Total Energy: -3147.89, Acceptance Ratio = 0.4379, Pressure = 1.98382
Step 98480000 - Total Energy: -3131.97, Acceptance Ratio = 0.437901, Pressure = 2.10374
Step 98490000 - Total Energy: -3160.37, Acceptance Ratio = 0.437901, Pressure = 1.83275
Step 98500000 - Total Energy: -3144.64, Acceptance Ratio = 0.437902, Pressure = 2.04497
Step 98510000 - Total Energy: -3122.19, Acceptance Ratio = 0.437902, Pressure = 2.23748
Step 98520000 - Total Energy: -3154.29, Acceptance Ratio = 0.437901, Pressure = 1.87745
Step 98530000 - Total Energy: -3126.19, Acceptance Ratio = 0.437901, Pressure = 2.24899
Step 98540000 - Total Energy: -3115.27, Acceptance Ratio = 0.437901, Pressure = 2.23496
Step 98550000 - Total Energy: -3101.35, Acceptance Ratio = 0.437902, Pressure = 2.43898
Step 98560000 - Total Energy: -3133.61, Acceptance Ratio = 0.437902, Pressure = 2.06501
Step 98570000 - Total Energy: -3138.31, Acceptance Ratio = 0.437904, Pressure = 2.03714
Step 98580000 - Total Energy: -3141.58, Acceptance Ratio = 0.437904, Pressure = 2.04879
Step 98590000 - Total Energy: -3147.05, Acceptance Ratio = 0.437905, Pressure = 1.94303
Step 98600000 - Total Energy: -3175.72, Acceptance Ratio = 0.437906, Pressure = 1.76283
Step 98610000 - Total Energy: -3119.92, Acceptance Ratio = 0.437906, Pressure = 2.25848
Step 98620000 - Total Energy: -3108.99, Acceptance Ratio = 0.437907, Pressure = 2.35716
Step 98630000 - Total Energy: -3115.81, Acceptance Ratio = 0.437905, Pressure = 2.28452
Step 98640000 - Total Energy: -3128.7, Acceptance Ratio = 0.437905, Pressure = 2.16504
Step 98650000 - Total Energy: -3111.45, Acceptance Ratio = 0.437904, Pressure = 2.29245
Step 98660000 - Total Energy: -3117, Acceptance Ratio = 0.437905, Pressure = 2.23362
Step 98670000 - Total Energy: -3108.76, Acceptance Ratio = 0.437905, Pressure = 2.32564
Step 98680000 - Total Energy: -3104.1, Acceptance Ratio = 0.437906, Pressure = 2.38444
Step 98690000 - Total Energy: -3098.53, Acceptance Ratio = 0.437905, Pressure = 2.429
Step 98700000 - Total Energy: -3114.12, Acceptance Ratio = 0.437905, Pressure = 2.2361
Step 98710000 - Total Energy: -3101.56, Acceptance Ratio = 0.437905, Pressure = 2.45621
Step 98720000 - Total Energy: -3128.01, Acceptance Ratio = 0.437905, Pressure = 2.28375
Step 98730000 - Total Energy: -3110.52, Acceptance Ratio = 0.437905, Pressure = 2.3663
Step 98740000 - Total Energy: -3107.74, Acceptance Ratio = 0.437905, Pressure = 2.35866
Step 98750000 - Total Energy: -3111.1, Acceptance Ratio = 0.437905, Pressure = 2.35156
Step 98760000 - Total Energy: -3132.55, Acceptance Ratio = 0.437905, Pressure = 2.14862
Step 98770000 - Total Energy: -3128.28, Acceptance Ratio = 0.437904, Pressure = 2.1978
Step 98780000 - Total Energy: -3104.24, Acceptance Ratio = 0.437905, Pressure = 2.36394
Step 98790000 - Total Energy: -3149.69, Acceptance Ratio = 0.437905, Pressure = 1.92364
Step 98800000 - Total Energy: -3137.1, Acceptance Ratio = 0.437905, Pressure = 2.07884
Step 98810000 - Total Energy: -3115.88, Acceptance Ratio = 0.437906, Pressure = 2.28031
Step 98820000 - Total Energy: -3104.56, Acceptance Ratio = 0.437905, Pressure = 2.42746
Step 98830000 - Total Energy: -3135.98, Acceptance Ratio = 0.437905, Pressure = 2.02371
Step 98840000 - Total Energy: -3139.68, Acceptance Ratio = 0.437904, Pressure = 2.02665
Step 98850000 - Total Energy: -3104.09, Acceptance Ratio = 0.437905, Pressure = 2.41894
Step 98860000 - Total Energy: -3120.46, Acceptance Ratio = 0.437905, Pressure = 2.25543
Step 98870000 - Total Energy: -3079.46, Acceptance Ratio = 0.437904, Pressure = 2.66276
Step 98880000 - Total Energy: -3096.84, Acceptance Ratio = 0.437904, Pressure = 2.53875
Step 98890000 - Total Energy: -3139.99, Acceptance Ratio = 0.437904, Pressure = 2.08796
Step 98900000 - Total Energy: -3082.67, Acceptance Ratio = 0.437904, Pressure = 2.674
Step 98910000 - Total Energy: -3078.39, Acceptance Ratio = 0.437903, Pressure = 2.72564
Step 98920000 - Total Energy: -3061.26, Acceptance Ratio = 0.437903, Pressure = 2.81934
Step 98930000 - Total Energy: -3102.89, Acceptance Ratio = 0.437901, Pressure = 2.39275
Step 98940000 - Total Energy: -3079.38, Acceptance Ratio = 0.437902, Pressure = 2.63223
Step 98950000 - Total Energy: -3104.7, Acceptance Ratio = 0.437902, Pressure = 2.37227
Step 98960000 - Total Energy: -3100.72, Acceptance Ratio = 0.437901, Pressure = 2.37678
Step 98970000 - Total Energy: -3154.95, Acceptance Ratio = 0.4379, Pressure = 1.91015
Step 98980000 - Total Energy: -3130.34, Acceptance Ratio = 0.437899, Pressure = 2.1449
Step 98990000 - Total Energy: -3136.8, Acceptance Ratio = 0.437899, Pressure = 2.04629
Step 99000000 - Total Energy: -3109.48, Acceptance Ratio = 0.437899, Pressure = 2.30002
Step 99010000 - Total Energy: -3112.49, Acceptance Ratio = 0.437899, Pressure = 2.30754
Step 99020000 - Total Energy: -3141.25, Acceptance Ratio = 0.437899, Pressure = 2.03161
Step 99030000 - Total Energy: -3116.45, Acceptance Ratio = 0.4379, Pressure = 2.25857
Step 99040000 - Total Energy: -3104.29, Acceptance Ratio = 0.4379, Pressure = 2.41798
Step 99050000 - Total Energy: -3108.72, Acceptance Ratio = 0.4379, Pressure = 2.36819
Step 99060000 - Total Energy: -3110.79, Acceptance Ratio = 0.437899, Pressure = 2.32113
Step 99070000 - Total Energy: -3102.48, Acceptance Ratio = 0.437898, Pressure = 2.45625
Step 99080000 - Total Energy: -3124.62, Acceptance Ratio = 0.437898, Pressure = 2.21701
Step 99090000 - Total Energy: -3103.11, Acceptance Ratio = 0.437898, Pressure = 2.40464
Step 99100000 - Total Energy: -3128.93, Acceptance Ratio = 0.437898, Pressure = 2.14217
Step 99110000 - Total Energy: -3138.03, Acceptance Ratio = 0.437897, Pressure = 2.05413
Step 99120000 - Total Energy: -3116.81, Acceptance Ratio = 0.437897, Pressure = 2.26305
Step 99130000 - Total Energy: -3121.59, Acceptance Ratio = 0.437896, Pressure = 2.26694
Step 99140000 - Total Energy: -3137.27, Acceptance Ratio = 0.437896, Pressure = 2.13289
Step 99150000 - Total Energy: -3142.87, Acceptance Ratio = 0.437896, Pressure = 2.01895
Step 99160000 - Total Energy: -3101.26, Acceptance Ratio = 0.437895, Pressure = 2.4935
Step 99170000 - Total Energy: -3118.71, Acceptance Ratio = 0.437895, Pressure = 2.27866
Step 99180000 - Total Energy: -3136.25, Acceptance Ratio = 0.437895, Pressure = 2.09011
Step 99190000 - Total Energy: -3124.71, Acceptance Ratio = 0.437895, Pressure = 2.20781
Step 99200000 - Total Energy: -3114.25, Acceptance Ratio = 0.437895, Pressure = 2.33052
Step 99210000 - Total Energy: -3121.9, Acceptance Ratio = 0.437895, Pressure = 2.26881
Step 99220000 - Total Energy: -3082.51, Acceptance Ratio = 0.437894, Pressure = 2.58753
Step 99230000 - Total Energy: -3125.43, Acceptance Ratio = 0.437894, Pressure = 2.22318
Step 99240000 - Total Energy: -3148.26, Acceptance Ratio = 0.437894, Pressure = 1.89985
Step 99250000 - Total Energy: -3152.84, Acceptance Ratio = 0.437893, Pressure = 1.88965
Step 99260000 - Total Energy: -3152.64, Acceptance Ratio = 0.437893, Pressure = 1.86075
Step 99270000 - Total Energy: -3136.41, Acceptance Ratio = 0.437893, Pressure = 2.07172
Step 99280000 - Total Energy: -3121.35, Acceptance Ratio = 0.437894, Pressure = 2.21438
Step 99290000 - Total Energy: -3118.36, Acceptance Ratio = 0.437893, Pressure = 2.28525
Step 99300000 - Total Energy: -3104.33, Acceptance Ratio = 0.437894, Pressure = 2.425
Step 99310000 - Total Energy: -3128.61, Acceptance Ratio = 0.437894, Pressure = 2.2088
Step 99320000 - Total Energy: -3112.95, Acceptance Ratio = 0.437895, Pressure = 2.27652
Step 99330000 - Total Energy: -3117.5, Acceptance Ratio = 0.437894, Pressure = 2.26213
Step 99340000 - Total Energy: -3126.86, Acceptance Ratio = 0.437895, Pressure = 2.21105
Step 99350000 - Total Energy: -3121.96, Acceptance Ratio = 0.437895, Pressure = 2.24133
Step 99360000 - Total Energy: -3169.75, Acceptance Ratio = 0.437896, Pressure = 1.66603
Step 99370000 - Total Energy: -3123.33, Acceptance Ratio = 0.437896, Pressure = 2.16743
Step 99380000 - Total Energy: -3129.35, Acceptance Ratio = 0.437897, Pressure = 2.16472
Step 99390000 - Total Energy: -3137.43, Acceptance Ratio = 0.437897, Pressure = 2.06836
Step 99400000 - Total Energy: -3128.44, Acceptance Ratio = 0.437897, Pressure = 2.14516
Step 99410000 - Total Energy: -3118.82, Acceptance Ratio = 0.437897, Pressure = 2.28351
Step 99420000 - Total Energy: -3150.79, Acceptance Ratio = 0.437898, Pressure = 1.88433
Step 99430000 - Total Energy: -3129.01, Acceptance Ratio = 0.437899, Pressure = 2.08878
Step 99440000 - Total Energy: -3140.88, Acceptance Ratio = 0.437898, Pressure = 2.06189
Step 99450000 - Total Energy: -3126.47, Acceptance Ratio = 0.437899, Pressure = 2.14012
Step 99460000 - Total Energy: -3166.91, Acceptance Ratio = 0.437899, Pressure = 1.72832
Step 99470000 - Total Energy: -3129.58, Acceptance Ratio = 0.437899, Pressure = 2.1369
Step 99480000 - Total Energy: -3092.12, Acceptance Ratio = 0.4379, Pressure = 2.45485
Step 99490000 - Total Energy: -3119.11, Acceptance Ratio = 0.4379, Pressure = 2.20943
Step 99500000 - Total Energy: -3123.28, Acceptance Ratio = 0.437901, Pressure = 2.1813
Step 99510000 - Total Energy: -3133.71, Acceptance Ratio = 0.437901, Pressure = 2.03242
Step 99520000 - Total Energy: -3135.68, Acceptance Ratio = 0.437901, Pressure = 2.00484
Step 99530000 - Total Energy: -3130.5, Acceptance Ratio = 0.437901, Pressure = 2.04664
Step 99540000 - Total Energy: -3118.9, Acceptance Ratio = 0.437902, Pressure = 2.25455
Step 99550000 - Total Energy: -3118.66, Acceptance Ratio = 0.437903, Pressure = 2.30825
Step 99560000 - Total Energy: -3115.48, Acceptance Ratio = 0.437903, Pressure = 2.27933
Step 99570000 - Total Energy: -3154.8, Acceptance Ratio = 0.437903, Pressure = 1.87779
Step 99580000 - Total Energy: -3132.43, Acceptance Ratio = 0.437903, Pressure = 2.05006
Step 99590000 - Total Energy: -3113.51, Acceptance Ratio = 0.437904, Pressure = 2.30479
Step 99600000 - Total Energy: -3107.6, Acceptance Ratio = 0.437905, Pressure = 2.32077
Step 99610000 - Total Energy: -3126.6, Acceptance Ratio = 0.437905, Pressure = 2.16513
Step 99620000 - Total Energy: -3129.29, Acceptance Ratio = 0.437904, Pressure = 2.13987
Step 99630000 - Total Energy: -3119.65, Acceptance Ratio = 0.437904, Pressure = 2.22225
Step 99640000 - Total Energy: -3091.02, Acceptance Ratio = 0.437904, Pressure = 2.495
Step 99650000 - Total Energy: -3072.45, Acceptance Ratio = 0.437903, Pressure = 2.68462
Step 99660000 - Total Energy: -3106.45, Acceptance Ratio = 0.437902, Pressure = 2.38076
Step 99670000 - Total Energy: -3109.43, Acceptance Ratio = 0.437902, Pressure = 2.33937
Step 99680000 - Total Energy: -3076.35, Acceptance Ratio = 0.437902, Pressure = 2.70852
Step 99690000 - Total Energy: -3143.39, Acceptance Ratio = 0.437903, Pressure = 2.07406
Step 99700000 - Total Energy: -3132.94, Acceptance Ratio = 0.437903, Pressure = 2.16769
Step 99710000 - Total Energy: -3117.15, Acceptance Ratio = 0.437903, Pressure = 2.244
Step 99720000 - Total Energy: -3118.94, Acceptance Ratio = 0.437902, Pressure = 2.24774
Step 99730000 - Total Energy: -3105.45, Acceptance Ratio = 0.437902, Pressure = 2.40841
Step 99740000 - Total Energy: -3097.14, Acceptance Ratio = 0.437901, Pressure = 2.56662
Step 99750000 - Total Energy: -3116.6, Acceptance Ratio = 0.4379, Pressure = 2.28243
Step 99760000 - Total Energy: -3112.01, Acceptance Ratio = 0.437899, Pressure = 2.41132
Step 99770000 - Total Energy: -3111, Acceptance Ratio = 0.437899, Pressure = 2.38525
Step 99780000 - Total Energy: -3129.05, Acceptance Ratio = 0.437899, Pressure = 2.15707
Step 99790000 - Total Energy: -3137.9, Acceptance Ratio = 0.4379, Pressure = 2.12356
Step 99800000 - Total Energy: -3134.84, Acceptance Ratio = 0.4379, Pressure = 2.11959
Step 99810000 - Total Energy: -3147.96, Acceptance Ratio = 0.437899, Pressure = 1.96987
Step 99820000 - Total Energy: -3154.48, Acceptance Ratio = 0.437899, Pressure = 1.86536
Step 99830000 - Total Energy: -3166.33, Acceptance Ratio = 0.4379, Pressure = 1.76695
Step 99840000 - Total Energy: -3132.46, Acceptance Ratio = 0.437901, Pressure = 2.15581
Step 99850000 - Total Energy: -3156.8, Acceptance Ratio = 0.437901, Pressure = 1.8381
Step 99860000 - Total Energy: -3141.19, Acceptance Ratio = 0.437902, Pressure = 1.9486
Step 99870000 - Total Energy: -3162.31, Acceptance Ratio = 0.437903, Pressure = 1.714
Step 99880000 - Total Energy: -3144.36, Acceptance Ratio = 0.437903, Pressure = 1.89812
Step 99890000 - Total Energy: -3140.92, Acceptance Ratio = 0.437904, Pressure = 1.9639
Step 99900000 - Total Energy: -3157.93, Acceptance Ratio = 0.437904, Pressure = 1.80788
Step 99910000 - Total Energy: -3142.11, Acceptance Ratio = 0.437906, Pressure = 2.04844
Step 99920000 - Total Energy: -3163, Acceptance Ratio = 0.437906, Pressure = 1.75888
Step 99930000 - Total Energy: -3133.69, Acceptance Ratio = 0.437906, Pressure = 1.99565
Step 99940000 - Total Energy: -3127.26, Acceptance Ratio = 0.437907, Pressure = 2.07526
Step 99950000 - Total Energy: -3146.17, Acceptance Ratio = 0.437909, Pressure = 1.95165
Step 99960000 - Total Energy: -3118.61, Acceptance Ratio = 0.437909, Pressure = 2.22599
Step 99970000 - Total Energy: -3187.56, Acceptance Ratio = 0.437909, Pressure = 1.50992
Step 99980000 - Total Energy: -3125.76, Acceptance Ratio = 0.43791, Pressure = 2.10611
Step 99990000 - Total Energy: -3146.72, Acceptance Ratio = 0.437911, Pressure = 1.88469
Monte Carlo simulation finished.
Average pressure = 2.24828
