#Step TotalEnergy Pressure AcceptanceRatio Temperature LongRangeCorrection Density
0 4707.97 69.0264 1 0.85 -139.599 0.900232
10000 -2240.93 10.9197 0.362964 0.85 -139.599 0.900232
20000 -2715.84 6.50453 0.364832 0.85 -139.599 0.900232
30000 -2872.76 4.85616 0.370954 0.85 -139.599 0.900232
40000 -2958.49 3.93823 0.381815 0.85 -139.599 0.900232
50000 -3010.09 3.35765 0.388912 0.85 -139.599 0.900232
60000 -3030.45 3.21521 0.39341 0.85 -139.599 0.900232
70000 -3056.45 2.85966 0.39678 0.85 -139.599 0.900232
80000 -3055.99 2.88245 0.400945 0.85 -139.599 0.900232
90000 -3078.34 2.6712 0.40494 0.85 -139.599 0.900232
100000 -3068.33 2.71148 0.407246 0.85 -139.599 0.900232
110000 -3100.85 2.41097 0.409251 0.85 -139.599 0.900232
120000 -3089.41 2.51996 0.411538 0.85 -139.599 0.900232
130000 -3101.55 2.44234 0.413589 0.85 -139.599 0.900232
140000 -3136.41 2.07469 0.41574 0.85 -139.599 0.900232
150000 -3108.91 2.27364 0.416397 0.85 -139.599 0.900232
160000 -3095.13 2.50401 0.417572 0.85 -139.599 0.900232
170000 -3105.06 2.35328 0.418374 0.85 -139.599 0.900232
180000 -3095.8 2.4576 0.419442 0.85 -139.599 0.900232
190000 -3103.24 2.40045 0.420345 0.85 -139.599 0.900232
200000 -3121.87 2.27491 0.421018 0.85 -139.599 0.900232
210000 -3126.57 2.19625 0.421593 0.85 -139.599 0.900232
220000 -3104.37 2.4324 0.422375 0.85 -139.599 0.900232
230000 -3061.63 2.7549 0.422503 0.85 -139.599 0.900232
240000 -3063.89 2.85635 0.422857 0.85 -139.599 0.900232
250000 -3092.34 2.5536 0.423178 0.85 -139.599 0.900232
260000 -3066.37 2.87396 0.42386 0.85 -139.599 0.900232
270000 -3101.98 2.49915 0.423947 0.85 -139.599 0.900232
280000 -3093.34 2.57722 0.424231 0.85 -139.599 0.900232
290000 -3108.38 2.36677 0.424368 0.85 -139.599 0.900232
300000 -3120.75 2.26848 0.425012 0.85 -139.599 0.900232
310000 -3123.86 2.21386 0.425373 0.85 -139.599 0.900232
320000 -3115.74 2.34396 0.425524 0.85 -139.599 0.900232
330000 -3116.54 2.33751 0.425738 0.85 -139.599 0.900232
340000 -3094.19 2.45923 0.425899 0.85 -139.599 0.900232
350000 -3144.07 1.96487 0.426239 0.85 -139.599 0.900232
360000 -3092.48 2.42928 0.426996 0.85 -139.599 0.900232
370000 -3103.75 2.32836 0.427326 0.85 -139.599 0.900232
380000 -3119.69 2.172 0.427741 0.85 -139.599 0.900232
390000 -3146.03 1.93823 0.428019 0.85 -139.599 0.900232
400000 -3100.32 2.37804 0.428516 0.85 -139.599 0.900232
410000 -3096.52 2.4417 0.428765 0.85 -139.599 0.900232
420000 -3121.83 2.25732 0.428949 0.85 -139.599 0.900232
430000 -3156.66 1.85492 0.42935 0.85 -139.599 0.900232
440000 -3135.08 2.07006 0.429583 0.85 -139.599 0.900232
450000 -3115.13 2.26739 0.429857 0.85 -139.599 0.900232
460000 -3101.21 2.38695 0.429988 0.85 -139.599 0.900232
470000 -3159.74 1.79314 0.430316 0.85 -139.599 0.900232
480000 -3125.77 2.13973 0.430485 0.85 -139.599 0.900232
490000 -3135.48 2.15008 0.430605 0.85 -139.599 0.900232
500000 -3138.39 2.02902 0.430669 0.85 -139.599 0.900232
510000 -3122.51 2.21186 0.430782 0.85 -139.599 0.900232
520000 -3107.05 2.39507 0.431028 0.85 -139.599 0.900232
530000 -3083.54 2.57885 0.431256 0.85 -139.599 0.900232
540000 -3109.14 2.35246 0.431383 0.85 -139.599 0.900232
550000 -3101.34 2.41408 0.431459 0.85 -139.599 0.900232
560000 -3121.49 2.23859 0.43161 0.85 -139.599 0.900232
570000 -3065.59 2.80651 0.43172 0.85 -139.599 0.900232
580000 -3065.74 2.69512 0.431715 0.85 -139.599 0.900232
590000 -3073.47 2.70202 0.43173 0.85 -139.599 0.900232
600000 -3099.32 2.50568 0.431664 0.85 -139.599 0.900232
610000 -3116.55 2.26054 0.431801 0.85 -139.599 0.900232
620000 -3114.71 2.28353 0.431846 0.85 -139.599 0.900232
630000 -3102.65 2.44166 0.431964 0.85 -139.599 0.900232
640000 -3122.75 2.19058 0.432026 0.85 -139.599 0.900232
650000 -3094.92 2.53109 0.432095 0.85 -139.599 0.900232
660000 -3072.09 2.8186 0.432027 0.85 -139.599 0.900232
670000 -3080.58 2.72197 0.432034 0.85 -139.599 0.900232
680000 -3095.02 2.51168 0.432164 0.85 -139.599 0.900232
690000 -3115.59 2.28246 0.432163 0.85 -139.599 0.900232
700000 -3096.81 2.47835 0.432114 0.85 -139.599 0.900232
710000 -3119.23 2.32317 0.432175 0.85 -139.599 0.900232
720000 -3086.72 2.61044 0.432198 0.85 -139.599 0.900232
730000 -3123.21 2.29652 0.432245 0.85 -139.599 0.900232
740000 -3127.96 2.21653 0.432441 0.85 -139.599 0.900232
750000 -3096.19 2.50634 0.432329 0.85 -139.599 0.900232
760000 -3145.92 2.00629 0.432452 0.85 -139.599 0.900232
770000 -3105.61 2.45257 0.43249 0.85 -139.599 0.900232
780000 -3097.91 2.467 0.432487 0.85 -139.599 0.900232
790000 -3115.35 2.32763 0.432525 0.85 -139.599 0.900232
800000 -3093.35 2.52634 0.432651 0.85 -139.599 0.900232
810000 -3081.12 2.65767 0.432696 0.85 -139.599 0.900232
820000 -3116.49 2.26795 0.432751 0.85 -139.599 0.900232
830000 -3127.67 2.18419 0.432899 0.85 -139.599 0.900232
840000 -3169.06 1.80897 0.432991 0.85 -139.599 0.900232
850000 -3128.29 2.20428 0.433043 0.85 -139.599 0.900232
860000 -3147.08 1.98343 0.433194 0.85 -139.599 0.900232
870000 -3120.55 2.21949 0.433303 0.85 -139.599 0.900232
880000 -3109.19 2.25949 0.433448 0.85 -139.599 0.900232
890000 -3111.86 2.29499 0.433486 0.85 -139.599 0.900232
900000 -3115.34 2.21821 0.43346 0.85 -139.599 0.900232
910000 -3122.03 2.25136 0.433557 0.85 -139.599 0.900232
920000 -3115.87 2.28732 0.433603 0.85 -139.599 0.900232
930000 -3155.29 1.87842 0.433698 0.85 -139.599 0.900232
940000 -3096.38 2.47195 0.433755 0.85 -139.599 0.900232
950000 -3147.29 1.9569 0.433985 0.85 -139.599 0.900232
960000 -3144.69 1.95867 0.433951 0.85 -139.599 0.900232
970000 -3168.61 1.77045 0.434029 0.85 -139.599 0.900232
980000 -3130.17 2.15045 0.434026 0.85 -139.599 0.900232
990000 -3145.64 2.02583 0.434094 0.85 -139.599 0.900232
1000000 -3163.1 1.75234 0.434224 0.85 -139.599 0.900232
1010000 -3165.07 1.76511 0.434264 0.85 -139.599 0.900232
1020000 -3132.75 2.05099 0.434316 0.85 -139.599 0.900232
1030000 -3150.9 1.93596 0.434391 0.85 -139.599 0.900232
1040000 -3159.59 1.76076 0.434525 0.85 -139.599 0.900232
1050000 -3146.59 1.97132 0.434581 0.85 -139.599 0.900232
1060000 -3132.85 2.04308 0.434636 0.85 -139.599 0.900232
1070000 -3101.29 2.38336 0.434687 0.85 -139.599 0.900232
1080000 -3106 2.36159 0.434736 0.85 -139.599 0.900232
1090000 -3159.17 1.87131 0.434807 0.85 -139.599 0.900232
1100000 -3140.64 2.06532 0.434973 0.85 -139.599 0.900232
1110000 -3177.22 1.67858 0.435022 0.85 -139.599 0.900232
1120000 -3104.21 2.32907 0.435085 0.85 -139.599 0.900232
1130000 -3129.77 2.12348 0.435248 0.85 -139.599 0.900232
1140000 -3118.01 2.2301 0.435296 0.85 -139.599 0.900232
1150000 -3114.42 2.27745 0.435315 0.85 -139.599 0.900232
1160000 -3088.51 2.44616 0.435287 0.85 -139.599 0.900232
1170000 -3116.27 2.28723 0.435283 0.85 -139.599 0.900232
1180000 -3114.29 2.27584 0.435323 0.85 -139.599 0.900232
1190000 -3099.67 2.41811 0.435357 0.85 -139.599 0.900232
1200000 -3146.43 2.01483 0.435373 0.85 -139.599 0.900232
1210000 -3129.84 2.13107 0.435396 0.85 -139.599 0.900232
1220000 -3115.98 2.2911 0.435418 0.85 -139.599 0.900232
1230000 -3123.63 2.18833 0.435416 0.85 -139.599 0.900232
1240000 -3129.85 2.11262 0.435409 0.85 -139.599 0.900232
1250000 -3127.4 2.1376 0.435452 0.85 -139.599 0.900232
1260000 -3125.54 2.16598 0.435464 0.85 -139.599 0.900232
1270000 -3123.55 2.15619 0.435485 0.85 -139.599 0.900232
1280000 -3114.51 2.34563 0.435403 0.85 -139.599 0.900232
1290000 -3125.02 2.26238 0.435364 0.85 -139.599 0.900232
1300000 -3131.96 2.11427 0.435394 0.85 -139.599 0.900232
1310000 -3093.2 2.55849 0.435398 0.85 -139.599 0.900232
1320000 -3124.04 2.2064 0.435425 0.85 -139.599 0.900232
1330000 -3155.53 1.98305 0.43552 0.85 -139.599 0.900232
1340000 -3145.28 1.9992 0.435555 0.85 -139.599 0.900232
1350000 -3140.77 2.02458 0.435569 0.85 -139.599 0.900232
1360000 -3122.66 2.19479 0.435592 0.85 -139.599 0.900232
1370000 -3162.83 1.8107 0.435614 0.85 -139.599 0.900232
1380000 -3131.73 2.09795 0.435683 0.85 -139.599 0.900232
1390000 -3152.06 1.86315 0.435766 0.85 -139.599 0.900232
1400000 -3120.84 2.18542 0.435777 0.85 -139.599 0.900232
1410000 -3146.63 1.94354 0.435864 0.85 -139.599 0.900232
1420000 -3122.81 2.19052 0.435914 0.85 -139.599 0.900232
1430000 -3117.13 2.28074 0.435909 0.85 -139.599 0.900232
1440000 -3154.58 1.8758 0.43588 0.85 -139.599 0.900232
1450000 -3100.4 2.40141 0.435871 0.85 -139.599 0.900232
1460000 -3145.21 1.97279 0.435849 0.85 -139.599 0.900232
1470000 -3095.93 2.41533 0.43583 0.85 -139.599 0.900232
1480000 -3123.96 2.15997 0.435834 0.85 -139.599 0.900232
1490000 -3113.3 2.29997 0.435827 0.85 -139.599 0.900232
1500000 -3088.43 2.43953 0.43582 0.85 -139.599 0.900232
1510000 -3137.48 2.00337 0.435809 0.85 -139.599 0.900232
1520000 -3136.6 2.08511 0.435821 0.85 -139.599 0.900232
1530000 -3121.33 2.21208 0.435904 0.85 -139.599 0.900232
1540000 -3111.58 2.28791 0.435893 0.85 -139.599 0.900232
1550000 -3139.79 1.9437 0.435835 0.85 -139.599 0.900232
1560000 -3097.88 2.41185 0.435847 0.85 -139.599 0.900232
1570000 -3117.74 2.27956 0.435903 0.85 -139.599 0.900232
1580000 -3090.76 2.57912 0.435921 0.85 -139.599 0.900232
1590000 -3146.54 1.97211 0.435929 0.85 -139.599 0.900232
1600000 -3140.04 2.01125 0.435943 0.85 -139.599 0.900232
1610000 -3132.85 2.11674 0.43593 0.85 -139.599 0.900232
1620000 -3092.69 2.52046 0.435931 0.85 -139.599 0.900232
1630000 -3146.49 2.01192 0.435909 0.85 -139.599 0.900232
1640000 -3149 1.97537 0.435927 0.85 -139.599 0.900232
1650000 -3115.45 2.29063 0.435912 0.85 -139.599 0.900232
1660000 -3099.87 2.49129 0.435893 0.85 -139.599 0.900232
1670000 -3131.71 2.11026 0.435948 0.85 -139.599 0.900232
1680000 -3125.45 2.24875 0.435944 0.85 -139.599 0.900232
1690000 -3102.61 2.43208 0.435935 0.85 -139.599 0.900232
1700000 -3135.14 2.10785 0.435912 0.85 -139.599 0.900232
1710000 -3079.03 2.76841 0.435914 0.85 -139.599 0.900232
1720000 -3074.26 2.76771 0.435842 0.85 -139.599 0.900232
1730000 -3105.89 2.40073 0.435803 0.85 -139.599 0.900232
1740000 -3080.76 2.67669 0.435799 0.85 -139.599 0.900232
1750000 -3084.87 2.609 0.435795 0.85 -139.599 0.900232
1760000 -3078.74 2.66724 0.435771 0.85 -139.599 0.900232
1770000 -3109.79 2.32389 0.435815 0.85 -139.599 0.900232
1780000 -3104.06 2.35785 0.435815 0.85 -139.599 0.900232
1790000 -3081.96 2.60017 0.435812 0.85 -139.599 0.900232
1800000 -3150.33 1.87451 0.43579 0.85 -139.599 0.900232
1810000 -3141.68 2.06389 0.435766 0.85 -139.599 0.900232
1820000 -3103.25 2.3581 0.435754 0.85 -139.599 0.900232
1830000 -3074.47 2.71066 0.435797 0.85 -139.599 0.900232
1840000 -3092.74 2.5185 0.435791 0.85 -139.599 0.900232
1850000 -3078.8 2.71795 0.435792 0.85 -139.599 0.900232
1860000 -3113.11 2.28595 0.435747 0.85 -139.599 0.900232
1870000 -3116.74 2.25075 0.435741 0.85 -139.599 0.900232
1880000 -3089.1 2.56223 0.435758 0.85 -139.599 0.900232
1890000 -3122.03 2.23659 0.435762 0.85 -139.599 0.900232
1900000 -3079.68 2.72344 0.43576 0.85 -139.599 0.900232
1910000 -3127.77 2.23495 0.435756 0.85 -139.599 0.900232
1920000 -3127.24 2.24778 0.435744 0.85 -139.599 0.900232
1930000 -3112.81 2.3305 0.435797 0.85 -139.599 0.900232
1940000 -3150.75 1.89324 0.435798 0.85 -139.599 0.900232
1950000 -3134.37 2.09277 0.435794 0.85 -139.599 0.900232
1960000 -3160.48 1.83742 0.435808 0.85 -139.599 0.900232
1970000 -3131.57 2.16493 0.435876 0.85 -139.599 0.900232
1980000 -3114.56 2.28363 0.4359 0.85 -139.599 0.900232
1990000 -3149.08 1.9692 0.43595 0.85 -139.599 0.900232
2000000 -3130.96 2.12341 0.435908 0.85 -139.599 0.900232
2010000 -3144.06 1.99918 0.435908 0.85 -139.599 0.900232
2020000 -3118.26 2.1608 0.435942 0.85 -139.599 0.900232
2030000 -3124.68 2.11806 0.435909 0.85 -139.599 0.900232
2040000 -3126.88 2.11907 0.435912 0.85 -139.599 0.900232
2050000 -3129.5 2.13703 0.435881 0.85 -139.599 0.900232
2060000 -3142.88 2.03499 0.435894 0.85 -139.599 0.900232
2070000 -3118.88 2.23996 0.435901 0.85 -139.599 0.900232
2080000 -3105.18 2.34617 0.435888 0.85 -139.599 0.900232
2090000 -3129.92 2.09581 0.435906 0.85 -139.599 0.900232
2100000 -3126.52 2.0864 0.435953 0.85 -139.599 0.900232
2110000 -3113.48 2.33503 0.435965 0.85 -139.599 0.900232
2120000 -3108.32 2.32397 0.435982 0.85 -139.599 0.900232
2130000 -3130.3 2.1461 0.435984 0.85 -139.599 0.900232
2140000 -3112.33 2.32839 0.436015 0.85 -139.599 0.900232
2150000 -3108.32 2.42178 0.436004 0.85 -139.599 0.900232
2160000 -3135.5 2.18953 0.435979 0.85 -139.599 0.900232
2170000 -3157.72 1.92555 0.436 0.85 -139.599 0.900232
2180000 -3111.66 2.30322 0.43597 0.85 -139.599 0.900232
2190000 -3067.6 2.74331 0.43599 0.85 -139.599 0.900232
2200000 -3109.88 2.38608 0.435997 0.85 -139.599 0.900232
2210000 -3121.14 2.33358 0.435987 0.85 -139.599 0.900232
2220000 -3118.46 2.42673 0.43595 0.85 -139.599 0.900232
2230000 -3068.43 2.78996 0.43595 0.85 -139.599 0.900232
2240000 -3099.59 2.47608 0.435929 0.85 -139.599 0.900232
2250000 -3100.54 2.58793 0.435933 0.85 -139.599 0.900232
2260000 -3077.5 2.79484 0.435934 0.85 -139.599 0.900232
2270000 -3121.38 2.27124 0.435928 0.85 -139.599 0.900232
2280000 -3104.39 2.43541 0.435908 0.85 -139.599 0.900232
2290000 -3105.61 2.42158 0.43589 0.85 -139.599 0.900232
2300000 -3086.14 2.6294 0.435865 0.85 -139.599 0.900232
2310000 -3090.38 2.66576 0.435831 0.85 -139.599 0.900232
2320000 -3127.65 2.17662 0.435801 0.85 -139.599 0.900232
2330000 -3115.31 2.3778 0.435776 0.85 -139.599 0.900232
2340000 -3146.36 2.02289 0.435801 0.85 -139.599 0.900232
2350000 -3135.5 2.15806 0.435789 0.85 -139.599 0.900232
2360000 -3109.87 2.35697 0.435793 0.85 -139.599 0.900232
2370000 -3115.74 2.27944 0.435835 0.85 -139.599 0.900232
2380000 -3123.77 2.25504 0.435864 0.85 -139.599 0.900232
2390000 -3131.68 2.19175 0.435871 0.85 -139.599 0.900232
2400000 -3139.25 2.10457 0.435856 0.85 -139.599 0.900232
2410000 -3100.53 2.42665 0.435826 0.85 -139.599 0.900232
2420000 -3098.59 2.42344 0.43582 0.85 -139.599 0.900232
2430000 -3084.49 2.6246 0.43582 0.85 -139.599 0.900232
2440000 -3087.84 2.59167 0.435784 0.85 -139.599 0.900232
2450000 -3109.99 2.3453 0.435775 0.85 -139.599 0.900232
2460000 -3094.27 2.47985 0.435769 0.85 -139.599 0.900232
2470000 -3117.55 2.25163 0.43577 0.85 -139.599 0.900232
2480000 -3093.19 2.48325 0.435809 0.85 -139.599 0.900232
2490000 -3109.21 2.29391 0.435813 0.85 -139.599 0.900232
2500000 -3123.69 2.15711 0.435807 0.85 -139.599 0.900232
2510000 -3144.67 2.0133 0.435827 0.85 -139.599 0.900232
2520000 -3128.17 2.12912 0.435873 0.85 -139.599 0.900232
2530000 -3123.47 2.1763 0.435865 0.85 -139.599 0.900232
2540000 -3114.49 2.28204 0.435864 0.85 -139.599 0.900232
2550000 -3171.66 1.72484 0.435869 0.85 -139.599 0.900232
2560000 -3170.73 1.73263 0.435908 0.85 -139.599 0.900232
2570000 -3134.64 2.08515 0.435936 0.85 -139.599 0.900232
2580000 -3149.02 2.00938 0.435973 0.85 -139.599 0.900232
2590000 -3100.66 2.50236 0.436 0.85 -139.599 0.900232
2600000 -3111.25 2.28621 0.436017 0.85 -139.599 0.900232
2610000 -3090.85 2.47218 0.436019 0.85 -139.599 0.900232
2620000 -3132.72 2.05844 0.436027 0.85 -139.599 0.900232
2630000 -3140.09 2.00333 0.436047 0.85 -139.599 0.900232
2640000 -3122.06 2.17728 0.436045 0.85 -139.599 0.900232
2650000 -3110.9 2.2939 0.436051 0.85 -139.599 0.900232
2660000 -3156.85 1.9034 0.436056 0.85 -139.599 0.900232
2670000 -3115.23 2.22499 0.436081 0.85 -139.599 0.900232
2680000 -3102.24 2.35328 0.436098 0.85 -139.599 0.900232
2690000 -3111.53 2.30969 0.436104 0.85 -139.599 0.900232
2700000 -3115.49 2.3147 0.436125 0.85 -139.599 0.900232
2710000 -3111.9 2.37477 0.436122 0.85 -139.599 0.900232
2720000 -3089.18 2.61216 0.436088 0.85 -139.599 0.900232
2730000 -3116.11 2.32264 0.436099 0.85 -139.599 0.900232
2740000 -3118.3 2.25367 0.436108 0.85 -139.599 0.900232
2750000 -3115.58 2.30697 0.436129 0.85 -139.599 0.900232
2760000 -3144.1 2.02985 0.436149 0.85 -139.599 0.900232
2770000 -3144.08 1.98527 0.436144 0.85 -139.599 0.900232
2780000 -3100.42 2.44824 0.436141 0.85 -139.599 0.900232
2790000 -3109.82 2.32031 0.436142 0.85 -139.599 0.900232
2800000 -3090.83 2.47048 0.436123 0.85 -139.599 0.900232
2810000 -3149.52 1.88576 0.436136 0.85 -139.599 0.900232
2820000 -3128.33 2.17732 0.436115 0.85 -139.599 0.900232
2830000 -3140.32 2.05147 0.436124 0.85 -139.599 0.900232
2840000 -3110.78 2.30435 0.436158 0.85 -139.599 0.900232
2850000 -3098.24 2.47848 0.43617 0.85 -139.599 0.900232
2860000 -3117.9 2.33034 0.43621 0.85 -139.599 0.900232
2870000 -3117.66 2.31942 0.436224 0.85 -139.599 0.900232
2880000 -3100.31 2.45947 0.436207 0.85 -139.599 0.900232
2890000 -3143.26 2.08248 0.436188 0.85 -139.599 0.900232
2900000 -3123.41 2.31301 0.436185 0.85 -139.599 0.900232
2910000 -3110.47 2.32555 0.436211 0.85 -139.599 0.900232
2920000 -3149.59 1.96416 0.436226 0.85 -139.599 0.900232
2930000 -3117.07 2.29022 0.436212 0.85 -139.599 0.900232
2940000 -3095.66 2.44677 0.436225 0.85 -139.599 0.900232
2950000 -3107.32 2.38415 0.436232 0.85 -139.599 0.900232
2960000 -3086.64 2.53564 0.436225 0.85 -139.599 0.900232
2970000 -3088.62 2.609 0.436195 0.85 -139.599 0.900232
2980000 -3075.83 2.70171 0.436173 0.85 -139.599 0.900232
2990000 -3093.06 2.47339 0.436161 0.85 -139.599 0.900232
3000000 -3077.51 2.62349 0.436166 0.85 -139.599 0.900232
3010000 -3113.82 2.30525 0.436141 0.85 -139.599 0.900232
3020000 -3099.89 2.34944 0.436148 0.85 -139.599 0.900232
3030000 -3103.77 2.36073 0.436164 0.85 -139.599 0.900232
3040000 -3118.14 2.26009 0.436177 0.85 -139.599 0.900232
3050000 -3121.51 2.27824 0.436161 0.85 -139.599 0.900232
3060000 -3132.84 2.16994 0.436159 0.85 -139.599 0.900232
3070000 -3097.5 2.42629 0.436151 0.85 -139.599 0.900232
3080000 -3117.22 2.23028 0.436165 0.85 -139.599 0.900232
3090000 -3120.92 2.20488 0.436171 0.85 -139.599 0.900232
3100000 -3081.25 2.65636 0.43614 0.85 -139.599 0.900232
3110000 -3101.4 2.42804 0.436143 0.85 -139.599 0.900232
3120000 -3101.05 2.43958 0.436147 0.85 -139.599 0.900232
3130000 -3123.58 2.20123 0.436134 0.85 -139.599 0.900232
3140000 -3094.33 2.46755 0.436112 0.85 -139.599 0.900232
3150000 -3112.4 2.28319 0.436109 0.85 -139.599 0.900232
3160000 -3126.61 2.14216 0.436143 0.85 -139.599 0.900232
3170000 -3102.86 2.4141 0.436153 0.85 -139.599 0.900232
3180000 -3140.19 2.00531 0.436172 0.85 -139.599 0.900232
3190000 -3119.74 2.29228 0.436183 0.85 -139.599 0.900232
3200000 -3129.82 2.10256 0.436173 0.85 -139.599 0.900232
3210000 -3101.77 2.35752 0.436205 0.85 -139.599 0.900232
3220000 -3126.05 2.19808 0.436207 0.85 -139.599 0.900232
3230000 -3132.66 2.08772 0.436224 0.85 -139.599 0.900232
3240000 -3115.09 2.28964 0.436238 0.85 -139.599 0.900232
3250000 -3127.48 2.16133 0.436238 0.85 -139.599 0.900232
3260000 -3138.06 2.07012 0.436224 0.85 -139.599 0.900232
3270000 -3140.07 2.03304 0.436229 0.85 -139.599 0.900232
3280000 -3091.99 2.5466 0.436209 0.85 -139.599 0.900232
3290000 -3104 2.38977 0.436237 0.85 -139.599 0.900232
3300000 -3092.06 2.54296 0.436244 0.85 -139.599 0.900232
3310000 -3079.52 2.58351 0.436229 0.85 -139.599 0.900232
3320000 -3126.31 2.2207 0.436257 0.85 -139.599 0.900232
3330000 -3124.84 2.15638 0.436264 0.85 -139.599 0.900232
3340000 -3080.02 2.61751 0.436249 0.85 -139.599 0.900232
3350000 -3094.64 2.47039 0.436263 0.85 -139.599 0.900232
3360000 -3073.71 2.70516 0.436223 0.85 -139.599 0.900232
3370000 -3135.6 2.10001 0.436224 0.85 -139.599 0.900232
3380000 -3131.12 2.11034 0.436232 0.85 -139.599 0.900232
3390000 -3095.51 2.49628 0.436228 0.85 -139.599 0.900232
3400000 -3091.74 2.57244 0.436241 0.85 -139.599 0.900232
3410000 -3139.07 2.0478 0.436243 0.85 -139.599 0.900232
3420000 -3151.21 1.92969 0.436248 0.85 -139.599 0.900232
3430000 -3107.92 2.32201 0.436251 0.85 -139.599 0.900232
3440000 -3143.14 2.11596 0.436257 0.85 -139.599 0.900232
3450000 -3109.95 2.31778 0.436267 0.85 -139.599 0.900232
3460000 -3149.17 1.93684 0.436254 0.85 -139.599 0.900232
3470000 -3127.42 2.05316 0.436265 0.85 -139.599 0.900232
3480000 -3118.84 2.24729 0.436265 0.85 -139.599 0.900232
3490000 -3111.48 2.39056 0.436264 0.85 -139.599 0.900232
3500000 -3122.31 2.26852 0.43629 0.85 -139.599 0.900232
3510000 -3098.22 2.49097 0.436312 0.85 -139.599 0.900232
3520000 -3093.77 2.55331 0.436314 0.85 -139.599 0.900232
3530000 -3073.83 2.69987 0.436312 0.85 -139.599 0.900232
3540000 -3118.14 2.23055 0.436283 0.85 -139.599 0.900232
3550000 -3122.33 2.28569 0.436292 0.85 -139.599 0.900232
3560000 -3105.43 2.4792 0.436263 0.85 -139.599 0.900232
3570000 -3084.21 2.65541 0.436251 0.85 -139.599 0.900232
3580000 -3086.24 2.63586 0.436238 0.85 -139.599 0.900232
3590000 -3097.33 2.43783 0.436219 0.85 -139.599 0.900232
3600000 -3125.94 2.19862 0.43622 0.85 -139.599 0.900232
3610000 -3070.83 2.68615 0.436213 0.85 -139.599 0.900232
3620000 -3080.28 2.60743 0.436228 0.85 -139.599 0.900232
3630000 -3113.33 2.23829 0.436249 0.85 -139.599 0.900232
3640000 -3109.56 2.28066 0.436254 0.85 -139.599 0.900232
3650000 -3136.42 2.09052 0.43627 0.85 -139.599 0.900232
3660000 -3139.83 2.05621 0.436252 0.85 -139.599 0.900232
3670000 -3088.88 2.54368 0.436251 0.85 -139.599 0.900232
3680000 -3120.86 2.1597 0.43627 0.85 -139.599 0.900232
3690000 -3137.23 2.06702 0.436274 0.85 -139.599 0.900232
3700000 -3100.53 2.46709 0.436255 0.85 -139.599 0.900232
3710000 -3121.08 2.25066 0.43627 0.85 -139.599 0.900232
3720000 -3112.51 2.32675 0.436278 0.85 -139.599 0.900232
3730000 -3124.24 2.20669 0.436294 0.85 -139.599 0.900232
3740000 -3106.61 2.41446 0.436327 0.85 -139.599 0.900232
3750000 -3129.84 2.21909 0.436347 0.85 -139.599 0.900232
3760000 -3103.2 2.38466 0.436363 0.85 -139.599 0.900232
3770000 -3090.73 2.4837 0.436386 0.85 -139.599 0.900232
3780000 -3116.15 2.33557 0.436403 0.85 -139.599 0.900232
3790000 -3112.16 2.28668 0.436389 0.85 -139.599 0.900232
3800000 -3128.51 2.19726 0.43638 0.85 -139.599 0.900232
3810000 -3124.43 2.23934 0.436369 0.85 -139.599 0.900232
3820000 -3116.7 2.24696 0.43639 0.85 -139.599 0.900232
3830000 -3118.01 2.21889 0.436388 0.85 -139.599 0.900232
3840000 -3121.11 2.26755 0.436397 0.85 -139.599 0.900232
3850000 -3127.44 2.15438 0.436382 0.85 -139.599 0.900232
3860000 -3122.45 2.24146 0.436392 0.85 -139.599 0.900232
3870000 -3152.23 1.91691 0.436386 0.85 -139.599 0.900232
3880000 -3146.04 1.94773 0.436395 0.85 -139.599 0.900232
3890000 -3115.38 2.17981 0.436412 0.85 -139.599 0.900232
3900000 -3121.66 2.23703 0.436413 0.85 -139.599 0.900232
3910000 -3131.99 2.1029 0.436432 0.85 -139.599 0.900232
3920000 -3101.13 2.37356 0.436432 0.85 -139.599 0.900232
3930000 -3076.19 2.59993 0.436431 0.85 -139.599 0.900232
3940000 -3095.26 2.48036 0.436439 0.85 -139.599 0.900232
3950000 -3113.74 2.25136 0.436448 0.85 -139.599 0.900232
3960000 -3065.53 2.69834 0.436459 0.85 -139.599 0.900232
3970000 -3095.24 2.49659 0.436465 0.85 -139.599 0.900232
3980000 -3115.91 2.32877 0.436479 0.85 -139.599 0.900232
3990000 -3130.06 2.07059 0.436489 0.85 -139.599 0.900232
4000000 -3121.42 2.17699 0.436482 0.85 -139.599 0.900232
4010000 -3119.42 2.21104 0.436514 0.85 -139.599 0.900232
4020000 -3121.27 2.18322 0.436527 0.85 -139.599 0.900232
4030000 -3104.19 2.31235 0.436552 0.85 -139.599 0.900232
4040000 -3127.41 2.12365 0.436571 0.85 -139.599 0.900232
4050000 -3123.94 2.09561 0.436564 0.85 -139.599 0.900232
4060000 -3124.78 2.17569 0.436549 0.85 -139.599 0.900232
4070000 -3149.91 1.91767 0.436546 0.85 -139.599 0.900232
4080000 -3123.38 2.15441 0.436545 0.85 -139.599 0.900232
4090000 -3161.67 1.7995 0.436542 0.85 -139.599 0.900232
4100000 -3131.93 2.09271 0.436538 0.85 -139.599 0.900232
4110000 -3136.01 2.03323 0.436551 0.85 -139.599 0.900232
4120000 -3137.64 2.04392 0.436556 0.85 -139.599 0.900232
4130000 -3116.17 2.27198 0.436574 0.85 -139.599 0.900232
4140000 -3144.67 2.06697 0.436569 0.85 -139.599 0.900232
4150000 -3075.58 2.70878 0.436577 0.85 -139.599 0.900232
4160000 -3091.38 2.55942 0.436575 0.85 -139.599 0.900232
4170000 -3118.26 2.33386 0.436587 0.85 -139.599 0.900232
4180000 -3115.64 2.27813 0.436575 0.85 -139.599 0.900232
4190000 -3119.26 2.2462 0.436578 0.85 -139.599 0.900232
4200000 -3116.47 2.41362 0.436588 0.85 -139.599 0.900232
4210000 -3143.18 2.0183 0.436585 0.85 -139.599 0.900232
4220000 -3105.49 2.43225 0.436576 0.85 -139.599 0.900232
4230000 -3101.15 2.5612 0.436567 0.85 -139.599 0.900232
4240000 -3106.39 2.39039 0.43658 0.85 -139.599 0.900232
4250000 -3117.58 2.30307 0.436591 0.85 -139.599 0.900232
4260000 -3089.19 2.52649 0.43657 0.85 -139.599 0.900232
4270000 -3090.9 2.5164 0.436567 0.85 -139.599 0.900232
4280000 -3119.06 2.26331 0.436567 0.85 -139.599 0.900232
4290000 -3126.66 2.17648 0.43658 0.85 -139.599 0.900232
4300000 -3120.79 2.22535 0.43658 0.85 -139.599 0.900232
4310000 -3087.32 2.50747 0.436567 0.85 -139.599 0.900232
4320000 -3133.12 2.12659 0.436577 0.85 -139.599 0.900232
4330000 -3090.54 2.49978 0.436561 0.85 -139.599 0.900232
4340000 -3132.54 2.14797 0.436572 0.85 -139.599 0.900232
4350000 -3095.97 2.51324 0.436558 0.85 -139.599 0.900232
4360000 -3109.7 2.33247 0.436549 0.85 -139.599 0.900232
4370000 -3092.72 2.50209 0.436551 0.85 -139.599 0.900232
4380000 -3070.45 2.79533 0.436561 0.85 -139.599 0.900232
4390000 -3091.99 2.49137 0.436552 0.85 -139.599 0.900232
4400000 -3094.14 2.49531 0.436551 0.85 -139.599 0.900232
4410000 -3115.64 2.24265 0.436545 0.85 -139.599 0.900232
4420000 -3138.57 1.98855 0.436559 0.85 -139.599 0.900232
4430000 -3094.17 2.47028 0.436571 0.85 -139.599 0.900232
4440000 -3145.75 1.91097 0.436592 0.85 -139.599 0.900232
4450000 -3147.57 1.99393 0.4366 0.85 -139.599 0.900232
4460000 -3089.35 2.51473 0.436602 0.85 -139.599 0.900232
4470000 -3132.19 2.06046 0.436605 0.85 -139.599 0.900232
4480000 -3114.31 2.27082 0.436618 0.85 -139.599 0.900232
4490000 -3074.68 2.64433 0.436611 0.85 -139.599 0.900232
4500000 -3081.45 2.68589 0.436604 0.85 -139.599 0.900232
4510000 -3116.23 2.3238 0.436606 0.85 -139.599 0.900232
4520000 -3112.31 2.36179 0.436599 0.85 -139.599 0.900232
4530000 -3129.45 2.25122 0.436609 0.85 -139.599 0.900232
4540000 -3105.55 2.41079 0.436614 0.85 -139.599 0.900232
4550000 -3131.06 2.14526 0.436604 0.85 -139.599 0.900232
4560000 -3129.09 2.15862 0.436619 0.85 -139.599 0.900232
4570000 -3133.52 2.12219 0.436646 0.85 -139.599 0.900232
4580000 -3099.12 2.46147 0.436655 0.85 -139.599 0.900232
4590000 -3124.88 2.22332 0.436656 0.85 -139.599 0.900232
4600000 -3133.25 2.10009 0.436674 0.85 -139.599 0.900232
4610000 -3112.09 2.3289 0.436665 0.85 -139.599 0.900232
4620000 -3117.75 2.30046 0.436656 0.85 -139.599 0.900232
4630000 -3099.86 2.44044 0.436657 0.85 -139.599 0.900232
4640000 -3112.63 2.29097 0.436645 0.85 -139.599 0.900232
4650000 -3107.16 2.33585 0.436615 0.85 -139.599 0.900232
4660000 -3111.89 2.27796 0.43662 0.85 -139.599 0.900232
4670000 -3112.68 2.34608 0.436604 0.85 -139.599 0.900232
4680000 -3111.13 2.30795 0.436614 0.85 -139.599 0.900232
4690000 -3134.98 2.07908 0.43661 0.85 -139.599 0.900232
4700000 -3128.02 2.12754 0.43661 0.85 -139.599 0.900232
4710000 -3095.67 2.59678 0.436625 0.85 -139.599 0.900232
4720000 -3111.23 2.34173 0.436619 0.85 -139.599 0.900232
4730000 -3124.32 2.14914 0.436631 0.85 -139.599 0.900232
4740000 -3133.33 2.03484 0.436643 0.85 -139.599 0.900232
4750000 -3161.37 1.84972 0.436654 0.85 -139.599 0.900232
4760000 -3114.16 2.28108 0.43666 0.85 -139.599 0.900232
4770000 -3136.8 2.08459 0.436671 0.85 -139.599 0.900232
4780000 -3152.26 1.88437 0.436669 0.85 -139.599 0.900232
4790000 -3142.25 2.06735 0.436679 0.85 -139.599 0.900232
4800000 -3119.61 2.21215 0.436698 0.85 -139.599 0.900232
4810000 -3162.86 1.87762 0.436715 0.85 -139.599 0.900232
4820000 -3127.92 2.10297 0.436722 0.85 -139.599 0.900232
4830000 -3160.93 1.81499 0.436739 0.85 -139.599 0.900232
4840000 -3120.78 2.21932 0.436756 0.85 -139.599 0.900232
4850000 -3175.88 1.6975 0.436766 0.85 -139.599 0.900232
4860000 -3130.6 2.05122 0.436774 0.85 -139.599 0.900232
4870000 -3108.52 2.28028 0.436789 0.85 -139.599 0.900232
4880000 -3134 2.09806 0.436793 0.85 -139.599 0.900232
4890000 -3124.67 2.17833 0.436799 0.85 -139.599 0.900232
4900000 -3136.94 2.03532 0.43681 0.85 -139.599 0.900232
4910000 -3144.95 1.99236 0.436841 0.85 -139.599 0.900232
4920000 -3116.92 2.23826 0.436865 0.85 -139.599 0.900232
4930000 -3137.65 2.09694 0.436865 0.85 -139.599 0.900232
4940000 -3153.28 1.90446 0.436882 0.85 -139.599 0.900232
4950000 -3149.78 1.94084 0.436889 0.85 -139.599 0.900232
4960000 -3146.54 1.90413 0.436885 0.85 -139.599 0.900232
4970000 -3112.61 2.32639 0.436872 0.85 -139.599 0.900232
4980000 -3096.46 2.49017 0.436879 0.85 -139.599 0.900232
4990000 -3085.38 2.6055 0.436875 0.85 -139.599 0.900232
5000000 -3116.93 2.31466 0.436867 0.85 -139.599 0.900232
5010000 -3123.71 2.19418 0.436861 0.85 -139.599 0.900232
5020000 -3120.52 2.15301 0.43687 0.85 -139.599 0.900232
5030000 -3128.59 2.08078 0.436869 0.85 -139.599 0.900232
5040000 -3174.54 1.59836 0.436888 0.85 -139.599 0.900232
5050000 -3146 1.96394 0.436902 0.85 -139.599 0.900232
5060000 -3123.97 2.23269 0.436887 0.85 -139.599 0.900232
5070000 -3161.52 1.83568 0.436899 0.85 -139.599 0.900232
5080000 -3127.51 2.13834 0.436901 0.85 -139.599 0.900232
5090000 -3146.28 1.93815 0.436904 0.85 -139.599 0.900232
5100000 -3104.95 2.34574 0.436921 0.85 -139.599 0.900232
5110000 -3144.9 1.92432 0.436912 0.85 -139.599 0.900232
5120000 -3141.9 1.98204 0.436902 0.85 -139.599 0.900232
5130000 -3173.24 1.72258 0.43692 0.85 -139.599 0.900232
5140000 -3115.43 2.20753 0.436945 0.85 -139.599 0.900232
5150000 -3121.67 2.1792 0.436944 0.85 -139.599 0.900232
5160000 -3115.41 2.30344 0.436944 0.85 -139.599 0.900232
5170000 -3124.94 2.14081 0.43694 0.85 -139.599 0.900232
5180000 -3099.96 2.4527 0.436928 0.85 -139.599 0.900232
5190000 -3174.15 1.71288 0.436943 0.85 -139.599 0.900232
5200000 -3139.11 2.04994 0.436948 0.85 -139.599 0.900232
5210000 -3129 2.15995 0.436952 0.85 -139.599 0.900232
5220000 -3142.39 1.98999 0.436963 0.85 -139.599 0.900232
5230000 -3145.82 1.99172 0.436967 0.85 -139.599 0.900232
5240000 -3099.39 2.35529 0.436971 0.85 -139.599 0.900232
5250000 -3111.51 2.21513 0.436966 0.85 -139.599 0.900232
5260000 -3107.05 2.28868 0.436972 0.85 -139.599 0.900232
5270000 -3122.98 2.16651 0.436985 0.85 -139.599 0.900232
5280000 -3131.55 2.10035 0.436996 0.85 -139.599 0.900232
5290000 -3119.47 2.19774 0.436966 0.85 -139.599 0.900232
5300000 -3112.51 2.28537 0.436977 0.85 -139.599 0.900232
5310000 -3133.64 2.06555 0.436986 0.85 -139.599 0.900232
5320000 -3164.8 1.6836 0.437008 0.85 -139.599 0.900232
5330000 -3143.98 1.92422 0.437014 0.85 -139.599 0.900232
5340000 -3119.45 2.22295 0.437015 0.85 -139.599 0.900232
5350000 -3119.37 2.25592 0.436999 0.85 -139.599 0.900232
5360000 -3120.61 2.20259 0.436981 0.85 -139.599 0.900232
5370000 -3091.1 2.52701 0.436989 0.85 -139.599 0.900232
5380000 -3102.72 2.43918 0.437002 0.85 -139.599 0.900232
5390000 -3117.72 2.14631 0.437004 0.85 -139.599 0.900232
5400000 -3099.55 2.3744 0.437005 0.85 -139.599 0.900232
5410000 -3132.38 2.06106 0.437015 0.85 -139.599 0.900232
5420000 -3067.78 2.75752 0.437009 0.85 -139.599 0.900232
5430000 -3124.74 2.12123 0.43701 0.85 -139.599 0.900232
5440000 -3127.92 2.14211 0.437008 0.85 -139.599 0.900232
5450000 -3151.8 1.8784 0.437015 0.85 -139.599 0.900232
5460000 -3183.24 1.63246 0.437041 0.85 -139.599 0.900232
5470000 -3153.13 1.90184 0.437056 0.85 -139.599 0.900232
5480000 -3115.2 2.31568 0.437058 0.85 -139.599 0.900232
5490000 -3153.51 1.83976 0.437069 0.85 -139.599 0.900232
5500000 -3141.45 2.01454 0.437068 0.85 -139.599 0.900232
5510000 -3141.01 2.04448 0.437063 0.85 -139.599 0.900232
5520000 -3133.18 2.09485 0.437084 0.85 -139.599 0.900232
5530000 -3154.34 1.86022 0.43709 0.85 -139.599 0.900232
5540000 -3155.42 1.81979 0.437114 0.85 -139.599 0.900232
5550000 -3140.63 2.06444 0.437123 0.85 -139.599 0.900232
5560000 -3150.49 1.91082 0.437122 0.85 -139.599 0.900232
5570000 -3135.98 2.04346 0.437107 0.85 -139.599 0.900232
5580000 -3147.4 1.92513 0.437102 0.85 -139.599 0.900232
5590000 -3117.61 2.23205 0.437112 0.85 -139.599 0.900232
5600000 -3115.87 2.21467 0.43713 0.85 -139.599 0.900232
5610000 -3108.24 2.28251 0.437144 0.85 -139.599 0.900232
5620000 -3119.23 2.29357 0.437145 0.85 -139.599 0.900232
5630000 -3131.21 2.13097 0.437157 0.85 -139.599 0.900232
5640000 -3117.99 2.18121 0.437154 0.85 -139.599 0.900232
5650000 -3121.31 2.14673 0.437165 0.85 -139.599 0.900232
5660000 -3152.25 1.9058 0.437161 0.85 -139.599 0.900232
5670000 -3137.85 2.07097 0.43716 0.85 -139.599 0.900232
5680000 -3155.98 1.92244 0.437146 0.85 -139.599 0.900232
5690000 -3101.65 2.40927 0.437132 0.85 -139.599 0.900232
5700000 -3119.6 2.26521 0.437133 0.85 -139.599 0.900232
5710000 -3154.57 1.89302 0.437138 0.85 -139.599 0.900232
5720000 -3146.89 1.99345 0.437132 0.85 -139.599 0.900232
5730000 -3130 2.08556 0.437145 0.85 -139.599 0.900232
5740000 -3106.47 2.33639 0.437145 0.85 -139.599 0.900232
5750000 -3133.54 2.06959 0.437138 0.85 -139.599 0.900232
5760000 -3144.15 1.96041 0.437154 0.85 -139.599 0.900232
5770000 -3145.09 1.94594 0.437153 0.85 -139.599 0.900232
5780000 -3138.83 1.98955 0.437164 0.85 -139.599 0.900232
5790000 -3111.31 2.29374 0.437173 0.85 -139.599 0.900232
5800000 -3124.29 2.24144 0.437158 0.85 -139.599 0.900232
5810000 -3177.66 1.76696 0.437165 0.85 -139.599 0.900232
5820000 -3128.33 2.14858 0.437165 0.85 -139.599 0.900232
5830000 -3127.3 2.17786 0.437169 0.85 -139.599 0.900232
5840000 -3103.38 2.43834 0.437171 0.85 -139.599 0.900232
5850000 -3106.47 2.4434 0.437172 0.85 -139.599 0.900232
5860000 -3133.77 2.15327 0.437174 0.85 -139.599 0.900232
5870000 -3130.98 2.19837 0.437178 0.85 -139.599 0.900232
5880000 -3126.12 2.22584 0.437187 0.85 -139.599 0.900232
5890000 -3107.63 2.39055 0.437182 0.85 -139.599 0.900232
5900000 -3118.18 2.30009 0.437177 0.85 -139.599 0.900232
5910000 -3106.02 2.33221 0.437163 0.85 -139.599 0.900232
5920000 -3115.14 2.23583 0.437161 0.85 -139.599 0.900232
5930000 -3089.79 2.52928 0.437157 0.85 -139.599 0.900232
5940000 -3084.03 2.62814 0.437158 0.85 -139.599 0.900232
5950000 -3089.17 2.6076 0.437158 0.85 -139.599 0.900232
5960000 -3112.68 2.31782 0.437167 0.85 -139.599 0.900232
5970000 -3097.04 2.47546 0.437157 0.85 -139.599 0.900232
5980000 -3104.66 2.4197 0.437164 0.85 -139.599 0.900232
5990000 -3145.01 1.98956 0.437158 0.85 -139.599 0.900232
6000000 -3112.81 2.36641 0.437159 0.85 -139.599 0.900232
6010000 -3081.54 2.62138 0.437153 0.85 -139.599 0.900232
6020000 -3109.14 2.33686 0.437154 0.85 -139.599 0.900232
6030000 -3073.34 2.6403 0.437156 0.85 -139.599 0.900232
6040000 -3067.43 2.74703 0.437142 0.85 -139.599 0.900232
6050000 -3128.27 2.14153 0.437132 0.85 -139.599 0.900232
6060000 -3105.24 2.38046 0.437138 0.85 -139.599 0.900232
6070000 -3133.86 2.14497 0.437142 0.85 -139.599 0.900232
6080000 -3143.3 2.09295 0.437149 0.85 -139.599 0.900232
6090000 -3121.84 2.23147 0.43715 0.85 -139.599 0.900232
6100000 -3077.4 2.62289 0.43716 0.85 -139.599 0.900232
6110000 -3143.12 1.96502 0.437159 0.85 -139.599 0.900232
6120000 -3114.21 2.24738 0.437165 0.85 -139.599 0.900232
6130000 -3133.6 2.06408 0.437167 0.85 -139.599 0.900232
6140000 -3080.2 2.64102 0.437163 0.85 -139.599 0.900232
6150000 -3116.22 2.25703 0.437175 0.85 -139.599 0.900232
6160000 -3095.52 2.42057 0.43716 0.85 -139.599 0.900232
6170000 -3115.41 2.33209 0.437164 0.85 -139.599 0.900232
6180000 -3120.19 2.27301 0.437165 0.85 -139.599 0.900232
6190000 -3103.44 2.33968 0.437165 0.85 -139.599 0.900232
6200000 -3126.41 2.17331 0.437163 0.85 -139.599 0.900232
6210000 -3085.57 2.57047 0.437157 0.85 -139.599 0.900232
6220000 -3130.49 2.11486 0.437155 0.85 -139.599 0.900232
6230000 -3079.55 2.63496 0.437163 0.85 -139.599 0.900232
6240000 -3103.04 2.41083 0.437157 0.85 -139.599 0.900232
6250000 -3120.84 2.15802 0.437166 0.85 -139.599 0.900232
6260000 -3133.62 2.12011 0.437172 0.85 -139.599 0.900232
6270000 -3128.7 2.10789 0.437179 0.85 -139.599 0.900232
6280000 -3143.31 2.01599 0.437185 0.85 -139.599 0.900232
6290000 -3131.89 2.13414 0.437183 0.85 -139.599 0.900232
6300000 -3085.08 2.62692 0.437182 0.85 -139.599 0.900232
6310000 -3121.8 2.32174 0.437174 0.85 -139.599 0.900232
6320000 -3151.65 1.8861 0.437163 0.85 -139.599 0.900232
6330000 -3122.51 2.18105 0.437169 0.85 -139.599 0.900232
6340000 -3111.31 2.35316 0.437177 0.85 -139.599 0.900232
6350000 -3147.32 1.96285 0.437177 0.85 -139.599 0.900232
6360000 -3097.65 2.44926 0.437179 0.85 -139.599 0.900232
6370000 -3074.43 2.69273 0.43719 0.85 -139.599 0.900232
6380000 -3127.76 2.1446 0.437209 0.85 -139.599 0.900232
6390000 -3135.24 2.18337 0.437206 0.85 -139.599 0.900232
6400000 -3156.76 1.95205 0.437225 0.85 -139.599 0.900232
6410000 -3129.09 2.11554 0.437229 0.85 -139.599 0.900232
6420000 -3151.11 1.94794 0.437237 0.85 -139.599 0.900232
6430000 -3138.48 2.02082 0.437236 0.85 -139.599 0.900232
6440000 -3128.64 2.07154 0.43723 0.85 -139.599 0.900232
6450000 -3105.1 2.35186 0.437245 0.85 -139.599 0.900232
6460000 -3090.42 2.44751 0.437241 0.85 -139.599 0.900232
6470000 -3163.66 1.80304 0.437241 0.85 -139.599 0.900232
6480000 -3173.61 1.67297 0.437253 0.85 -139.599 0.900232
6490000 -3145.16 1.92524 0.43727 0.85 -139.599 0.900232
6500000 -3133.2 2.11558 0.437261 0.85 -139.599 0.900232
6510000 -3123.35 2.22661 0.437268 0.85 -139.599 0.900232
6520000 -3115.83 2.27427 0.437275 0.85 -139.599 0.900232
6530000 -3122.36 2.21033 0.437278 0.85 -139.599 0.900232
6540000 -3148.62 1.94987 0.43728 0.85 -139.599 0.900232
6550000 -3129.11 2.08775 0.437281 0.85 -139.599 0.900232
6560000 -3141.94 1.98984 0.43729 0.85 -139.599 0.900232
6570000 -3116.74 2.28876 0.437303 0.85 -139.599 0.900232
6580000 -3103.3 2.30463 0.437312 0.85 -139.599 0.900232
6590000 -3109.62 2.30659 0.437305 0.85 -139.599 0.900232
6600000 -3148.12 1.94674 0.437315 0.85 -139.599 0.900232
6610000 -3104.43 2.42886 0.437316 0.85 -139.599 0.900232
6620000 -3125.92 2.19482 0.437316 0.85 -139.599 0.900232
6630000 -3074.59 2.78518 0.437305 0.85 -139.599 0.900232
6640000 -3121 2.22718 0.437297 0.85 -139.599 0.900232
6650000 -3133.26 2.07546 0.437294 0.85 -139.599 0.900232
6660000 -3125.58 2.23305 0.437295 0.85 -139.599 0.900232
6670000 -3101.66 2.41748 0.43729 0.85 -139.599 0.900232
6680000 -3074.05 2.69516 0.437307 0.85 -139.599 0.900232
6690000 -3110.14 2.40165 0.43729 0.85 -139.599 0.900232
6700000 -3094.49 2.62896 0.437296 0.85 -139.599 0.900232
6710000 -3086.48 2.6048 0.437283 0.85 -139.599 0.900232
6720000 -3127.91 2.17633 0.437273 0.85 -139.599 0.900232
6730000 -3098.44 2.54431 0.437263 0.85 -139.599 0.900232
6740000 -3105.28 2.37524 0.437268 0.85 -139.599 0.900232
6750000 -3113.97 2.25932 0.437268 0.85 -139.599 0.900232
6760000 -3108.1 2.32846 0.437255 0.85 -139.599 0.900232
6770000 -3129.19 2.11185 0.437242 0.85 -139.599 0.900232
6780000 -3136.4 2.10309 0.437237 0.85 -139.599 0.900232
6790000 -3123.76 2.17873 0.43724 0.85 -139.599 0.900232
6800000 -3090.58 2.51166 0.437235 0.85 -139.599 0.900232
6810000 -3134.91 1.98845 0.437224 0.85 -139.599 0.900232
6820000 -3153.96 1.87773 0.437227 0.85 -139.599 0.900232
6830000 -3129.7 2.10733 0.437238 0.85 -139.599 0.900232
6840000 -3145.26 2.04008 0.437241 0.85 -139.599 0.900232
6850000 -3108.06 2.42225 0.437245 0.85 -139.599 0.900232
6860000 -3126.55 2.16976 0.437238 0.85 -139.599 0.900232
6870000 -3091.69 2.56899 0.437234 0.85 -139.599 0.900232
6880000 -3109.95 2.44249 0.437239 0.85 -139.599 0.900232
6890000 -3103.36 2.43422 0.437243 0.85 -139.599 0.900232
6900000 -3100.51 2.46437 0.437239 0.85 -139.599 0.900232
6910000 -3153.91 1.87924 0.437243 0.85 -139.599 0.900232
6920000 -3100.15 2.37613 0.437235 0.85 -139.599 0.900232
6930000 -3140.39 2.02114 0.437236 0.85 -139.599 0.900232
6940000 -3155.46 1.88037 0.437233 0.85 -139.599 0.900232
6950000 -3096.09 2.44743 0.437219 0.85 -139.599 0.900232
6960000 -3088.64 2.54067 0.43721 0.85 -139.599 0.900232
6970000 -3072.45 2.6409 0.437214 0.85 -139.599 0.900232
6980000 -3114.78 2.29405 0.437224 0.85 -139.599 0.900232
6990000 -3109.85 2.32308 0.437229 0.85 -139.599 0.900232
7000000 -3155.52 1.85885 0.437222 0.85 -139.599 0.900232
7010000 -3122.57 2.10972 0.437225 0.85 -139.599 0.900232
7020000 -3136.36 2.09159 0.437215 0.85 -139.599 0.900232
7030000 -3111.55 2.43553 0.437222 0.85 -139.599 0.900232
7040000 -3118.64 2.35606 0.437217 0.85 -139.599 0.900232
7050000 -3081.82 2.61049 0.437215 0.85 -139.599 0.900232
7060000 -3088.36 2.55658 0.437209 0.85 -139.599 0.900232
7070000 -3111.18 2.3411 0.437213 0.85 -139.599 0.900232
7080000 -3111.87 2.37874 0.437213 0.85 -139.599 0.900232
7090000 -3109.02 2.36155 0.437207 0.85 -139.599 0.900232
7100000 -3084.3 2.66836 0.437186 0.85 -139.599 0.900232
7110000 -3068.21 2.78663 0.437169 0.85 -139.599 0.900232
7120000 -3064.91 2.74789 0.437155 0.85 -139.599 0.900232
7130000 -3049.08 2.90715 0.437141 0.85 -139.599 0.900232
7140000 -3129.93 2.15114 0.437131 0.85 -139.599 0.900232
7150000 -3116.34 2.21835 0.437132 0.85 -139.599 0.900232
7160000 -3111.31 2.25552 0.437137 0.85 -139.599 0.900232
7170000 -3114.95 2.30609 0.437138 0.85 -139.599 0.900232
7180000 -3104.59 2.33672 0.437137 0.85 -139.599 0.900232
7190000 -3120.3 2.27098 0.437121 0.85 -139.599 0.900232
7200000 -3111.94 2.34568 0.437115 0.85 -139.599 0.900232
7210000 -3090.12 2.44737 0.437119 0.85 -139.599 0.900232
7220000 -3116.17 2.24629 0.437121 0.85 -139.599 0.900232
7230000 -3115.65 2.20335 0.437132 0.85 -139.599 0.900232
7240000 -3122.19 2.2743 0.437136 0.85 -139.599 0.900232
7250000 -3079.09 2.66413 0.437135 0.85 -139.599 0.900232
7260000 -3114.76 2.28469 0.43713 0.85 -139.599 0.900232
7270000 -3121.97 2.26105 0.43713 0.85 -139.599 0.900232
7280000 -3111.73 2.29288 0.437132 0.85 -139.599 0.900232
7290000 -3072.58 2.65689 0.437123 0.85 -139.599 0.900232
7300000 -3094.7 2.43941 0.437116 0.85 -139.599 0.900232
7310000 -3126.33 2.20583 0.437117 0.85 -139.599 0.900232
7320000 -3099.04 2.46238 0.437119 0.85 -139.599 0.900232
7330000 -3098.87 2.42282 0.437109 0.85 -139.599 0.900232
7340000 -3089.01 2.57318 0.437099 0.85 -139.599 0.900232
7350000 -3119.59 2.26186 0.437096 0.85 -139.599 0.900232
7360000 -3114.52 2.2307 0.437087 0.85 -139.599 0.900232
7370000 -3141.92 1.95954 0.437095 0.85 -139.599 0.900232
7380000 -3108.28 2.31795 0.437102 0.85 -139.599 0.900232
7390000 -3129.09 2.15529 0.437101 0.85 -139.599 0.900232
7400000 -3118.87 2.31517 0.437097 0.85 -139.599 0.900232
7410000 -3120.28 2.28128 0.437089 0.85 -139.599 0.900232
7420000 -3069.94 2.77882 0.437095 0.85 -139.599 0.900232
7430000 -3077.48 2.68589 0.43709 0.85 -139.599 0.900232
7440000 -3094.53 2.50986 0.43707 0.85 -139.599 0.900232
7450000 -3142.36 2.1127 0.437071 0.85 -139.599 0.900232
7460000 -3082.95 2.57067 0.437065 0.85 -139.599 0.900232
7470000 -3126.81 2.08874 0.437073 0.85 -139.599 0.900232
7480000 -3128.17 2.19162 0.437074 0.85 -139.599 0.900232
7490000 -3139.24 2.08817 0.437077 0.85 -139.599 0.900232
7500000 -3079.52 2.61082 0.437079 0.85 -139.599 0.900232
7510000 -3098.69 2.52468 0.43706 0.85 -139.599 0.900232
7520000 -3141.65 2.00464 0.437067 0.85 -139.599 0.900232
7530000 -3070.79 2.75408 0.43705 0.85 -139.599 0.900232
7540000 -3112.67 2.33767 0.437054 0.85 -139.599 0.900232
7550000 -3096.2 2.45622 0.437051 0.85 -139.599 0.900232
7560000 -3119.91 2.2709 0.437047 0.85 -139.599 0.900232
7570000 -3133.36 2.08345 0.437044 0.85 -139.599 0.900232
7580000 -3117.59 2.2683 0.437052 0.85 -139.599 0.900232
7590000 -3142.34 2.07076 0.437051 0.85 -139.599 0.900232
7600000 -3152.9 1.88228 0.437039 0.85 -139.599 0.900232
7610000 -3108.46 2.2816 0.437039 0.85 -139.599 0.900232
7620000 -3122.03 2.20166 0.43704 0.85 -139.599 0.900232
7630000 -3093.95 2.48851 0.437037 0.85 -139.599 0.900232
7640000 -3115.43 2.2057 0.437038 0.85 -139.599 0.900232
7650000 -3092.78 2.51908 0.437037 0.85 -139.599 0.900232
7660000 -3089.65 2.49135 0.437026 0.85 -139.599 0.900232
7670000 -3099.32 2.40174 0.437029 0.85 -139.599 0.900232
7680000 -3110.09 2.32722 0.437023 0.85 -139.599 0.900232
7690000 -3111.18 2.27954 0.43702 0.85 -139.599 0.900232
7700000 -3094.85 2.45328 0.437019 0.85 -139.599 0.900232
7710000 -3108.76 2.35435 0.437021 0.85 -139.599 0.900232
7720000 -3110.34 2.32589 0.43702 0.85 -139.599 0.900232
7730000 -3087.12 2.55877 0.437008 0.85 -139.599 0.900232
7740000 -3118.77 2.21519 0.437013 0.85 -139.599 0.900232
7750000 -3090.51 2.50657 0.437005 0.85 -139.599 0.900232
7760000 -3087.61 2.64483 0.436994 0.85 -139.599 0.900232
7770000 -3133.61 2.1042 0.436986 0.85 -139.599 0.900232
7780000 -3127.84 2.22795 0.436974 0.85 -139.599 0.900232
7790000 -3099.05 2.45253 0.436971 0.85 -139.599 0.900232
7800000 -3091.53 2.47006 0.436979 0.85 -139.599 0.900232
7810000 -3153.03 1.94636 0.436979 0.85 -139.599 0.900232
7820000 -3110.97 2.38625 0.436982 0.85 -139.599 0.900232
7830000 -3113.62 2.27157 0.437 0.85 -139.599 0.900232
7840000 -3133.6 2.12227 0.437 0.85 -139.599 0.900232
7850000 -3112.81 2.2795 0.43701 0.85 -139.599 0.900232
7860000 -3103.73 2.44565 0.437014 0.85 -139.599 0.900232
7870000 -3116.2 2.35672 0.437008 0.85 -139.599 0.900232
7880000 -3108.43 2.44627 0.437014 0.85 -139.599 0.900232
7890000 -3093.83 2.47793 0.437008 0.85 -139.599 0.900232
7900000 -3104.23 2.35291 0.437009 0.85 -139.599 0.900232
7910000 -3069.77 2.73747 0.437006 0.85 -139.599 0.900232
7920000 -3101.51 2.45312 0.437006 0.85 -139.599 0.900232
7930000 -3117.81 2.22637 0.437003 0.85 -139.599 0.900232
7940000 -3112.4 2.2916 0.437003 0.85 -139.599 0.900232
7950000 -3093.71 2.48472 0.437007 0.85 -139.599 0.900232
7960000 -3122.01 2.25496 0.436997 0.85 -139.599 0.900232
7970000 -3126.97 2.21466 0.436996 0.85 -139.599 0.900232
7980000 -3117.69 2.23859 0.437007 0.85 -139.599 0.900232
7990000 -3137.84 2.10322 0.437015 0.85 -139.599 0.900232
8000000 -3109.92 2.39264 0.437009 0.85 -139.599 0.900232
8010000 -3104.74 2.43469 0.437008 0.85 -139.599 0.900232
8020000 -3123.21 2.25306 0.437007 0.85 -139.599 0.900232
8030000 -3102.73 2.37744 0.437009 0.85 -139.599 0.900232
8040000 -3116.12 2.28913 0.437012 0.85 -139.599 0.900232
8050000 -3072.51 2.72952 0.437012 0.85 -139.599 0.900232
8060000 -3113.82 2.31698 0.437007 0.85 -139.599 0.900232
8070000 -3119.98 2.24641 0.437011 0.85 -139.599 0.900232
8080000 -3070.91 2.75075 0.437019 0.85 -139.599 0.900232
8090000 -3111.25 2.32944 0.437014 0.85 -139.599 0.900232
8100000 -3107.71 2.37611 0.437024 0.85 -139.599 0.900232
8110000 -3148.35 1.97755 0.437018 0.85 -139.599 0.900232
8120000 -3095.04 2.54015 0.437021 0.85 -139.599 0.900232
8130000 -3171.42 1.74069 0.437041 0.85 -139.599 0.900232
8140000 -3121.93 2.268 0.437051 0.85 -139.599 0.900232
8150000 -3165.05 1.81326 0.437056 0.85 -139.599 0.900232
8160000 -3130.04 2.17906 0.437049 0.85 -139.599 0.900232
8170000 -3110.77 2.34933 0.437042 0.85 -139.599 0.900232
8180000 -3130.37 2.16579 0.437044 0.85 -139.599 0.900232
8190000 -3139.87 2.07314 0.437051 0.85 -139.599 0.900232
8200000 -3101.18 2.52926 0.437042 0.85 -139.599 0.900232
8210000 -3115.51 2.34034 0.437047 0.85 -139.599 0.900232
8220000 -3143.02 1.97909 0.43706 0.85 -139.599 0.900232
8230000 -3120.71 2.24928 0.437071 0.85 -139.599 0.900232
8240000 -3113.79 2.25222 0.437075 0.85 -139.599 0.900232
8250000 -3119.76 2.22149 0.437085 0.85 -139.599 0.900232
8260000 -3132.46 2.09208 0.437083 0.85 -139.599 0.900232
8270000 -3121 2.17337 0.437085 0.85 -139.599 0.900232
8280000 -3073.25 2.70214 0.437078 0.85 -139.599 0.900232
8290000 -3105.85 2.30059 0.437071 0.85 -139.599 0.900232
8300000 -3076.78 2.67301 0.437056 0.85 -139.599 0.900232
8310000 -3084.54 2.5642 0.437049 0.85 -139.599 0.900232
8320000 -3092.31 2.46358 0.437042 0.85 -139.599 0.900232
8330000 -3110.23 2.28209 0.437041 0.85 -139.599 0.900232
8340000 -3108.47 2.32123 0.437043 0.85 -139.599 0.900232
8350000 -3131.87 2.11835 0.437046 0.85 -139.599 0.900232
8360000 -3111.69 2.32395 0.437039 0.85 -139.599 0.900232
8370000 -3092.77 2.50609 0.437038 0.85 -139.599 0.900232
8380000 -3099.39 2.3712 0.437038 0.85 -139.599 0.900232
8390000 -3102.84 2.3517 0.43705 0.85 -139.599 0.900232
8400000 -3086.65 2.50081 0.437041 0.85 -139.599 0.900232
8410000 -3112.04 2.25894 0.437034 0.85 -139.599 0.900232
8420000 -3121.46 2.15098 0.437036 0.85 -139.599 0.900232
8430000 -3073.22 2.74768 0.437033 0.85 -139.599 0.900232
8440000 -3085.41 2.55871 0.437029 0.85 -139.599 0.900232
8450000 -3101.61 2.35642 0.437026 0.85 -139.599 0.900232
8460000 -3086.66 2.47404 0.437026 0.85 -139.599 0.900232
8470000 -3085 2.5363 0.437016 0.85 -139.599 0.900232
8480000 -3138.3 1.99231 0.437005 0.85 -139.599 0.900232
8490000 -3115.32 2.21139 0.437018 0.85 -139.599 0.900232
8500000 -3106.48 2.31897 0.437021 0.85 -139.599 0.900232
8510000 -3136.35 2.05023 0.437021 0.85 -139.599 0.900232
8520000 -3116.82 2.25678 0.437031 0.85 -139.599 0.900232
8530000 -3105.25 2.30236 0.437034 0.85 -139.599 0.900232
8540000 -3118.17 2.19193 0.43704 0.85 -139.599 0.900232
8550000 -3117.93 2.23623 0.437032 0.85 -139.599 0.900232
8560000 -3114.71 2.29101 0.437028 0.85 -139.599 0.900232
8570000 -3125.52 2.05264 0.437019 0.85 -139.599 0.900232
8580000 -3113.24 2.28438 0.437013 0.85 -139.599 0.900232
8590000 -3116.79 2.24105 0.437021 0.85 -139.599 0.900232
8600000 -3126.3 2.18528 0.437023 0.85 -139.599 0.900232
8610000 -3126.69 2.16972 0.437017 0.85 -139.599 0.900232
8620000 -3116.05 2.28761 0.437006 0.85 -139.599 0.900232
8630000 -3114.81 2.2649 0.437004 0.85 -139.599 0.900232
8640000 -3120.88 2.20823 0.437008 0.85 -139.599 0.900232
8650000 -3141.52 1.94096 0.437021 0.85 -139.599 0.900232
8660000 -3109.32 2.30244 0.43702 0.85 -139.599 0.900232
8670000 -3136.4 2.04606 0.437023 0.85 -139.599 0.900232
8680000 -3116.34 2.24328 0.43702 0.85 -139.599 0.900232
8690000 -3104.64 2.33751 0.437017 0.85 -139.599 0.900232
8700000 -3121.42 2.20352 0.437021 0.85 -139.599 0.900232
8710000 -3119.85 2.20471 0.437015 0.85 -139.599 0.900232
8720000 -3096.82 2.41984 0.437013 0.85 -139.599 0.900232
8730000 -3101.28 2.44311 0.437019 0.85 -139.599 0.900232
8740000 -3102.37 2.37952 0.437018 0.85 -139.599 0.900232
8750000 -3130.34 2.0973 0.437006 0.85 -139.599 0.900232
8760000 -3105.79 2.38595 0.437011 0.85 -139.599 0.900232
8770000 -3134.62 2.06922 0.437017 0.85 -139.599 0.900232
8780000 -3121.27 2.25643 0.437012 0.85 -139.599 0.900232
8790000 -3101.48 2.46057 0.437012 0.85 -139.599 0.900232
8800000 -3131.75 2.13889 0.437021 0.85 -139.599 0.900232
8810000 -3107.15 2.36352 0.437022 0.85 -139.599 0.900232
8820000 -3101.98 2.38991 0.437017 0.85 -139.599 0.900232
8830000 -3155.05 1.84772 0.437007 0.85 -139.599 0.900232
8840000 -3110.47 2.29821 0.437004 0.85 -139.599 0.900232
8850000 -3129.99 2.06617 0.437005 0.85 -139.599 0.900232
8860000 -3102.9 2.38144 0.437015 0.85 -139.599 0.900232
8870000 -3135.33 2.11624 0.43703 0.85 -139.599 0.900232
8880000 -3111.71 2.32113 0.437035 0.85 -139.599 0.900232
8890000 -3135.91 2.08356 0.437031 0.85 -139.599 0.900232
8900000 -3115.71 2.36333 0.43704 0.85 -139.599 0.900232
8910000 -3103.46 2.40515 0.437039 0.85 -139.599 0.900232
8920000 -3108.43 2.3261 0.437034 0.85 -139.599 0.900232
8930000 -3142.7 2.00363 0.437035 0.85 -139.599 0.900232
8940000 -3113.22 2.25088 0.437034 0.85 -139.599 0.900232
8950000 -3076.74 2.63643 0.437039 0.85 -139.599 0.900232
8960000 -3129.14 2.08177 0.437047 0.85 -139.599 0.900232
8970000 -3093.86 2.47251 0.437041 0.85 -139.599 0.900232
8980000 -3103.83 2.35599 0.437047 0.85 -139.599 0.900232
8990000 -3115.3 2.19676 0.437047 0.85 -139.599 0.900232
9000000 -3139.17 1.99408 0.437046 0.85 -139.599 0.900232
9010000 -3132.23 2.13217 0.437032 0.85 -139.599 0.900232
9020000 -3111.25 2.24872 0.437034 0.85 -139.599 0.900232
9030000 -3112.99 2.23599 0.437043 0.85 -139.599 0.900232
9040000 -3109.79 2.30305 0.437046 0.85 -139.599 0.900232
9050000 -3122.24 2.23534 0.437049 0.85 -139.599 0.900232
9060000 -3106.91 2.35357 0.43705 0.85 -139.599 0.900232
9070000 -3098.62 2.44891 0.437048 0.85 -139.599 0.900232
9080000 -3111.97 2.25943 0.437044 0.85 -139.599 0.900232
9090000 -3112.55 2.38602 0.437045 0.85 -139.599 0.900232
9100000 -3105.18 2.3577 0.437032 0.85 -139.599 0.900232
9110000 -3127.13 2.10611 0.437037 0.85 -139.599 0.900232
9120000 -3114.83 2.27306 0.437028 0.85 -139.599 0.900232
9130000 -3124.24 2.14837 0.437022 0.85 -139.599 0.900232
9140000 -3115.96 2.21009 0.437021 0.85 -139.599 0.900232
9150000 -3147.53 2.05749 0.437032 0.85 -139.599 0.900232
9160000 -3119.1 2.1597 0.437029 0.85 -139.599 0.900232
9170000 -3153.66 1.93049 0.437034 0.85 -139.599 0.900232
9180000 -3120.11 2.17199 0.437043 0.85 -139.599 0.900232
9190000 -3144.41 1.89297 0.437043 0.85 -139.599 0.900232
9200000 -3122.47 2.13024 0.437048 0.85 -139.599 0.900232
9210000 -3121.99 2.24176 0.437055 0.85 -139.599 0.900232
9220000 -3131.26 2.09431 0.43705 0.85 -139.599 0.900232
9230000 -3137.31 2.07818 0.437046 0.85 -139.599 0.900232
9240000 -3132.49 2.14875 0.437033 0.85 -139.599 0.900232
9250000 -3108.69 2.31806 0.437033 0.85 -139.599 0.900232
9260000 -3102.89 2.38411 0.437033 0.85 -139.599 0.900232
9270000 -3082.21 2.61313 0.437034 0.85 -139.599 0.900232
9280000 -3122.5 2.20279 0.437025 0.85 -139.599 0.900232
9290000 -3091.86 2.49095 0.437022 0.85 -139.599 0.900232
9300000 -3096.68 2.54067 0.437014 0.85 -139.599 0.900232
9310000 -3130.52 2.09103 0.437017 0.85 -139.599 0.900232
9320000 -3119.52 2.2055 0.437022 0.85 -139.599 0.900232
9330000 -3105.46 2.36459 0.43703 0.85 -139.599 0.900232
9340000 -3122.61 2.19446 0.437038 0.85 -139.599 0.900232
9350000 -3087.03 2.52929 0.43704 0.85 -139.599 0.900232
9360000 -3122.12 2.16923 0.437051 0.85 -139.599 0.900232
9370000 -3105.33 2.28728 0.437048 0.85 -139.599 0.900232
9380000 -3147.08 1.94118 0.43705 0.85 -139.599 0.900232
9390000 -3133.14 2.10578 0.437048 0.85 -139.599 0.900232
9400000 -3136.48 2.01702 0.437045 0.85 -139.599 0.900232
9410000 -3115.68 2.22825 0.437052 0.85 -139.599 0.900232
9420000 -3176.11 1.70826 0.437061 0.85 -139.599 0.900232
9430000 -3139.59 1.94779 0.437067 0.85 -139.599 0.900232
9440000 -3112.71 2.31222 0.437064 0.85 -139.599 0.900232
9450000 -3126.21 2.1466 0.437077 0.85 -139.599 0.900232
9460000 -3118.11 2.18714 0.437088 0.85 -139.599 0.900232
9470000 -3136.79 1.9846 0.437097 0.85 -139.599 0.900232
9480000 -3115.79 2.21196 0.4371 0.85 -139.599 0.900232
9490000 -3078.46 2.63952 0.437104 0.85 -139.599 0.900232
9500000 -3108.97 2.34935 0.437107 0.85 -139.599 0.900232
9510000 -3113.9 2.20016 0.437096 0.85 -139.599 0.900232
9520000 -3091.5 2.49096 0.437095 0.85 -139.599 0.900232
9530000 -3127.83 2.11295 0.437094 0.85 -139.599 0.900232
9540000 -3111.19 2.34443 0.437098 0.85 -139.599 0.900232
9550000 -3144.34 1.98622 0.437101 0.85 -139.599 0.900232
9560000 -3135.51 2.0717 0.437105 0.85 -139.599 0.900232
9570000 -3121.37 2.2559 0.437098 0.85 -139.599 0.900232
9580000 -3124.6 2.1714 0.437093 0.85 -139.599 0.900232
9590000 -3066.63 2.70395 0.437105 0.85 -139.599 0.900232
9600000 -3065.26 2.73052 0.437109 0.85 -139.599 0.900232
9610000 -3101.58 2.45 0.437116 0.85 -139.599 0.900232
9620000 -3129.57 2.08946 0.437114 0.85 -139.599 0.900232
9630000 -3112.9 2.22122 0.43712 0.85 -139.599 0.900232
9640000 -3113.61 2.35694 0.43713 0.85 -139.599 0.900232
9650000 -3141.09 2.0808 0.437133 0.85 -139.599 0.900232
9660000 -3147.54 2.00498 0.437136 0.85 -139.599 0.900232
9670000 -3156.93 1.84486 0.43714 0.85 -139.599 0.900232
9680000 -3169.44 1.73998 0.437141 0.85 -139.599 0.900232
9690000 -3160.09 1.81045 0.43715 0.85 -139.599 0.900232
9700000 -3101.1 2.36254 0.437148 0.85 -139.599 0.900232
9710000 -3142.75 1.96697 0.437148 0.85 -139.599 0.900232
9720000 -3091.88 2.47479 0.437156 0.85 -139.599 0.900232
9730000 -3146.27 1.96829 0.437159 0.85 -139.599 0.900232
9740000 -3133.73 2.11448 0.437162 0.85 -139.599 0.900232
9750000 -3158.52 1.86607 0.437156 0.85 -139.599 0.900232
9760000 -3149.41 1.95605 0.437155 0.85 -139.599 0.900232
9770000 -3107.6 2.41652 0.437166 0.85 -139.599 0.900232
9780000 -3111.32 2.33358 0.437181 0.85 -139.599 0.900232
9790000 -3115.51 2.32799 0.437181 0.85 -139.599 0.900232
9800000 -3110.82 2.26094 0.437185 0.85 -139.599 0.900232
9810000 -3141.85 2.00517 0.437181 0.85 -139.599 0.900232
9820000 -3140.08 2.03177 0.437178 0.85 -139.599 0.900232
9830000 -3120 2.2858 0.437179 0.85 -139.599 0.900232
9840000 -3118.21 2.26619 0.437178 0.85 -139.599 0.900232
9850000 -3146.77 1.95324 0.437186 0.85 -139.599 0.900232
9860000 -3159.72 1.81968 0.437178 0.85 -139.599 0.900232
9870000 -3134.83 2.04828 0.437174 0.85 -139.599 0.900232
9880000 -3153.22 1.89966 0.437174 0.85 -139.599 0.900232
9890000 -3161.87 1.83042 0.437174 0.85 -139.599 0.900232
9900000 -3130.92 2.07148 0.437189 0.85 -139.599 0.900232
9910000 -3113.29 2.27554 0.437192 0.85 -139.599 0.900232
9920000 -3126.94 2.13597 0.437186 0.85 -139.599 0.900232
9930000 -3106.28 2.36148 0.43718 0.85 -139.599 0.900232
9940000 -3143.42 1.96539 0.437192 0.85 -139.599 0.900232
9950000 -3116.13 2.28375 0.437194 0.85 -139.599 0.900232
9960000 -3118.78 2.34005 0.437194 0.85 -139.599 0.900232
9970000 -3086.01 2.58944 0.437193 0.85 -139.599 0.900232
9980000 -3139.85 2.0107 0.437185 0.85 -139.599 0.900232
9990000 -3126.7 2.18332 0.437185 0.85 -139.599 0.900232
10000000 -3106.63 2.40487 0.437185 0.85 -139.599 0.900232
10010000 -3111.79 2.26417 0.437184 0.85 -139.599 0.900232
10020000 -3130.15 2.18193 0.437191 0.85 -139.599 0.900232
10030000 -3109.21 2.39587 0.437195 0.85 -139.599 0.900232
10040000 -3092.32 2.5546 0.437201 0.85 -139.599 0.900232
10050000 -3080.11 2.73189 0.437199 0.85 -139.599 0.900232
10060000 -3115.22 2.30169 0.437188 0.85 -139.599 0.900232
10070000 -3109.77 2.28347 0.437182 0.85 -139.599 0.900232
10080000 -3109.64 2.30653 0.437185 0.85 -139.599 0.900232
10090000 -3106.23 2.36559 0.43718 0.85 -139.599 0.900232
10100000 -3131.76 2.09766 0.437186 0.85 -139.599 0.900232
10110000 -3156.58 1.83395 0.437194 0.85 -139.599 0.900232
10120000 -3133.63 2.14452 0.437193 0.85 -139.599 0.900232
10130000 -3093.85 2.53345 0.437192 0.85 -139.599 0.900232
10140000 -3118.08 2.2203 0.437188 0.85 -139.599 0.900232
10150000 -3129.73 2.05656 0.437186 0.85 -139.599 0.900232
10160000 -3134.45 2.07336 0.437189 0.85 -139.599 0.900232
10170000 -3133.51 2.09571 0.437183 0.85 -139.599 0.900232
10180000 -3100.52 2.38233 0.437182 0.85 -139.599 0.900232
10190000 -3111.91 2.31309 0.437186 0.85 -139.599 0.900232
10200000 -3115.11 2.33399 0.437184 0.85 -139.599 0.900232
10210000 -3114.78 2.28849 0.437189 0.85 -139.599 0.900232
10220000 -3121.78 2.16267 0.437196 0.85 -139.599 0.900232
10230000 -3134.84 2.03608 0.437193 0.85 -139.599 0.900232
10240000 -3107.23 2.38391 0.437198 0.85 -139.599 0.900232
10250000 -3089.9 2.51677 0.437195 0.85 -139.599 0.900232
10260000 -3137.41 2.09854 0.437188 0.85 -139.599 0.900232
10270000 -3059.95 2.83075 0.437188 0.85 -139.599 0.900232
10280000 -3081.1 2.6064 0.437182 0.85 -139.599 0.900232
10290000 -3106.07 2.33334 0.437171 0.85 -139.599 0.900232
10300000 -3101.81 2.39989 0.437172 0.85 -139.599 0.900232
10310000 -3132.09 2.11415 0.43718 0.85 -139.599 0.900232
10320000 -3122.42 2.17674 0.437171 0.85 -139.599 0.900232
10330000 -3129.75 2.08607 0.437172 0.85 -139.599 0.900232
10340000 -3133.2 2.09443 0.437172 0.85 -139.599 0.900232
10350000 -3091.73 2.53814 0.437165 0.85 -139.599 0.900232
10360000 -3108.62 2.31875 0.437168 0.85 -139.599 0.900232
10370000 -3120.8 2.23064 0.437166 0.85 -139.599 0.900232
10380000 -3124.19 2.21434 0.437162 0.85 -139.599 0.900232
10390000 -3116.99 2.31963 0.437158 0.85 -139.599 0.900232
10400000 -3139.3 2.07191 0.43715 0.85 -139.599 0.900232
10410000 -3109.86 2.32175 0.437148 0.85 -139.599 0.900232
10420000 -3106.92 2.31472 0.437146 0.85 -139.599 0.900232
10430000 -3112.41 2.23857 0.437146 0.85 -139.599 0.900232
10440000 -3148.2 1.98625 0.437142 0.85 -139.599 0.900232
10450000 -3089.05 2.49352 0.437146 0.85 -139.599 0.900232
10460000 -3117.14 2.25986 0.437141 0.85 -139.599 0.900232
10470000 -3136.22 2.05711 0.437138 0.85 -139.599 0.900232
10480000 -3138.93 2.01247 0.43714 0.85 -139.599 0.900232
10490000 -3132.39 2.06421 0.437141 0.85 -139.599 0.900232
10500000 -3137.08 2.02546 0.437148 0.85 -139.599 0.900232
10510000 -3147.31 1.91481 0.437141 0.85 -139.599 0.900232
10520000 -3140.67 2.04456 0.437147 0.85 -139.599 0.900232
10530000 -3170.65 1.7245 0.437149 0.85 -139.599 0.900232
10540000 -3153.73 1.92989 0.437148 0.85 -139.599 0.900232
10550000 -3124.44 2.16249 0.437163 0.85 -139.599 0.900232
10560000 -3120.47 2.25635 0.437163 0.85 -139.599 0.900232
10570000 -3139.4 2.07808 0.437173 0.85 -139.599 0.900232
10580000 -3111.44 2.34161 0.437175 0.85 -139.599 0.900232
10590000 -3102.92 2.35011 0.437183 0.85 -139.599 0.900232
10600000 -3137.12 1.97696 0.437192 0.85 -139.599 0.900232
10610000 -3155.23 1.88414 0.43721 0.85 -139.599 0.900232
10620000 -3149.22 1.95651 0.437216 0.85 -139.599 0.900232
10630000 -3151.9 1.79112 0.437223 0.85 -139.599 0.900232
10640000 -3138.39 1.98722 0.43723 0.85 -139.599 0.900232
10650000 -3160.75 1.79591 0.437235 0.85 -139.599 0.900232
10660000 -3131.67 2.08839 0.437249 0.85 -139.599 0.900232
10670000 -3126.1 2.13732 0.437257 0.85 -139.599 0.900232
10680000 -3142.98 1.91168 0.437263 0.85 -139.599 0.900232
10690000 -3099.83 2.3206 0.437264 0.85 -139.599 0.900232
10700000 -3133.51 1.98087 0.43727 0.85 -139.599 0.900232
10710000 -3094.25 2.43928 0.437283 0.85 -139.599 0.900232
10720000 -3097.96 2.44384 0.43729 0.85 -139.599 0.900232
10730000 -3153.53 1.864 0.4373 0.85 -139.599 0.900232
10740000 -3102.93 2.31814 0.437305 0.85 -139.599 0.900232
10750000 -3116.22 2.22973 0.437311 0.85 -139.599 0.900232
10760000 -3132.41 2.02137 0.437315 0.85 -139.599 0.900232
10770000 -3139.76 1.9946 0.437319 0.85 -139.599 0.900232
10780000 -3103.26 2.39965 0.43732 0.85 -139.599 0.900232
10790000 -3118.75 2.20022 0.437318 0.85 -139.599 0.900232
10800000 -3110.25 2.37322 0.437325 0.85 -139.599 0.900232
10810000 -3157.09 1.91295 0.437322 0.85 -139.599 0.900232
10820000 -3107.27 2.37006 0.43732 0.85 -139.599 0.900232
10830000 -3085.11 2.58874 0.437319 0.85 -139.599 0.900232
10840000 -3114.77 2.31034 0.437319 0.85 -139.599 0.900232
10850000 -3121.12 2.20148 0.437322 0.85 -139.599 0.900232
10860000 -3134.32 2.12724 0.437324 0.85 -139.599 0.900232
10870000 -3118.89 2.28836 0.437319 0.85 -139.599 0.900232
10880000 -3129.34 2.12082 0.437323 0.85 -139.599 0.900232
10890000 -3106.96 2.38948 0.437328 0.85 -139.599 0.900232
10900000 -3128.07 2.10932 0.43733 0.85 -139.599 0.900232
10910000 -3121.46 2.21504 0.43733 0.85 -139.599 0.900232
10920000 -3089.85 2.58442 0.437333 0.85 -139.599 0.900232
10930000 -3125.82 2.13151 0.437334 0.85 -139.599 0.900232
10940000 -3129.15 2.14813 0.43733 0.85 -139.599 0.900232
10950000 -3105.84 2.36241 0.437325 0.85 -139.599 0.900232
10960000 -3097.56 2.51564 0.437321 0.85 -139.599 0.900232
10970000 -3102.95 2.43347 0.437316 0.85 -139.599 0.900232
10980000 -3088.31 2.62503 0.437311 0.85 -139.599 0.900232
10990000 -3099.14 2.45105 0.437299 0.85 -139.599 0.900232
11000000 -3097.89 2.43286 0.437293 0.85 -139.599 0.900232
11010000 -3139.78 2.08767 0.437296 0.85 -139.599 0.900232
11020000 -3096.38 2.49101 0.437294 0.85 -139.599 0.900232
11030000 -3145.7 1.98476 0.437299 0.85 -139.599 0.900232
11040000 -3142.21 2.00702 0.437298 0.85 -139.599 0.900232
11050000 -3165.81 1.75988 0.437295 0.85 -139.599 0.900232
11060000 -3112.7 2.26621 0.437298 0.85 -139.599 0.900232
11070000 -3127.57 2.11246 0.437301 0.85 -139.599 0.900232
11080000 -3128.11 2.18842 0.437299 0.85 -139.599 0.900232
11090000 -3129.35 2.10605 0.437299 0.85 -139.599 0.900232
11100000 -3120.48 2.25471 0.437306 0.85 -139.599 0.900232
11110000 -3097.78 2.41958 0.437298 0.85 -139.599 0.900232
11120000 -3083.98 2.55253 0.437296 0.85 -139.599 0.900232
11130000 -3114.05 2.26269 0.4373 0.85 -139.599 0.900232
11140000 -3129.98 2.06376 0.437302 0.85 -139.599 0.900232
11150000 -3083.1 2.58318 0.437302 0.85 -139.599 0.900232
11160000 -3088.51 2.55329 0.437304 0.85 -139.599 0.900232
11170000 -3126.59 2.2095 0.437304 0.85 -139.599 0.900232
11180000 -3120.16 2.27014 0.437306 0.85 -139.599 0.900232
11190000 -3095.12 2.49411 0.437304 0.85 -139.599 0.900232
11200000 -3112.86 2.40175 0.437298 0.85 -139.599 0.900232
11210000 -3122.17 2.2533 0.437295 0.85 -139.599 0.900232
11220000 -3124.42 2.26392 0.437293 0.85 -139.599 0.900232
11230000 -3136.93 2.10659 0.437282 0.85 -139.599 0.900232
11240000 -3147.71 1.97111 0.437274 0.85 -139.599 0.900232
11250000 -3148.11 1.99339 0.437276 0.85 -139.599 0.900232
11260000 -3133.7 2.08005 0.437282 0.85 -139.599 0.900232
11270000 -3121.83 2.26159 0.437288 0.85 -139.599 0.900232
11280000 -3147.78 1.90735 0.437287 0.85 -139.599 0.900232
11290000 -3156.85 1.74195 0.437282 0.85 -139.599 0.900232
11300000 -3121.7 2.20112 0.437292 0.85 -139.599 0.900232
11310000 -3125.41 2.21183 0.437289 0.85 -139.599 0.900232
11320000 -3169.18 1.74796 0.437293 0.85 -139.599 0.900232
11330000 -3107.91 2.41475 0.437291 0.85 -139.599 0.900232
11340000 -3161.63 1.97637 0.437296 0.85 -139.599 0.900232
11350000 -3116.07 2.33305 0.437296 0.85 -139.599 0.900232
11360000 -3121.35 2.27227 0.437303 0.85 -139.599 0.900232
11370000 -3124.74 2.27423 0.437302 0.85 -139.599 0.900232
11380000 -3103.98 2.45 0.437305 0.85 -139.599 0.900232
11390000 -3146.36 1.99087 0.437303 0.85 -139.599 0.900232
11400000 -3138.84 2.05458 0.437303 0.85 -139.599 0.900232
11410000 -3105.26 2.35763 0.4373 0.85 -139.599 0.900232
11420000 -3134.1 2.15735 0.437305 0.85 -139.599 0.900232
11430000 -3085.21 2.62241 0.437307 0.85 -139.599 0.900232
11440000 -3132.97 2.1283 0.437318 0.85 -139.599 0.900232
11450000 -3131.81 2.11949 0.437323 0.85 -139.599 0.900232
11460000 -3129.86 2.11617 0.437321 0.85 -139.599 0.900232
11470000 -3105.59 2.34398 0.437311 0.85 -139.599 0.900232
11480000 -3122.99 2.19253 0.43732 0.85 -139.599 0.900232
11490000 -3081.8 2.63708 0.437312 0.85 -139.599 0.900232
11500000 -3104.44 2.34489 0.437316 0.85 -139.599 0.900232
11510000 -3106.67 2.47369 0.437311 0.85 -139.599 0.900232
11520000 -3108.92 2.46771 0.437308 0.85 -139.599 0.900232
11530000 -3130.91 2.14339 0.437306 0.85 -139.599 0.900232
11540000 -3157.07 1.89273 0.437297 0.85 -139.599 0.900232
11550000 -3129.23 2.14275 0.437296 0.85 -139.599 0.900232
11560000 -3149.19 1.92026 0.437299 0.85 -139.599 0.900232
11570000 -3133.22 2.00681 0.437302 0.85 -139.599 0.900232
11580000 -3136.53 2.03137 0.437304 0.85 -139.599 0.900232
11590000 -3146.35 1.93479 0.437305 0.85 -139.599 0.900232
11600000 -3141.67 2.03265 0.437315 0.85 -139.599 0.900232
11610000 -3154.41 1.8713 0.437326 0.85 -139.599 0.900232
11620000 -3109.48 2.34405 0.43733 0.85 -139.599 0.900232
11630000 -3123.07 2.21854 0.437337 0.85 -139.599 0.900232
11640000 -3102.31 2.41404 0.437339 0.85 -139.599 0.900232
11650000 -3093.36 2.53435 0.437341 0.85 -139.599 0.900232
11660000 -3130.49 2.19272 0.43734 0.85 -139.599 0.900232
11670000 -3101.08 2.45726 0.437341 0.85 -139.599 0.900232
11680000 -3108.16 2.35298 0.437358 0.85 -139.599 0.900232
11690000 -3102.33 2.46129 0.437348 0.85 -139.599 0.900232
11700000 -3125.15 2.31016 0.43735 0.85 -139.599 0.900232
11710000 -3178.45 1.68113 0.437355 0.85 -139.599 0.900232
11720000 -3115.06 2.31479 0.437355 0.85 -139.599 0.900232
11730000 -3141.15 1.998 0.437366 0.85 -139.599 0.900232
11740000 -3130.1 2.15136 0.43737 0.85 -139.599 0.900232
11750000 -3151.99 1.92266 0.437371 0.85 -139.599 0.900232
11760000 -3144.51 2.04839 0.437371 0.85 -139.599 0.900232
11770000 -3139.68 2.07571 0.437381 0.85 -139.599 0.900232
11780000 -3139.26 2.09194 0.437382 0.85 -139.599 0.900232
11790000 -3097.87 2.43012 0.437394 0.85 -139.599 0.900232
11800000 -3118.13 2.26174 0.437395 0.85 -139.599 0.900232
11810000 -3147.02 1.8745 0.437392 0.85 -139.599 0.900232
11820000 -3124.95 2.18491 0.437389 0.85 -139.599 0.900232
11830000 -3103.28 2.43592 0.437396 0.85 -139.599 0.900232
11840000 -3099.24 2.41082 0.437397 0.85 -139.599 0.900232
11850000 -3122.39 2.13779 0.437395 0.85 -139.599 0.900232
11860000 -3124.16 2.19985 0.437393 0.85 -139.599 0.900232
11870000 -3137.61 2.03825 0.437405 0.85 -139.599 0.900232
11880000 -3129.22 2.14337 0.437406 0.85 -139.599 0.900232
11890000 -3115.45 2.26693 0.437413 0.85 -139.599 0.900232
11900000 -3120.25 2.2824 0.437415 0.85 -139.599 0.900232
11910000 -3102.75 2.41104 0.437417 0.85 -139.599 0.900232
11920000 -3114.99 2.26132 0.437417 0.85 -139.599 0.900232
11930000 -3127.98 2.15744 0.43742 0.85 -139.599 0.900232
11940000 -3116.05 2.2721 0.437423 0.85 -139.599 0.900232
11950000 -3128 2.10284 0.437428 0.85 -139.599 0.900232
11960000 -3105.19 2.33889 0.437432 0.85 -139.599 0.900232
11970000 -3104.26 2.379 0.437433 0.85 -139.599 0.900232
11980000 -3069.31 2.69176 0.437432 0.85 -139.599 0.900232
11990000 -3106.94 2.29443 0.437427 0.85 -139.599 0.900232
12000000 -3127.09 2.09149 0.437421 0.85 -139.599 0.900232
12010000 -3102.91 2.39935 0.437422 0.85 -139.599 0.900232
12020000 -3130.49 2.12088 0.437419 0.85 -139.599 0.900232
12030000 -3115.69 2.2675 0.437421 0.85 -139.599 0.900232
12040000 -3110.52 2.30899 0.437415 0.85 -139.599 0.900232
12050000 -3118.21 2.19577 0.437414 0.85 -139.599 0.900232
12060000 -3111.54 2.26491 0.437418 0.85 -139.599 0.900232
12070000 -3135.86 2.02357 0.43742 0.85 -139.599 0.900232
12080000 -3113.36 2.31409 0.437426 0.85 -139.599 0.900232
12090000 -3132.77 2.07851 0.437429 0.85 -139.599 0.900232
12100000 -3114.32 2.3435 0.437428 0.85 -139.599 0.900232
12110000 -3124.11 2.20462 0.437433 0.85 -139.599 0.900232
12120000 -3117.93 2.3515 0.437432 0.85 -139.599 0.900232
12130000 -3113.12 2.39237 0.437426 0.85 -139.599 0.900232
12140000 -3131.88 2.20644 0.437425 0.85 -139.599 0.900232
12150000 -3144.03 2.03126 0.437425 0.85 -139.599 0.900232
12160000 -3119.08 2.21992 0.437428 0.85 -139.599 0.900232
12170000 -3144.76 1.98692 0.437433 0.85 -139.599 0.900232
12180000 -3109.73 2.36088 0.437424 0.85 -139.599 0.900232
12190000 -3150.54 1.89222 0.43743 0.85 -139.599 0.900232
12200000 -3094.86 2.38545 0.437423 0.85 -139.599 0.900232
12210000 -3113.24 2.2368 0.437423 0.85 -139.599 0.900232
12220000 -3118.44 2.24883 0.437421 0.85 -139.599 0.900232
12230000 -3121.86 2.17691 0.437419 0.85 -139.599 0.900232
12240000 -3096.4 2.45298 0.437414 0.85 -139.599 0.900232
12250000 -3102.88 2.33931 0.437406 0.85 -139.599 0.900232
12260000 -3132.74 2.07271 0.437396 0.85 -139.599 0.900232
12270000 -3159.54 1.82027 0.437392 0.85 -139.599 0.900232
12280000 -3100.33 2.43647 0.43739 0.85 -139.599 0.900232
12290000 -3101.73 2.38846 0.437387 0.85 -139.599 0.900232
12300000 -3124.86 2.15176 0.43739 0.85 -139.599 0.900232
12310000 -3102.99 2.46389 0.437391 0.85 -139.599 0.900232
12320000 -3100.78 2.34064 0.437382 0.85 -139.599 0.900232
12330000 -3146.3 1.94903 0.437383 0.85 -139.599 0.900232
12340000 -3136.71 2.04661 0.437391 0.85 -139.599 0.900232
12350000 -3128.32 2.14574 0.437392 0.85 -139.599 0.900232
12360000 -3128.3 2.15107 0.437394 0.85 -139.599 0.900232
12370000 -3148.59 1.93687 0.437395 0.85 -139.599 0.900232
12380000 -3110.44 2.26201 0.4374 0.85 -139.599 0.900232
12390000 -3105.78 2.37638 0.437392 0.85 -139.599 0.900232
12400000 -3105.5 2.40823 0.437391 0.85 -139.599 0.900232
12410000 -3067.89 2.75102 0.437386 0.85 -139.599 0.900232
12420000 -3107.64 2.31479 0.437387 0.85 -139.599 0.900232
12430000 -3100.7 2.42173 0.437386 0.85 -139.599 0.900232
12440000 -3092.33 2.45895 0.437394 0.85 -139.599 0.900232
12450000 -3146.14 1.95718 0.437398 0.85 -139.599 0.900232
12460000 -3056.66 2.83704 0.437394 0.85 -139.599 0.900232
12470000 -3094.03 2.4794 0.437388 0.85 -139.599 0.900232
12480000 -3097.29 2.47612 0.437387 0.85 -139.599 0.900232
12490000 -3115.29 2.33754 0.437386 0.85 -139.599 0.900232
12500000 -3122.95 2.23806 0.43738 0.85 -139.599 0.900232
12510000 -3085.71 2.51191 0.437374 0.85 -139.599 0.900232
12520000 -3100.74 2.41915 0.437372 0.85 -139.599 0.900232
12530000 -3069.83 2.68 0.437374 0.85 -139.599 0.900232
12540000 -3098.75 2.48984 0.437367 0.85 -139.599 0.900232
12550000 -3100.81 2.44994 0.437355 0.85 -139.599 0.900232
12560000 -3083.1 2.62147 0.437357 0.85 -139.599 0.900232
12570000 -3123.4 2.16117 0.437358 0.85 -139.599 0.900232
12580000 -3095.34 2.43532 0.437354 0.85 -139.599 0.900232
12590000 -3122.22 2.15458 0.437351 0.85 -139.599 0.900232
12600000 -3106.3 2.38582 0.437355 0.85 -139.599 0.900232
12610000 -3142.38 2.12915 0.437347 0.85 -139.599 0.900232
12620000 -3101.95 2.43884 0.437338 0.85 -139.599 0.900232
12630000 -3124.09 2.23588 0.437336 0.85 -139.599 0.900232
12640000 -3093.06 2.60655 0.43734 0.85 -139.599 0.900232
12650000 -3139.32 2.09658 0.437339 0.85 -139.599 0.900232
12660000 -3141.27 2.02917 0.437338 0.85 -139.599 0.900232
12670000 -3136.62 1.99218 0.437339 0.85 -139.599 0.900232
12680000 -3119.93 2.20407 0.437347 0.85 -139.599 0.900232
12690000 -3128.4 2.18382 0.437346 0.85 -139.599 0.900232
12700000 -3068.61 2.77864 0.437345 0.85 -139.599 0.900232
12710000 -3134.6 2.07323 0.43734 0.85 -139.599 0.900232
12720000 -3085.2 2.57088 0.437345 0.85 -139.599 0.900232
12730000 -3123.64 2.20158 0.437344 0.85 -139.599 0.900232
12740000 -3119.41 2.23916 0.437341 0.85 -139.599 0.900232
12750000 -3084.4 2.50006 0.437345 0.85 -139.599 0.900232
12760000 -3104.2 2.41125 0.437342 0.85 -139.599 0.900232
12770000 -3116.09 2.22056 0.437338 0.85 -139.599 0.900232
12780000 -3130.93 2.09836 0.43734 0.85 -139.599 0.900232
12790000 -3113.27 2.29804 0.437342 0.85 -139.599 0.900232
12800000 -3104.36 2.44535 0.437339 0.85 -139.599 0.900232
12810000 -3083.4 2.52023 0.437336 0.85 -139.599 0.900232
12820000 -3119.06 2.2033 0.437331 0.85 -139.599 0.900232
12830000 -3145.74 1.95725 0.437324 0.85 -139.599 0.900232
12840000 -3135.14 2.05582 0.437325 0.85 -139.599 0.900232
12850000 -3131.54 2.09292 0.437329 0.85 -139.599 0.900232
12860000 -3127.61 2.19946 0.437325 0.85 -139.599 0.900232
12870000 -3094.36 2.47068 0.437325 0.85 -139.599 0.900232
12880000 -3126.15 2.20505 0.437318 0.85 -139.599 0.900232
12890000 -3129.41 2.09651 0.437322 0.85 -139.599 0.900232
12900000 -3123.67 2.19116 0.43732 0.85 -139.599 0.900232
12910000 -3140.74 2.01959 0.437323 0.85 -139.599 0.900232
12920000 -3129.29 2.15431 0.437321 0.85 -139.599 0.900232
12930000 -3101.6 2.42694 0.437317 0.85 -139.599 0.900232
12940000 -3096.27 2.47442 0.437313 0.85 -139.599 0.900232
12950000 -3115.76 2.27819 0.437305 0.85 -139.599 0.900232
12960000 -3125.46 2.1168 0.437304 0.85 -139.599 0.900232
12970000 -3100.96 2.44455 0.437297 0.85 -139.599 0.900232
12980000 -3138.81 2.10697 0.437295 0.85 -139.599 0.900232
12990000 -3123.49 2.21338 0.437297 0.85 -139.599 0.900232
13000000 -3082.83 2.51543 0.437299 0.85 -139.599 0.900232
13010000 -3095.53 2.48869 0.437296 0.85 -139.599 0.900232
13020000 -3130.51 2.08702 0.437296 0.85 -139.599 0.900232
13030000 -3112.03 2.34817 0.437299 0.85 -139.599 0.900232
13040000 -3114.18 2.2578 0.437299 0.85 -139.599 0.900232
13050000 -3140.71 2.04005 0.437287 0.85 -139.599 0.900232
13060000 -3137.91 2.02553 0.437291 0.85 -139.599 0.900232
13070000 -3155.99 1.87792 0.437294 0.85 -139.599 0.900232
13080000 -3125.27 2.1659 0.437294 0.85 -139.599 0.900232
13090000 -3133.31 2.11191 0.437292 0.85 -139.599 0.900232
13100000 -3088.2 2.49823 0.437292 0.85 -139.599 0.900232
13110000 -3112.89 2.25505 0.437293 0.85 -139.599 0.900232
13120000 -3149.83 1.90483 0.437295 0.85 -139.599 0.900232
13130000 -3143.42 2.0408 0.437291 0.85 -139.599 0.900232
13140000 -3105.04 2.42466 0.43729 0.85 -139.599 0.900232
13150000 -3105.6 2.39703 0.437289 0.85 -139.599 0.900232
13160000 -3153.44 1.93839 0.437292 0.85 -139.599 0.900232
13170000 -3156.92 1.89139 0.437294 0.85 -139.599 0.900232
13180000 -3133.63 2.1165 0.437291 0.85 -139.599 0.900232
13190000 -3129.68 2.08657 0.43729 0.85 -139.599 0.900232
13200000 -3108.38 2.29926 0.437285 0.85 -139.599 0.900232
13210000 -3106.12 2.39548 0.437286 0.85 -139.599 0.900232
13220000 -3124.89 2.20419 0.437288 0.85 -139.599 0.900232
13230000 -3126.33 2.14599 0.437285 0.85 -139.599 0.900232
13240000 -3139.38 2.08255 0.437283 0.85 -139.599 0.900232
13250000 -3092.49 2.58468 0.437289 0.85 -139.599 0.900232
13260000 -3102.54 2.3559 0.437288 0.85 -139.599 0.900232
13270000 -3127.83 2.13662 0.437293 0.85 -139.599 0.900232
13280000 -3124.86 2.30018 0.437295 0.85 -139.599 0.900232
13290000 -3129.48 2.17892 0.437286 0.85 -139.599 0.900232
13300000 -3096.72 2.51792 0.437284 0.85 -139.599 0.900232
13310000 -3103.25 2.44079 0.437287 0.85 -139.599 0.900232
13320000 -3131.63 2.02907 0.437288 0.85 -139.599 0.900232
13330000 -3076.26 2.58905 0.43729 0.85 -139.599 0.900232
13340000 -3105.08 2.43736 0.437295 0.85 -139.599 0.900232
13350000 -3096.98 2.4367 0.437291 0.85 -139.599 0.900232
13360000 -3078.42 2.54099 0.437295 0.85 -139.599 0.900232
13370000 -3081.42 2.61091 0.437293 0.85 -139.599 0.900232
13380000 -3127.19 2.10503 0.437298 0.85 -139.599 0.900232
13390000 -3117.28 2.30589 0.4373 0.85 -139.599 0.900232
13400000 -3153.63 1.86984 0.437301 0.85 -139.599 0.900232
13410000 -3111.47 2.25389 0.4373 0.85 -139.599 0.900232
13420000 -3117.57 2.25412 0.437305 0.85 -139.599 0.900232
13430000 -3127.01 2.16193 0.43731 0.85 -139.599 0.900232
13440000 -3110.16 2.29767 0.437306 0.85 -139.599 0.900232
13450000 -3112.37 2.24351 0.437306 0.85 -139.599 0.900232
13460000 -3122.66 2.14092 0.437303 0.85 -139.599 0.900232
13470000 -3126.5 2.16647 0.437307 0.85 -139.599 0.900232
13480000 -3114.67 2.26701 0.437305 0.85 -139.599 0.900232
13490000 -3121.36 2.22558 0.437305 0.85 -139.599 0.900232
13500000 -3138.18 2.11083 0.437306 0.85 -139.599 0.900232
13510000 -3145.95 1.90924 0.437311 0.85 -139.599 0.900232
13520000 -3108.69 2.35868 0.437312 0.85 -139.599 0.900232
13530000 -3128.4 2.13751 0.437314 0.85 -139.599 0.900232
13540000 -3134.59 2.0945 0.437317 0.85 -139.599 0.900232
13550000 -3132.78 2.14607 0.43732 0.85 -139.599 0.900232
13560000 -3104.65 2.36447 0.437324 0.85 -139.599 0.900232
13570000 -3076.35 2.61719 0.437326 0.85 -139.599 0.900232
13580000 -3096.1 2.39894 0.437325 0.85 -139.599 0.900232
13590000 -3119.88 2.20927 0.437322 0.85 -139.599 0.900232
13600000 -3111.57 2.25672 0.437324 0.85 -139.599 0.900232
13610000 -3117.3 2.22545 0.437325 0.85 -139.599 0.900232
13620000 -3094.69 2.4538 0.437331 0.85 -139.599 0.900232
13630000 -3091.03 2.47627 0.437332 0.85 -139.599 0.900232
13640000 -3103.87 2.37493 0.437334 0.85 -139.599 0.900232
13650000 -3139.53 2.04246 0.43733 0.85 -139.599 0.900232
13660000 -3125.36 2.25874 0.437332 0.85 -139.599 0.900232
13670000 -3122.59 2.2256 0.437332 0.85 -139.599 0.900232
13680000 -3170.73 1.70059 0.437336 0.85 -139.599 0.900232
13690000 -3096.44 2.40702 0.437337 0.85 -139.599 0.900232
13700000 -3119.71 2.20037 0.437333 0.85 -139.599 0.900232
13710000 -3144.24 2.07731 0.437334 0.85 -139.599 0.900232
13720000 -3142.26 2.03584 0.437336 0.85 -139.599 0.900232
13730000 -3111.39 2.29488 0.437334 0.85 -139.599 0.900232
13740000 -3111.16 2.37869 0.437337 0.85 -139.599 0.900232
13750000 -3147.04 1.99417 0.437339 0.85 -139.599 0.900232
13760000 -3097.65 2.45617 0.437336 0.85 -139.599 0.900232
13770000 -3137.9 1.98414 0.437332 0.85 -139.599 0.900232
13780000 -3136.38 2.15658 0.437339 0.85 -139.599 0.900232
13790000 -3128.06 2.22208 0.43733 0.85 -139.599 0.900232
13800000 -3134.8 2.053 0.43733 0.85 -139.599 0.900232
13810000 -3117.63 2.23559 0.437331 0.85 -139.599 0.900232
13820000 -3125.49 2.18009 0.437333 0.85 -139.599 0.900232
13830000 -3104.69 2.3862 0.437335 0.85 -139.599 0.900232
13840000 -3112.31 2.28319 0.437334 0.85 -139.599 0.900232
13850000 -3122.52 2.20496 0.437334 0.85 -139.599 0.900232
13860000 -3106.63 2.47422 0.437339 0.85 -139.599 0.900232
13870000 -3114.05 2.37495 0.437336 0.85 -139.599 0.900232
13880000 -3109.29 2.38475 0.437339 0.85 -139.599 0.900232
13890000 -3123.09 2.28649 0.437338 0.85 -139.599 0.900232
13900000 -3116.66 2.24736 0.437332 0.85 -139.599 0.900232
13910000 -3112.4 2.35936 0.437326 0.85 -139.599 0.900232
13920000 -3083.86 2.63193 0.437322 0.85 -139.599 0.900232
13930000 -3118.11 2.28586 0.437326 0.85 -139.599 0.900232
13940000 -3095.22 2.41687 0.437318 0.85 -139.599 0.900232
13950000 -3103.2 2.42564 0.437317 0.85 -139.599 0.900232
13960000 -3089.44 2.56626 0.437317 0.85 -139.599 0.900232
13970000 -3092.14 2.58088 0.437312 0.85 -139.599 0.900232
13980000 -3088.07 2.62638 0.437313 0.85 -139.599 0.900232
13990000 -3083.18 2.6129 0.437311 0.85 -139.599 0.900232
14000000 -3132.33 2.185 0.437306 0.85 -139.599 0.900232
14010000 -3096.53 2.48948 0.437308 0.85 -139.599 0.900232
14020000 -3045.6 2.94766 0.437305 0.85 -139.599 0.900232
14030000 -3067.63 2.8004 0.437303 0.85 -139.599 0.900232
14040000 -3099.95 2.41722 0.437304 0.85 -139.599 0.900232
14050000 -3112.15 2.38068 0.437299 0.85 -139.599 0.900232
14060000 -3128.45 2.18456 0.437295 0.85 -139.599 0.900232
14070000 -3095.21 2.53539 0.437293 0.85 -139.599 0.900232
14080000 -3114.68 2.33931 0.43729 0.85 -139.599 0.900232
14090000 -3080.55 2.67022 0.437285 0.85 -139.599 0.900232
14100000 -3116.56 2.3497 0.437279 0.85 -139.599 0.900232
14110000 -3148.12 1.99212 0.437276 0.85 -139.599 0.900232
14120000 -3108.23 2.33708 0.437272 0.85 -139.599 0.900232
14130000 -3071.93 2.74877 0.437268 0.85 -139.599 0.900232
14140000 -3122.32 2.22773 0.437269 0.85 -139.599 0.900232
14150000 -3106.68 2.30027 0.437265 0.85 -139.599 0.900232
14160000 -3128.41 2.06492 0.43727 0.85 -139.599 0.900232
14170000 -3111.35 2.35137 0.437268 0.85 -139.599 0.900232
14180000 -3126.28 2.17627 0.437267 0.85 -139.599 0.900232
14190000 -3120.6 2.22495 0.437269 0.85 -139.599 0.900232
14200000 -3103.37 2.34507 0.437272 0.85 -139.599 0.900232
14210000 -3159.4 1.77715 0.437279 0.85 -139.599 0.900232
14220000 -3127.43 2.11225 0.437283 0.85 -139.599 0.900232
14230000 -3121.87 2.26535 0.437286 0.85 -139.599 0.900232
14240000 -3111.93 2.33433 0.437284 0.85 -139.599 0.900232
14250000 -3111 2.34987 0.437287 0.85 -139.599 0.900232
14260000 -3153.3 1.88487 0.437286 0.85 -139.599 0.900232
14270000 -3119.87 2.2819 0.437286 0.85 -139.599 0.900232
14280000 -3122.99 2.20636 0.437292 0.85 -139.599 0.900232
14290000 -3143.69 2.00842 0.437295 0.85 -139.599 0.900232
14300000 -3109.12 2.35421 0.437299 0.85 -139.599 0.900232
14310000 -3115.63 2.30325 0.437297 0.85 -139.599 0.900232
14320000 -3142.36 2.04176 0.437294 0.85 -139.599 0.900232
14330000 -3142.61 2.01864 0.437294 0.85 -139.599 0.900232
14340000 -3082.23 2.54118 0.437295 0.85 -139.599 0.900232
14350000 -3114.85 2.2852 0.437295 0.85 -139.599 0.900232
14360000 -3084.11 2.53872 0.437298 0.85 -139.599 0.900232
14370000 -3128.55 2.17645 0.437301 0.85 -139.599 0.900232
14380000 -3114.7 2.35513 0.437297 0.85 -139.599 0.900232
14390000 -3087.81 2.65445 0.437285 0.85 -139.599 0.900232
14400000 -3079.56 2.70923 0.437279 0.85 -139.599 0.900232
14410000 -3095.79 2.55447 0.437281 0.85 -139.599 0.900232
14420000 -3146.03 2.02689 0.437274 0.85 -139.599 0.900232
14430000 -3151.76 1.99203 0.437275 0.85 -139.599 0.900232
14440000 -3123.34 2.27655 0.437274 0.85 -139.599 0.900232
14450000 -3106.23 2.42155 0.43728 0.85 -139.599 0.900232
14460000 -3136.85 2.06948 0.43728 0.85 -139.599 0.900232
14470000 -3138.54 2.06063 0.437287 0.85 -139.599 0.900232
14480000 -3105.68 2.41572 0.437287 0.85 -139.599 0.900232
14490000 -3124.44 2.20874 0.437291 0.85 -139.599 0.900232
14500000 -3126.13 2.22363 0.437293 0.85 -139.599 0.900232
14510000 -3119.77 2.22499 0.437289 0.85 -139.599 0.900232
14520000 -3101.32 2.40542 0.43729 0.85 -139.599 0.900232
14530000 -3134.22 2.10516 0.437295 0.85 -139.599 0.900232
14540000 -3102.64 2.44085 0.437293 0.85 -139.599 0.900232
14550000 -3129.97 2.14746 0.437294 0.85 -139.599 0.900232
14560000 -3131.83 2.0432 0.437287 0.85 -139.599 0.900232
14570000 -3133.75 2.0828 0.437285 0.85 -139.599 0.900232
14580000 -3144.53 2.0022 0.437287 0.85 -139.599 0.900232
14590000 -3128.43 2.21787 0.437287 0.85 -139.599 0.900232
14600000 -3082.65 2.56083 0.437284 0.85 -139.599 0.900232
14610000 -3123.69 2.21212 0.437282 0.85 -139.599 0.900232
14620000 -3098.28 2.46884 0.437285 0.85 -139.599 0.900232
14630000 -3128.85 2.09916 0.437298 0.85 -139.599 0.900232
14640000 -3100.91 2.47588 0.437291 0.85 -139.599 0.900232
14650000 -3096.79 2.42846 0.437289 0.85 -139.599 0.900232
14660000 -3104.55 2.44431 0.437292 0.85 -139.599 0.900232
14670000 -3107.72 2.30943 0.437289 0.85 -139.599 0.900232
14680000 -3140.22 2.05371 0.437294 0.85 -139.599 0.900232
14690000 -3108.42 2.39275 0.437294 0.85 -139.599 0.900232
14700000 -3125.66 2.1773 0.437296 0.85 -139.599 0.900232
14710000 -3094.12 2.54713 0.437294 0.85 -139.599 0.900232
14720000 -3162.1 1.82296 0.437299 0.85 -139.599 0.900232
14730000 -3144.75 1.98767 0.437303 0.85 -139.599 0.900232
14740000 -3133.67 2.14878 0.437303 0.85 -139.599 0.900232
14750000 -3094.41 2.48262 0.437309 0.85 -139.599 0.900232
14760000 -3121.57 2.27538 0.437305 0.85 -139.599 0.900232
14770000 -3132.18 2.10276 0.437307 0.85 -139.599 0.900232
14780000 -3093.75 2.44258 0.437307 0.85 -139.599 0.900232
14790000 -3142.59 2.0222 0.437312 0.85 -139.599 0.900232
14800000 -3126.38 2.18812 0.437308 0.85 -139.599 0.900232
14810000 -3118.59 2.20503 0.437309 0.85 -139.599 0.900232
14820000 -3121 2.15533 0.437311 0.85 -139.599 0.900232
14830000 -3163.56 1.77325 0.437316 0.85 -139.599 0.900232
14840000 -3149.74 1.9635 0.437319 0.85 -139.599 0.900232
14850000 -3126.84 2.08801 0.437323 0.85 -139.599 0.900232
14860000 -3145.22 2.00167 0.437329 0.85 -139.599 0.900232
14870000 -3128.35 2.13944 0.437332 0.85 -139.599 0.900232
14880000 -3123.93 2.27438 0.437338 0.85 -139.599 0.900232
14890000 -3115.81 2.31936 0.43734 0.85 -139.599 0.900232
14900000 -3123.87 2.25908 0.437337 0.85 -139.599 0.900232
14910000 -3143.96 2.07491 0.437343 0.85 -139.599 0.900232
14920000 -3123.69 2.20176 0.437349 0.85 -139.599 0.900232
14930000 -3158.74 1.87456 0.437355 0.85 -139.599 0.900232
14940000 -3132.2 2.11255 0.437353 0.85 -139.599 0.900232
14950000 -3102.11 2.4197 0.43735 0.85 -139.599 0.900232
14960000 -3078.5 2.69364 0.43735 0.85 -139.599 0.900232
14970000 -3124.73 2.19147 0.437349 0.85 -139.599 0.900232
14980000 -3084.93 2.60908 0.437355 0.85 -139.599 0.900232
14990000 -3127.39 2.19038 0.437353 0.85 -139.599 0.900232
15000000 -3128.96 2.14465 0.437354 0.85 -139.599 0.900232
15010000 -3142.44 2.00746 0.437351 0.85 -139.599 0.900232
15020000 -3124.36 2.22053 0.437356 0.85 -139.599 0.900232
15030000 -3113.62 2.23954 0.437356 0.85 -139.599 0.900232
15040000 -3102.13 2.422 0.437355 0.85 -139.599 0.900232
15050000 -3124.85 2.19016 0.437353 0.85 -139.599 0.900232
15060000 -3092.77 2.52887 0.437356 0.85 -139.599 0.900232
15070000 -3123.74 2.20216 0.437361 0.85 -139.599 0.900232
15080000 -3107.15 2.3078 0.437361 0.85 -139.599 0.900232
15090000 -3143.8 2.0324 0.437361 0.85 -139.599 0.900232
15100000 -3146.17 1.93636 0.437366 0.85 -139.599 0.900232
15110000 -3114.47 2.34499 0.437369 0.85 -139.599 0.900232
15120000 -3118.35 2.31951 0.437372 0.85 -139.599 0.900232
15130000 -3135.13 2.08144 0.437371 0.85 -139.599 0.900232
15140000 -3127.46 2.16991 0.437376 0.85 -139.599 0.900232
15150000 -3136.01 2.08899 0.437381 0.85 -139.599 0.900232
15160000 -3135.54 2.01631 0.437385 0.85 -139.599 0.900232
15170000 -3110.94 2.30557 0.437386 0.85 -139.599 0.900232
15180000 -3059.19 2.76281 0.43739 0.85 -139.599 0.900232
15190000 -3112.6 2.25209 0.437387 0.85 -139.599 0.900232
15200000 -3129.08 2.12387 0.437391 0.85 -139.599 0.900232
15210000 -3089.49 2.48932 0.437393 0.85 -139.599 0.900232
15220000 -3137 1.98898 0.4374 0.85 -139.599 0.900232
15230000 -3112.01 2.32146 0.437399 0.85 -139.599 0.900232
15240000 -3092.89 2.4836 0.437398 0.85 -139.599 0.900232
15250000 -3128.5 2.14516 0.437398 0.85 -139.599 0.900232
15260000 -3125.3 2.16321 0.4374 0.85 -139.599 0.900232
15270000 -3117.75 2.24528 0.437397 0.85 -139.599 0.900232
15280000 -3134.09 2.12239 0.437397 0.85 -139.599 0.900232
15290000 -3126.36 2.14891 0.437395 0.85 -139.599 0.900232
15300000 -3155.47 1.89287 0.437396 0.85 -139.599 0.900232
15310000 -3103.8 2.43483 0.437391 0.85 -139.599 0.900232
15320000 -3122.61 2.21693 0.43739 0.85 -139.599 0.900232
15330000 -3118.91 2.2937 0.437394 0.85 -139.599 0.900232
15340000 -3144.51 1.97681 0.437388 0.85 -139.599 0.900232
15350000 -3105.66 2.43151 0.437386 0.85 -139.599 0.900232
15360000 -3131.22 2.1287 0.437384 0.85 -139.599 0.900232
15370000 -3098.59 2.45181 0.437384 0.85 -139.599 0.900232
15380000 -3127.95 2.13195 0.437379 0.85 -139.599 0.900232
15390000 -3131.57 2.13694 0.437378 0.85 -139.599 0.900232
15400000 -3134.37 2.13818 0.437379 0.85 -139.599 0.900232
15410000 -3153.9 1.90312 0.43738 0.85 -139.599 0.900232
15420000 -3140.85 2.036 0.437383 0.85 -139.599 0.900232
15430000 -3122.49 2.27035 0.437386 0.85 -139.599 0.900232
15440000 -3133.26 2.10963 0.437381 0.85 -139.599 0.900232
15450000 -3131.49 2.06049 0.43738 0.85 -139.599 0.900232
15460000 -3115.75 2.31228 0.437383 0.85 -139.599 0.900232
15470000 -3112.53 2.34222 0.437382 0.85 -139.599 0.900232
15480000 -3110.71 2.35749 0.437375 0.85 -139.599 0.900232
15490000 -3112.79 2.34174 0.437377 0.85 -139.599 0.900232
15500000 -3118.54 2.22027 0.437382 0.85 -139.599 0.900232
15510000 -3102.74 2.38289 0.437385 0.85 -139.599 0.900232
15520000 -3123.72 2.19183 0.437386 0.85 -139.599 0.900232
15530000 -3102.22 2.44128 0.437383 0.85 -139.599 0.900232
15540000 -3089.66 2.55707 0.43738 0.85 -139.599 0.900232
15550000 -3109.62 2.27751 0.437376 0.85 -139.599 0.900232
15560000 -3150.52 1.93933 0.437377 0.85 -139.599 0.900232
15570000 -3073.39 2.73042 0.437376 0.85 -139.599 0.900232
15580000 -3114.14 2.40392 0.437369 0.85 -139.599 0.900232
15590000 -3109.25 2.408 0.437367 0.85 -139.599 0.900232
15600000 -3072.01 2.78913 0.437365 0.85 -139.599 0.900232
15610000 -3109.67 2.33875 0.437357 0.85 -139.599 0.900232
15620000 -3135.22 2.12118 0.437352 0.85 -139.599 0.900232
15630000 -3128.3 2.08883 0.437357 0.85 -139.599 0.900232
15640000 -3157.92 1.88866 0.437358 0.85 -139.599 0.900232
15650000 -3113.76 2.31487 0.43736 0.85 -139.599 0.900232
15660000 -3128.94 2.17133 0.437358 0.85 -139.599 0.900232
15670000 -3109.93 2.27768 0.437362 0.85 -139.599 0.900232
15680000 -3108.2 2.29251 0.437356 0.85 -139.599 0.900232
15690000 -3147.15 1.91851 0.437354 0.85 -139.599 0.900232
15700000 -3106.29 2.35161 0.437346 0.85 -139.599 0.900232
15710000 -3114.83 2.28199 0.437347 0.85 -139.599 0.900232
15720000 -3116.81 2.22161 0.437347 0.85 -139.599 0.900232
15730000 -3159.29 1.81962 0.437345 0.85 -139.599 0.900232
15740000 -3098.46 2.38517 0.437341 0.85 -139.599 0.900232
15750000 -3115.79 2.26634 0.437336 0.85 -139.599 0.900232
15760000 -3082.48 2.62467 0.437334 0.85 -139.599 0.900232
15770000 -3111.08 2.33384 0.437338 0.85 -139.599 0.900232
15780000 -3081.31 2.58013 0.437334 0.85 -139.599 0.900232
15790000 -3119.98 2.32591 0.437334 0.85 -139.599 0.900232
15800000 -3116.41 2.30522 0.437332 0.85 -139.599 0.900232
15810000 -3121.24 2.18326 0.43733 0.85 -139.599 0.900232
15820000 -3095.37 2.44897 0.437325 0.85 -139.599 0.900232
15830000 -3064.02 2.86651 0.437322 0.85 -139.599 0.900232
15840000 -3111.47 2.35351 0.437314 0.85 -139.599 0.900232
15850000 -3078.3 2.65241 0.437309 0.85 -139.599 0.900232
15860000 -3122.39 2.28713 0.437309 0.85 -139.599 0.900232
15870000 -3131.32 2.19153 0.437309 0.85 -139.599 0.900232
15880000 -3117.79 2.36099 0.437302 0.85 -139.599 0.900232
15890000 -3114.65 2.3352 0.437302 0.85 -139.599 0.900232
15900000 -3097.25 2.41299 0.437302 0.85 -139.599 0.900232
15910000 -3108.2 2.3736 0.437302 0.85 -139.599 0.900232
15920000 -3135.24 2.0941 0.437304 0.85 -139.599 0.900232
15930000 -3149.13 1.91011 0.437308 0.85 -139.599 0.900232
15940000 -3106.95 2.33103 0.437311 0.85 -139.599 0.900232
15950000 -3092.23 2.48807 0.437315 0.85 -139.599 0.900232
15960000 -3131.77 2.183 0.437312 0.85 -139.599 0.900232
15970000 -3100.56 2.49311 0.437312 0.85 -139.599 0.900232
15980000 -3067.62 2.78487 0.43731 0.85 -139.599 0.900232
15990000 -3123.29 2.16843 0.437299 0.85 -139.599 0.900232
16000000 -3087.07 2.47381 0.437302 0.85 -139.599 0.900232
16010000 -3107.9 2.29016 0.437306 0.85 -139.599 0.900232
16020000 -3119.42 2.18225 0.437308 0.85 -139.599 0.900232
16030000 -3103.14 2.45507 0.437305 0.85 -139.599 0.900232
16040000 -3122.98 2.15029 0.437306 0.85 -139.599 0.900232
16050000 -3104.84 2.30917 0.437302 0.85 -139.599 0.900232
16060000 -3109.71 2.33737 0.437303 0.85 -139.599 0.900232
16070000 -3095.02 2.45882 0.437302 0.85 -139.599 0.900232
16080000 -3094.65 2.45986 0.437292 0.85 -139.599 0.900232
16090000 -3109.81 2.33884 0.437296 0.85 -139.599 0.900232
16100000 -3114.82 2.24108 0.437297 0.85 -139.599 0.900232
16110000 -3133.71 2.11921 0.4373 0.85 -139.599 0.900232
16120000 -3098.39 2.4592 0.437296 0.85 -139.599 0.900232
16130000 -3090.52 2.54518 0.437296 0.85 -139.599 0.900232
16140000 -3132.27 2.13847 0.437293 0.85 -139.599 0.900232
16150000 -3141.87 2.04838 0.43729 0.85 -139.599 0.900232
16160000 -3147.09 1.90311 0.437291 0.85 -139.599 0.900232
16170000 -3138.24 2.05836 0.437297 0.85 -139.599 0.900232
16180000 -3107.42 2.37495 0.4373 0.85 -139.599 0.900232
16190000 -3114.25 2.26716 0.437305 0.85 -139.599 0.900232
16200000 -3135.37 1.98245 0.437311 0.85 -139.599 0.900232
16210000 -3176.39 1.60906 0.437308 0.85 -139.599 0.900232
16220000 -3098.45 2.35028 0.437311 0.85 -139.599 0.900232
16230000 -3126.56 2.08578 0.437315 0.85 -139.599 0.900232
16240000 -3152.66 1.7814 0.43732 0.85 -139.599 0.900232
16250000 -3135.84 2.02659 0.437321 0.85 -139.599 0.900232
16260000 -3126.96 2.1068 0.437326 0.85 -139.599 0.900232
16270000 -3156.84 1.84294 0.437331 0.85 -139.599 0.900232
16280000 -3135.67 2.01042 0.437333 0.85 -139.599 0.900232
16290000 -3115.74 2.27212 0.437336 0.85 -139.599 0.900232
16300000 -3127.83 2.08302 0.437333 0.85 -139.599 0.900232
16310000 -3115.99 2.21993 0.437338 0.85 -139.599 0.900232
16320000 -3159.41 1.81074 0.437341 0.85 -139.599 0.900232
16330000 -3108.44 2.31258 0.437342 0.85 -139.599 0.900232
16340000 -3145.85 1.95479 0.437341 0.85 -139.599 0.900232
16350000 -3125.81 2.18729 0.437345 0.85 -139.599 0.900232
16360000 -3130.38 2.10351 0.437346 0.85 -139.599 0.900232
16370000 -3148.31 1.93406 0.437351 0.85 -139.599 0.900232
16380000 -3134.27 2.08546 0.43736 0.85 -139.599 0.900232
16390000 -3138 2.04685 0.437363 0.85 -139.599 0.900232
16400000 -3112.03 2.3123 0.437363 0.85 -139.599 0.900232
16410000 -3111.43 2.31148 0.437362 0.85 -139.599 0.900232
16420000 -3138.52 2.01221 0.437366 0.85 -139.599 0.900232
16430000 -3152.86 1.86145 0.43737 0.85 -139.599 0.900232
16440000 -3151.63 1.90584 0.437371 0.85 -139.599 0.900232
16450000 -3108.79 2.3871 0.437369 0.85 -139.599 0.900232
16460000 -3122.86 2.27098 0.43737 0.85 -139.599 0.900232
16470000 -3107.75 2.37259 0.437377 0.85 -139.599 0.900232
16480000 -3118.89 2.24589 0.437377 0.85 -139.599 0.900232
16490000 -3135.8 2.09201 0.437377 0.85 -139.599 0.900232
16500000 -3105.74 2.31433 0.437379 0.85 -139.599 0.900232
16510000 -3101.11 2.40788 0.43738 0.85 -139.599 0.900232
16520000 -3135.59 2.06897 0.437384 0.85 -139.599 0.900232
16530000 -3118.44 2.25198 0.43739 0.85 -139.599 0.900232
16540000 -3127.53 2.17225 0.437395 0.85 -139.599 0.900232
16550000 -3146.12 1.91073 0.437396 0.85 -139.599 0.900232
16560000 -3148.73 1.92704 0.437395 0.85 -139.599 0.900232
16570000 -3142.48 2.03087 0.437397 0.85 -139.599 0.900232
16580000 -3122.6 2.22376 0.437395 0.85 -139.599 0.900232
16590000 -3081.61 2.67526 0.437396 0.85 -139.599 0.900232
16600000 -3112.83 2.302 0.437397 0.85 -139.599 0.900232
16610000 -3115.04 2.31659 0.437397 0.85 -139.599 0.900232
16620000 -3104.47 2.38967 0.437397 0.85 -139.599 0.900232
16630000 -3151.35 1.91757 0.4374 0.85 -139.599 0.900232
16640000 -3109.34 2.31484 0.437399 0.85 -139.599 0.900232
16650000 -3136.06 2.0136 0.437398 0.85 -139.599 0.900232
16660000 -3076.85 2.54431 0.437402 0.85 -139.599 0.900232
16670000 -3099.58 2.40617 0.437405 0.85 -139.599 0.900232
16680000 -3110.01 2.32258 0.437404 0.85 -139.599 0.900232
16690000 -3089.68 2.56709 0.437404 0.85 -139.599 0.900232
16700000 -3094.52 2.44964 0.437399 0.85 -139.599 0.900232
16710000 -3119.97 2.28987 0.437396 0.85 -139.599 0.900232
16720000 -3112.21 2.32687 0.437395 0.85 -139.599 0.900232
16730000 -3094.68 2.51602 0.437391 0.85 -139.599 0.900232
16740000 -3094.62 2.54261 0.437394 0.85 -139.599 0.900232
16750000 -3142.02 2.15328 0.437391 0.85 -139.599 0.900232
16760000 -3113.88 2.37763 0.437397 0.85 -139.599 0.900232
16770000 -3121.98 2.27771 0.437398 0.85 -139.599 0.900232
16780000 -3084.4 2.57974 0.437391 0.85 -139.599 0.900232
16790000 -3111.3 2.36118 0.437388 0.85 -139.599 0.900232
16800000 -3127.01 2.08412 0.437387 0.85 -139.599 0.900232
16810000 -3115.7 2.22232 0.437387 0.85 -139.599 0.900232
16820000 -3149.41 1.99287 0.437389 0.85 -139.599 0.900232
16830000 -3131.92 2.13313 0.437389 0.85 -139.599 0.900232
16840000 -3130.49 2.11001 0.43739 0.85 -139.599 0.900232
16850000 -3099.57 2.37938 0.43739 0.85 -139.599 0.900232
16860000 -3105.77 2.4507 0.437393 0.85 -139.599 0.900232
16870000 -3127.21 2.214 0.437386 0.85 -139.599 0.900232
16880000 -3106.81 2.38106 0.437381 0.85 -139.599 0.900232
16890000 -3146.25 2.00616 0.437377 0.85 -139.599 0.900232
16900000 -3171.38 1.71205 0.437379 0.85 -139.599 0.900232
16910000 -3157.48 1.91169 0.43738 0.85 -139.599 0.900232
16920000 -3144.71 2.02405 0.437382 0.85 -139.599 0.900232
16930000 -3119.76 2.26774 0.437387 0.85 -139.599 0.900232
16940000 -3125.17 2.13 0.437384 0.85 -139.599 0.900232
16950000 -3121.89 2.24999 0.437382 0.85 -139.599 0.900232
16960000 -3112.3 2.35689 0.437382 0.85 -139.599 0.900232
16970000 -3114.37 2.26606 0.437388 0.85 -139.599 0.900232
16980000 -3092.63 2.48949 0.437392 0.85 -139.599 0.900232
16990000 -3145.51 1.96143 0.437391 0.85 -139.599 0.900232
17000000 -3158 1.85256 0.437393 0.85 -139.599 0.900232
17010000 -3135.53 2.00867 0.437396 0.85 -139.599 0.900232
17020000 -3105.33 2.32406 0.437397 0.85 -139.599 0.900232
17030000 -3092.44 2.48064 0.437396 0.85 -139.599 0.900232
17040000 -3117.39 2.21619 0.437403 0.85 -139.599 0.900232
17050000 -3115.7 2.22169 0.437402 0.85 -139.599 0.900232
17060000 -3075.63 2.624 0.437403 0.85 -139.599 0.900232
17070000 -3136.1 2.08608 0.437402 0.85 -139.599 0.900232
17080000 -3130.03 2.0847 0.437403 0.85 -139.599 0.900232
17090000 -3130.12 2.1014 0.437415 0.85 -139.599 0.900232
17100000 -3152.63 1.93183 0.437415 0.85 -139.599 0.900232
17110000 -3169.25 1.76358 0.437415 0.85 -139.599 0.900232
17120000 -3108.87 2.289 0.437415 0.85 -139.599 0.900232
17130000 -3117.64 2.31746 0.437415 0.85 -139.599 0.900232
17140000 -3134.68 2.14212 0.437417 0.85 -139.599 0.900232
17150000 -3121.89 2.23588 0.437416 0.85 -139.599 0.900232
17160000 -3146.01 2.02689 0.437415 0.85 -139.599 0.900232
17170000 -3089.9 2.51359 0.43741 0.85 -139.599 0.900232
17180000 -3125.81 2.13987 0.437409 0.85 -139.599 0.900232
17190000 -3152.06 1.95895 0.437407 0.85 -139.599 0.900232
17200000 -3109.13 2.3227 0.437407 0.85 -139.599 0.900232
17210000 -3143.99 1.97913 0.437412 0.85 -139.599 0.900232
17220000 -3094.26 2.49325 0.437413 0.85 -139.599 0.900232
17230000 -3114.37 2.29241 0.437408 0.85 -139.599 0.900232
17240000 -3132.08 2.0702 0.437402 0.85 -139.599 0.900232
17250000 -3133.97 2.07695 0.437401 0.85 -139.599 0.900232
17260000 -3077.95 2.5924 0.437407 0.85 -139.599 0.900232
17270000 -3119.95 2.24806 0.437411 0.85 -139.599 0.900232
17280000 -3104.67 2.43721 0.437411 0.85 -139.599 0.900232
17290000 -3084.69 2.57345 0.437413 0.85 -139.599 0.900232
17300000 -3109.53 2.31642 0.437412 0.85 -139.599 0.900232
17310000 -3114.48 2.30376 0.437413 0.85 -139.599 0.900232
17320000 -3103.31 2.38113 0.437417 0.85 -139.599 0.900232
17330000 -3081.23 2.61994 0.437417 0.85 -139.599 0.900232
17340000 -3092.49 2.48001 0.437413 0.85 -139.599 0.900232
17350000 -3122.09 2.1203 0.437409 0.85 -139.599 0.900232
17360000 -3103.16 2.36216 0.437405 0.85 -139.599 0.900232
17370000 -3102.43 2.32 0.437406 0.85 -139.599 0.900232
17380000 -3130.5 2.10866 0.437409 0.85 -139.599 0.900232
17390000 -3101.25 2.39543 0.437413 0.85 -139.599 0.900232
17400000 -3106.46 2.32562 0.437414 0.85 -139.599 0.900232
17410000 -3097.71 2.44362 0.437418 0.85 -139.599 0.900232
17420000 -3082.13 2.64495 0.437415 0.85 -139.599 0.900232
17430000 -3094.79 2.53173 0.437412 0.85 -139.599 0.900232
17440000 -3134.35 2.10444 0.437416 0.85 -139.599 0.900232
17450000 -3141.46 1.96099 0.437412 0.85 -139.599 0.900232
17460000 -3123.15 2.19244 0.437411 0.85 -139.599 0.900232
17470000 -3113.3 2.26687 0.437415 0.85 -139.599 0.900232
17480000 -3137.37 2.06555 0.437418 0.85 -139.599 0.900232
17490000 -3107.82 2.36362 0.437421 0.85 -139.599 0.900232
17500000 -3094.84 2.40847 0.437418 0.85 -139.599 0.900232
17510000 -3119.78 2.20503 0.437416 0.85 -139.599 0.900232
17520000 -3131.06 2.09105 0.437415 0.85 -139.599 0.900232
17530000 -3099 2.4306 0.437421 0.85 -139.599 0.900232
17540000 -3113.4 2.30933 0.437418 0.85 -139.599 0.900232
17550000 -3132.47 2.18833 0.437425 0.85 -139.599 0.900232
17560000 -3121.08 2.28195 0.437422 0.85 -139.599 0.900232
17570000 -3096.4 2.46042 0.437421 0.85 -139.599 0.900232
17580000 -3112.74 2.35383 0.437414 0.85 -139.599 0.900232
17590000 -3090.38 2.59696 0.43741 0.85 -139.599 0.900232
17600000 -3122.05 2.19939 0.437412 0.85 -139.599 0.900232
17610000 -3098.33 2.47196 0.437411 0.85 -139.599 0.900232
17620000 -3053.13 2.95014 0.437408 0.85 -139.599 0.900232
17630000 -3078.26 2.68483 0.437405 0.85 -139.599 0.900232
17640000 -3064.52 2.78945 0.437403 0.85 -139.599 0.900232
17650000 -3096.43 2.45982 0.437401 0.85 -139.599 0.900232
17660000 -3095.87 2.49148 0.437397 0.85 -139.599 0.900232
17670000 -3129.43 2.19258 0.4374 0.85 -139.599 0.900232
17680000 -3108.79 2.42833 0.437393 0.85 -139.599 0.900232
17690000 -3119.6 2.35044 0.437393 0.85 -139.599 0.900232
17700000 -3153.86 1.9852 0.43739 0.85 -139.599 0.900232
17710000 -3111.24 2.34124 0.437391 0.85 -139.599 0.900232
17720000 -3144.56 1.97 0.437391 0.85 -139.599 0.900232
17730000 -3115.68 2.29846 0.437393 0.85 -139.599 0.900232
17740000 -3097.45 2.47002 0.437389 0.85 -139.599 0.900232
17750000 -3087.73 2.6537 0.437388 0.85 -139.599 0.900232
17760000 -3109.11 2.38599 0.437385 0.85 -139.599 0.900232
17770000 -3101.38 2.4657 0.437387 0.85 -139.599 0.900232
17780000 -3136.03 2.07128 0.437387 0.85 -139.599 0.900232
17790000 -3131.96 2.12609 0.437389 0.85 -139.599 0.900232
17800000 -3159.96 1.84951 0.437393 0.85 -139.599 0.900232
17810000 -3161.87 1.85636 0.437399 0.85 -139.599 0.900232
17820000 -3165.27 1.78317 0.437399 0.85 -139.599 0.900232
17830000 -3133.31 2.15394 0.437402 0.85 -139.599 0.900232
17840000 -3110.59 2.41826 0.4374 0.85 -139.599 0.900232
17850000 -3111.68 2.3133 0.4374 0.85 -139.599 0.900232
17860000 -3117.87 2.24645 0.437399 0.85 -139.599 0.900232
17870000 -3100.03 2.51616 0.437396 0.85 -139.599 0.900232
17880000 -3124.28 2.28668 0.437391 0.85 -139.599 0.900232
17890000 -3109.61 2.4023 0.437393 0.85 -139.599 0.900232
17900000 -3125.75 2.17323 0.437395 0.85 -139.599 0.900232
17910000 -3119.42 2.20245 0.4374 0.85 -139.599 0.900232
17920000 -3115.93 2.20907 0.437396 0.85 -139.599 0.900232
17930000 -3119.2 2.25867 0.437396 0.85 -139.599 0.900232
17940000 -3106.51 2.37898 0.437394 0.85 -139.599 0.900232
17950000 -3105.67 2.3772 0.437393 0.85 -139.599 0.900232
17960000 -3151.51 1.93695 0.437392 0.85 -139.599 0.900232
17970000 -3111.04 2.3867 0.43739 0.85 -139.599 0.900232
17980000 -3135.5 2.16342 0.437391 0.85 -139.599 0.900232
17990000 -3129.71 2.14512 0.437393 0.85 -139.599 0.900232
18000000 -3175.91 1.69371 0.437404 0.85 -139.599 0.900232
18010000 -3149.12 1.90502 0.437405 0.85 -139.599 0.900232
18020000 -3139.69 2.07105 0.437407 0.85 -139.599 0.900232
18030000 -3127.46 2.1389 0.437409 0.85 -139.599 0.900232
18040000 -3121.67 2.15728 0.43741 0.85 -139.599 0.900232
18050000 -3177.39 1.58697 0.437417 0.85 -139.599 0.900232
18060000 -3155.99 1.84728 0.437421 0.85 -139.599 0.900232
18070000 -3112.49 2.2438 0.437419 0.85 -139.599 0.900232
18080000 -3144.39 1.96066 0.437422 0.85 -139.599 0.900232
18090000 -3138.97 2.05533 0.43742 0.85 -139.599 0.900232
18100000 -3138.02 1.96783 0.43742 0.85 -139.599 0.900232
18110000 -3128.67 2.12954 0.437422 0.85 -139.599 0.900232
18120000 -3134.49 2.11569 0.437424 0.85 -139.599 0.900232
18130000 -3112.18 2.31279 0.437427 0.85 -139.599 0.900232
18140000 -3131.72 2.12653 0.437428 0.85 -139.599 0.900232
18150000 -3123.56 2.11979 0.437431 0.85 -139.599 0.900232
18160000 -3113.86 2.32859 0.437429 0.85 -139.599 0.900232
18170000 -3150.75 1.84911 0.437429 0.85 -139.599 0.900232
18180000 -3141.53 2.00508 0.437431 0.85 -139.599 0.900232
18190000 -3136.45 2.07597 0.437433 0.85 -139.599 0.900232
18200000 -3121.59 2.20158 0.437434 0.85 -139.599 0.900232
18210000 -3091.18 2.48627 0.437435 0.85 -139.599 0.900232
18220000 -3082.38 2.63454 0.437438 0.85 -139.599 0.900232
18230000 -3131.28 2.13681 0.437434 0.85 -139.599 0.900232
18240000 -3142.09 2.07866 0.437435 0.85 -139.599 0.900232
18250000 -3137.28 2.08737 0.437434 0.85 -139.599 0.900232
18260000 -3127.33 2.24789 0.437435 0.85 -139.599 0.900232
18270000 -3150.21 2.02419 0.437433 0.85 -139.599 0.900232
18280000 -3141.37 2.06457 0.437444 0.85 -139.599 0.900232
18290000 -3141.47 1.99453 0.437449 0.85 -139.599 0.900232
18300000 -3111.86 2.34401 0.43745 0.85 -139.599 0.900232
18310000 -3123.14 2.26079 0.437446 0.85 -139.599 0.900232
18320000 -3089.92 2.50959 0.437446 0.85 -139.599 0.900232
18330000 -3131.82 2.15645 0.437443 0.85 -139.599 0.900232
18340000 -3136.73 2.113 0.437442 0.85 -139.599 0.900232
18350000 -3123.76 2.19806 0.437446 0.85 -139.599 0.900232
18360000 -3148.21 2.04411 0.437448 0.85 -139.599 0.900232
18370000 -3122.37 2.27253 0.437448 0.85 -139.599 0.900232
18380000 -3119.03 2.26549 0.437447 0.85 -139.599 0.900232
18390000 -3115.55 2.34382 0.43745 0.85 -139.599 0.900232
18400000 -3145.58 2.04036 0.437451 0.85 -139.599 0.900232
18410000 -3083.49 2.6151 0.437451 0.85 -139.599 0.900232
18420000 -3137.19 2.05422 0.437452 0.85 -139.599 0.900232
18430000 -3124.09 2.20999 0.437453 0.85 -139.599 0.900232
18440000 -3118.54 2.2623 0.437454 0.85 -139.599 0.900232
18450000 -3143.83 2.06629 0.437459 0.85 -139.599 0.900232
18460000 -3134.56 2.15963 0.437456 0.85 -139.599 0.900232
18470000 -3144.83 1.99788 0.437454 0.85 -139.599 0.900232
18480000 -3157.04 1.86631 0.437459 0.85 -139.599 0.900232
18490000 -3109.02 2.39099 0.437463 0.85 -139.599 0.900232
18500000 -3146 2.00397 0.437462 0.85 -139.599 0.900232
18510000 -3151.26 1.99627 0.437465 0.85 -139.599 0.900232
18520000 -3157.44 1.98657 0.437464 0.85 -139.599 0.900232
18530000 -3130.27 2.15078 0.437461 0.85 -139.599 0.900232
18540000 -3132.51 2.14996 0.437464 0.85 -139.599 0.900232
18550000 -3135.2 2.04779 0.437471 0.85 -139.599 0.900232
18560000 -3148.44 2.01228 0.437473 0.85 -139.599 0.900232
18570000 -3110.29 2.38088 0.437475 0.85 -139.599 0.900232
18580000 -3142.96 2.06418 0.43747 0.85 -139.599 0.900232
18590000 -3099.12 2.42125 0.437472 0.85 -139.599 0.900232
18600000 -3109.89 2.3209 0.437475 0.85 -139.599 0.900232
18610000 -3117.58 2.2511 0.437481 0.85 -139.599 0.900232
18620000 -3146.83 2.00294 0.437482 0.85 -139.599 0.900232
18630000 -3108.63 2.37663 0.437486 0.85 -139.599 0.900232
18640000 -3107.57 2.34931 0.437487 0.85 -139.599 0.900232
18650000 -3146.86 1.87874 0.437485 0.85 -139.599 0.900232
18660000 -3139.03 1.99395 0.437493 0.85 -139.599 0.900232
18670000 -3150.32 1.86262 0.437501 0.85 -139.599 0.900232
18680000 -3170.53 1.76112 0.437504 0.85 -139.599 0.900232
18690000 -3141.01 1.97766 0.437508 0.85 -139.599 0.900232
18700000 -3114.27 2.24852 0.437509 0.85 -139.599 0.900232
18710000 -3096.28 2.45618 0.437511 0.85 -139.599 0.900232
18720000 -3117.04 2.26193 0.437511 0.85 -139.599 0.900232
18730000 -3111.25 2.27253 0.437511 0.85 -139.599 0.900232
18740000 -3118.98 2.21981 0.437503 0.85 -139.599 0.900232
18750000 -3115.1 2.27325 0.437503 0.85 -139.599 0.900232
18760000 -3137.76 2.07094 0.437502 0.85 -139.599 0.900232
18770000 -3099.97 2.42294 0.437495 0.85 -139.599 0.900232
18780000 -3089.49 2.53281 0.437492 0.85 -139.599 0.900232
18790000 -3117.77 2.23658 0.43749 0.85 -139.599 0.900232
18800000 -3075.58 2.67207 0.437487 0.85 -139.599 0.900232
18810000 -3117.57 2.27254 0.437487 0.85 -139.599 0.900232
18820000 -3134.23 2.04104 0.437488 0.85 -139.599 0.900232
18830000 -3105.78 2.3296 0.437481 0.85 -139.599 0.900232
18840000 -3092.73 2.48955 0.437477 0.85 -139.599 0.900232
18850000 -3112.8 2.28437 0.437478 0.85 -139.599 0.900232
18860000 -3105.56 2.34825 0.437476 0.85 -139.599 0.900232
18870000 -3127.17 2.1507 0.43748 0.85 -139.599 0.900232
18880000 -3128.84 2.12425 0.437482 0.85 -139.599 0.900232
18890000 -3089.95 2.5511 0.437485 0.85 -139.599 0.900232
18900000 -3129.46 2.20707 0.437483 0.85 -139.599 0.900232
18910000 -3125.59 2.20699 0.437483 0.85 -139.599 0.900232
18920000 -3106.78 2.37492 0.437472 0.85 -139.599 0.900232
18930000 -3136.06 2.10545 0.437474 0.85 -139.599 0.900232
18940000 -3099.39 2.50929 0.437479 0.85 -139.599 0.900232
18950000 -3091.05 2.54902 0.437478 0.85 -139.599 0.900232
18960000 -3079.1 2.64899 0.437475 0.85 -139.599 0.900232
18970000 -3127.09 2.25027 0.437471 0.85 -139.599 0.900232
18980000 -3080.65 2.68142 0.437463 0.85 -139.599 0.900232
18990000 -3094.18 2.53046 0.437465 0.85 -139.599 0.900232
19000000 -3100.19 2.43476 0.437465 0.85 -139.599 0.900232
19010000 -3086.76 2.59877 0.437464 0.85 -139.599 0.900232
19020000 -3120.13 2.20172 0.437466 0.85 -139.599 0.900232
19030000 -3139.43 2.01391 0.437463 0.85 -139.599 0.900232
19040000 -3114.66 2.25958 0.437463 0.85 -139.599 0.900232
19050000 -3066.06 2.74865 0.437468 0.85 -139.599 0.900232
19060000 -3119.28 2.19908 0.437467 0.85 -139.599 0.900232
19070000 -3137.39 2.0746 0.437467 0.85 -139.599 0.900232
19080000 -3107.05 2.41861 0.437466 0.85 -139.599 0.900232
19090000 -3088.38 2.54062 0.437469 0.85 -139.599 0.900232
19100000 -3096.79 2.47886 0.437468 0.85 -139.599 0.900232
19110000 -3125.1 2.13472 0.437467 0.85 -139.599 0.900232
19120000 -3101.25 2.43445 0.43747 0.85 -139.599 0.900232
19130000 -3114.3 2.25328 0.437464 0.85 -139.599 0.900232
19140000 -3132.88 2.06854 0.43746 0.85 -139.599 0.900232
19150000 -3143.88 1.94298 0.437461 0.85 -139.599 0.900232
19160000 -3103.84 2.3614 0.437462 0.85 -139.599 0.900232
19170000 -3079.02 2.61527 0.437464 0.85 -139.599 0.900232
19180000 -3106.84 2.25492 0.437466 0.85 -139.599 0.900232
19190000 -3132.93 2.1251 0.437465 0.85 -139.599 0.900232
19200000 -3107.26 2.4138 0.43746 0.85 -139.599 0.900232
19210000 -3103.07 2.33254 0.437458 0.85 -139.599 0.900232
19220000 -3111.78 2.33936 0.437458 0.85 -139.599 0.900232
19230000 -3107.4 2.34586 0.437458 0.85 -139.599 0.900232
19240000 -3117.29 2.2391 0.437461 0.85 -139.599 0.900232
19250000 -3093.22 2.44897 0.437467 0.85 -139.599 0.900232
19260000 -3108.59 2.3385 0.43747 0.85 -139.599 0.900232
19270000 -3118.76 2.24657 0.437477 0.85 -139.599 0.900232
19280000 -3072.05 2.59207 0.437479 0.85 -139.599 0.900232
19290000 -3118.48 2.27379 0.437479 0.85 -139.599 0.900232
19300000 -3126.97 2.16771 0.437477 0.85 -139.599 0.900232
19310000 -3124.71 2.22439 0.437477 0.85 -139.599 0.900232
19320000 -3137.12 2.0723 0.437479 0.85 -139.599 0.900232
19330000 -3123.23 2.20063 0.437483 0.85 -139.599 0.900232
19340000 -3135.89 2.06113 0.437486 0.85 -139.599 0.900232
19350000 -3129.78 2.13437 0.437487 0.85 -139.599 0.900232
19360000 -3124.36 2.12372 0.437488 0.85 -139.599 0.900232
19370000 -3116.96 2.25096 0.437485 0.85 -139.599 0.900232
19380000 -3093.31 2.44489 0.437487 0.85 -139.599 0.900232
19390000 -3143.23 1.90459 0.437487 0.85 -139.599 0.900232
19400000 -3131.7 1.98493 0.437496 0.85 -139.599 0.900232
19410000 -3104.68 2.29894 0.437497 0.85 -139.599 0.900232
19420000 -3115.95 2.27633 0.437499 0.85 -139.599 0.900232
19430000 -3137.77 2.1268 0.437498 0.85 -139.599 0.900232
19440000 -3160.26 1.88738 0.437498 0.85 -139.599 0.900232
19450000 -3135.37 2.1244 0.437499 0.85 -139.599 0.900232
19460000 -3143.76 2.04386 0.437497 0.85 -139.599 0.900232
19470000 -3122.76 2.23916 0.437494 0.85 -139.599 0.900232
19480000 -3126.34 2.24533 0.437494 0.85 -139.599 0.900232
19490000 -3111.94 2.3371 0.437493 0.85 -139.599 0.900232
19500000 -3118.92 2.24738 0.437492 0.85 -139.599 0.900232
19510000 -3115.47 2.29948 0.437491 0.85 -139.599 0.900232
19520000 -3129.32 2.19095 0.43749 0.85 -139.599 0.900232
19530000 -3112.42 2.34158 0.437488 0.85 -139.599 0.900232
19540000 -3099.44 2.48468 0.437488 0.85 -139.599 0.900232
19550000 -3128.83 2.14909 0.437488 0.85 -139.599 0.900232
19560000 -3115.94 2.25522 0.43749 0.85 -139.599 0.900232
19570000 -3105.11 2.39015 0.437489 0.85 -139.599 0.900232
19580000 -3135.83 2.0342 0.437493 0.85 -139.599 0.900232
19590000 -3132.78 2.09325 0.437493 0.85 -139.599 0.900232
19600000 -3154.24 1.92209 0.437495 0.85 -139.599 0.900232
19610000 -3141.12 1.95659 0.437497 0.85 -139.599 0.900232
19620000 -3139.99 2.05647 0.4375 0.85 -139.599 0.900232
19630000 -3119.91 2.20825 0.437498 0.85 -139.599 0.900232
19640000 -3125.55 2.1815 0.437497 0.85 -139.599 0.900232
19650000 -3141.79 2.01952 0.437503 0.85 -139.599 0.900232
19660000 -3145.91 1.88102 0.437509 0.85 -139.599 0.900232
19670000 -3139.48 1.98991 0.437514 0.85 -139.599 0.900232
19680000 -3143.51 1.95654 0.437518 0.85 -139.599 0.900232
19690000 -3124.76 2.15698 0.437515 0.85 -139.599 0.900232
19700000 -3158.03 1.78331 0.43752 0.85 -139.599 0.900232
19710000 -3131.57 2.09297 0.437527 0.85 -139.599 0.900232
19720000 -3138.67 1.96526 0.43753 0.85 -139.599 0.900232
19730000 -3153.34 1.84595 0.437528 0.85 -139.599 0.900232
19740000 -3149.65 1.91305 0.437529 0.85 -139.599 0.900232
19750000 -3153.37 1.90073 0.43753 0.85 -139.599 0.900232
19760000 -3123.45 2.2303 0.437532 0.85 -139.599 0.900232
19770000 -3143.2 1.9898 0.437535 0.85 -139.599 0.900232
19780000 -3146.37 1.97813 0.437532 0.85 -139.599 0.900232
19790000 -3113.17 2.28367 0.437532 0.85 -139.599 0.900232
19800000 -3121.28 2.1996 0.437535 0.85 -139.599 0.900232
19810000 -3144.06 2.01854 0.437532 0.85 -139.599 0.900232
19820000 -3124.78 2.17361 0.437532 0.85 -139.599 0.900232
19830000 -3130.89 2.09991 0.437532 0.85 -139.599 0.900232
19840000 -3149 1.93537 0.437528 0.85 -139.599 0.900232
19850000 -3106.25 2.32512 0.437529 0.85 -139.599 0.900232
19860000 -3088.68 2.51878 0.437526 0.85 -139.599 0.900232
19870000 -3100.3 2.3911 0.437528 0.85 -139.599 0.900232
19880000 -3111.29 2.36027 0.437528 0.85 -139.599 0.900232
19890000 -3117.49 2.20375 0.437529 0.85 -139.599 0.900232
19900000 -3084.97 2.53289 0.437532 0.85 -139.599 0.900232
19910000 -3143.27 1.99079 0.437533 0.85 -139.599 0.900232
19920000 -3120.43 2.22211 0.437532 0.85 -139.599 0.900232
19930000 -3127.8 2.15122 0.437536 0.85 -139.599 0.900232
19940000 -3150.42 1.8822 0.437536 0.85 -139.599 0.900232
19950000 -3139.45 2.04424 0.437538 0.85 -139.599 0.900232
19960000 -3110.66 2.32122 0.437539 0.85 -139.599 0.900232
19970000 -3120.1 2.24192 0.437541 0.85 -139.599 0.900232
19980000 -3089.55 2.49962 0.437543 0.85 -139.599 0.900232
19990000 -3120.8 2.19012 0.43754 0.85 -139.599 0.900232
20000000 -3139.49 2.00692 0.437544 0.85 -139.599 0.900232
20010000 -3143.06 1.98744 0.437546 0.85 -139.599 0.900232
20020000 -3131.09 2.07357 0.437547 0.85 -139.599 0.900232
20030000 -3125.54 2.16953 0.437546 0.85 -139.599 0.900232
20040000 -3156.17 1.86577 0.437551 0.85 -139.599 0.900232
20050000 -3144.88 1.98772 0.437551 0.85 -139.599 0.900232
20060000 -3130.84 2.1151 0.437553 0.85 -139.599 0.900232
20070000 -3119.24 2.23277 0.437556 0.85 -139.599 0.900232
20080000 -3116.85 2.2021 0.437555 0.85 -139.599 0.900232
20090000 -3113.57 2.26988 0.437559 0.85 -139.599 0.900232
20100000 -3119.09 2.28843 0.437556 0.85 -139.599 0.900232
20110000 -3135.86 2.10834 0.437553 0.85 -139.599 0.900232
20120000 -3149.73 1.98906 0.437552 0.85 -139.599 0.900232
20130000 -3119.46 2.31707 0.437551 0.85 -139.599 0.900232
20140000 -3109.11 2.43532 0.437552 0.85 -139.599 0.900232
20150000 -3115.19 2.36985 0.437552 0.85 -139.599 0.900232
20160000 -3119.64 2.25457 0.437549 0.85 -139.599 0.900232
20170000 -3096.89 2.43357 0.437549 0.85 -139.599 0.900232
20180000 -3124.71 2.17484 0.437554 0.85 -139.599 0.900232
20190000 -3121.7 2.22033 0.437546 0.85 -139.599 0.900232
20200000 -3101.16 2.41103 0.437544 0.85 -139.599 0.900232
20210000 -3129.65 2.19236 0.437545 0.85 -139.599 0.900232
20220000 -3110 2.42776 0.437543 0.85 -139.599 0.900232
20230000 -3152.23 1.98496 0.437543 0.85 -139.599 0.900232
20240000 -3068.37 2.77796 0.437544 0.85 -139.599 0.900232
20250000 -3132.69 2.15553 0.43754 0.85 -139.599 0.900232
20260000 -3104.74 2.44033 0.43754 0.85 -139.599 0.900232
20270000 -3093.51 2.50929 0.437537 0.85 -139.599 0.900232
20280000 -3121.38 2.16284 0.437534 0.85 -139.599 0.900232
20290000 -3132.32 2.14261 0.437535 0.85 -139.599 0.900232
20300000 -3094.46 2.48632 0.437541 0.85 -139.599 0.900232
20310000 -3132.01 2.08196 0.437536 0.85 -139.599 0.900232
20320000 -3101.59 2.43509 0.43753 0.85 -139.599 0.900232
20330000 -3115.27 2.29775 0.437526 0.85 -139.599 0.900232
20340000 -3126.14 2.17974 0.437524 0.85 -139.599 0.900232
20350000 -3114.57 2.26654 0.437522 0.85 -139.599 0.900232
20360000 -3118.71 2.23995 0.437528 0.85 -139.599 0.900232
20370000 -3079.94 2.68181 0.437529 0.85 -139.599 0.900232
20380000 -3148.87 1.94307 0.437532 0.85 -139.599 0.900232
20390000 -3120.85 2.19409 0.437529 0.85 -139.599 0.900232
20400000 -3107.53 2.34257 0.437526 0.85 -139.599 0.900232
20410000 -3109.92 2.28729 0.43753 0.85 -139.599 0.900232
20420000 -3111.19 2.30779 0.437529 0.85 -139.599 0.900232
20430000 -3118.52 2.2735 0.437527 0.85 -139.599 0.900232
20440000 -3125.5 2.19576 0.437528 0.85 -139.599 0.900232
20450000 -3128.9 2.18944 0.437531 0.85 -139.599 0.900232
20460000 -3138.89 2.1143 0.437529 0.85 -139.599 0.900232
20470000 -3109.57 2.34759 0.437525 0.85 -139.599 0.900232
20480000 -3083.01 2.60722 0.437525 0.85 -139.599 0.900232
20490000 -3151.09 1.93254 0.437523 0.85 -139.599 0.900232
20500000 -3144.18 1.90899 0.437527 0.85 -139.599 0.900232
20510000 -3134.76 2.10204 0.437533 0.85 -139.599 0.900232
20520000 -3196.78 1.44715 0.437536 0.85 -139.599 0.900232
20530000 -3153.7 1.91253 0.437539 0.85 -139.599 0.900232
20540000 -3135.46 2.04969 0.437546 0.85 -139.599 0.900232
20550000 -3076.62 2.57408 0.437545 0.85 -139.599 0.900232
20560000 -3114.07 2.32631 0.437548 0.85 -139.599 0.900232
20570000 -3143.24 1.99717 0.437546 0.85 -139.599 0.900232
20580000 -3148.48 1.94179 0.437545 0.85 -139.599 0.900232
20590000 -3098.39 2.4081 0.437543 0.85 -139.599 0.900232
20600000 -3120.69 2.15996 0.437541 0.85 -139.599 0.900232
20610000 -3169.42 1.79319 0.437544 0.85 -139.599 0.900232
20620000 -3149.75 1.91036 0.437547 0.85 -139.599 0.900232
20630000 -3155.44 1.86583 0.43755 0.85 -139.599 0.900232
20640000 -3135.25 2.0873 0.43755 0.85 -139.599 0.900232
20650000 -3135.4 2.07778 0.437554 0.85 -139.599 0.900232
20660000 -3120.12 2.23764 0.437554 0.85 -139.599 0.900232
20670000 -3142.35 2.0387 0.437558 0.85 -139.599 0.900232
20680000 -3136.13 2.09934 0.437558 0.85 -139.599 0.900232
20690000 -3104.77 2.41431 0.437557 0.85 -139.599 0.900232
20700000 -3117.84 2.26746 0.437557 0.85 -139.599 0.900232
20710000 -3154.19 1.94985 0.437562 0.85 -139.599 0.900232
20720000 -3128.24 2.14547 0.437565 0.85 -139.599 0.900232
20730000 -3131.33 2.16075 0.437563 0.85 -139.599 0.900232
20740000 -3119.12 2.26097 0.437564 0.85 -139.599 0.900232
20750000 -3142.97 1.99948 0.437566 0.85 -139.599 0.900232
20760000 -3113.11 2.25379 0.437564 0.85 -139.599 0.900232
20770000 -3133.7 2.084 0.437566 0.85 -139.599 0.900232
20780000 -3154.99 1.84136 0.437565 0.85 -139.599 0.900232
20790000 -3112.42 2.35314 0.43757 0.85 -139.599 0.900232
20800000 -3120.79 2.17921 0.437569 0.85 -139.599 0.900232
20810000 -3128.52 2.12384 0.43757 0.85 -139.599 0.900232
20820000 -3125.82 2.1706 0.437568 0.85 -139.599 0.900232
20830000 -3108.07 2.31593 0.437566 0.85 -139.599 0.900232
20840000 -3168.97 1.81107 0.437561 0.85 -139.599 0.900232
20850000 -3134.72 2.07994 0.437564 0.85 -139.599 0.900232
20860000 -3125.6 2.21524 0.43757 0.85 -139.599 0.900232
20870000 -3137.94 2.05575 0.437572 0.85 -139.599 0.900232
20880000 -3109.72 2.3095 0.437574 0.85 -139.599 0.900232
20890000 -3111.39 2.30752 0.437576 0.85 -139.599 0.900232
20900000 -3125.68 2.19675 0.437576 0.85 -139.599 0.900232
20910000 -3145.22 2.00199 0.437578 0.85 -139.599 0.900232
20920000 -3089.38 2.50452 0.43758 0.85 -139.599 0.900232
20930000 -3121.85 2.24986 0.437579 0.85 -139.599 0.900232
20940000 -3124.96 2.206 0.437583 0.85 -139.599 0.900232
20950000 -3142.9 2.09494 0.437583 0.85 -139.599 0.900232
20960000 -3112.88 2.31497 0.43758 0.85 -139.599 0.900232
20970000 -3081.99 2.69941 0.43758 0.85 -139.599 0.900232
20980000 -3079.09 2.69111 0.437578 0.85 -139.599 0.900232
20990000 -3121.08 2.27226 0.437583 0.85 -139.599 0.900232
21000000 -3099.73 2.45228 0.437581 0.85 -139.599 0.900232
21010000 -3079.56 2.65491 0.437577 0.85 -139.599 0.900232
21020000 -3079.89 2.62625 0.437573 0.85 -139.599 0.900232
21030000 -3054 2.88529 0.437569 0.85 -139.599 0.900232
21040000 -3102.13 2.46793 0.437566 0.85 -139.599 0.900232
21050000 -3090.07 2.5195 0.437564 0.85 -139.599 0.900232
21060000 -3144.29 1.96793 0.437562 0.85 -139.599 0.900232
21070000 -3114.08 2.28207 0.437564 0.85 -139.599 0.900232
21080000 -3122.43 2.20981 0.437565 0.85 -139.599 0.900232
21090000 -3106.95 2.34575 0.437565 0.85 -139.599 0.900232
21100000 -3109.18 2.34069 0.437568 0.85 -139.599 0.900232
21110000 -3133.31 2.01925 0.437566 0.85 -139.599 0.900232
21120000 -3157.89 1.79452 0.437567 0.85 -139.599 0.900232
21130000 -3132.68 2.06516 0.437567 0.85 -139.599 0.900232
21140000 -3143.12 1.94173 0.437569 0.85 -139.599 0.900232
21150000 -3128.84 2.22457 0.437571 0.85 -139.599 0.900232
21160000 -3106.03 2.39245 0.437576 0.85 -139.599 0.900232
21170000 -3116.38 2.26626 0.437575 0.85 -139.599 0.900232
21180000 -3110.31 2.37638 0.437572 0.85 -139.599 0.900232
21190000 -3145.25 2.06914 0.437575 0.85 -139.599 0.900232
21200000 -3129.56 2.1714 0.437578 0.85 -139.599 0.900232
21210000 -3139.52 2.07286 0.437576 0.85 -139.599 0.900232
21220000 -3103.56 2.42229 0.437577 0.85 -139.599 0.900232
21230000 -3154.6 1.84851 0.437575 0.85 -139.599 0.900232
21240000 -3096.33 2.50433 0.437574 0.85 -139.599 0.900232
21250000 -3094.58 2.47004 0.437576 0.85 -139.599 0.900232
21260000 -3106.36 2.43016 0.437579 0.85 -139.599 0.900232
21270000 -3113.8 2.24929 0.437576 0.85 -139.599 0.900232
21280000 -3122.15 2.22362 0.437577 0.85 -139.599 0.900232
21290000 -3111.66 2.31228 0.437577 0.85 -139.599 0.900232
21300000 -3114.13 2.32563 0.43758 0.85 -139.599 0.900232
21310000 -3130.68 2.17197 0.437578 0.85 -139.599 0.900232
21320000 -3098.05 2.50416 0.437576 0.85 -139.599 0.900232
21330000 -3124.69 2.19483 0.437573 0.85 -139.599 0.900232
21340000 -3112.36 2.31489 0.437576 0.85 -139.599 0.900232
21350000 -3126.64 2.1675 0.437576 0.85 -139.599 0.900232
21360000 -3137.88 2.07178 0.437575 0.85 -139.599 0.900232
21370000 -3116.45 2.2651 0.43757 0.85 -139.599 0.900232
21380000 -3138.84 2.07006 0.437572 0.85 -139.599 0.900232
21390000 -3124.46 2.19616 0.437576 0.85 -139.599 0.900232
21400000 -3131.27 2.16007 0.437578 0.85 -139.599 0.900232
21410000 -3141.6 2.00915 0.437582 0.85 -139.599 0.900232
21420000 -3124.96 2.18267 0.437581 0.85 -139.599 0.900232
21430000 -3145.53 2.06 0.437581 0.85 -139.599 0.900232
21440000 -3132.56 2.18494 0.437583 0.85 -139.599 0.900232
21450000 -3117.77 2.21799 0.437582 0.85 -139.599 0.900232
21460000 -3139.86 2.03123 0.437584 0.85 -139.599 0.900232
21470000 -3084.87 2.56263 0.437583 0.85 -139.599 0.900232
21480000 -3143.09 2.03824 0.437584 0.85 -139.599 0.900232
21490000 -3107.21 2.34722 0.437585 0.85 -139.599 0.900232
21500000 -3108.95 2.39549 0.437584 0.85 -139.599 0.900232
21510000 -3101.16 2.4116 0.437585 0.85 -139.599 0.900232
21520000 -3140.21 2.02041 0.437581 0.85 -139.599 0.900232
21530000 -3133.13 2.15351 0.437583 0.85 -139.599 0.900232
21540000 -3109.4 2.31829 0.437583 0.85 -139.599 0.900232
21550000 -3107.93 2.36848 0.437587 0.85 -139.599 0.900232
21560000 -3085.73 2.52455 0.437589 0.85 -139.599 0.900232
21570000 -3102.89 2.40927 0.437587 0.85 -139.599 0.900232
21580000 -3144.51 2.07689 0.43759 0.85 -139.599 0.900232
21590000 -3141.92 1.94059 0.437587 0.85 -139.599 0.900232
21600000 -3137.4 2.03641 0.437586 0.85 -139.599 0.900232
21610000 -3136.16 2.03198 0.43759 0.85 -139.599 0.900232
21620000 -3111.17 2.32034 0.437591 0.85 -139.599 0.900232
21630000 -3077.66 2.65186 0.437592 0.85 -139.599 0.900232
21640000 -3105.6 2.35423 0.437592 0.85 -139.599 0.900232
21650000 -3119.23 2.28373 0.437591 0.85 -139.599 0.900232
21660000 -3095.93 2.46695 0.437587 0.85 -139.599 0.900232
21670000 -3101.84 2.36023 0.437589 0.85 -139.599 0.900232
21680000 -3109.8 2.35608 0.437589 0.85 -139.599 0.900232
21690000 -3128.5 2.13497 0.437588 0.85 -139.599 0.900232
21700000 -3158.9 1.88062 0.437587 0.85 -139.599 0.900232
21710000 -3161.99 1.82303 0.437588 0.85 -139.599 0.900232
21720000 -3126.99 2.1829 0.437587 0.85 -139.599 0.900232
21730000 -3130.37 2.10318 0.43759 0.85 -139.599 0.900232
21740000 -3132.32 2.05848 0.437595 0.85 -139.599 0.900232
21750000 -3128.45 2.16115 0.437599 0.85 -139.599 0.900232
21760000 -3153.12 1.86165 0.437596 0.85 -139.599 0.900232
21770000 -3102.59 2.36929 0.4376 0.85 -139.599 0.900232
21780000 -3113.37 2.26996 0.4376 0.85 -139.599 0.900232
21790000 -3100.9 2.43921 0.437602 0.85 -139.599 0.900232
21800000 -3096.88 2.50759 0.437605 0.85 -139.599 0.900232
21810000 -3136.66 2.13862 0.437607 0.85 -139.599 0.900232
21820000 -3099.94 2.48269 0.43761 0.85 -139.599 0.900232
21830000 -3129.3 2.316 0.437608 0.85 -139.599 0.900232
21840000 -3091.42 2.51428 0.437607 0.85 -139.599 0.900232
21850000 -3142.28 2.07528 0.437608 0.85 -139.599 0.900232
21860000 -3125.85 2.26016 0.437606 0.85 -139.599 0.900232
21870000 -3129.59 2.11611 0.437603 0.85 -139.599 0.900232
21880000 -3076 2.60795 0.437606 0.85 -139.599 0.900232
21890000 -3101.64 2.41375 0.437609 0.85 -139.599 0.900232
21900000 -3118.57 2.27247 0.437608 0.85 -139.599 0.900232
21910000 -3140.3 2.05643 0.437606 0.85 -139.599 0.900232
21920000 -3114.07 2.26117 0.437608 0.85 -139.599 0.900232
21930000 -3121.46 2.26104 0.437605 0.85 -139.599 0.900232
21940000 -3158.68 1.81552 0.437604 0.85 -139.599 0.900232
21950000 -3118.49 2.26245 0.4376 0.85 -139.599 0.900232
21960000 -3110.51 2.38587 0.437599 0.85 -139.599 0.900232
21970000 -3120.37 2.24717 0.4376 0.85 -139.599 0.900232
21980000 -3109.34 2.3241 0.437595 0.85 -139.599 0.900232
21990000 -3098.42 2.38826 0.437592 0.85 -139.599 0.900232
22000000 -3130.72 2.15724 0.437585 0.85 -139.599 0.900232
22010000 -3097.71 2.46644 0.437585 0.85 -139.599 0.900232
22020000 -3134.72 2.09421 0.437587 0.85 -139.599 0.900232
22030000 -3133.8 2.09628 0.437586 0.85 -139.599 0.900232
22040000 -3142.18 2.04788 0.437587 0.85 -139.599 0.900232
22050000 -3111.81 2.29704 0.437585 0.85 -139.599 0.900232
22060000 -3126.61 2.11675 0.437582 0.85 -139.599 0.900232
22070000 -3113.89 2.30258 0.437579 0.85 -139.599 0.900232
22080000 -3120.84 2.24114 0.43758 0.85 -139.599 0.900232
22090000 -3139.46 2.05566 0.437577 0.85 -139.599 0.900232
22100000 -3124.68 2.25188 0.437577 0.85 -139.599 0.900232
22110000 -3128.78 2.14453 0.437578 0.85 -139.599 0.900232
22120000 -3098.31 2.40978 0.43758 0.85 -139.599 0.900232
22130000 -3070 2.70657 0.437579 0.85 -139.599 0.900232
22140000 -3139.3 2.16705 0.437577 0.85 -139.599 0.900232
22150000 -3102.55 2.47457 0.437575 0.85 -139.599 0.900232
22160000 -3069.48 2.77046 0.437574 0.85 -139.599 0.900232
22170000 -3072.37 2.71945 0.437578 0.85 -139.599 0.900232
22180000 -3118.42 2.21784 0.437575 0.85 -139.599 0.900232
22190000 -3094.15 2.48663 0.437576 0.85 -139.599 0.900232
22200000 -3078.59 2.60113 0.437579 0.85 -139.599 0.900232
22210000 -3113.25 2.38572 0.437576 0.85 -139.599 0.900232
22220000 -3065.91 2.78164 0.437575 0.85 -139.599 0.900232
22230000 -3123.33 2.2022 0.437573 0.85 -139.599 0.900232
22240000 -3106.59 2.39696 0.437574 0.85 -139.599 0.900232
22250000 -3117.94 2.3651 0.437572 0.85 -139.599 0.900232
22260000 -3123.59 2.24875 0.43757 0.85 -139.599 0.900232
22270000 -3119.31 2.29881 0.437571 0.85 -139.599 0.900232
22280000 -3123.59 2.1892 0.437571 0.85 -139.599 0.900232
22290000 -3099.67 2.42708 0.437572 0.85 -139.599 0.900232
22300000 -3107.33 2.41127 0.437568 0.85 -139.599 0.900232
22310000 -3114 2.46024 0.437569 0.85 -139.599 0.900232
22320000 -3132.63 2.22462 0.437564 0.85 -139.599 0.900232
22330000 -3084.39 2.64066 0.437562 0.85 -139.599 0.900232
22340000 -3122.68 2.21333 0.437558 0.85 -139.599 0.900232
22350000 -3077.8 2.70331 0.437555 0.85 -139.599 0.900232
22360000 -3094.83 2.52645 0.437551 0.85 -139.599 0.900232
22370000 -3071.66 2.75778 0.437547 0.85 -139.599 0.900232
22380000 -3109.98 2.35068 0.437543 0.85 -139.599 0.900232
22390000 -3163.76 1.82398 0.437541 0.85 -139.599 0.900232
22400000 -3113.99 2.27093 0.43754 0.85 -139.599 0.900232
22410000 -3116.4 2.21437 0.437541 0.85 -139.599 0.900232
22420000 -3120.98 2.19314 0.43754 0.85 -139.599 0.900232
22430000 -3128.27 2.20745 0.437539 0.85 -139.599 0.900232
22440000 -3113.57 2.29779 0.437539 0.85 -139.599 0.900232
22450000 -3152.04 1.95191 0.437536 0.85 -139.599 0.900232
22460000 -3113.16 2.29563 0.437537 0.85 -139.599 0.900232
22470000 -3112.19 2.24196 0.437539 0.85 -139.599 0.900232
22480000 -3124.3 2.18811 0.437536 0.85 -139.599 0.900232
22490000 -3122.69 2.26118 0.437536 0.85 -139.599 0.900232
22500000 -3132.29 2.12207 0.437534 0.85 -139.599 0.900232
22510000 -3156.38 1.96507 0.437534 0.85 -139.599 0.900232
22520000 -3139.61 2.08726 0.437536 0.85 -139.599 0.900232
22530000 -3163.93 1.79735 0.437538 0.85 -139.599 0.900232
22540000 -3145.55 1.98302 0.437539 0.85 -139.599 0.900232
22550000 -3112.9 2.29569 0.43754 0.85 -139.599 0.900232
22560000 -3104.53 2.39575 0.437541 0.85 -139.599 0.900232
22570000 -3123.26 2.22204 0.437542 0.85 -139.599 0.900232
22580000 -3149.59 1.89762 0.437544 0.85 -139.599 0.900232
22590000 -3178.14 1.65706 0.437546 0.85 -139.599 0.900232
22600000 -3129.45 2.14377 0.437547 0.85 -139.599 0.900232
22610000 -3092.9 2.46317 0.437551 0.85 -139.599 0.900232
22620000 -3130.6 2.06716 0.437549 0.85 -139.599 0.900232
22630000 -3110.42 2.29199 0.437552 0.85 -139.599 0.900232
22640000 -3097.02 2.39413 0.437553 0.85 -139.599 0.900232
22650000 -3079.19 2.59805 0.437553 0.85 -139.599 0.900232
22660000 -3116.01 2.28542 0.437551 0.85 -139.599 0.900232
22670000 -3098.6 2.36581 0.437549 0.85 -139.599 0.900232
22680000 -3089.14 2.52451 0.437547 0.85 -139.599 0.900232
22690000 -3133.8 2.05295 0.437547 0.85 -139.599 0.900232
22700000 -3137.28 2.04314 0.437544 0.85 -139.599 0.900232
22710000 -3106.32 2.38101 0.437543 0.85 -139.599 0.900232
22720000 -3105.5 2.44693 0.437544 0.85 -139.599 0.900232
22730000 -3118.1 2.31885 0.437543 0.85 -139.599 0.900232
22740000 -3126.91 2.14743 0.437543 0.85 -139.599 0.900232
22750000 -3106.36 2.3599 0.437541 0.85 -139.599 0.900232
22760000 -3109.51 2.36375 0.437539 0.85 -139.599 0.900232
22770000 -3103.48 2.45063 0.437537 0.85 -139.599 0.900232
22780000 -3125.72 2.19399 0.43754 0.85 -139.599 0.900232
22790000 -3128.64 2.18802 0.437534 0.85 -139.599 0.900232
22800000 -3108.35 2.42092 0.437535 0.85 -139.599 0.900232
22810000 -3123.18 2.24207 0.437538 0.85 -139.599 0.900232
22820000 -3102.53 2.48234 0.437537 0.85 -139.599 0.900232
22830000 -3129.81 2.16728 0.437538 0.85 -139.599 0.900232
22840000 -3121.34 2.24171 0.437538 0.85 -139.599 0.900232
22850000 -3132.46 1.99292 0.437539 0.85 -139.599 0.900232
22860000 -3138.67 2.04254 0.43754 0.85 -139.599 0.900232
22870000 -3111.45 2.31927 0.437538 0.85 -139.599 0.900232
22880000 -3124.35 2.12414 0.437542 0.85 -139.599 0.900232
22890000 -3124.35 2.19956 0.437544 0.85 -139.599 0.900232
22900000 -3083.64 2.56521 0.437546 0.85 -139.599 0.900232
22910000 -3108.55 2.23213 0.437551 0.85 -139.599 0.900232
22920000 -3141.16 1.98363 0.437554 0.85 -139.599 0.900232
22930000 -3141.09 2.00593 0.437557 0.85 -139.599 0.900232
22940000 -3137.44 2.00854 0.437559 0.85 -139.599 0.900232
22950000 -3168.61 1.71436 0.437559 0.85 -139.599 0.900232
22960000 -3108.36 2.38023 0.43756 0.85 -139.599 0.900232
22970000 -3137.44 2.09438 0.437559 0.85 -139.599 0.900232
22980000 -3133.46 2.11853 0.437559 0.85 -139.599 0.900232
22990000 -3121.14 2.22505 0.437559 0.85 -139.599 0.900232
23000000 -3144.55 1.97325 0.437561 0.85 -139.599 0.900232
23010000 -3115.96 2.29071 0.43756 0.85 -139.599 0.900232
23020000 -3123.02 2.13842 0.437559 0.85 -139.599 0.900232
23030000 -3105.02 2.36263 0.437561 0.85 -139.599 0.900232
23040000 -3172.98 1.68413 0.437563 0.85 -139.599 0.900232
23050000 -3140.67 2.01875 0.437565 0.85 -139.599 0.900232
23060000 -3127.51 2.21164 0.437566 0.85 -139.599 0.900232
23070000 -3175.74 1.68263 0.437572 0.85 -139.599 0.900232
23080000 -3144.87 1.95132 0.437576 0.85 -139.599 0.900232
23090000 -3125.36 2.15914 0.437578 0.85 -139.599 0.900232
23100000 -3161.8 1.79118 0.437588 0.85 -139.599 0.900232
23110000 -3131.38 2.06165 0.43759 0.85 -139.599 0.900232
23120000 -3153.33 1.97095 0.43759 0.85 -139.599 0.900232
23130000 -3121.01 2.19706 0.437593 0.85 -139.599 0.900232
23140000 -3135 2.08673 0.437593 0.85 -139.599 0.900232
23150000 -3174.94 1.6521 0.437595 0.85 -139.599 0.900232
23160000 -3141 2.00614 0.437599 0.85 -139.599 0.900232
23170000 -3120.27 2.24436 0.437599 0.85 -139.599 0.900232
23180000 -3113.24 2.31406 0.437597 0.85 -139.599 0.900232
23190000 -3151.58 1.96447 0.437598 0.85 -139.599 0.900232
23200000 -3125.12 2.15628 0.437604 0.85 -139.599 0.900232
23210000 -3130.98 2.11847 0.437607 0.85 -139.599 0.900232
23220000 -3135.03 1.98058 0.437606 0.85 -139.599 0.900232
23230000 -3125.59 2.11076 0.43761 0.85 -139.599 0.900232
23240000 -3140.1 1.99568 0.437613 0.85 -139.599 0.900232
23250000 -3098.59 2.42818 0.437615 0.85 -139.599 0.900232
23260000 -3115.92 2.29455 0.437617 0.85 -139.599 0.900232
23270000 -3119.3 2.29105 0.437615 0.85 -139.599 0.900232
23280000 -3130.44 2.13148 0.437615 0.85 -139.599 0.900232
23290000 -3149.41 1.87242 0.437616 0.85 -139.599 0.900232
23300000 -3090.53 2.47281 0.437616 0.85 -139.599 0.900232
23310000 -3115.48 2.2226 0.437616 0.85 -139.599 0.900232
23320000 -3088.43 2.58355 0.437615 0.85 -139.599 0.900232
23330000 -3132.07 2.12033 0.437618 0.85 -139.599 0.900232
23340000 -3111.53 2.28849 0.437616 0.85 -139.599 0.900232
23350000 -3130.02 2.08425 0.437615 0.85 -139.599 0.900232
23360000 -3122.54 2.21842 0.437617 0.85 -139.599 0.900232
23370000 -3120.71 2.17818 0.437619 0.85 -139.599 0.900232
23380000 -3129.15 2.11705 0.437618 0.85 -139.599 0.900232
23390000 -3081.12 2.67669 0.437617 0.85 -139.599 0.900232
23400000 -3124.43 2.18877 0.437615 0.85 -139.599 0.900232
23410000 -3101.78 2.47136 0.43762 0.85 -139.599 0.900232
23420000 -3118.4 2.33611 0.437621 0.85 -139.599 0.900232
23430000 -3133.74 2.1008 0.43762 0.85 -139.599 0.900232
23440000 -3123.15 2.2049 0.437619 0.85 -139.599 0.900232
23450000 -3132.21 2.12087 0.437623 0.85 -139.599 0.900232
23460000 -3141.86 2.05668 0.43762 0.85 -139.599 0.900232
23470000 -3112.52 2.25303 0.437624 0.85 -139.599 0.900232
23480000 -3100.59 2.47633 0.437621 0.85 -139.599 0.900232
23490000 -3141.84 1.99564 0.43762 0.85 -139.599 0.900232
23500000 -3129.61 2.11013 0.437618 0.85 -139.599 0.900232
23510000 -3144.27 1.97213 0.43762 0.85 -139.599 0.900232
23520000 -3104.71 2.34301 0.437618 0.85 -139.599 0.900232
23530000 -3128.13 2.17258 0.437625 0.85 -139.599 0.900232
23540000 -3145.6 2.0277 0.437624 0.85 -139.599 0.900232
23550000 -3135.31 2.103 0.437624 0.85 -139.599 0.900232
23560000 -3124.56 2.25885 0.437624 0.85 -139.599 0.900232
23570000 -3114.56 2.29107 0.437623 0.85 -139.599 0.900232
23580000 -3127.23 2.19482 0.437627 0.85 -139.599 0.900232
23590000 -3145.44 1.99463 0.437632 0.85 -139.599 0.900232
23600000 -3124.39 2.23915 0.437631 0.85 -139.599 0.900232
23610000 -3087.34 2.52504 0.437632 0.85 -139.599 0.900232
23620000 -3145.86 2.0272 0.437631 0.85 -139.599 0.900232
23630000 -3107.64 2.40766 0.437627 0.85 -139.599 0.900232
23640000 -3170.62 1.78246 0.437627 0.85 -139.599 0.900232
23650000 -3130.29 2.16972 0.437626 0.85 -139.599 0.900232
23660000 -3103.72 2.40264 0.437626 0.85 -139.599 0.900232
23670000 -3122.27 2.14974 0.437624 0.85 -139.599 0.900232
23680000 -3096.05 2.50879 0.437624 0.85 -139.599 0.900232
23690000 -3094.34 2.50739 0.437623 0.85 -139.599 0.900232
23700000 -3106.19 2.42209 0.437622 0.85 -139.599 0.900232
23710000 -3076.94 2.63078 0.437622 0.85 -139.599 0.900232
23720000 -3083.46 2.7197 0.437622 0.85 -139.599 0.900232
23730000 -3111.49 2.47579 0.437619 0.85 -139.599 0.900232
23740000 -3120.87 2.24342 0.437618 0.85 -139.599 0.900232
23750000 -3145.36 1.98267 0.437616 0.85 -139.599 0.900232
23760000 -3165.18 1.77609 0.437619 0.85 -139.599 0.900232
23770000 -3126.69 2.16182 0.437619 0.85 -139.599 0.900232
23780000 -3160.86 1.80919 0.43762 0.85 -139.599 0.900232
23790000 -3117.34 2.28709 0.437623 0.85 -139.599 0.900232
23800000 -3093.69 2.52394 0.437624 0.85 -139.599 0.900232
23810000 -3138.97 2.04919 0.437627 0.85 -139.599 0.900232
23820000 -3126.67 2.17923 0.43763 0.85 -139.599 0.900232
23830000 -3113.73 2.28966 0.437627 0.85 -139.599 0.900232
23840000 -3105.76 2.38002 0.437626 0.85 -139.599 0.900232
23850000 -3140.32 2.07725 0.437627 0.85 -139.599 0.900232
23860000 -3107.31 2.43285 0.437626 0.85 -139.599 0.900232
23870000 -3117.85 2.28169 0.437625 0.85 -139.599 0.900232
23880000 -3134.13 2.1705 0.437627 0.85 -139.599 0.900232
23890000 -3150.47 1.99281 0.437628 0.85 -139.599 0.900232
23900000 -3142.77 2.07769 0.437626 0.85 -139.599 0.900232
23910000 -3137.1 2.10889 0.437623 0.85 -139.599 0.900232
23920000 -3134.98 2.1951 0.437624 0.85 -139.599 0.900232
23930000 -3122.31 2.21832 0.437628 0.85 -139.599 0.900232
23940000 -3121.99 2.26257 0.437625 0.85 -139.599 0.900232
23950000 -3119.41 2.23418 0.437624 0.85 -139.599 0.900232
23960000 -3135.73 2.0807 0.437627 0.85 -139.599 0.900232
23970000 -3156.01 1.82037 0.437632 0.85 -139.599 0.900232
23980000 -3104.19 2.39793 0.437631 0.85 -139.599 0.900232
23990000 -3084.46 2.64862 0.437631 0.85 -139.599 0.900232
24000000 -3101.32 2.46198 0.437629 0.85 -139.599 0.900232
24010000 -3168.96 1.76617 0.437625 0.85 -139.599 0.900232
24020000 -3103.49 2.47308 0.437623 0.85 -139.599 0.900232
24030000 -3101.06 2.41899 0.437626 0.85 -139.599 0.900232
24040000 -3109.05 2.40365 0.437623 0.85 -139.599 0.900232
24050000 -3151.99 1.91552 0.437628 0.85 -139.599 0.900232
24060000 -3136.62 2.11409 0.437628 0.85 -139.599 0.900232
24070000 -3135.47 2.04477 0.437625 0.85 -139.599 0.900232
24080000 -3156.51 1.87996 0.437626 0.85 -139.599 0.900232
24090000 -3099.82 2.46606 0.437628 0.85 -139.599 0.900232
24100000 -3152.57 1.94948 0.437628 0.85 -139.599 0.900232
24110000 -3108.63 2.33957 0.437625 0.85 -139.599 0.900232
24120000 -3125.94 2.2092 0.437626 0.85 -139.599 0.900232
24130000 -3121.04 2.23939 0.437628 0.85 -139.599 0.900232
24140000 -3113.99 2.33107 0.437628 0.85 -139.599 0.900232
24150000 -3113.06 2.2743 0.437625 0.85 -139.599 0.900232
24160000 -3088.27 2.52786 0.437625 0.85 -139.599 0.900232
24170000 -3094.05 2.48778 0.437623 0.85 -139.599 0.900232
24180000 -3145.45 1.99044 0.437624 0.85 -139.599 0.900232
24190000 -3089.77 2.51779 0.437626 0.85 -139.599 0.900232
24200000 -3110.94 2.38016 0.437626 0.85 -139.599 0.900232
24210000 -3078.07 2.66332 0.437626 0.85 -139.599 0.900232
24220000 -3114.47 2.29775 0.437625 0.85 -139.599 0.900232
24230000 -3124.5 2.27634 0.437624 0.85 -139.599 0.900232
24240000 -3098.02 2.49583 0.437626 0.85 -139.599 0.900232
24250000 -3065.29 2.7476 0.437624 0.85 -139.599 0.900232
24260000 -3133.29 2.10524 0.437625 0.85 -139.599 0.900232
24270000 -3114.91 2.31784 0.437625 0.85 -139.599 0.900232
24280000 -3127.59 2.22235 0.437624 0.85 -139.599 0.900232
24290000 -3139.26 2.08829 0.437623 0.85 -139.599 0.900232
24300000 -3109.46 2.30548 0.437624 0.85 -139.599 0.900232
24310000 -3088.46 2.52409 0.437622 0.85 -139.599 0.900232
24320000 -3130.29 2.16006 0.437625 0.85 -139.599 0.900232
24330000 -3088.09 2.61794 0.437623 0.85 -139.599 0.900232
24340000 -3101.05 2.41927 0.437617 0.85 -139.599 0.900232
24350000 -3104.27 2.38051 0.437614 0.85 -139.599 0.900232
24360000 -3096.84 2.48511 0.437611 0.85 -139.599 0.900232
24370000 -3103.58 2.45246 0.437609 0.85 -139.599 0.900232
24380000 -3138.6 2.10866 0.437605 0.85 -139.599 0.900232
24390000 -3128.64 2.15533 0.437604 0.85 -139.599 0.900232
24400000 -3131.87 2.20289 0.437607 0.85 -139.599 0.900232
24410000 -3095.62 2.39986 0.437604 0.85 -139.599 0.900232
24420000 -3092.68 2.48753 0.437602 0.85 -139.599 0.900232
24430000 -3131.18 2.06722 0.437602 0.85 -139.599 0.900232
24440000 -3085.78 2.49284 0.437598 0.85 -139.599 0.900232
24450000 -3107 2.3406 0.437598 0.85 -139.599 0.900232
24460000 -3131.94 2.11943 0.437595 0.85 -139.599 0.900232
24470000 -3129.38 2.07996 0.437593 0.85 -139.599 0.900232
24480000 -3127.06 2.18172 0.437595 0.85 -139.599 0.900232
24490000 -3112.17 2.30861 0.437593 0.85 -139.599 0.900232
24500000 -3101.59 2.42696 0.437594 0.85 -139.599 0.900232
24510000 -3109.41 2.36118 0.437597 0.85 -139.599 0.900232
24520000 -3108.4 2.40482 0.437595 0.85 -139.599 0.900232
24530000 -3098.29 2.47774 0.437595 0.85 -139.599 0.900232
24540000 -3146.48 1.9905 0.437596 0.85 -139.599 0.900232
24550000 -3124.53 2.16857 0.437597 0.85 -139.599 0.900232
24560000 -3100.07 2.37951 0.437596 0.85 -139.599 0.900232
24570000 -3130.38 2.14338 0.437596 0.85 -139.599 0.900232
24580000 -3123.69 2.26129 0.437595 0.85 -139.599 0.900232
24590000 -3089.49 2.57555 0.437595 0.85 -139.599 0.900232
24600000 -3107 2.32314 0.437595 0.85 -139.599 0.900232
24610000 -3076.12 2.5939 0.437598 0.85 -139.599 0.900232
24620000 -3125.04 2.25195 0.437596 0.85 -139.599 0.900232
24630000 -3109.89 2.35728 0.437598 0.85 -139.599 0.900232
24640000 -3093.29 2.56802 0.437592 0.85 -139.599 0.900232
24650000 -3122.04 2.26403 0.437592 0.85 -139.599 0.900232
24660000 -3127.44 2.21663 0.437591 0.85 -139.599 0.900232
24670000 -3113.45 2.34218 0.43759 0.85 -139.599 0.900232
24680000 -3143.95 2.02932 0.437591 0.85 -139.599 0.900232
24690000 -3129.62 2.18571 0.437587 0.85 -139.599 0.900232
24700000 -3136.24 2.12865 0.43759 0.85 -139.599 0.900232
24710000 -3100.7 2.43017 0.437589 0.85 -139.599 0.900232
24720000 -3111.06 2.33125 0.437587 0.85 -139.599 0.900232
24730000 -3120.98 2.21764 0.437589 0.85 -139.599 0.900232
24740000 -3081.6 2.66898 0.437592 0.85 -139.599 0.900232
24750000 -3114.58 2.29202 0.437591 0.85 -139.599 0.900232
24760000 -3111.44 2.35746 0.437589 0.85 -139.599 0.900232
24770000 -3124.44 2.23602 0.437587 0.85 -139.599 0.900232
24780000 -3134.57 2.13089 0.437589 0.85 -139.599 0.900232
24790000 -3105.55 2.39408 0.437585 0.85 -139.599 0.900232
24800000 -3112.54 2.2955 0.437584 0.85 -139.599 0.900232
24810000 -3097.73 2.50845 0.437586 0.85 -139.599 0.900232
24820000 -3108.63 2.32206 0.437582 0.85 -139.599 0.900232
24830000 -3126.05 2.10385 0.437581 0.85 -139.599 0.900232
24840000 -3116.46 2.23988 0.43758 0.85 -139.599 0.900232
24850000 -3107.82 2.44194 0.437579 0.85 -139.599 0.900232
24860000 -3095.18 2.49172 0.437579 0.85 -139.599 0.900232
24870000 -3074.05 2.80496 0.437581 0.85 -139.599 0.900232
24880000 -3085.99 2.58773 0.437577 0.85 -139.599 0.900232
24890000 -3106.82 2.35192 0.437573 0.85 -139.599 0.900232
24900000 -3101.05 2.43352 0.437568 0.85 -139.599 0.900232
24910000 -3128.09 2.13869 0.437561 0.85 -139.599 0.900232
24920000 -3083.08 2.61667 0.437559 0.85 -139.599 0.900232
24930000 -3102.98 2.44262 0.437558 0.85 -139.599 0.900232
24940000 -3108.22 2.34641 0.437559 0.85 -139.599 0.900232
24950000 -3101.72 2.3767 0.437561 0.85 -139.599 0.900232
24960000 -3095.18 2.52882 0.43756 0.85 -139.599 0.900232
24970000 -3147.69 1.95065 0.437559 0.85 -139.599 0.900232
24980000 -3069.36 2.72592 0.437561 0.85 -139.599 0.900232
24990000 -3154.59 1.83184 0.437566 0.85 -139.599 0.900232
25000000 -3156.97 1.92801 0.43757 0.85 -139.599 0.900232
25010000 -3152.03 1.96357 0.437568 0.85 -139.599 0.900232
25020000 -3122.12 2.19076 0.43757 0.85 -139.599 0.900232
25030000 -3132.99 2.04693 0.43757 0.85 -139.599 0.900232
25040000 -3148.47 1.97796 0.437568 0.85 -139.599 0.900232
25050000 -3111.26 2.36047 0.437569 0.85 -139.599 0.900232
25060000 -3099.5 2.46325 0.437572 0.85 -139.599 0.900232
25070000 -3122.35 2.24182 0.437574 0.85 -139.599 0.900232
25080000 -3100.28 2.39251 0.437572 0.85 -139.599 0.900232
25090000 -3122.44 2.18702 0.437574 0.85 -139.599 0.900232
25100000 -3149.73 1.97795 0.437573 0.85 -139.599 0.900232
25110000 -3101.73 2.42224 0.437573 0.85 -139.599 0.900232
25120000 -3098.65 2.49329 0.437574 0.85 -139.599 0.900232
25130000 -3112.43 2.24621 0.437576 0.85 -139.599 0.900232
25140000 -3121.99 2.15638 0.437572 0.85 -139.599 0.900232
25150000 -3149.1 1.97707 0.437575 0.85 -139.599 0.900232
25160000 -3146.42 1.93407 0.437578 0.85 -139.599 0.900232
25170000 -3105 2.39707 0.437577 0.85 -139.599 0.900232
25180000 -3144.28 1.96385 0.437577 0.85 -139.599 0.900232
25190000 -3086.94 2.50813 0.437578 0.85 -139.599 0.900232
25200000 -3116.93 2.24595 0.437578 0.85 -139.599 0.900232
25210000 -3098.06 2.39532 0.43758 0.85 -139.599 0.900232
25220000 -3116.79 2.18452 0.43758 0.85 -139.599 0.900232
25230000 -3144.67 1.94026 0.437582 0.85 -139.599 0.900232
25240000 -3117.96 2.24634 0.437584 0.85 -139.599 0.900232
25250000 -3132.62 2.10364 0.437587 0.85 -139.599 0.900232
25260000 -3137.4 2.04775 0.437589 0.85 -139.599 0.900232
25270000 -3136.01 2.05974 0.437584 0.85 -139.599 0.900232
25280000 -3123.37 2.10506 0.437589 0.85 -139.599 0.900232
25290000 -3129.16 2.08851 0.437593 0.85 -139.599 0.900232
25300000 -3111.56 2.30174 0.437589 0.85 -139.599 0.900232
25310000 -3123.22 2.17939 0.437592 0.85 -139.599 0.900232
25320000 -3107.23 2.32088 0.437588 0.85 -139.599 0.900232
25330000 -3118.9 2.25427 0.437588 0.85 -139.599 0.900232
25340000 -3129.52 2.17337 0.437586 0.85 -139.599 0.900232
25350000 -3087.7 2.56344 0.437587 0.85 -139.599 0.900232
25360000 -3121.06 2.21128 0.437585 0.85 -139.599 0.900232
25370000 -3101.97 2.44445 0.437585 0.85 -139.599 0.900232
25380000 -3144.79 1.99094 0.437585 0.85 -139.599 0.900232
25390000 -3124.13 2.1781 0.437585 0.85 -139.599 0.900232
25400000 -3120.46 2.22072 0.437586 0.85 -139.599 0.900232
25410000 -3155.25 1.85542 0.437588 0.85 -139.599 0.900232
25420000 -3136.47 2.08497 0.437588 0.85 -139.599 0.900232
25430000 -3139.76 2.00652 0.437591 0.85 -139.599 0.900232
25440000 -3155.77 1.8817 0.437589 0.85 -139.599 0.900232
25450000 -3118 2.2798 0.437588 0.85 -139.599 0.900232
25460000 -3137.77 2.07816 0.437588 0.85 -139.599 0.900232
25470000 -3154.52 1.88863 0.437588 0.85 -139.599 0.900232
25480000 -3159.86 1.93144 0.437591 0.85 -139.599 0.900232
25490000 -3135.53 2.05288 0.43759 0.85 -139.599 0.900232
25500000 -3125.33 2.11513 0.437591 0.85 -139.599 0.900232
25510000 -3104.34 2.36596 0.437591 0.85 -139.599 0.900232
25520000 -3119.5 2.22216 0.437588 0.85 -139.599 0.900232
25530000 -3085.03 2.59309 0.437586 0.85 -139.599 0.900232
25540000 -3105.49 2.38335 0.437586 0.85 -139.599 0.900232
25550000 -3124.4 2.15118 0.437588 0.85 -139.599 0.900232
25560000 -3107.85 2.39513 0.437586 0.85 -139.599 0.900232
25570000 -3114.94 2.3059 0.437588 0.85 -139.599 0.900232
25580000 -3141.1 2.03631 0.437589 0.85 -139.599 0.900232
25590000 -3139.39 2.06227 0.437595 0.85 -139.599 0.900232
25600000 -3144.39 2.02098 0.437594 0.85 -139.599 0.900232
25610000 -3116.77 2.33125 0.437593 0.85 -139.599 0.900232
25620000 -3099.65 2.42529 0.437595 0.85 -139.599 0.900232
25630000 -3133.38 2.13138 0.437596 0.85 -139.599 0.900232
25640000 -3107.92 2.42609 0.43759 0.85 -139.599 0.900232
25650000 -3117.95 2.23439 0.437587 0.85 -139.599 0.900232
25660000 -3138.73 2.08366 0.43759 0.85 -139.599 0.900232
25670000 -3120.85 2.24843 0.437594 0.85 -139.599 0.900232
25680000 -3163.95 1.82929 0.437596 0.85 -139.599 0.900232
25690000 -3103.83 2.37209 0.437597 0.85 -139.599 0.900232
25700000 -3149.05 1.93465 0.437594 0.85 -139.599 0.900232
25710000 -3122.91 2.19993 0.437592 0.85 -139.599 0.900232
25720000 -3106.99 2.41406 0.437592 0.85 -139.599 0.900232
25730000 -3133.11 2.15421 0.437598 0.85 -139.599 0.900232
25740000 -3121.24 2.20427 0.4376 0.85 -139.599 0.900232
25750000 -3123.97 2.18469 0.437598 0.85 -139.599 0.900232
25760000 -3098.15 2.53494 0.437597 0.85 -139.599 0.900232
25770000 -3152.55 1.96511 0.437594 0.85 -139.599 0.900232
25780000 -3113.23 2.29908 0.437596 0.85 -139.599 0.900232
25790000 -3143.52 2.01586 0.437593 0.85 -139.599 0.900232
25800000 -3137.03 2.09036 0.43759 0.85 -139.599 0.900232
25810000 -3130.52 2.19718 0.437594 0.85 -139.599 0.900232
25820000 -3107.16 2.35818 0.437595 0.85 -139.599 0.900232
25830000 -3141.7 2.03283 0.437593 0.85 -139.599 0.900232
25840000 -3160.2 1.77412 0.437591 0.85 -139.599 0.900232
25850000 -3138.96 2.01687 0.437594 0.85 -139.599 0.900232
25860000 -3139.74 2.11178 0.437595 0.85 -139.599 0.900232
25870000 -3103.93 2.4534 0.437598 0.85 -139.599 0.900232
25880000 -3129.19 2.2148 0.437599 0.85 -139.599 0.900232
25890000 -3123.73 2.23087 0.437601 0.85 -139.599 0.900232
25900000 -3154.71 1.9275 0.437599 0.85 -139.599 0.900232
25910000 -3140.07 2.03497 0.437603 0.85 -139.599 0.900232
25920000 -3127.01 2.23238 0.4376 0.85 -139.599 0.900232
25930000 -3137.17 2.00072 0.437602 0.85 -139.599 0.900232
25940000 -3109.77 2.2476 0.437602 0.85 -139.599 0.900232
25950000 -3089.61 2.55463 0.437606 0.85 -139.599 0.900232
25960000 -3070.99 2.68334 0.437606 0.85 -139.599 0.900232
25970000 -3120.15 2.18538 0.437609 0.85 -139.599 0.900232
25980000 -3151.93 1.94362 0.437611 0.85 -139.599 0.900232
25990000 -3142.31 1.99991 0.437612 0.85 -139.599 0.900232
26000000 -3098.77 2.48768 0.437611 0.85 -139.599 0.900232
26010000 -3134.43 2.14391 0.437607 0.85 -139.599 0.900232
26020000 -3099.93 2.44609 0.437608 0.85 -139.599 0.900232
26030000 -3155.31 1.95733 0.437607 0.85 -139.599 0.900232
26040000 -3132.51 2.15593 0.437604 0.85 -139.599 0.900232
26050000 -3102.72 2.47932 0.437602 0.85 -139.599 0.900232
26060000 -3120.07 2.30201 0.437601 0.85 -139.599 0.900232
26070000 -3127.47 2.23252 0.437601 0.85 -139.599 0.900232
26080000 -3126.99 2.2386 0.437602 0.85 -139.599 0.900232
26090000 -3154.05 1.89916 0.4376 0.85 -139.599 0.900232
26100000 -3139.94 2.11875 0.437596 0.85 -139.599 0.900232
26110000 -3131.09 2.13333 0.437594 0.85 -139.599 0.900232
26120000 -3124.58 2.29209 0.437596 0.85 -139.599 0.900232
26130000 -3128.88 2.14023 0.437597 0.85 -139.599 0.900232
26140000 -3132.26 2.16529 0.437599 0.85 -139.599 0.900232
26150000 -3155.36 1.93032 0.437597 0.85 -139.599 0.900232
26160000 -3106.41 2.34436 0.437601 0.85 -139.599 0.900232
26170000 -3097.86 2.42185 0.437602 0.85 -139.599 0.900232
26180000 -3120.87 2.16728 0.4376 0.85 -139.599 0.900232
26190000 -3125.61 2.16534 0.437602 0.85 -139.599 0.900232
26200000 -3116.98 2.20594 0.437601 0.85 -139.599 0.900232
26210000 -3120.36 2.25154 0.437601 0.85 -139.599 0.900232
26220000 -3102.33 2.41758 0.437598 0.85 -139.599 0.900232
26230000 -3143.19 2.00018 0.437598 0.85 -139.599 0.900232
26240000 -3135.74 2.05355 0.437596 0.85 -139.599 0.900232
26250000 -3141.91 1.98557 0.437594 0.85 -139.599 0.900232
26260000 -3128.94 2.08522 0.437596 0.85 -139.599 0.900232
26270000 -3141.45 2.02447 0.437598 0.85 -139.599 0.900232
26280000 -3146.87 1.90615 0.437597 0.85 -139.599 0.900232
26290000 -3116.17 2.26276 0.437596 0.85 -139.599 0.900232
26300000 -3098.32 2.44887 0.4376 0.85 -139.599 0.900232
26310000 -3132.28 2.0687 0.437599 0.85 -139.599 0.900232
26320000 -3141.35 1.97569 0.4376 0.85 -139.599 0.900232
26330000 -3109.1 2.30024 0.437601 0.85 -139.599 0.900232
26340000 -3105.15 2.41588 0.437602 0.85 -139.599 0.900232
26350000 -3126.17 2.27128 0.437599 0.85 -139.599 0.900232
26360000 -3147.09 2.01584 0.437598 0.85 -139.599 0.900232
26370000 -3110.73 2.34458 0.437598 0.85 -139.599 0.900232
26380000 -3114.66 2.278 0.437598 0.85 -139.599 0.900232
26390000 -3124.28 2.19347 0.4376 0.85 -139.599 0.900232
26400000 -3163.38 1.86637 0.437602 0.85 -139.599 0.900232
26410000 -3115.13 2.30622 0.437605 0.85 -139.599 0.900232
26420000 -3139.45 1.96715 0.43761 0.85 -139.599 0.900232
26430000 -3116.06 2.20596 0.437611 0.85 -139.599 0.900232
26440000 -3131.97 2.11895 0.437613 0.85 -139.599 0.900232
26450000 -3124.12 2.18428 0.437616 0.85 -139.599 0.900232
26460000 -3143.4 1.98613 0.437618 0.85 -139.599 0.900232
26470000 -3134.3 2.06428 0.43762 0.85 -139.599 0.900232
26480000 -3116.21 2.3354 0.437616 0.85 -139.599 0.900232
26490000 -3116.79 2.2484 0.437618 0.85 -139.599 0.900232
26500000 -3115.11 2.24482 0.437619 0.85 -139.599 0.900232
26510000 -3110.49 2.26594 0.43762 0.85 -139.599 0.900232
26520000 -3096.22 2.43599 0.43762 0.85 -139.599 0.900232
26530000 -3135.28 2.03054 0.437623 0.85 -139.599 0.900232
26540000 -3149.29 1.94135 0.437625 0.85 -139.599 0.900232
26550000 -3110.52 2.28783 0.437626 0.85 -139.599 0.900232
26560000 -3150.65 1.91955 0.437624 0.85 -139.599 0.900232
26570000 -3131.81 2.10594 0.437623 0.85 -139.599 0.900232
26580000 -3134.99 2.01988 0.437622 0.85 -139.599 0.900232
26590000 -3156.86 1.79523 0.437623 0.85 -139.599 0.900232
26600000 -3120.92 2.18378 0.437624 0.85 -139.599 0.900232
26610000 -3136.26 2.03367 0.437629 0.85 -139.599 0.900232
26620000 -3113.64 2.23815 0.43763 0.85 -139.599 0.900232
26630000 -3121.77 2.18773 0.437629 0.85 -139.599 0.900232
26640000 -3173.06 1.63157 0.437628 0.85 -139.599 0.900232
26650000 -3125 2.08746 0.437631 0.85 -139.599 0.900232
26660000 -3121.8 2.11306 0.437631 0.85 -139.599 0.900232
26670000 -3138.11 2.01734 0.437634 0.85 -139.599 0.900232
26680000 -3147.78 1.90118 0.437638 0.85 -139.599 0.900232
26690000 -3078.91 2.55447 0.437641 0.85 -139.599 0.900232
26700000 -3113.09 2.2598 0.437644 0.85 -139.599 0.900232
26710000 -3135.22 1.993 0.437644 0.85 -139.599 0.900232
26720000 -3140.58 2.0371 0.437647 0.85 -139.599 0.900232
26730000 -3127.39 2.15628 0.43765 0.85 -139.599 0.900232
26740000 -3122.13 2.26125 0.43765 0.85 -139.599 0.900232
26750000 -3155.94 1.86183 0.437652 0.85 -139.599 0.900232
26760000 -3152.2 1.93144 0.437655 0.85 -139.599 0.900232
26770000 -3087.68 2.56546 0.437655 0.85 -139.599 0.900232
26780000 -3130.28 2.14514 0.437654 0.85 -139.599 0.900232
26790000 -3145.68 1.95566 0.437661 0.85 -139.599 0.900232
26800000 -3156.1 1.8034 0.437664 0.85 -139.599 0.900232
26810000 -3141.94 1.96236 0.437666 0.85 -139.599 0.900232
26820000 -3129.51 2.05114 0.437671 0.85 -139.599 0.900232
26830000 -3152.21 1.89469 0.437672 0.85 -139.599 0.900232
26840000 -3150.6 1.91203 0.437675 0.85 -139.599 0.900232
26850000 -3167.02 1.78529 0.437675 0.85 -139.599 0.900232
26860000 -3142.81 2.00413 0.437678 0.85 -139.599 0.900232
26870000 -3116.17 2.23716 0.437674 0.85 -139.599 0.900232
26880000 -3134.69 2.04297 0.437672 0.85 -139.599 0.900232
26890000 -3130.41 2.19052 0.437672 0.85 -139.599 0.900232
26900000 -3147.34 1.95113 0.437673 0.85 -139.599 0.900232
26910000 -3169.05 1.70598 0.437674 0.85 -139.599 0.900232
26920000 -3111.08 2.32318 0.437674 0.85 -139.599 0.900232
26930000 -3155.5 1.92514 0.437674 0.85 -139.599 0.900232
26940000 -3114.5 2.33457 0.437672 0.85 -139.599 0.900232
26950000 -3117.25 2.30185 0.437673 0.85 -139.599 0.900232
26960000 -3105.27 2.4015 0.437673 0.85 -139.599 0.900232
26970000 -3135.51 2.02959 0.437676 0.85 -139.599 0.900232
26980000 -3126.37 2.19532 0.437677 0.85 -139.599 0.900232
26990000 -3104.8 2.37686 0.437678 0.85 -139.599 0.900232
27000000 -3140.24 2.09234 0.43768 0.85 -139.599 0.900232
27010000 -3079.12 2.59053 0.43768 0.85 -139.599 0.900232
27020000 -3135.1 2.08076 0.43768 0.85 -139.599 0.900232
27030000 -3123.85 2.14413 0.43768 0.85 -139.599 0.900232
27040000 -3118.76 2.24434 0.437679 0.85 -139.599 0.900232
27050000 -3161.75 1.81188 0.43768 0.85 -139.599 0.900232
27060000 -3135.49 2.04188 0.437681 0.85 -139.599 0.900232
27070000 -3137.93 2.07734 0.437683 0.85 -139.599 0.900232
27080000 -3141.21 2.00079 0.437684 0.85 -139.599 0.900232
27090000 -3156.23 1.92032 0.437684 0.85 -139.599 0.900232
27100000 -3143.64 1.99161 0.437686 0.85 -139.599 0.900232
27110000 -3145.76 1.99007 0.437686 0.85 -139.599 0.900232
27120000 -3125.88 2.1505 0.437686 0.85 -139.599 0.900232
27130000 -3149.96 1.94317 0.437691 0.85 -139.599 0.900232
27140000 -3153.19 1.81592 0.437693 0.85 -139.599 0.900232
27150000 -3104.3 2.32304 0.437695 0.85 -139.599 0.900232
27160000 -3139.2 2.01969 0.437698 0.85 -139.599 0.900232
27170000 -3129.69 2.19056 0.4377 0.85 -139.599 0.900232
27180000 -3105.98 2.35328 0.437698 0.85 -139.599 0.900232
27190000 -3126.11 2.20235 0.437698 0.85 -139.599 0.900232
27200000 -3169.82 1.69612 0.437695 0.85 -139.599 0.900232
27210000 -3148.53 1.98637 0.437698 0.85 -139.599 0.900232
27220000 -3155.52 1.85677 0.437699 0.85 -139.599 0.900232
27230000 -3143.16 1.96912 0.437699 0.85 -139.599 0.900232
27240000 -3085.01 2.57344 0.437701 0.85 -139.599 0.900232
27250000 -3088.79 2.58235 0.4377 0.85 -139.599 0.900232
27260000 -3120.16 2.20623 0.4377 0.85 -139.599 0.900232
27270000 -3122.13 2.16777 0.437699 0.85 -139.599 0.900232
27280000 -3077.69 2.68336 0.437699 0.85 -139.599 0.900232
27290000 -3115.74 2.27931 0.437699 0.85 -139.599 0.900232
27300000 -3116.54 2.33773 0.437699 0.85 -139.599 0.900232
27310000 -3098.31 2.45257 0.4377 0.85 -139.599 0.900232
27320000 -3110.68 2.349 0.437703 0.85 -139.599 0.900232
27330000 -3157.03 1.91223 0.437705 0.85 -139.599 0.900232
27340000 -3104.06 2.46082 0.437707 0.85 -139.599 0.900232
27350000 -3128.34 2.17433 0.437705 0.85 -139.599 0.900232
27360000 -3133.87 2.08103 0.437709 0.85 -139.599 0.900232
27370000 -3100.16 2.39695 0.437707 0.85 -139.599 0.900232
27380000 -3126.26 2.19102 0.437706 0.85 -139.599 0.900232
27390000 -3147.36 1.95323 0.437708 0.85 -139.599 0.900232
27400000 -3129.1 2.11601 0.437713 0.85 -139.599 0.900232
27410000 -3158.32 1.82942 0.437713 0.85 -139.599 0.900232
27420000 -3139.72 2.11815 0.437713 0.85 -139.599 0.900232
27430000 -3161.9 1.82048 0.437711 0.85 -139.599 0.900232
27440000 -3141.65 2.05331 0.437711 0.85 -139.599 0.900232
27450000 -3151.15 1.90995 0.437717 0.85 -139.599 0.900232
27460000 -3156.22 1.82994 0.437718 0.85 -139.599 0.900232
27470000 -3133.1 2.09309 0.437718 0.85 -139.599 0.900232
27480000 -3145.38 1.9577 0.437718 0.85 -139.599 0.900232
27490000 -3125.58 2.15576 0.437717 0.85 -139.599 0.900232
27500000 -3131.06 2.12769 0.437716 0.85 -139.599 0.900232
27510000 -3133.76 2.0814 0.43772 0.85 -139.599 0.900232
27520000 -3089.75 2.61904 0.437719 0.85 -139.599 0.900232
27530000 -3117.83 2.29252 0.437718 0.85 -139.599 0.900232
27540000 -3126.2 2.28526 0.437716 0.85 -139.599 0.900232
27550000 -3110.24 2.39592 0.437713 0.85 -139.599 0.900232
27560000 -3120.46 2.23465 0.437714 0.85 -139.599 0.900232
27570000 -3099.13 2.46144 0.437713 0.85 -139.599 0.900232
27580000 -3121.2 2.23683 0.437711 0.85 -139.599 0.900232
27590000 -3127.99 2.18785 0.437714 0.85 -139.599 0.900232
27600000 -3108.45 2.30648 0.437714 0.85 -139.599 0.900232
27610000 -3146.31 1.96202 0.437716 0.85 -139.599 0.900232
27620000 -3105.87 2.31152 0.437717 0.85 -139.599 0.900232
27630000 -3113.46 2.26678 0.437713 0.85 -139.599 0.900232
27640000 -3120.18 2.28663 0.437715 0.85 -139.599 0.900232
27650000 -3093.92 2.39186 0.437716 0.85 -139.599 0.900232
27660000 -3141.96 2.01491 0.437716 0.85 -139.599 0.900232
27670000 -3097.67 2.50659 0.437715 0.85 -139.599 0.900232
27680000 -3131.62 2.11539 0.437718 0.85 -139.599 0.900232
27690000 -3095.73 2.45736 0.437721 0.85 -139.599 0.900232
27700000 -3137.22 2.06939 0.437722 0.85 -139.599 0.900232
27710000 -3127.28 2.14486 0.437723 0.85 -139.599 0.900232
27720000 -3129.74 2.1543 0.437722 0.85 -139.599 0.900232
27730000 -3108.13 2.32454 0.43772 0.85 -139.599 0.900232
27740000 -3150.64 1.92731 0.437719 0.85 -139.599 0.900232
27750000 -3120.01 2.19353 0.437717 0.85 -139.599 0.900232
27760000 -3118.5 2.21084 0.437718 0.85 -139.599 0.900232
27770000 -3131.71 2.07033 0.437718 0.85 -139.599 0.900232
27780000 -3116.29 2.29986 0.437717 0.85 -139.599 0.900232
27790000 -3133.03 2.05986 0.437716 0.85 -139.599 0.900232
27800000 -3139.47 2.02596 0.437719 0.85 -139.599 0.900232
27810000 -3109.48 2.24089 0.437717 0.85 -139.599 0.900232
27820000 -3155.49 1.87978 0.437714 0.85 -139.599 0.900232
27830000 -3113.35 2.29668 0.437718 0.85 -139.599 0.900232
27840000 -3141.19 2.06822 0.437723 0.85 -139.599 0.900232
27850000 -3146.09 1.91971 0.43772 0.85 -139.599 0.900232
27860000 -3100.57 2.37824 0.437723 0.85 -139.599 0.900232
27870000 -3132.06 2.08489 0.437722 0.85 -139.599 0.900232
27880000 -3139.28 1.95948 0.437724 0.85 -139.599 0.900232
27890000 -3140.85 1.97538 0.437725 0.85 -139.599 0.900232
27900000 -3118.36 2.20127 0.437724 0.85 -139.599 0.900232
27910000 -3143.15 1.96788 0.437724 0.85 -139.599 0.900232
27920000 -3098.77 2.4067 0.437722 0.85 -139.599 0.900232
27930000 -3114.35 2.31423 0.437719 0.85 -139.599 0.900232
27940000 -3132.12 2.10305 0.437721 0.85 -139.599 0.900232
27950000 -3166.44 1.73965 0.43772 0.85 -139.599 0.900232
27960000 -3097.91 2.42959 0.437718 0.85 -139.599 0.900232
27970000 -3113.58 2.25179 0.437716 0.85 -139.599 0.900232
27980000 -3095.93 2.5541 0.437715 0.85 -139.599 0.900232
27990000 -3109.62 2.35036 0.437713 0.85 -139.599 0.900232
28000000 -3111.16 2.33344 0.437714 0.85 -139.599 0.900232
28010000 -3100.37 2.47008 0.437713 0.85 -139.599 0.900232
28020000 -3132.39 2.12999 0.43771 0.85 -139.599 0.900232
28030000 -3121.36 2.21453 0.437712 0.85 -139.599 0.900232
28040000 -3111.42 2.31908 0.437712 0.85 -139.599 0.900232
28050000 -3121.69 2.21283 0.437708 0.85 -139.599 0.900232
28060000 -3084.79 2.64364 0.437709 0.85 -139.599 0.900232
28070000 -3120.42 2.19913 0.437706 0.85 -139.599 0.900232
28080000 -3138.83 2.03809 0.437706 0.85 -139.599 0.900232
28090000 -3119.5 2.28848 0.437706 0.85 -139.599 0.900232
28100000 -3142 2.03046 0.437704 0.85 -139.599 0.900232
28110000 -3125.93 2.19152 0.437704 0.85 -139.599 0.900232
28120000 -3104.24 2.37101 0.437704 0.85 -139.599 0.900232
28130000 -3090.3 2.5797 0.437705 0.85 -139.599 0.900232
28140000 -3125.51 2.18534 0.437706 0.85 -139.599 0.900232
28150000 -3080.17 2.6431 0.437708 0.85 -139.599 0.900232
28160000 -3080.72 2.65982 0.437709 0.85 -139.599 0.900232
28170000 -3116.24 2.29701 0.437707 0.85 -139.599 0.900232
28180000 -3158.42 1.84181 0.437706 0.85 -139.599 0.900232
28190000 -3150.49 1.92574 0.437705 0.85 -139.599 0.900232
28200000 -3106.98 2.33207 0.437708 0.85 -139.599 0.900232
28210000 -3154.74 1.943 0.437707 0.85 -139.599 0.900232
28220000 -3124.13 2.26473 0.437708 0.85 -139.599 0.900232
28230000 -3101.21 2.48793 0.43771 0.85 -139.599 0.900232
28240000 -3113.22 2.36466 0.43771 0.85 -139.599 0.900232
28250000 -3096.81 2.49236 0.437706 0.85 -139.599 0.900232
28260000 -3099.03 2.47275 0.437706 0.85 -139.599 0.900232
28270000 -3121.15 2.26663 0.437706 0.85 -139.599 0.900232
28280000 -3126.37 2.2407 0.437709 0.85 -139.599 0.900232
28290000 -3160.61 1.89906 0.43771 0.85 -139.599 0.900232
28300000 -3133.58 2.14359 0.437711 0.85 -139.599 0.900232
28310000 -3082.66 2.5693 0.437712 0.85 -139.599 0.900232
28320000 -3107.66 2.32344 0.43771 0.85 -139.599 0.900232
28330000 -3113.09 2.29632 0.437711 0.85 -139.599 0.900232
28340000 -3130.61 2.10273 0.437706 0.85 -139.599 0.900232
28350000 -3097.65 2.5046 0.437709 0.85 -139.599 0.900232
28360000 -3160.56 1.84874 0.437709 0.85 -139.599 0.900232
28370000 -3114.97 2.41792 0.43771 0.85 -139.599 0.900232
28380000 -3149.95 1.97695 0.437709 0.85 -139.599 0.900232
28390000 -3119.52 2.30111 0.437707 0.85 -139.599 0.900232
28400000 -3113.36 2.27798 0.437708 0.85 -139.599 0.900232
28410000 -3085.3 2.58514 0.437709 0.85 -139.599 0.900232
28420000 -3111.55 2.2956 0.437711 0.85 -139.599 0.900232
28430000 -3121.83 2.16079 0.437713 0.85 -139.599 0.900232
28440000 -3148.11 1.86699 0.437712 0.85 -139.599 0.900232
28450000 -3139.41 1.98871 0.437714 0.85 -139.599 0.900232
28460000 -3133.87 2.08891 0.437713 0.85 -139.599 0.900232
28470000 -3142.36 2.01309 0.437715 0.85 -139.599 0.900232
28480000 -3128.47 2.13506 0.437716 0.85 -139.599 0.900232
28490000 -3088.67 2.45407 0.437718 0.85 -139.599 0.900232
28500000 -3115.59 2.30789 0.437717 0.85 -139.599 0.900232
28510000 -3133.99 2.0787 0.437716 0.85 -139.599 0.900232
28520000 -3122.58 2.21004 0.437715 0.85 -139.599 0.900232
28530000 -3174.45 1.74683 0.437713 0.85 -139.599 0.900232
28540000 -3155.35 1.90112 0.437713 0.85 -139.599 0.900232
28550000 -3111.78 2.34486 0.437715 0.85 -139.599 0.900232
28560000 -3108.51 2.35512 0.437717 0.85 -139.599 0.900232
28570000 -3095.89 2.47444 0.437717 0.85 -139.599 0.900232
28580000 -3105.18 2.49019 0.437715 0.85 -139.599 0.900232
28590000 -3110.23 2.39659 0.437714 0.85 -139.599 0.900232
28600000 -3121.24 2.27945 0.437716 0.85 -139.599 0.900232
28610000 -3087.66 2.58727 0.437718 0.85 -139.599 0.900232
28620000 -3127.43 2.19002 0.437718 0.85 -139.599 0.900232
28630000 -3125.4 2.18888 0.437719 0.85 -139.599 0.900232
28640000 -3146.77 2.00665 0.437722 0.85 -139.599 0.900232
28650000 -3128.61 2.15822 0.437722 0.85 -139.599 0.900232
28660000 -3108.18 2.35386 0.437723 0.85 -139.599 0.900232
28670000 -3139.3 2.11605 0.437722 0.85 -139.599 0.900232
28680000 -3111.71 2.29263 0.437721 0.85 -139.599 0.900232
28690000 -3106.06 2.38745 0.43772 0.85 -139.599 0.900232
28700000 -3101.74 2.44329 0.437719 0.85 -139.599 0.900232
28710000 -3115.4 2.29947 0.437719 0.85 -139.599 0.900232
28720000 -3105.33 2.36106 0.437722 0.85 -139.599 0.900232
28730000 -3122.31 2.17214 0.437722 0.85 -139.599 0.900232
28740000 -3126.63 2.20237 0.43772 0.85 -139.599 0.900232
28750000 -3081.03 2.66148 0.437718 0.85 -139.599 0.900232
28760000 -3114.41 2.27975 0.437717 0.85 -139.599 0.900232
28770000 -3132.73 2.09902 0.437716 0.85 -139.599 0.900232
28780000 -3120.59 2.21212 0.437719 0.85 -139.599 0.900232
28790000 -3130.56 2.06403 0.43772 0.85 -139.599 0.900232
28800000 -3120.3 2.15717 0.437722 0.85 -139.599 0.900232
28810000 -3126.85 2.18428 0.437722 0.85 -139.599 0.900232
28820000 -3141.23 2.01124 0.437721 0.85 -139.599 0.900232
28830000 -3119.23 2.19047 0.437724 0.85 -139.599 0.900232
28840000 -3112.73 2.27294 0.437723 0.85 -139.599 0.900232
28850000 -3129.53 2.11013 0.437722 0.85 -139.599 0.900232
28860000 -3099.93 2.43136 0.437722 0.85 -139.599 0.900232
28870000 -3135.18 2.141 0.437723 0.85 -139.599 0.900232
28880000 -3114.26 2.3307 0.437722 0.85 -139.599 0.900232
28890000 -3058.46 2.86045 0.43772 0.85 -139.599 0.900232
28900000 -3125.65 2.20434 0.437721 0.85 -139.599 0.900232
28910000 -3100.19 2.41188 0.43772 0.85 -139.599 0.900232
28920000 -3153.67 1.90118 0.43772 0.85 -139.599 0.900232
28930000 -3162.62 1.78207 0.437722 0.85 -139.599 0.900232
28940000 -3153.52 1.87862 0.437721 0.85 -139.599 0.900232
28950000 -3122.57 2.26884 0.437722 0.85 -139.599 0.900232
28960000 -3117.7 2.31207 0.437724 0.85 -139.599 0.900232
28970000 -3123.29 2.14918 0.437723 0.85 -139.599 0.900232
28980000 -3104.27 2.31934 0.437723 0.85 -139.599 0.900232
28990000 -3108.15 2.3105 0.437723 0.85 -139.599 0.900232
29000000 -3141.48 2.01887 0.437723 0.85 -139.599 0.900232
29010000 -3119.75 2.24637 0.437722 0.85 -139.599 0.900232
29020000 -3164.02 1.74338 0.437724 0.85 -139.599 0.900232
29030000 -3135.69 2.06518 0.437724 0.85 -139.599 0.900232
29040000 -3126.33 2.19575 0.437723 0.85 -139.599 0.900232
29050000 -3122.79 2.23581 0.437723 0.85 -139.599 0.900232
29060000 -3130.5 2.14024 0.437729 0.85 -139.599 0.900232
29070000 -3135.51 2.09461 0.437727 0.85 -139.599 0.900232
29080000 -3121.76 2.23981 0.437728 0.85 -139.599 0.900232
29090000 -3095.95 2.54548 0.437727 0.85 -139.599 0.900232
29100000 -3118.85 2.2072 0.437727 0.85 -139.599 0.900232
29110000 -3137.77 1.96253 0.437729 0.85 -139.599 0.900232
29120000 -3115.39 2.2511 0.437731 0.85 -139.599 0.900232
29130000 -3087.22 2.46975 0.437735 0.85 -139.599 0.900232
29140000 -3121.29 2.10517 0.437737 0.85 -139.599 0.900232
29150000 -3094.2 2.36746 0.437736 0.85 -139.599 0.900232
29160000 -3140.73 2.03014 0.437736 0.85 -139.599 0.900232
29170000 -3127.08 2.22063 0.437738 0.85 -139.599 0.900232
29180000 -3132.5 2.14692 0.437736 0.85 -139.599 0.900232
29190000 -3119.12 2.26837 0.437734 0.85 -139.599 0.900232
29200000 -3101.26 2.3738 0.437733 0.85 -139.599 0.900232
29210000 -3102.93 2.45358 0.43773 0.85 -139.599 0.900232
29220000 -3122.05 2.27161 0.43773 0.85 -139.599 0.900232
29230000 -3143.9 2.03083 0.437728 0.85 -139.599 0.900232
29240000 -3148.27 1.94617 0.437727 0.85 -139.599 0.900232
29250000 -3132.25 2.14783 0.437728 0.85 -139.599 0.900232
29260000 -3114.75 2.29674 0.437729 0.85 -139.599 0.900232
29270000 -3118.54 2.24327 0.437731 0.85 -139.599 0.900232
29280000 -3145.89 1.94886 0.437729 0.85 -139.599 0.900232
29290000 -3103.44 2.43529 0.437728 0.85 -139.599 0.900232
29300000 -3131.53 2.1494 0.437728 0.85 -139.599 0.900232
29310000 -3114.08 2.28943 0.437727 0.85 -139.599 0.900232
29320000 -3095.62 2.47466 0.437723 0.85 -139.599 0.900232
29330000 -3066.45 2.81976 0.437721 0.85 -139.599 0.900232
29340000 -3116.87 2.25825 0.437719 0.85 -139.599 0.900232
29350000 -3091.96 2.54152 0.437722 0.85 -139.599 0.900232
29360000 -3105.38 2.44996 0.437719 0.85 -139.599 0.900232
29370000 -3081.29 2.70327 0.43772 0.85 -139.599 0.900232
29380000 -3080.27 2.63795 0.437717 0.85 -139.599 0.900232
29390000 -3095.39 2.46267 0.437717 0.85 -139.599 0.900232
29400000 -3116.86 2.28201 0.437718 0.85 -139.599 0.900232
29410000 -3124.09 2.2756 0.437718 0.85 -139.599 0.900232
29420000 -3070.11 2.73397 0.437719 0.85 -139.599 0.900232
29430000 -3067.43 2.82322 0.437718 0.85 -139.599 0.900232
29440000 -3138.54 2.06013 0.437717 0.85 -139.599 0.900232
29450000 -3114.1 2.32525 0.437715 0.85 -139.599 0.900232
29460000 -3136.58 2.08854 0.437714 0.85 -139.599 0.900232
29470000 -3107.83 2.33208 0.437712 0.85 -139.599 0.900232
29480000 -3112.04 2.2945 0.437709 0.85 -139.599 0.900232
29490000 -3147.92 1.99983 0.437708 0.85 -139.599 0.900232
29500000 -3144.89 2.04999 0.437709 0.85 -139.599 0.900232
29510000 -3138.63 2.08246 0.437708 0.85 -139.599 0.900232
29520000 -3083.56 2.58577 0.437707 0.85 -139.599 0.900232
29530000 -3102.95 2.43121 0.437707 0.85 -139.599 0.900232
29540000 -3098.43 2.47463 0.437709 0.85 -139.599 0.900232
29550000 -3080.94 2.60292 0.43771 0.85 -139.599 0.900232
29560000 -3157.58 1.91641 0.437709 0.85 -139.599 0.900232
29570000 -3130.95 2.17254 0.437711 0.85 -139.599 0.900232
29580000 -3148.32 1.99057 0.43771 0.85 -139.599 0.900232
29590000 -3112.54 2.3436 0.437711 0.85 -139.599 0.900232
29600000 -3090.26 2.50048 0.437711 0.85 -139.599 0.900232
29610000 -3114.27 2.29629 0.43771 0.85 -139.599 0.900232
29620000 -3147.58 1.91405 0.437713 0.85 -139.599 0.900232
29630000 -3113.25 2.27239 0.437713 0.85 -139.599 0.900232
29640000 -3117.34 2.2138 0.437711 0.85 -139.599 0.900232
29650000 -3186.62 1.5929 0.43771 0.85 -139.599 0.900232
29660000 -3153.86 1.88977 0.437711 0.85 -139.599 0.900232
29670000 -3132.69 2.1159 0.437712 0.85 -139.599 0.900232
29680000 -3160.45 1.79974 0.437713 0.85 -139.599 0.900232
29690000 -3147.88 1.91344 0.437716 0.85 -139.599 0.900232
29700000 -3120.38 2.2449 0.437715 0.85 -139.599 0.900232
29710000 -3132.42 2.12818 0.437718 0.85 -139.599 0.900232
29720000 -3142.91 2.00322 0.437718 0.85 -139.599 0.900232
29730000 -3121.52 2.1935 0.437718 0.85 -139.599 0.900232
29740000 -3146.37 2.04076 0.43772 0.85 -139.599 0.900232
29750000 -3138.35 2.08474 0.437722 0.85 -139.599 0.900232
29760000 -3141.79 1.98513 0.437723 0.85 -139.599 0.900232
29770000 -3109.87 2.2625 0.437725 0.85 -139.599 0.900232
29780000 -3113.03 2.28746 0.437724 0.85 -139.599 0.900232
29790000 -3110.45 2.23516 0.437725 0.85 -139.599 0.900232
29800000 -3157.77 1.87534 0.437723 0.85 -139.599 0.900232
29810000 -3138.16 2.10093 0.437725 0.85 -139.599 0.900232
29820000 -3100.32 2.4471 0.437726 0.85 -139.599 0.900232
29830000 -3101.87 2.46107 0.437723 0.85 -139.599 0.900232
29840000 -3112.43 2.31982 0.437723 0.85 -139.599 0.900232
29850000 -3117.1 2.27226 0.437726 0.85 -139.599 0.900232
29860000 -3126.03 2.13138 0.437729 0.85 -139.599 0.900232
29870000 -3163.16 1.80458 0.437732 0.85 -139.599 0.900232
29880000 -3143.75 1.98097 0.437734 0.85 -139.599 0.900232
29890000 -3142.79 2.03535 0.437739 0.85 -139.599 0.900232
29900000 -3115.25 2.28094 0.43774 0.85 -139.599 0.900232
29910000 -3107.61 2.32844 0.437739 0.85 -139.599 0.900232
29920000 -3121.26 2.13019 0.437739 0.85 -139.599 0.900232
29930000 -3137.08 2.02076 0.437739 0.85 -139.599 0.900232
29940000 -3117.76 2.31199 0.43774 0.85 -139.599 0.900232
29950000 -3100.2 2.46958 0.437741 0.85 -139.599 0.900232
29960000 -3101.1 2.48816 0.437741 0.85 -139.599 0.900232
29970000 -3102.76 2.47776 0.437741 0.85 -139.599 0.900232
29980000 -3112.04 2.35028 0.437735 0.85 -139.599 0.900232
29990000 -3146.58 1.94024 0.437738 0.85 -139.599 0.900232
30000000 -3094.06 2.43673 0.437739 0.85 -139.599 0.900232
30010000 -3097.67 2.38751 0.437741 0.85 -139.599 0.900232
30020000 -3082.06 2.59748 0.437741 0.85 -139.599 0.900232
30030000 -3134.21 2.00433 0.437744 0.85 -139.599 0.900232
30040000 -3086.85 2.5962 0.437746 0.85 -139.599 0.900232
30050000 -3124.33 2.24587 0.437745 0.85 -139.599 0.900232
30060000 -3129.33 2.15657 0.437746 0.85 -139.599 0.900232
30070000 -3165.17 1.72066 0.437747 0.85 -139.599 0.900232
30080000 -3128.75 2.16062 0.437749 0.85 -139.599 0.900232
30090000 -3112.2 2.28751 0.437747 0.85 -139.599 0.900232
30100000 -3129.87 2.14957 0.437747 0.85 -139.599 0.900232
30110000 -3121.65 2.2798 0.43775 0.85 -139.599 0.900232
30120000 -3136.82 2.11538 0.43775 0.85 -139.599 0.900232
30130000 -3152.58 1.94329 0.437751 0.85 -139.599 0.900232
30140000 -3134.09 2.07993 0.437754 0.85 -139.599 0.900232
30150000 -3087.7 2.59923 0.437755 0.85 -139.599 0.900232
30160000 -3149.14 1.95919 0.437754 0.85 -139.599 0.900232
30170000 -3131.09 2.16199 0.437752 0.85 -139.599 0.900232
30180000 -3121.55 2.16207 0.43775 0.85 -139.599 0.900232
30190000 -3147.78 1.96733 0.437751 0.85 -139.599 0.900232
30200000 -3129.46 2.13962 0.43775 0.85 -139.599 0.900232
30210000 -3147.85 1.99942 0.437751 0.85 -139.599 0.900232
30220000 -3136.9 2.00309 0.437753 0.85 -139.599 0.900232
30230000 -3123.45 2.21229 0.437752 0.85 -139.599 0.900232
30240000 -3159.06 1.86503 0.437752 0.85 -139.599 0.900232
30250000 -3138.64 2.06557 0.437752 0.85 -139.599 0.900232
30260000 -3100.38 2.45252 0.437751 0.85 -139.599 0.900232
30270000 -3107.9 2.37425 0.437749 0.85 -139.599 0.900232
30280000 -3100.41 2.39131 0.437749 0.85 -139.599 0.900232
30290000 -3109.15 2.39665 0.437746 0.85 -139.599 0.900232
30300000 -3108.94 2.3975 0.437746 0.85 -139.599 0.900232
30310000 -3128.71 2.18748 0.437747 0.85 -139.599 0.900232
30320000 -3151.41 1.94172 0.437747 0.85 -139.599 0.900232
30330000 -3138.02 1.94521 0.437752 0.85 -139.599 0.900232
30340000 -3141.45 2.06288 0.437754 0.85 -139.599 0.900232
30350000 -3103.74 2.35931 0.437755 0.85 -139.599 0.900232
30360000 -3105.56 2.39294 0.437757 0.85 -139.599 0.900232
30370000 -3128.6 2.12814 0.437759 0.85 -139.599 0.900232
30380000 -3115.05 2.28735 0.437761 0.85 -139.599 0.900232
30390000 -3132.48 2.03761 0.437761 0.85 -139.599 0.900232
30400000 -3095.84 2.4987 0.437762 0.85 -139.599 0.900232
30410000 -3146.59 1.9515 0.437762 0.85 -139.599 0.900232
30420000 -3081.56 2.59376 0.437761 0.85 -139.599 0.900232
30430000 -3152.07 1.85006 0.437766 0.85 -139.599 0.900232
30440000 -3110.23 2.29567 0.437767 0.85 -139.599 0.900232
30450000 -3131.52 2.08419 0.437767 0.85 -139.599 0.900232
30460000 -3151.4 1.93052 0.437767 0.85 -139.599 0.900232
30470000 -3117.56 2.25623 0.437767 0.85 -139.599 0.900232
30480000 -3157.25 1.84761 0.437769 0.85 -139.599 0.900232
30490000 -3111.88 2.29236 0.437771 0.85 -139.599 0.900232
30500000 -3126.9 2.11305 0.437774 0.85 -139.599 0.900232
30510000 -3114.65 2.26168 0.437773 0.85 -139.599 0.900232
30520000 -3115.14 2.21847 0.437774 0.85 -139.599 0.900232
30530000 -3121.99 2.10861 0.437776 0.85 -139.599 0.900232
30540000 -3111.34 2.29072 0.437774 0.85 -139.599 0.900232
30550000 -3135.04 2.09561 0.437774 0.85 -139.599 0.900232
30560000 -3125.97 2.1011 0.437776 0.85 -139.599 0.900232
30570000 -3123.42 2.18521 0.437776 0.85 -139.599 0.900232
30580000 -3146.65 1.93972 0.437778 0.85 -139.599 0.900232
30590000 -3112.85 2.29937 0.437781 0.85 -139.599 0.900232
30600000 -3125.17 2.21569 0.437781 0.85 -139.599 0.900232
30610000 -3101.4 2.40843 0.43778 0.85 -139.599 0.900232
30620000 -3148.8 1.96191 0.437781 0.85 -139.599 0.900232
30630000 -3136.91 2.0912 0.43778 0.85 -139.599 0.900232
30640000 -3140.67 1.93283 0.43778 0.85 -139.599 0.900232
30650000 -3157.15 1.76025 0.437781 0.85 -139.599 0.900232
30660000 -3133.83 2.09445 0.437781 0.85 -139.599 0.900232
30670000 -3140.88 1.99332 0.437785 0.85 -139.599 0.900232
30680000 -3130.68 2.18127 0.437786 0.85 -139.599 0.900232
30690000 -3101.99 2.42287 0.437788 0.85 -139.599 0.900232
30700000 -3153.59 1.85011 0.437789 0.85 -139.599 0.900232
30710000 -3122.67 2.08116 0.43779 0.85 -139.599 0.900232
30720000 -3114.66 2.23679 0.437788 0.85 -139.599 0.900232
30730000 -3117.19 2.25108 0.437787 0.85 -139.599 0.900232
30740000 -3101.56 2.41261 0.437788 0.85 -139.599 0.900232
30750000 -3094.92 2.49187 0.437786 0.85 -139.599 0.900232
30760000 -3133.1 2.06937 0.437791 0.85 -139.599 0.900232
30770000 -3115.49 2.3097 0.437791 0.85 -139.599 0.900232
30780000 -3166.8 1.76444 0.43779 0.85 -139.599 0.900232
30790000 -3120.16 2.1867 0.43779 0.85 -139.599 0.900232
30800000 -3107.05 2.31097 0.437792 0.85 -139.599 0.900232
30810000 -3114.74 2.2468 0.437793 0.85 -139.599 0.900232
30820000 -3110.4 2.36614 0.437792 0.85 -139.599 0.900232
30830000 -3114.23 2.32806 0.437793 0.85 -139.599 0.900232
30840000 -3145.57 1.98604 0.437793 0.85 -139.599 0.900232
30850000 -3104.7 2.4141 0.437796 0.85 -139.599 0.900232
30860000 -3109.55 2.36225 0.437792 0.85 -139.599 0.900232
30870000 -3127.84 2.21563 0.437794 0.85 -139.599 0.900232
30880000 -3135.75 2.05759 0.437793 0.85 -139.599 0.900232
30890000 -3127.08 2.15473 0.437791 0.85 -139.599 0.900232
30900000 -3123.48 2.17396 0.437791 0.85 -139.599 0.900232
30910000 -3115.49 2.24982 0.437789 0.85 -139.599 0.900232
30920000 -3131.75 2.1109 0.437789 0.85 -139.599 0.900232
30930000 -3094.37 2.48956 0.437789 0.85 -139.599 0.900232
30940000 -3089.86 2.50972 0.43779 0.85 -139.599 0.900232
30950000 -3136.75 2.00561 0.43779 0.85 -139.599 0.900232
30960000 -3138.83 1.98314 0.437792 0.85 -139.599 0.900232
30970000 -3130.55 2.11937 0.437791 0.85 -139.599 0.900232
30980000 -3132.16 2.17925 0.437793 0.85 -139.599 0.900232
30990000 -3121.94 2.26993 0.437795 0.85 -139.599 0.900232
31000000 -3107.61 2.3729 0.437797 0.85 -139.599 0.900232
31010000 -3111.2 2.29436 0.437799 0.85 -139.599 0.900232
31020000 -3131.96 2.05831 0.4378 0.85 -139.599 0.900232
31030000 -3103.18 2.33901 0.437804 0.85 -139.599 0.900232
31040000 -3104.86 2.36188 0.437807 0.85 -139.599 0.900232
31050000 -3097.75 2.39301 0.437806 0.85 -139.599 0.900232
31060000 -3109.11 2.34341 0.437805 0.85 -139.599 0.900232
31070000 -3128.49 2.10858 0.437804 0.85 -139.599 0.900232
31080000 -3098.7 2.41279 0.437805 0.85 -139.599 0.900232
31090000 -3069.53 2.7229 0.437801 0.85 -139.599 0.900232
31100000 -3114.42 2.34073 0.437801 0.85 -139.599 0.900232
31110000 -3096.06 2.48989 0.437802 0.85 -139.599 0.900232
31120000 -3082.84 2.62532 0.4378 0.85 -139.599 0.900232
31130000 -3117.29 2.33117 0.437798 0.85 -139.599 0.900232
31140000 -3133.29 2.08357 0.437795 0.85 -139.599 0.900232
31150000 -3160.99 1.74679 0.437797 0.85 -139.599 0.900232
31160000 -3132.72 2.10575 0.437801 0.85 -139.599 0.900232
31170000 -3116.41 2.26248 0.437797 0.85 -139.599 0.900232
31180000 -3107.76 2.36827 0.437799 0.85 -139.599 0.900232
31190000 -3120.44 2.20073 0.4378 0.85 -139.599 0.900232
31200000 -3066.12 2.79766 0.4378 0.85 -139.599 0.900232
31210000 -3101.08 2.46773 0.4378 0.85 -139.599 0.900232
31220000 -3137.79 2.08983 0.437799 0.85 -139.599 0.900232
31230000 -3139.89 2.06728 0.437801 0.85 -139.599 0.900232
31240000 -3113.44 2.30747 0.437802 0.85 -139.599 0.900232
31250000 -3152.43 1.95768 0.437799 0.85 -139.599 0.900232
31260000 -3148.81 1.93508 0.4378 0.85 -139.599 0.900232
31270000 -3100.22 2.35987 0.4378 0.85 -139.599 0.900232
31280000 -3113.3 2.33927 0.4378 0.85 -139.599 0.900232
31290000 -3132.32 2.14043 0.437799 0.85 -139.599 0.900232
31300000 -3124.45 2.23703 0.437798 0.85 -139.599 0.900232
31310000 -3121.13 2.19243 0.437797 0.85 -139.599 0.900232
31320000 -3135.22 2.0996 0.437796 0.85 -139.599 0.900232
31330000 -3142.96 1.95985 0.437794 0.85 -139.599 0.900232
31340000 -3139.33 2.04448 0.437797 0.85 -139.599 0.900232
31350000 -3124.82 2.27178 0.437798 0.85 -139.599 0.900232
31360000 -3097.6 2.49364 0.437798 0.85 -139.599 0.900232
31370000 -3083.95 2.62217 0.437798 0.85 -139.599 0.900232
31380000 -3095.32 2.47281 0.437798 0.85 -139.599 0.900232
31390000 -3110.13 2.31557 0.437797 0.85 -139.599 0.900232
31400000 -3136.7 1.97225 0.437797 0.85 -139.599 0.900232
31410000 -3130.15 2.13177 0.437799 0.85 -139.599 0.900232
31420000 -3111.65 2.30859 0.437797 0.85 -139.599 0.900232
31430000 -3132.84 2.04267 0.437797 0.85 -139.599 0.900232
31440000 -3124.98 2.16883 0.4378 0.85 -139.599 0.900232
31450000 -3066.64 2.72534 0.437797 0.85 -139.599 0.900232
31460000 -3131.91 2.04815 0.437801 0.85 -139.599 0.900232
31470000 -3117.99 2.17217 0.437805 0.85 -139.599 0.900232
31480000 -3092.42 2.44529 0.437806 0.85 -139.599 0.900232
31490000 -3128.57 2.09194 0.437807 0.85 -139.599 0.900232
31500000 -3094.51 2.40945 0.437806 0.85 -139.599 0.900232
31510000 -3123.38 2.19158 0.437808 0.85 -139.599 0.900232
31520000 -3120.41 2.13207 0.437809 0.85 -139.599 0.900232
31530000 -3132.47 2.0538 0.437807 0.85 -139.599 0.900232
31540000 -3148.4 1.94183 0.437807 0.85 -139.599 0.900232
31550000 -3156.18 1.87797 0.437807 0.85 -139.599 0.900232
31560000 -3130.96 2.07508 0.437808 0.85 -139.599 0.900232
31570000 -3147.27 1.99223 0.437809 0.85 -139.599 0.900232
31580000 -3157.43 1.8849 0.437811 0.85 -139.599 0.900232
31590000 -3111.48 2.24518 0.437812 0.85 -139.599 0.900232
31600000 -3145.11 1.91975 0.437812 0.85 -139.599 0.900232
31610000 -3126.33 2.12147 0.437814 0.85 -139.599 0.900232
31620000 -3127.57 2.24043 0.437815 0.85 -139.599 0.900232
31630000 -3128.82 2.10057 0.437817 0.85 -139.599 0.900232
31640000 -3134.65 2.10214 0.437819 0.85 -139.599 0.900232
31650000 -3090 2.49351 0.437819 0.85 -139.599 0.900232
31660000 -3124.78 2.12179 0.437819 0.85 -139.599 0.900232
31670000 -3088.49 2.53041 0.43782 0.85 -139.599 0.900232
31680000 -3117.41 2.27545 0.437819 0.85 -139.599 0.900232
31690000 -3112.88 2.2895 0.437819 0.85 -139.599 0.900232
31700000 -3130.28 2.13996 0.437818 0.85 -139.599 0.900232
31710000 -3138.15 2.09395 0.437819 0.85 -139.599 0.900232
31720000 -3175.84 1.6904 0.437822 0.85 -139.599 0.900232
31730000 -3119.38 2.25064 0.437821 0.85 -139.599 0.900232
31740000 -3136.11 2.1203 0.43782 0.85 -139.599 0.900232
31750000 -3152.36 1.99379 0.437821 0.85 -139.599 0.900232
31760000 -3110.63 2.36041 0.437821 0.85 -139.599 0.900232
31770000 -3122.11 2.24333 0.437823 0.85 -139.599 0.900232
31780000 -3103 2.37579 0.437821 0.85 -139.599 0.900232
31790000 -3086.13 2.56678 0.437821 0.85 -139.599 0.900232
31800000 -3109.95 2.32999 0.437816 0.85 -139.599 0.900232
31810000 -3086.86 2.58657 0.437818 0.85 -139.599 0.900232
31820000 -3087.41 2.51977 0.437818 0.85 -139.599 0.900232
31830000 -3110.85 2.35086 0.437819 0.85 -139.599 0.900232
31840000 -3129.61 2.14482 0.437818 0.85 -139.599 0.900232
31850000 -3131.11 2.09148 0.437817 0.85 -139.599 0.900232
31860000 -3125.67 2.20072 0.437819 0.85 -139.599 0.900232
31870000 -3117.2 2.2127 0.437822 0.85 -139.599 0.900232
31880000 -3125.96 2.1036 0.437823 0.85 -139.599 0.900232
31890000 -3138.1 2.03791 0.437823 0.85 -139.599 0.900232
31900000 -3136.28 2.05576 0.437824 0.85 -139.599 0.900232
31910000 -3186.15 1.53411 0.437825 0.85 -139.599 0.900232
31920000 -3145.54 1.96914 0.437826 0.85 -139.599 0.900232
31930000 -3131.22 2.09086 0.437827 0.85 -139.599 0.900232
31940000 -3131.45 2.16901 0.437828 0.85 -139.599 0.900232
31950000 -3105.6 2.36597 0.437831 0.85 -139.599 0.900232
31960000 -3106.53 2.40209 0.43783 0.85 -139.599 0.900232
31970000 -3107.57 2.41095 0.43783 0.85 -139.599 0.900232
31980000 -3165.87 1.79381 0.437828 0.85 -139.599 0.900232
31990000 -3121.58 2.2378 0.43783 0.85 -139.599 0.900232
32000000 -3114.94 2.23103 0.437831 0.85 -139.599 0.900232
32010000 -3118.81 2.17507 0.437833 0.85 -139.599 0.900232
32020000 -3139.79 2.05093 0.437837 0.85 -139.599 0.900232
32030000 -3147.63 1.97077 0.437838 0.85 -139.599 0.900232
32040000 -3143.04 1.97979 0.437841 0.85 -139.599 0.900232
32050000 -3134.51 2.1298 0.437841 0.85 -139.599 0.900232
32060000 -3162.74 1.77243 0.437845 0.85 -139.599 0.900232
32070000 -3152.63 1.93956 0.437848 0.85 -139.599 0.900232
32080000 -3117.23 2.3315 0.437846 0.85 -139.599 0.900232
32090000 -3122.09 2.18409 0.437843 0.85 -139.599 0.900232
32100000 -3140.7 2.06181 0.437843 0.85 -139.599 0.900232
32110000 -3108.12 2.38701 0.437842 0.85 -139.599 0.900232
32120000 -3125.08 2.25066 0.437837 0.85 -139.599 0.900232
32130000 -3147 2.05111 0.437834 0.85 -139.599 0.900232
32140000 -3102.69 2.40283 0.437832 0.85 -139.599 0.900232
32150000 -3155.22 1.97759 0.43783 0.85 -139.599 0.900232
32160000 -3130.42 2.17281 0.437829 0.85 -139.599 0.900232
32170000 -3130.93 2.13617 0.437828 0.85 -139.599 0.900232
32180000 -3147.03 2.01824 0.43783 0.85 -139.599 0.900232
32190000 -3111.18 2.3547 0.437831 0.85 -139.599 0.900232
32200000 -3125.52 2.08634 0.437834 0.85 -139.599 0.900232
32210000 -3119.45 2.22034 0.437837 0.85 -139.599 0.900232
32220000 -3120.38 2.17502 0.437839 0.85 -139.599 0.900232
32230000 -3119.21 2.24402 0.437837 0.85 -139.599 0.900232
32240000 -3118.14 2.25492 0.437835 0.85 -139.599 0.900232
32250000 -3116.24 2.27161 0.437835 0.85 -139.599 0.900232
32260000 -3118.65 2.20008 0.437837 0.85 -139.599 0.900232
32270000 -3102.87 2.29314 0.437839 0.85 -139.599 0.900232
32280000 -3132.9 2.11942 0.437838 0.85 -139.599 0.900232
32290000 -3097.72 2.40315 0.43784 0.85 -139.599 0.900232
32300000 -3139.35 2.01369 0.43784 0.85 -139.599 0.900232
32310000 -3071.89 2.6642 0.43784 0.85 -139.599 0.900232
32320000 -3094.82 2.48309 0.437841 0.85 -139.599 0.900232
32330000 -3105.59 2.28839 0.437839 0.85 -139.599 0.900232
32340000 -3124.02 2.19693 0.437839 0.85 -139.599 0.900232
32350000 -3098.76 2.4208 0.437835 0.85 -139.599 0.900232
32360000 -3107.68 2.33263 0.437835 0.85 -139.599 0.900232
32370000 -3058.91 2.82863 0.437833 0.85 -139.599 0.900232
32380000 -3066.85 2.74763 0.437832 0.85 -139.599 0.900232
32390000 -3084.29 2.55913 0.437831 0.85 -139.599 0.900232
32400000 -3102.03 2.44284 0.437829 0.85 -139.599 0.900232
32410000 -3071.5 2.71447 0.437826 0.85 -139.599 0.900232
32420000 -3095.91 2.49691 0.437825 0.85 -139.599 0.900232
32430000 -3084.46 2.56163 0.437827 0.85 -139.599 0.900232
32440000 -3099.33 2.41192 0.437825 0.85 -139.599 0.900232
32450000 -3133.53 2.07932 0.437824 0.85 -139.599 0.900232
32460000 -3114.38 2.24185 0.437821 0.85 -139.599 0.900232
32470000 -3137.93 1.96603 0.437822 0.85 -139.599 0.900232
32480000 -3109.54 2.32585 0.437825 0.85 -139.599 0.900232
32490000 -3102.33 2.49391 0.437825 0.85 -139.599 0.900232
32500000 -3084.86 2.57517 0.437822 0.85 -139.599 0.900232
32510000 -3094.07 2.48244 0.43782 0.85 -139.599 0.900232
32520000 -3109.8 2.33257 0.437817 0.85 -139.599 0.900232
32530000 -3098.26 2.48769 0.437816 0.85 -139.599 0.900232
32540000 -3092.12 2.52059 0.437814 0.85 -139.599 0.900232
32550000 -3120.31 2.27353 0.437816 0.85 -139.599 0.900232
32560000 -3118.05 2.34544 0.437815 0.85 -139.599 0.900232
32570000 -3118.46 2.26204 0.437812 0.85 -139.599 0.900232
32580000 -3073.62 2.67337 0.437813 0.85 -139.599 0.900232
32590000 -3111.2 2.35864 0.437813 0.85 -139.599 0.900232
32600000 -3133.08 2.0702 0.437815 0.85 -139.599 0.900232
32610000 -3141.07 2.01002 0.437814 0.85 -139.599 0.900232
32620000 -3098.54 2.40958 0.437816 0.85 -139.599 0.900232
32630000 -3134.29 2.10603 0.437816 0.85 -139.599 0.900232
32640000 -3122.69 2.25978 0.437817 0.85 -139.599 0.900232
32650000 -3158.18 1.85576 0.437814 0.85 -139.599 0.900232
32660000 -3119 2.24941 0.437813 0.85 -139.599 0.900232
32670000 -3124.19 2.24607 0.437814 0.85 -139.599 0.900232
32680000 -3166.95 1.82276 0.437815 0.85 -139.599 0.900232
32690000 -3112.83 2.28382 0.437816 0.85 -139.599 0.900232
32700000 -3118.33 2.28994 0.437814 0.85 -139.599 0.900232
32710000 -3148.29 2.01354 0.437815 0.85 -139.599 0.900232
32720000 -3114.05 2.33012 0.437816 0.85 -139.599 0.900232
32730000 -3128.49 2.21381 0.437818 0.85 -139.599 0.900232
32740000 -3141.25 2.1101 0.437818 0.85 -139.599 0.900232
32750000 -3080.73 2.70567 0.437818 0.85 -139.599 0.900232
32760000 -3108.06 2.35937 0.437815 0.85 -139.599 0.900232
32770000 -3096.89 2.4866 0.437812 0.85 -139.599 0.900232
32780000 -3147.36 1.96422 0.437809 0.85 -139.599 0.900232
32790000 -3083.81 2.6367 0.437808 0.85 -139.599 0.900232
32800000 -3111.01 2.33392 0.437806 0.85 -139.599 0.900232
32810000 -3100.31 2.43208 0.437803 0.85 -139.599 0.900232
32820000 -3114.89 2.34308 0.437801 0.85 -139.599 0.900232
32830000 -3118.09 2.33703 0.437802 0.85 -139.599 0.900232
32840000 -3155.78 1.90502 0.437802 0.85 -139.599 0.900232
32850000 -3091.48 2.5189 0.437803 0.85 -139.599 0.900232
32860000 -3110.21 2.35634 0.437804 0.85 -139.599 0.900232
32870000 -3124.54 2.23067 0.437802 0.85 -139.599 0.900232
32880000 -3097.27 2.45003 0.4378 0.85 -139.599 0.900232
32890000 -3111.77 2.34141 0.437802 0.85 -139.599 0.900232
32900000 -3109.3 2.33571 0.437801 0.85 -139.599 0.900232
32910000 -3099.87 2.37846 0.437802 0.85 -139.599 0.900232
32920000 -3115.37 2.31551 0.437803 0.85 -139.599 0.900232
32930000 -3137.27 2.07206 0.437803 0.85 -139.599 0.900232
32940000 -3146.73 1.94712 0.437803 0.85 -139.599 0.900232
32950000 -3134.2 2.15415 0.437805 0.85 -139.599 0.900232
32960000 -3139.12 2.05596 0.437806 0.85 -139.599 0.900232
32970000 -3098.37 2.44256 0.437809 0.85 -139.599 0.900232
32980000 -3124.11 2.20936 0.437806 0.85 -139.599 0.900232
32990000 -3103.92 2.45281 0.437804 0.85 -139.599 0.900232
33000000 -3108.78 2.41034 0.437802 0.85 -139.599 0.900232
33010000 -3084.1 2.66895 0.437802 0.85 -139.599 0.900232
33020000 -3135.5 2.1071 0.437802 0.85 -139.599 0.900232
33030000 -3106.92 2.34832 0.437804 0.85 -139.599 0.900232
33040000 -3123.41 2.19142 0.437807 0.85 -139.599 0.900232
33050000 -3137.12 1.99606 0.437809 0.85 -139.599 0.900232
33060000 -3117.05 2.21324 0.437807 0.85 -139.599 0.900232
33070000 -3138.03 2.06522 0.437808 0.85 -139.599 0.900232
33080000 -3129.11 2.1026 0.437806 0.85 -139.599 0.900232
33090000 -3135.11 2.05383 0.437807 0.85 -139.599 0.900232
33100000 -3133.98 2.09596 0.437808 0.85 -139.599 0.900232
33110000 -3092.39 2.53811 0.437806 0.85 -139.599 0.900232
33120000 -3144.9 2.03362 0.437805 0.85 -139.599 0.900232
33130000 -3139.02 2.04143 0.437805 0.85 -139.599 0.900232
33140000 -3154.05 1.8675 0.437806 0.85 -139.599 0.900232
33150000 -3122.28 2.19038 0.437804 0.85 -139.599 0.900232
33160000 -3161.49 1.82389 0.437805 0.85 -139.599 0.900232
33170000 -3108.93 2.31007 0.437806 0.85 -139.599 0.900232
33180000 -3146.88 2.01942 0.437805 0.85 -139.599 0.900232
33190000 -3116.89 2.30935 0.437806 0.85 -139.599 0.900232
33200000 -3083.47 2.56904 0.437807 0.85 -139.599 0.900232
33210000 -3114.65 2.27551 0.437806 0.85 -139.599 0.900232
33220000 -3139.5 2.02763 0.437808 0.85 -139.599 0.900232
33230000 -3105.23 2.29997 0.437808 0.85 -139.599 0.900232
33240000 -3154.34 1.90898 0.437812 0.85 -139.599 0.900232
33250000 -3172.65 1.68182 0.437812 0.85 -139.599 0.900232
33260000 -3134.33 2.11558 0.437813 0.85 -139.599 0.900232
33270000 -3135.75 2.0863 0.437815 0.85 -139.599 0.900232
33280000 -3135.45 2.04455 0.437818 0.85 -139.599 0.900232
33290000 -3133.05 2.0774 0.437819 0.85 -139.599 0.900232
33300000 -3090.11 2.50896 0.437818 0.85 -139.599 0.900232
33310000 -3172.51 1.72765 0.437819 0.85 -139.599 0.900232
33320000 -3140.54 2.04619 0.437821 0.85 -139.599 0.900232
33330000 -3131.39 2.08847 0.437821 0.85 -139.599 0.900232
33340000 -3158.9 1.86117 0.437822 0.85 -139.599 0.900232
33350000 -3140.19 1.9647 0.437823 0.85 -139.599 0.900232
33360000 -3127.41 2.20108 0.437822 0.85 -139.599 0.900232
33370000 -3132.12 2.1327 0.43782 0.85 -139.599 0.900232
33380000 -3085.44 2.52972 0.43782 0.85 -139.599 0.900232
33390000 -3118.29 2.16492 0.437821 0.85 -139.599 0.900232
33400000 -3144.35 1.89849 0.437825 0.85 -139.599 0.900232
33410000 -3123.45 2.19712 0.437829 0.85 -139.599 0.900232
33420000 -3124.79 2.18368 0.437831 0.85 -139.599 0.900232
33430000 -3152.25 1.90518 0.437831 0.85 -139.599 0.900232
33440000 -3100.76 2.41858 0.437831 0.85 -139.599 0.900232
33450000 -3143.41 1.91275 0.437832 0.85 -139.599 0.900232
33460000 -3125.17 2.1598 0.437832 0.85 -139.599 0.900232
33470000 -3120.41 2.20536 0.437832 0.85 -139.599 0.900232
33480000 -3129.21 2.11586 0.437833 0.85 -139.599 0.900232
33490000 -3078.95 2.66285 0.437831 0.85 -139.599 0.900232
33500000 -3093.25 2.46561 0.43783 0.85 -139.599 0.900232
33510000 -3090.48 2.54715 0.437828 0.85 -139.599 0.900232
33520000 -3066.7 2.86565 0.437827 0.85 -139.599 0.900232
33530000 -3107.05 2.4161 0.437824 0.85 -139.599 0.900232
33540000 -3123.09 2.26612 0.437823 0.85 -139.599 0.900232
33550000 -3111.8 2.37046 0.437819 0.85 -139.599 0.900232
33560000 -3111.59 2.32707 0.437822 0.85 -139.599 0.900232
33570000 -3100.85 2.41096 0.437818 0.85 -139.599 0.900232
33580000 -3119.53 2.22531 0.437818 0.85 -139.599 0.900232
33590000 -3073.75 2.68668 0.437814 0.85 -139.599 0.900232
33600000 -3114.95 2.27928 0.437814 0.85 -139.599 0.900232
33610000 -3094.92 2.47886 0.437815 0.85 -139.599 0.900232
33620000 -3093.76 2.47476 0.437812 0.85 -139.599 0.900232
33630000 -3080.22 2.66053 0.437812 0.85 -139.599 0.900232
33640000 -3106.23 2.34027 0.437811 0.85 -139.599 0.900232
33650000 -3096.03 2.42855 0.43781 0.85 -139.599 0.900232
33660000 -3098.71 2.4557 0.437808 0.85 -139.599 0.900232
33670000 -3124.03 2.17318 0.437807 0.85 -139.599 0.900232
33680000 -3094.05 2.44695 0.437806 0.85 -139.599 0.900232
33690000 -3079.35 2.6157 0.437808 0.85 -139.599 0.900232
33700000 -3138.14 2.03851 0.437807 0.85 -139.599 0.900232
33710000 -3134.37 2.10307 0.437804 0.85 -139.599 0.900232
33720000 -3126.01 2.13872 0.437804 0.85 -139.599 0.900232
33730000 -3144.14 2.04104 0.437806 0.85 -139.599 0.900232
33740000 -3152.05 1.89753 0.437807 0.85 -139.599 0.900232
33750000 -3148.67 1.87904 0.437807 0.85 -139.599 0.900232
33760000 -3126.59 2.12607 0.437807 0.85 -139.599 0.900232
33770000 -3130.88 2.08486 0.43781 0.85 -139.599 0.900232
33780000 -3124.42 2.20528 0.437812 0.85 -139.599 0.900232
33790000 -3139.62 2.01038 0.437815 0.85 -139.599 0.900232
33800000 -3163.41 1.83333 0.437814 0.85 -139.599 0.900232
33810000 -3126.77 2.14389 0.437812 0.85 -139.599 0.900232
33820000 -3093.91 2.44696 0.437814 0.85 -139.599 0.900232
33830000 -3119.71 2.21363 0.437815 0.85 -139.599 0.900232
33840000 -3125.43 2.19189 0.437817 0.85 -139.599 0.900232
33850000 -3125.85 2.11178 0.437818 0.85 -139.599 0.900232
33860000 -3122.85 2.1869 0.437818 0.85 -139.599 0.900232
33870000 -3134.29 2.11023 0.437815 0.85 -139.599 0.900232
33880000 -3121.56 2.23166 0.437817 0.85 -139.599 0.900232
33890000 -3123.87 2.1727 0.437814 0.85 -139.599 0.900232
33900000 -3158.04 1.8167 0.437814 0.85 -139.599 0.900232
33910000 -3144.84 1.90505 0.437815 0.85 -139.599 0.900232
33920000 -3099.62 2.48418 0.437814 0.85 -139.599 0.900232
33930000 -3109.64 2.3639 0.437816 0.85 -139.599 0.900232
33940000 -3130.26 2.17809 0.437817 0.85 -139.599 0.900232
33950000 -3144.25 2.00054 0.437819 0.85 -139.599 0.900232
33960000 -3162.95 1.86148 0.437822 0.85 -139.599 0.900232
33970000 -3095.95 2.45253 0.437824 0.85 -139.599 0.900232
33980000 -3129.92 2.09101 0.437824 0.85 -139.599 0.900232
33990000 -3129.98 2.08119 0.437824 0.85 -139.599 0.900232
34000000 -3142.45 2.00748 0.437825 0.85 -139.599 0.900232
34010000 -3149.41 1.92076 0.437825 0.85 -139.599 0.900232
34020000 -3149.16 1.91401 0.437825 0.85 -139.599 0.900232
34030000 -3142.44 1.96668 0.437829 0.85 -139.599 0.900232
34040000 -3154.64 1.87166 0.437829 0.85 -139.599 0.900232
34050000 -3109.34 2.52082 0.437829 0.85 -139.599 0.900232
34060000 -3143.05 2.00536 0.437829 0.85 -139.599 0.900232
34070000 -3104.16 2.37521 0.437828 0.85 -139.599 0.900232
34080000 -3138.13 2.07896 0.437829 0.85 -139.599 0.900232
34090000 -3116.1 2.3161 0.437826 0.85 -139.599 0.900232
34100000 -3105.98 2.32362 0.437825 0.85 -139.599 0.900232
34110000 -3131.76 2.05305 0.437822 0.85 -139.599 0.900232
34120000 -3091.19 2.44613 0.43782 0.85 -139.599 0.900232
34130000 -3086.81 2.60096 0.437822 0.85 -139.599 0.900232
34140000 -3153.4 1.90848 0.437825 0.85 -139.599 0.900232
34150000 -3120.57 2.22938 0.437824 0.85 -139.599 0.900232
34160000 -3102.32 2.39937 0.437825 0.85 -139.599 0.900232
34170000 -3155.34 1.87068 0.437825 0.85 -139.599 0.900232
34180000 -3121.06 2.19149 0.437826 0.85 -139.599 0.900232
34190000 -3126.1 2.2105 0.437828 0.85 -139.599 0.900232
34200000 -3097.76 2.40865 0.437827 0.85 -139.599 0.900232
34210000 -3098.32 2.39873 0.437828 0.85 -139.599 0.900232
34220000 -3155.46 1.86752 0.437829 0.85 -139.599 0.900232
34230000 -3131.87 2.09931 0.437829 0.85 -139.599 0.900232
34240000 -3153.77 1.86896 0.437831 0.85 -139.599 0.900232
34250000 -3102.95 2.44385 0.43783 0.85 -139.599 0.900232
34260000 -3127.94 2.13719 0.437833 0.85 -139.599 0.900232
34270000 -3101.7 2.35798 0.437835 0.85 -139.599 0.900232
34280000 -3148.83 1.93299 0.437836 0.85 -139.599 0.900232
34290000 -3150.53 1.94863 0.437838 0.85 -139.599 0.900232
34300000 -3158.01 1.8418 0.437839 0.85 -139.599 0.900232
34310000 -3130.92 2.07199 0.437842 0.85 -139.599 0.900232
34320000 -3130.98 2.08703 0.43784 0.85 -139.599 0.900232
34330000 -3089.47 2.49466 0.43784 0.85 -139.599 0.900232
34340000 -3113.14 2.28398 0.437843 0.85 -139.599 0.900232
34350000 -3120.46 2.24077 0.437845 0.85 -139.599 0.900232
34360000 -3125.53 2.11804 0.437844 0.85 -139.599 0.900232
34370000 -3149.17 1.96161 0.437846 0.85 -139.599 0.900232
34380000 -3100.54 2.3671 0.437845 0.85 -139.599 0.900232
34390000 -3160.93 1.73983 0.437845 0.85 -139.599 0.900232
34400000 -3143.65 2.08075 0.437846 0.85 -139.599 0.900232
34410000 -3121.66 2.23495 0.437844 0.85 -139.599 0.900232
34420000 -3131.43 2.09308 0.437844 0.85 -139.599 0.900232
34430000 -3113.36 2.30804 0.437844 0.85 -139.599 0.900232
34440000 -3114.46 2.23593 0.437844 0.85 -139.599 0.900232
34450000 -3123.57 2.14535 0.437846 0.85 -139.599 0.900232
34460000 -3135.12 2.04189 0.437844 0.85 -139.599 0.900232
34470000 -3129.83 2.17091 0.437844 0.85 -139.599 0.900232
34480000 -3116.39 2.2591 0.437847 0.85 -139.599 0.900232
34490000 -3121.97 2.19781 0.437849 0.85 -139.599 0.900232
34500000 -3122.67 2.19275 0.43785 0.85 -139.599 0.900232
34510000 -3122.01 2.16358 0.43785 0.85 -139.599 0.900232
34520000 -3154.58 1.79713 0.43785 0.85 -139.599 0.900232
34530000 -3122.13 2.2064 0.437851 0.85 -139.599 0.900232
34540000 -3132.02 2.02837 0.437853 0.85 -139.599 0.900232
34550000 -3125.71 2.14751 0.437854 0.85 -139.599 0.900232
34560000 -3121.75 2.16732 0.437857 0.85 -139.599 0.900232
34570000 -3134.61 2.03083 0.437858 0.85 -139.599 0.900232
34580000 -3109.26 2.35223 0.437856 0.85 -139.599 0.900232
34590000 -3128.06 2.2145 0.437856 0.85 -139.599 0.900232
34600000 -3095.32 2.51938 0.437855 0.85 -139.599 0.900232
34610000 -3110.62 2.3892 0.437855 0.85 -139.599 0.900232
34620000 -3119.08 2.25583 0.437852 0.85 -139.599 0.900232
34630000 -3129.97 2.15134 0.437855 0.85 -139.599 0.900232
34640000 -3116.65 2.29726 0.437856 0.85 -139.599 0.900232
34650000 -3119.63 2.21266 0.437855 0.85 -139.599 0.900232
34660000 -3085.99 2.56769 0.437855 0.85 -139.599 0.900232
34670000 -3081.55 2.62974 0.437854 0.85 -139.599 0.900232
34680000 -3084.08 2.555 0.437851 0.85 -139.599 0.900232
34690000 -3119 2.32804 0.437852 0.85 -139.599 0.900232
34700000 -3103.31 2.45083 0.437851 0.85 -139.599 0.900232
34710000 -3152.73 2.01467 0.437848 0.85 -139.599 0.900232
34720000 -3122.86 2.29107 0.437849 0.85 -139.599 0.900232
34730000 -3136.07 2.1134 0.437848 0.85 -139.599 0.900232
34740000 -3095.36 2.55135 0.437847 0.85 -139.599 0.900232
34750000 -3124.91 2.28265 0.437851 0.85 -139.599 0.900232
34760000 -3114.45 2.35664 0.437852 0.85 -139.599 0.900232
34770000 -3134.04 2.16947 0.437853 0.85 -139.599 0.900232
34780000 -3144.3 2.06441 0.437854 0.85 -139.599 0.900232
34790000 -3140.29 2.12004 0.437853 0.85 -139.599 0.900232
34800000 -3124.39 2.23342 0.437855 0.85 -139.599 0.900232
34810000 -3125.09 2.17286 0.437859 0.85 -139.599 0.900232
34820000 -3132.85 2.10944 0.437863 0.85 -139.599 0.900232
34830000 -3118 2.22084 0.437864 0.85 -139.599 0.900232
34840000 -3126.3 2.20877 0.437866 0.85 -139.599 0.900232
34850000 -3119.91 2.369 0.437868 0.85 -139.599 0.900232
34860000 -3140.73 2.13914 0.437868 0.85 -139.599 0.900232
34870000 -3152.21 2.01174 0.437868 0.85 -139.599 0.900232
34880000 -3126.28 2.18756 0.437866 0.85 -139.599 0.900232
34890000 -3067.08 2.8156 0.437865 0.85 -139.599 0.900232
34900000 -3120.04 2.30393 0.437864 0.85 -139.599 0.900232
34910000 -3120.95 2.23627 0.437865 0.85 -139.599 0.900232
34920000 -3129.14 2.14384 0.437867 0.85 -139.599 0.900232
34930000 -3123.43 2.22067 0.437865 0.85 -139.599 0.900232
34940000 -3105.13 2.35787 0.437865 0.85 -139.599 0.900232
34950000 -3144.26 1.93118 0.437865 0.85 -139.599 0.900232
34960000 -3131.82 2.10626 0.437866 0.85 -139.599 0.900232
34970000 -3124.34 2.1727 0.437869 0.85 -139.599 0.900232
34980000 -3138.95 2.00095 0.43787 0.85 -139.599 0.900232
34990000 -3110.05 2.31047 0.437868 0.85 -139.599 0.900232
35000000 -3138.06 2.03708 0.437871 0.85 -139.599 0.900232
35010000 -3134.12 2.15809 0.437872 0.85 -139.599 0.900232
35020000 -3119.65 2.23549 0.437871 0.85 -139.599 0.900232
35030000 -3105.07 2.36831 0.437872 0.85 -139.599 0.900232
35040000 -3140.23 2.06702 0.437871 0.85 -139.599 0.900232
35050000 -3117.92 2.22665 0.43787 0.85 -139.599 0.900232
35060000 -3115.17 2.31659 0.437872 0.85 -139.599 0.900232
35070000 -3140.18 2.04077 0.437872 0.85 -139.599 0.900232
35080000 -3110.27 2.35829 0.437874 0.85 -139.599 0.900232
35090000 -3070.39 2.81246 0.437875 0.85 -139.599 0.900232
35100000 -3146.48 2.02511 0.437876 0.85 -139.599 0.900232
35110000 -3126.15 2.20766 0.437876 0.85 -139.599 0.900232
35120000 -3130.3 2.12879 0.437878 0.85 -139.599 0.900232
35130000 -3104.78 2.39071 0.437878 0.85 -139.599 0.900232
35140000 -3107.6 2.38417 0.437876 0.85 -139.599 0.900232
35150000 -3141.34 1.9947 0.437875 0.85 -139.599 0.900232
35160000 -3115.88 2.28728 0.437873 0.85 -139.599 0.900232
35170000 -3112.88 2.28764 0.437873 0.85 -139.599 0.900232
35180000 -3111.27 2.32907 0.437872 0.85 -139.599 0.900232
35190000 -3127.67 2.19411 0.437874 0.85 -139.599 0.900232
35200000 -3138.98 2.06501 0.437871 0.85 -139.599 0.900232
35210000 -3120.45 2.19779 0.437873 0.85 -139.599 0.900232
35220000 -3127.87 2.12567 0.437875 0.85 -139.599 0.900232
35230000 -3139.31 2.03484 0.437877 0.85 -139.599 0.900232
35240000 -3111.03 2.30787 0.437878 0.85 -139.599 0.900232
35250000 -3106.58 2.38504 0.437877 0.85 -139.599 0.900232
35260000 -3084.46 2.5241 0.437878 0.85 -139.599 0.900232
35270000 -3127.41 2.13121 0.437879 0.85 -139.599 0.900232
35280000 -3104.63 2.46759 0.437879 0.85 -139.599 0.900232
35290000 -3074.42 2.70248 0.437874 0.85 -139.599 0.900232
35300000 -3118.75 2.24799 0.437874 0.85 -139.599 0.900232
35310000 -3133.97 2.12079 0.437873 0.85 -139.599 0.900232
35320000 -3120.92 2.29739 0.437873 0.85 -139.599 0.900232
35330000 -3127.61 2.18475 0.437874 0.85 -139.599 0.900232
35340000 -3102.13 2.46703 0.437873 0.85 -139.599 0.900232
35350000 -3073.74 2.75255 0.437871 0.85 -139.599 0.900232
35360000 -3068.52 2.77983 0.437867 0.85 -139.599 0.900232
35370000 -3094.91 2.51439 0.437865 0.85 -139.599 0.900232
35380000 -3095.12 2.47211 0.437864 0.85 -139.599 0.900232
35390000 -3072.4 2.77524 0.437863 0.85 -139.599 0.900232
35400000 -3126.45 2.26666 0.43786 0.85 -139.599 0.900232
35410000 -3096.09 2.52769 0.437863 0.85 -139.599 0.900232
35420000 -3109.55 2.39463 0.437862 0.85 -139.599 0.900232
35430000 -3125.13 2.16116 0.437861 0.85 -139.599 0.900232
35440000 -3121.93 2.23765 0.437862 0.85 -139.599 0.900232
35450000 -3096.97 2.48708 0.43786 0.85 -139.599 0.900232
35460000 -3090.61 2.42589 0.437861 0.85 -139.599 0.900232
35470000 -3115.75 2.28495 0.437862 0.85 -139.599 0.900232
35480000 -3120 2.25423 0.437863 0.85 -139.599 0.900232
35490000 -3127.15 2.16931 0.437864 0.85 -139.599 0.900232
35500000 -3138.87 2.11701 0.437865 0.85 -139.599 0.900232
35510000 -3119 2.24433 0.437867 0.85 -139.599 0.900232
35520000 -3113.35 2.37592 0.437866 0.85 -139.599 0.900232
35530000 -3125.44 2.29888 0.437867 0.85 -139.599 0.900232
35540000 -3103.45 2.55943 0.437867 0.85 -139.599 0.900232
35550000 -3098.87 2.51653 0.437864 0.85 -139.599 0.900232
35560000 -3079.45 2.71723 0.437863 0.85 -139.599 0.900232
35570000 -3115.63 2.3271 0.437862 0.85 -139.599 0.900232
35580000 -3108.75 2.43594 0.43786 0.85 -139.599 0.900232
35590000 -3118.07 2.32476 0.437858 0.85 -139.599 0.900232
35600000 -3116.17 2.29125 0.43786 0.85 -139.599 0.900232
35610000 -3091.79 2.58976 0.437859 0.85 -139.599 0.900232
35620000 -3119.98 2.25107 0.437859 0.85 -139.599 0.900232
35630000 -3097.92 2.46227 0.437857 0.85 -139.599 0.900232
35640000 -3104.04 2.45101 0.437857 0.85 -139.599 0.900232
35650000 -3087.55 2.601 0.437855 0.85 -139.599 0.900232
35660000 -3076.55 2.68953 0.437852 0.85 -139.599 0.900232
35670000 -3075.71 2.75882 0.437849 0.85 -139.599 0.900232
35680000 -3114.24 2.28121 0.437849 0.85 -139.599 0.900232
35690000 -3123.98 2.28968 0.437851 0.85 -139.599 0.900232
35700000 -3139.06 2.12115 0.437849 0.85 -139.599 0.900232
35710000 -3115.02 2.34756 0.437848 0.85 -139.599 0.900232
35720000 -3152.1 1.89244 0.437847 0.85 -139.599 0.900232
35730000 -3138.58 2.04871 0.437847 0.85 -139.599 0.900232
35740000 -3168.33 1.75946 0.437847 0.85 -139.599 0.900232
35750000 -3132.67 2.09076 0.437849 0.85 -139.599 0.900232
35760000 -3128.09 2.17645 0.437848 0.85 -139.599 0.900232
35770000 -3099.34 2.43352 0.437847 0.85 -139.599 0.900232
35780000 -3120.63 2.21421 0.437846 0.85 -139.599 0.900232
35790000 -3128.17 2.10324 0.437848 0.85 -139.599 0.900232
35800000 -3110.48 2.33787 0.437846 0.85 -139.599 0.900232
35810000 -3121.1 2.21882 0.437848 0.85 -139.599 0.900232
35820000 -3153.21 1.88551 0.437847 0.85 -139.599 0.900232
35830000 -3122.9 2.16021 0.437847 0.85 -139.599 0.900232
35840000 -3143.86 1.94488 0.437851 0.85 -139.599 0.900232
35850000 -3124.06 2.2065 0.43785 0.85 -139.599 0.900232
35860000 -3147.84 1.91256 0.437851 0.85 -139.599 0.900232
35870000 -3128.08 2.15987 0.437853 0.85 -139.599 0.900232
35880000 -3118.06 2.25945 0.437853 0.85 -139.599 0.900232
35890000 -3120.24 2.22133 0.437851 0.85 -139.599 0.900232
35900000 -3138.19 1.99468 0.437852 0.85 -139.599 0.900232
35910000 -3136.93 2.06632 0.437852 0.85 -139.599 0.900232
35920000 -3123.51 2.16436 0.437852 0.85 -139.599 0.900232
35930000 -3126.03 2.20712 0.43785 0.85 -139.599 0.900232
35940000 -3108.2 2.34258 0.437846 0.85 -139.599 0.900232
35950000 -3084.97 2.5629 0.437845 0.85 -139.599 0.900232
35960000 -3125.64 2.15915 0.437846 0.85 -139.599 0.900232
35970000 -3136.13 2.21035 0.437845 0.85 -139.599 0.900232
35980000 -3150.36 2.08201 0.437846 0.85 -139.599 0.900232
35990000 -3109.08 2.3443 0.437847 0.85 -139.599 0.900232
36000000 -3110.81 2.36905 0.437847 0.85 -139.599 0.900232
36010000 -3138.94 2.08149 0.437847 0.85 -139.599 0.900232
36020000 -3132.29 2.16137 0.437846 0.85 -139.599 0.900232
36030000 -3119.67 2.30094 0.437846 0.85 -139.599 0.900232
36040000 -3104.01 2.41304 0.437843 0.85 -139.599 0.900232
36050000 -3113.87 2.24772 0.437844 0.85 -139.599 0.900232
36060000 -3110.41 2.29278 0.437844 0.85 -139.599 0.900232
36070000 -3140.62 1.97307 0.437845 0.85 -139.599 0.900232
36080000 -3138.8 1.99462 0.437846 0.85 -139.599 0.900232
36090000 -3139.77 2.0362 0.437848 0.85 -139.599 0.900232
36100000 -3127.64 2.13362 0.43785 0.85 -139.599 0.900232
36110000 -3151.84 1.94532 0.437848 0.85 -139.599 0.900232
36120000 -3161.06 1.80119 0.437849 0.85 -139.599 0.900232
36130000 -3121.75 2.18883 0.437852 0.85 -139.599 0.900232
36140000 -3122.03 2.29272 0.437852 0.85 -139.599 0.900232
36150000 -3136.43 2.05386 0.43785 0.85 -139.599 0.900232
36160000 -3086.43 2.57176 0.437849 0.85 -139.599 0.900232
36170000 -3123.43 2.154 0.437846 0.85 -139.599 0.900232
36180000 -3129.57 2.11495 0.437847 0.85 -139.599 0.900232
36190000 -3134.19 2.08733 0.437848 0.85 -139.599 0.900232
36200000 -3143.32 1.99225 0.437846 0.85 -139.599 0.900232
36210000 -3134.34 2.02433 0.437847 0.85 -139.599 0.900232
36220000 -3126.07 2.10665 0.437849 0.85 -139.599 0.900232
36230000 -3122.12 2.18302 0.437852 0.85 -139.599 0.900232
36240000 -3137.38 2.04286 0.437853 0.85 -139.599 0.900232
36250000 -3112.81 2.24589 0.437853 0.85 -139.599 0.900232
36260000 -3156.46 1.88289 0.437853 0.85 -139.599 0.900232
36270000 -3115.07 2.29486 0.437852 0.85 -139.599 0.900232
36280000 -3102.7 2.43613 0.437854 0.85 -139.599 0.900232
36290000 -3140.24 2.0495 0.437853 0.85 -139.599 0.900232
36300000 -3161.25 1.91156 0.437853 0.85 -139.599 0.900232
36310000 -3130.21 2.21506 0.437854 0.85 -139.599 0.900232
36320000 -3144.55 1.99939 0.437857 0.85 -139.599 0.900232
36330000 -3117.03 2.26752 0.43786 0.85 -139.599 0.900232
36340000 -3120.8 2.28649 0.43786 0.85 -139.599 0.900232
36350000 -3129.41 2.12755 0.437859 0.85 -139.599 0.900232
36360000 -3153.87 1.86718 0.43786 0.85 -139.599 0.900232
36370000 -3132.73 2.06944 0.437864 0.85 -139.599 0.900232
36380000 -3132.3 2.06785 0.437864 0.85 -139.599 0.900232
36390000 -3116.37 2.25075 0.437862 0.85 -139.599 0.900232
36400000 -3152.01 1.87136 0.437864 0.85 -139.599 0.900232
36410000 -3130.08 2.21828 0.437864 0.85 -139.599 0.900232
36420000 -3099.4 2.4644 0.437866 0.85 -139.599 0.900232
36430000 -3112.51 2.29015 0.437866 0.85 -139.599 0.900232
36440000 -3122.85 2.26528 0.437867 0.85 -139.599 0.900232
36450000 -3144.61 1.99477 0.437867 0.85 -139.599 0.900232
36460000 -3158.51 1.87633 0.437866 0.85 -139.599 0.900232
36470000 -3106.92 2.39692 0.437868 0.85 -139.599 0.900232
36480000 -3092.5 2.52144 0.437868 0.85 -139.599 0.900232
36490000 -3100.72 2.43223 0.437869 0.85 -139.599 0.900232
36500000 -3123.37 2.2158 0.437868 0.85 -139.599 0.900232
36510000 -3100.38 2.48357 0.437867 0.85 -139.599 0.900232
36520000 -3121.32 2.26461 0.437865 0.85 -139.599 0.900232
36530000 -3114.09 2.38981 0.437867 0.85 -139.599 0.900232
36540000 -3098.05 2.5255 0.437868 0.85 -139.599 0.900232
36550000 -3090.18 2.46967 0.437869 0.85 -139.599 0.900232
36560000 -3121.01 2.22499 0.437869 0.85 -139.599 0.900232
36570000 -3140.36 2.10259 0.437871 0.85 -139.599 0.900232
36580000 -3108.47 2.39855 0.437871 0.85 -139.599 0.900232
36590000 -3086.95 2.62425 0.437871 0.85 -139.599 0.900232
36600000 -3108.59 2.33524 0.437871 0.85 -139.599 0.900232
36610000 -3113.31 2.36352 0.437873 0.85 -139.599 0.900232
36620000 -3131.28 2.13386 0.437875 0.85 -139.599 0.900232
36630000 -3128.63 2.13888 0.437872 0.85 -139.599 0.900232
36640000 -3112.46 2.37513 0.437871 0.85 -139.599 0.900232
36650000 -3113.98 2.34494 0.437871 0.85 -139.599 0.900232
36660000 -3102.93 2.40111 0.437872 0.85 -139.599 0.900232
36670000 -3098.5 2.54695 0.43787 0.85 -139.599 0.900232
36680000 -3117.82 2.30366 0.437868 0.85 -139.599 0.900232
36690000 -3130.95 2.19988 0.437867 0.85 -139.599 0.900232
36700000 -3129.5 2.15523 0.437867 0.85 -139.599 0.900232
36710000 -3140.73 1.99853 0.437865 0.85 -139.599 0.900232
36720000 -3124.67 2.23999 0.437865 0.85 -139.599 0.900232
36730000 -3109.84 2.31564 0.437866 0.85 -139.599 0.900232
36740000 -3119.97 2.17679 0.437865 0.85 -139.599 0.900232
36750000 -3127.19 2.10437 0.437866 0.85 -139.599 0.900232
36760000 -3125.76 2.1817 0.437867 0.85 -139.599 0.900232
36770000 -3150.45 1.96512 0.437868 0.85 -139.599 0.900232
36780000 -3116.89 2.28731 0.437868 0.85 -139.599 0.900232
36790000 -3132.73 2.1098 0.437869 0.85 -139.599 0.900232
36800000 -3106.11 2.39779 0.437867 0.85 -139.599 0.900232
36810000 -3083.29 2.62511 0.437867 0.85 -139.599 0.900232
36820000 -3117.92 2.31932 0.437866 0.85 -139.599 0.900232
36830000 -3137.71 2.10368 0.437867 0.85 -139.599 0.900232
36840000 -3118.59 2.2907 0.437868 0.85 -139.599 0.900232
36850000 -3126.85 2.20285 0.437866 0.85 -139.599 0.900232
36860000 -3130.52 2.14404 0.437868 0.85 -139.599 0.900232
36870000 -3151.51 1.98079 0.43787 0.85 -139.599 0.900232
36880000 -3144.99 1.9678 0.437873 0.85 -139.599 0.900232
36890000 -3115.07 2.28522 0.437874 0.85 -139.599 0.900232
36900000 -3145.08 2.01832 0.437878 0.85 -139.599 0.900232
36910000 -3148.99 1.92924 0.437879 0.85 -139.599 0.900232
36920000 -3129.28 2.14997 0.43788 0.85 -139.599 0.900232
36930000 -3142.33 1.99513 0.437879 0.85 -139.599 0.900232
36940000 -3117.12 2.21866 0.437882 0.85 -139.599 0.900232
36950000 -3130.97 2.17092 0.437886 0.85 -139.599 0.900232
36960000 -3134.21 2.09798 0.437887 0.85 -139.599 0.900232
36970000 -3132.8 2.07306 0.437888 0.85 -139.599 0.900232
36980000 -3140.4 1.96874 0.437892 0.85 -139.599 0.900232
36990000 -3132.71 2.03594 0.437894 0.85 -139.599 0.900232
37000000 -3153.31 1.86431 0.437895 0.85 -139.599 0.900232
37010000 -3165.59 1.81333 0.437896 0.85 -139.599 0.900232
37020000 -3137.7 2.0523 0.437898 0.85 -139.599 0.900232
37030000 -3141.97 2.03795 0.437899 0.85 -139.599 0.900232
37040000 -3134.43 2.10141 0.437898 0.85 -139.599 0.900232
37050000 -3142.58 2.04702 0.437896 0.85 -139.599 0.900232
37060000 -3110.61 2.42351 0.437896 0.85 -139.599 0.900232
37070000 -3075.06 2.72917 0.437895 0.85 -139.599 0.900232
37080000 -3123.83 2.29584 0.437896 0.85 -139.599 0.900232
37090000 -3103.1 2.53398 0.437897 0.85 -139.599 0.900232
37100000 -3116.31 2.34051 0.437895 0.85 -139.599 0.900232
37110000 -3079.03 2.6524 0.437891 0.85 -139.599 0.900232
37120000 -3101.89 2.39319 0.437893 0.85 -139.599 0.900232
37130000 -3151.34 1.95078 0.437894 0.85 -139.599 0.900232
37140000 -3138.83 2.03721 0.437895 0.85 -139.599 0.900232
37150000 -3148.5 1.93808 0.437896 0.85 -139.599 0.900232
37160000 -3095.09 2.50699 0.437896 0.85 -139.599 0.900232
37170000 -3077.19 2.70236 0.437895 0.85 -139.599 0.900232
37180000 -3118.06 2.34101 0.437894 0.85 -139.599 0.900232
37190000 -3117.77 2.34321 0.437892 0.85 -139.599 0.900232
37200000 -3075.75 2.72011 0.437893 0.85 -139.599 0.900232
37210000 -3089.42 2.59445 0.43789 0.85 -139.599 0.900232
37220000 -3130.6 2.1884 0.437888 0.85 -139.599 0.900232
37230000 -3129.04 2.27838 0.437887 0.85 -139.599 0.900232
37240000 -3093.69 2.49316 0.437884 0.85 -139.599 0.900232
37250000 -3119.67 2.24523 0.437885 0.85 -139.599 0.900232
37260000 -3128.15 2.16146 0.437885 0.85 -139.599 0.900232
37270000 -3099.01 2.47483 0.437885 0.85 -139.599 0.900232
37280000 -3135.78 2.1849 0.437883 0.85 -139.599 0.900232
37290000 -3114.09 2.38047 0.437884 0.85 -139.599 0.900232
37300000 -3136.94 2.15961 0.437882 0.85 -139.599 0.900232
37310000 -3125.9 2.25338 0.437882 0.85 -139.599 0.900232
37320000 -3102.2 2.48593 0.437881 0.85 -139.599 0.900232
37330000 -3100.72 2.47364 0.437878 0.85 -139.599 0.900232
37340000 -3097.25 2.46538 0.437877 0.85 -139.599 0.900232
37350000 -3127.39 2.12827 0.437877 0.85 -139.599 0.900232
37360000 -3108.77 2.29498 0.437874 0.85 -139.599 0.900232
37370000 -3105.93 2.3491 0.437874 0.85 -139.599 0.900232
37380000 -3136.12 2.0487 0.437873 0.85 -139.599 0.900232
37390000 -3089.6 2.53503 0.437875 0.85 -139.599 0.900232
37400000 -3125.49 2.1731 0.437875 0.85 -139.599 0.900232
37410000 -3102.77 2.33117 0.437876 0.85 -139.599 0.900232
37420000 -3132.59 2.14582 0.437877 0.85 -139.599 0.900232
37430000 -3125.04 2.19729 0.437878 0.85 -139.599 0.900232
37440000 -3123.22 2.20872 0.437877 0.85 -139.599 0.900232
37450000 -3110.38 2.33021 0.437874 0.85 -139.599 0.900232
37460000 -3134.92 2.08383 0.437875 0.85 -139.599 0.900232
37470000 -3140.16 2.05138 0.437877 0.85 -139.599 0.900232
37480000 -3098.89 2.42842 0.437876 0.85 -139.599 0.900232
37490000 -3125.16 2.17204 0.437875 0.85 -139.599 0.900232
37500000 -3116.31 2.25718 0.437878 0.85 -139.599 0.900232
37510000 -3154.18 1.8621 0.437877 0.85 -139.599 0.900232
37520000 -3116.99 2.29907 0.43788 0.85 -139.599 0.900232
37530000 -3124.02 2.24221 0.437879 0.85 -139.599 0.900232
37540000 -3123.79 2.2457 0.437881 0.85 -139.599 0.900232
37550000 -3121.44 2.21591 0.437881 0.85 -139.599 0.900232
37560000 -3142.37 2.06579 0.43788 0.85 -139.599 0.900232
37570000 -3128.06 2.14333 0.437879 0.85 -139.599 0.900232
37580000 -3163.77 1.82615 0.437876 0.85 -139.599 0.900232
37590000 -3131.06 2.17406 0.437877 0.85 -139.599 0.900232
37600000 -3097.89 2.39466 0.437878 0.85 -139.599 0.900232
37610000 -3165.99 1.79346 0.437878 0.85 -139.599 0.900232
37620000 -3116.35 2.35693 0.437879 0.85 -139.599 0.900232
37630000 -3100.02 2.47088 0.437879 0.85 -139.599 0.900232
37640000 -3111.66 2.35149 0.43788 0.85 -139.599 0.900232
37650000 -3102.07 2.47328 0.437881 0.85 -139.599 0.900232
37660000 -3113.7 2.37056 0.437882 0.85 -139.599 0.900232
37670000 -3082.93 2.72812 0.437879 0.85 -139.599 0.900232
37680000 -3139.74 2.0718 0.437878 0.85 -139.599 0.900232
37690000 -3066.18 2.81319 0.437879 0.85 -139.599 0.900232
37700000 -3098.89 2.4359 0.437877 0.85 -139.599 0.900232
37710000 -3124.98 2.25799 0.437876 0.85 -139.599 0.900232
37720000 -3111.28 2.30059 0.437878 0.85 -139.599 0.900232
37730000 -3097.96 2.44559 0.437879 0.85 -139.599 0.900232
37740000 -3125.42 2.163 0.43788 0.85 -139.599 0.900232
37750000 -3074.39 2.66602 0.437878 0.85 -139.599 0.900232
37760000 -3141.42 2.0302 0.437879 0.85 -139.599 0.900232
37770000 -3103.77 2.40344 0.437881 0.85 -139.599 0.900232
37780000 -3111.87 2.30808 0.43788 0.85 -139.599 0.900232
37790000 -3103.31 2.36947 0.437879 0.85 -139.599 0.900232
37800000 -3110.97 2.3626 0.437879 0.85 -139.599 0.900232
37810000 -3099.47 2.50786 0.437879 0.85 -139.599 0.900232
37820000 -3085.09 2.59041 0.437877 0.85 -139.599 0.900232
37830000 -3128.98 2.10674 0.437876 0.85 -139.599 0.900232
37840000 -3132.41 2.13785 0.437876 0.85 -139.599 0.900232
37850000 -3107.46 2.36326 0.437876 0.85 -139.599 0.900232
37860000 -3131.52 2.16527 0.437874 0.85 -139.599 0.900232
37870000 -3119.68 2.24296 0.437875 0.85 -139.599 0.900232
37880000 -3113.57 2.22461 0.437876 0.85 -139.599 0.900232
37890000 -3092.07 2.54646 0.437875 0.85 -139.599 0.900232
37900000 -3104.34 2.39604 0.437874 0.85 -139.599 0.900232
37910000 -3093.47 2.56749 0.437874 0.85 -139.599 0.900232
37920000 -3085.91 2.56743 0.437872 0.85 -139.599 0.900232
37930000 -3125.77 2.23429 0.437873 0.85 -139.599 0.900232
37940000 -3102.18 2.38059 0.437872 0.85 -139.599 0.900232
37950000 -3094.07 2.49223 0.437872 0.85 -139.599 0.900232
37960000 -3121.91 2.2019 0.43787 0.85 -139.599 0.900232
37970000 -3118.02 2.26913 0.43787 0.85 -139.599 0.900232
37980000 -3112.01 2.30379 0.437869 0.85 -139.599 0.900232
37990000 -3117.09 2.26724 0.43787 0.85 -139.599 0.900232
38000000 -3122.3 2.1892 0.437868 0.85 -139.599 0.900232
38010000 -3088.16 2.48433 0.437868 0.85 -139.599 0.900232
38020000 -3115.34 2.2169 0.437865 0.85 -139.599 0.900232
38030000 -3092.54 2.55642 0.437866 0.85 -139.599 0.900232
38040000 -3101.96 2.419 0.437867 0.85 -139.599 0.900232
38050000 -3079.93 2.57797 0.437865 0.85 -139.599 0.900232
38060000 -3107.61 2.39669 0.437866 0.85 -139.599 0.900232
38070000 -3102.91 2.42763 0.437868 0.85 -139.599 0.900232
38080000 -3156.66 1.8548 0.437867 0.85 -139.599 0.900232
38090000 -3126.02 2.23409 0.437864 0.85 -139.599 0.900232
38100000 -3087.47 2.58772 0.437865 0.85 -139.599 0.900232
38110000 -3112.77 2.25906 0.437863 0.85 -139.599 0.900232
38120000 -3146.67 1.99356 0.437864 0.85 -139.599 0.900232
38130000 -3149.55 1.93634 0.437862 0.85 -139.599 0.900232
38140000 -3109.99 2.32994 0.437862 0.85 -139.599 0.900232
38150000 -3126.64 2.15262 0.437861 0.85 -139.599 0.900232
38160000 -3091.46 2.47982 0.437862 0.85 -139.599 0.900232
38170000 -3154.85 1.95384 0.437866 0.85 -139.599 0.900232
38180000 -3123.61 2.14792 0.437865 0.85 -139.599 0.900232
38190000 -3120.28 2.26642 0.437866 0.85 -139.599 0.900232
38200000 -3125.49 2.20981 0.437864 0.85 -139.599 0.900232
38210000 -3147.94 1.95912 0.437865 0.85 -139.599 0.900232
38220000 -3146.14 1.98844 0.437866 0.85 -139.599 0.900232
38230000 -3185.6 1.62129 0.437868 0.85 -139.599 0.900232
38240000 -3128.75 2.15115 0.437868 0.85 -139.599 0.900232
38250000 -3153.59 1.88613 0.437866 0.85 -139.599 0.900232
38260000 -3131.21 2.06919 0.437865 0.85 -139.599 0.900232
38270000 -3137.55 1.99994 0.437865 0.85 -139.599 0.900232
38280000 -3107.4 2.30908 0.437867 0.85 -139.599 0.900232
38290000 -3123.85 2.13638 0.437867 0.85 -139.599 0.900232
38300000 -3116.85 2.21943 0.437869 0.85 -139.599 0.900232
38310000 -3135.7 2.02765 0.437869 0.85 -139.599 0.900232
38320000 -3132.79 2.08307 0.437869 0.85 -139.599 0.900232
38330000 -3133.38 2.05558 0.437869 0.85 -139.599 0.900232
38340000 -3123.51 2.1752 0.437872 0.85 -139.599 0.900232
38350000 -3108.45 2.42719 0.43787 0.85 -139.599 0.900232
38360000 -3106.32 2.36015 0.437869 0.85 -139.599 0.900232
38370000 -3154.83 1.78753 0.437869 0.85 -139.599 0.900232
38380000 -3158.4 1.77848 0.437872 0.85 -139.599 0.900232
38390000 -3149.43 1.91656 0.437871 0.85 -139.599 0.900232
38400000 -3121.31 2.20805 0.437871 0.85 -139.599 0.900232
38410000 -3158.52 1.89483 0.437873 0.85 -139.599 0.900232
38420000 -3115.86 2.25998 0.437875 0.85 -139.599 0.900232
38430000 -3132.74 2.1219 0.437874 0.85 -139.599 0.900232
38440000 -3114.54 2.28317 0.437874 0.85 -139.599 0.900232
38450000 -3141.69 2.02187 0.437875 0.85 -139.599 0.900232
38460000 -3091.23 2.56486 0.437875 0.85 -139.599 0.900232
38470000 -3116.67 2.303 0.437873 0.85 -139.599 0.900232
38480000 -3136.11 2.11705 0.437873 0.85 -139.599 0.900232
38490000 -3127.66 2.17041 0.437873 0.85 -139.599 0.900232
38500000 -3101.44 2.40136 0.437874 0.85 -139.599 0.900232
38510000 -3141.52 2.03449 0.437874 0.85 -139.599 0.900232
38520000 -3127.63 2.1611 0.437874 0.85 -139.599 0.900232
38530000 -3094.25 2.45242 0.437873 0.85 -139.599 0.900232
38540000 -3095.31 2.46643 0.437872 0.85 -139.599 0.900232
38550000 -3136.34 2.08588 0.437871 0.85 -139.599 0.900232
38560000 -3108.85 2.38183 0.437872 0.85 -139.599 0.900232
38570000 -3124.91 2.22296 0.437873 0.85 -139.599 0.900232
38580000 -3106.87 2.36121 0.43787 0.85 -139.599 0.900232
38590000 -3097.72 2.34345 0.437869 0.85 -139.599 0.900232
38600000 -3117.47 2.21602 0.437868 0.85 -139.599 0.900232
38610000 -3132.15 2.08089 0.437868 0.85 -139.599 0.900232
38620000 -3110.69 2.32699 0.437868 0.85 -139.599 0.900232
38630000 -3134.76 2.11234 0.437867 0.85 -139.599 0.900232
38640000 -3122.8 2.24196 0.437867 0.85 -139.599 0.900232
38650000 -3126.87 2.2031 0.437866 0.85 -139.599 0.900232
38660000 -3112.25 2.28212 0.437867 0.85 -139.599 0.900232
38670000 -3117.94 2.34243 0.437863 0.85 -139.599 0.900232
38680000 -3120 2.24308 0.437861 0.85 -139.599 0.900232
38690000 -3144.4 2.02411 0.437859 0.85 -139.599 0.900232
38700000 -3122.68 2.26949 0.437858 0.85 -139.599 0.900232
38710000 -3127.03 2.2424 0.437858 0.85 -139.599 0.900232
38720000 -3100.79 2.42709 0.437859 0.85 -139.599 0.900232
38730000 -3105.28 2.37334 0.43786 0.85 -139.599 0.900232
38740000 -3100.2 2.41812 0.43786 0.85 -139.599 0.900232
38750000 -3116.02 2.29525 0.43786 0.85 -139.599 0.900232
38760000 -3141.56 1.9953 0.437861 0.85 -139.599 0.900232
38770000 -3093.02 2.43451 0.43786 0.85 -139.599 0.900232
38780000 -3111.07 2.34232 0.43786 0.85 -139.599 0.900232
38790000 -3097.49 2.4101 0.437859 0.85 -139.599 0.900232
38800000 -3102.74 2.45715 0.437862 0.85 -139.599 0.900232
38810000 -3122.93 2.22539 0.437861 0.85 -139.599 0.900232
38820000 -3117.04 2.30495 0.437861 0.85 -139.599 0.900232
38830000 -3143.18 2.01475 0.43786 0.85 -139.599 0.900232
38840000 -3141.62 2.08492 0.437859 0.85 -139.599 0.900232
38850000 -3070.49 2.79875 0.43786 0.85 -139.599 0.900232
38860000 -3119.71 2.22488 0.43786 0.85 -139.599 0.900232
38870000 -3118.1 2.25403 0.437863 0.85 -139.599 0.900232
38880000 -3109.78 2.29763 0.437864 0.85 -139.599 0.900232
38890000 -3098.87 2.46191 0.437864 0.85 -139.599 0.900232
38900000 -3093.28 2.57607 0.437863 0.85 -139.599 0.900232
38910000 -3137.91 2.0975 0.437862 0.85 -139.599 0.900232
38920000 -3137.34 2.09955 0.43786 0.85 -139.599 0.900232
38930000 -3108.64 2.30609 0.437859 0.85 -139.599 0.900232
38940000 -3129.59 2.18739 0.43786 0.85 -139.599 0.900232
38950000 -3109.4 2.40645 0.43786 0.85 -139.599 0.900232
38960000 -3104.47 2.431 0.437861 0.85 -139.599 0.900232
38970000 -3110.98 2.30631 0.43786 0.85 -139.599 0.900232
38980000 -3136.49 1.98394 0.43786 0.85 -139.599 0.900232
38990000 -3107.47 2.3003 0.437859 0.85 -139.599 0.900232
39000000 -3085.87 2.59095 0.437859 0.85 -139.599 0.900232
39010000 -3069.37 2.73581 0.437858 0.85 -139.599 0.900232
39020000 -3091.46 2.57936 0.437856 0.85 -139.599 0.900232
39030000 -3094.72 2.55195 0.437856 0.85 -139.599 0.900232
39040000 -3142.8 2.07129 0.437857 0.85 -139.599 0.900232
39050000 -3129.67 2.15111 0.437856 0.85 -139.599 0.900232
39060000 -3117.63 2.29475 0.437857 0.85 -139.599 0.900232
39070000 -3094.06 2.5762 0.437856 0.85 -139.599 0.900232
39080000 -3129.31 2.16862 0.437853 0.85 -139.599 0.900232
39090000 -3123.18 2.22891 0.437854 0.85 -139.599 0.900232
39100000 -3117.81 2.28507 0.437854 0.85 -139.599 0.900232
39110000 -3134.74 2.12068 0.437857 0.85 -139.599 0.900232
39120000 -3122.61 2.25724 0.437855 0.85 -139.599 0.900232
39130000 -3140.12 2.10987 0.437854 0.85 -139.599 0.900232
39140000 -3159.34 1.96528 0.437852 0.85 -139.599 0.900232
39150000 -3074.3 2.72387 0.43785 0.85 -139.599 0.900232
39160000 -3117.94 2.27686 0.43785 0.85 -139.599 0.900232
39170000 -3135.05 2.10924 0.43785 0.85 -139.599 0.900232
39180000 -3134.8 2.06119 0.437849 0.85 -139.599 0.900232
39190000 -3126.05 2.23438 0.437848 0.85 -139.599 0.900232
39200000 -3102.23 2.41111 0.437848 0.85 -139.599 0.900232
39210000 -3131.47 2.06685 0.43785 0.85 -139.599 0.900232
39220000 -3122.49 2.19865 0.43785 0.85 -139.599 0.900232
39230000 -3127.55 2.15771 0.437849 0.85 -139.599 0.900232
39240000 -3124.71 2.29366 0.437847 0.85 -139.599 0.900232
39250000 -3161.12 1.86171 0.437847 0.85 -139.599 0.900232
39260000 -3110.23 2.40023 0.437847 0.85 -139.599 0.900232
39270000 -3133.53 2.13689 0.437846 0.85 -139.599 0.900232
39280000 -3127.63 2.16498 0.437846 0.85 -139.599 0.900232
39290000 -3073.61 2.74591 0.437843 0.85 -139.599 0.900232
39300000 -3144.93 1.98824 0.43784 0.85 -139.599 0.900232
39310000 -3083.62 2.62421 0.437837 0.85 -139.599 0.900232
39320000 -3115.24 2.33047 0.437835 0.85 -139.599 0.900232
39330000 -3109.2 2.35783 0.437837 0.85 -139.599 0.900232
39340000 -3145.86 2.01485 0.437836 0.85 -139.599 0.900232
39350000 -3102.38 2.5246 0.437833 0.85 -139.599 0.900232
39360000 -3102.05 2.50424 0.437832 0.85 -139.599 0.900232
39370000 -3113.38 2.29201 0.43783 0.85 -139.599 0.900232
39380000 -3163.88 1.81964 0.437832 0.85 -139.599 0.900232
39390000 -3130.34 2.12793 0.43783 0.85 -139.599 0.900232
39400000 -3081.11 2.62719 0.437828 0.85 -139.599 0.900232
39410000 -3132.76 2.10174 0.437827 0.85 -139.599 0.900232
39420000 -3115.16 2.28704 0.43783 0.85 -139.599 0.900232
39430000 -3119.2 2.27034 0.437829 0.85 -139.599 0.900232
39440000 -3131.08 2.11874 0.43783 0.85 -139.599 0.900232
39450000 -3121.81 2.23238 0.437831 0.85 -139.599 0.900232
39460000 -3122.89 2.10795 0.437832 0.85 -139.599 0.900232
39470000 -3139.64 2.01012 0.437832 0.85 -139.599 0.900232
39480000 -3084.87 2.57123 0.437834 0.85 -139.599 0.900232
39490000 -3109.14 2.38378 0.437833 0.85 -139.599 0.900232
39500000 -3123.01 2.13752 0.437835 0.85 -139.599 0.900232
39510000 -3123.53 2.22853 0.437835 0.85 -139.599 0.900232
39520000 -3113.85 2.23767 0.437835 0.85 -139.599 0.900232
39530000 -3131.86 2.16673 0.437834 0.85 -139.599 0.900232
39540000 -3122.66 2.1167 0.437833 0.85 -139.599 0.900232
39550000 -3095.99 2.44179 0.437833 0.85 -139.599 0.900232
39560000 -3116.93 2.21015 0.437834 0.85 -139.599 0.900232
39570000 -3148.43 1.9413 0.437835 0.85 -139.599 0.900232
39580000 -3135.2 2.04384 0.437837 0.85 -139.599 0.900232
39590000 -3144.29 1.94004 0.437838 0.85 -139.599 0.900232
39600000 -3143.36 1.93367 0.43784 0.85 -139.599 0.900232
39610000 -3121.55 2.21344 0.437836 0.85 -139.599 0.900232
39620000 -3114.6 2.30018 0.437838 0.85 -139.599 0.900232
39630000 -3136.45 2.03319 0.43784 0.85 -139.599 0.900232
39640000 -3083.18 2.61006 0.43784 0.85 -139.599 0.900232
39650000 -3109.61 2.31514 0.437839 0.85 -139.599 0.900232
39660000 -3104.1 2.45117 0.437837 0.85 -139.599 0.900232
39670000 -3123.99 2.18295 0.437837 0.85 -139.599 0.900232
39680000 -3072.45 2.68906 0.437837 0.85 -139.599 0.900232
39690000 -3092.46 2.4967 0.437835 0.85 -139.599 0.900232
39700000 -3142.84 2.00542 0.437836 0.85 -139.599 0.900232
39710000 -3143.69 1.97227 0.437836 0.85 -139.599 0.900232
39720000 -3104.36 2.40951 0.437837 0.85 -139.599 0.900232
39730000 -3111.14 2.33005 0.437836 0.85 -139.599 0.900232
39740000 -3126.48 2.17324 0.437836 0.85 -139.599 0.900232
39750000 -3119.44 2.21631 0.437835 0.85 -139.599 0.900232
39760000 -3090.77 2.587 0.437835 0.85 -139.599 0.900232
39770000 -3089.85 2.5984 0.437835 0.85 -139.599 0.900232
39780000 -3093.93 2.43021 0.437835 0.85 -139.599 0.900232
39790000 -3117.23 2.25574 0.437834 0.85 -139.599 0.900232
39800000 -3100.83 2.50649 0.437835 0.85 -139.599 0.900232
39810000 -3078.4 2.73937 0.437833 0.85 -139.599 0.900232
39820000 -3088.37 2.65539 0.437829 0.85 -139.599 0.900232
39830000 -3113.75 2.39312 0.437828 0.85 -139.599 0.900232
39840000 -3095.25 2.52345 0.437828 0.85 -139.599 0.900232
39850000 -3123.84 2.22172 0.437827 0.85 -139.599 0.900232
39860000 -3122.3 2.20653 0.437828 0.85 -139.599 0.900232
39870000 -3143.65 2.00659 0.43783 0.85 -139.599 0.900232
39880000 -3125.14 2.16377 0.437832 0.85 -139.599 0.900232
39890000 -3069.3 2.73541 0.43783 0.85 -139.599 0.900232
39900000 -3057.23 2.8019 0.437828 0.85 -139.599 0.900232
39910000 -3073.5 2.64378 0.437826 0.85 -139.599 0.900232
39920000 -3110.12 2.27751 0.437824 0.85 -139.599 0.900232
39930000 -3083.05 2.61133 0.437824 0.85 -139.599 0.900232
39940000 -3115.93 2.28155 0.437822 0.85 -139.599 0.900232
39950000 -3095.83 2.44773 0.437821 0.85 -139.599 0.900232
39960000 -3132.13 2.13677 0.437824 0.85 -139.599 0.900232
39970000 -3101.19 2.41299 0.437827 0.85 -139.599 0.900232
39980000 -3096.11 2.50691 0.437828 0.85 -139.599 0.900232
39990000 -3106.18 2.36535 0.437829 0.85 -139.599 0.900232
40000000 -3119.56 2.21608 0.43783 0.85 -139.599 0.900232
40010000 -3087.4 2.54835 0.437829 0.85 -139.599 0.900232
40020000 -3110.03 2.37671 0.43783 0.85 -139.599 0.900232
40030000 -3101.79 2.44937 0.437829 0.85 -139.599 0.900232
40040000 -3113.4 2.26705 0.437828 0.85 -139.599 0.900232
40050000 -3151.42 1.92029 0.437828 0.85 -139.599 0.900232
40060000 -3147.28 2.04845 0.43783 0.85 -139.599 0.900232
40070000 -3136.1 2.1129 0.437831 0.85 -139.599 0.900232
40080000 -3148.7 1.96577 0.437833 0.85 -139.599 0.900232
40090000 -3156.23 1.90698 0.437835 0.85 -139.599 0.900232
40100000 -3098.99 2.40762 0.437837 0.85 -139.599 0.900232
40110000 -3103.96 2.42523 0.437838 0.85 -139.599 0.900232
40120000 -3139.2 2.05423 0.437838 0.85 -139.599 0.900232
40130000 -3127.53 2.14491 0.43784 0.85 -139.599 0.900232
40140000 -3162.07 1.84844 0.43784 0.85 -139.599 0.900232
40150000 -3128.54 2.11552 0.437842 0.85 -139.599 0.900232
40160000 -3135.27 2.18211 0.437842 0.85 -139.599 0.900232
40170000 -3130.34 2.14929 0.437844 0.85 -139.599 0.900232
40180000 -3144.38 1.97593 0.437845 0.85 -139.599 0.900232
40190000 -3148.23 1.90281 0.437846 0.85 -139.599 0.900232
40200000 -3119.94 2.30416 0.437845 0.85 -139.599 0.900232
40210000 -3123.97 2.24281 0.437846 0.85 -139.599 0.900232
40220000 -3145.2 2.04861 0.437849 0.85 -139.599 0.900232
40230000 -3129.07 2.10054 0.43785 0.85 -139.599 0.900232
40240000 -3142.62 2.06047 0.43785 0.85 -139.599 0.900232
40250000 -3129.97 2.13159 0.43785 0.85 -139.599 0.900232
40260000 -3131.41 2.12799 0.437853 0.85 -139.599 0.900232
40270000 -3112.6 2.25399 0.437851 0.85 -139.599 0.900232
40280000 -3119.88 2.16707 0.437851 0.85 -139.599 0.900232
40290000 -3134.1 2.12823 0.43785 0.85 -139.599 0.900232
40300000 -3106.48 2.32409 0.43785 0.85 -139.599 0.900232
40310000 -3098.27 2.4071 0.437852 0.85 -139.599 0.900232
40320000 -3128.74 2.10746 0.437852 0.85 -139.599 0.900232
40330000 -3106.57 2.34474 0.437853 0.85 -139.599 0.900232
40340000 -3115.45 2.26744 0.437851 0.85 -139.599 0.900232
40350000 -3157.28 1.81235 0.437852 0.85 -139.599 0.900232
40360000 -3101.28 2.4406 0.437854 0.85 -139.599 0.900232
40370000 -3122.93 2.16753 0.437854 0.85 -139.599 0.900232
40380000 -3137.32 1.9806 0.437854 0.85 -139.599 0.900232
40390000 -3148.46 1.98085 0.437856 0.85 -139.599 0.900232
40400000 -3060.44 2.87402 0.437856 0.85 -139.599 0.900232
40410000 -3075.21 2.73884 0.437854 0.85 -139.599 0.900232
40420000 -3151.58 1.92052 0.437854 0.85 -139.599 0.900232
40430000 -3139.23 2.0873 0.437853 0.85 -139.599 0.900232
40440000 -3093.33 2.50895 0.437852 0.85 -139.599 0.900232
40450000 -3167.22 1.79084 0.43785 0.85 -139.599 0.900232
40460000 -3087.17 2.5709 0.437853 0.85 -139.599 0.900232
40470000 -3157.36 1.85658 0.437855 0.85 -139.599 0.900232
40480000 -3132.52 2.05674 0.437857 0.85 -139.599 0.900232
40490000 -3105.57 2.38201 0.437858 0.85 -139.599 0.900232
40500000 -3117.13 2.32195 0.437859 0.85 -139.599 0.900232
40510000 -3120.96 2.25234 0.437857 0.85 -139.599 0.900232
40520000 -3102.71 2.36156 0.437859 0.85 -139.599 0.900232
40530000 -3137.27 2.04889 0.43786 0.85 -139.599 0.900232
40540000 -3075.51 2.72395 0.43786 0.85 -139.599 0.900232
40550000 -3110.74 2.32058 0.43786 0.85 -139.599 0.900232
40560000 -3121.38 2.22956 0.43786 0.85 -139.599 0.900232
40570000 -3128.41 2.20865 0.43786 0.85 -139.599 0.900232
40580000 -3083.51 2.67008 0.437861 0.85 -139.599 0.900232
40590000 -3087.39 2.60503 0.437862 0.85 -139.599 0.900232
40600000 -3088.95 2.64109 0.43786 0.85 -139.599 0.900232
40610000 -3103.47 2.43088 0.43786 0.85 -139.599 0.900232
40620000 -3134.12 2.09835 0.437859 0.85 -139.599 0.900232
40630000 -3111.03 2.37634 0.437859 0.85 -139.599 0.900232
40640000 -3103.29 2.39277 0.437858 0.85 -139.599 0.900232
40650000 -3083.51 2.64944 0.437857 0.85 -139.599 0.900232
40660000 -3102.39 2.51185 0.437857 0.85 -139.599 0.900232
40670000 -3119.73 2.33958 0.437856 0.85 -139.599 0.900232
40680000 -3141.22 2.05457 0.437856 0.85 -139.599 0.900232
40690000 -3149.39 1.92619 0.437857 0.85 -139.599 0.900232
40700000 -3097.32 2.56287 0.437858 0.85 -139.599 0.900232
40710000 -3115.95 2.31376 0.437857 0.85 -139.599 0.900232
40720000 -3110.3 2.29288 0.437858 0.85 -139.599 0.900232
40730000 -3135.68 2.08626 0.437859 0.85 -139.599 0.900232
40740000 -3136.47 2.08639 0.437859 0.85 -139.599 0.900232
40750000 -3098.35 2.3995 0.437859 0.85 -139.599 0.900232
40760000 -3130.21 2.1421 0.43786 0.85 -139.599 0.900232
40770000 -3111.26 2.37092 0.437857 0.85 -139.599 0.900232
40780000 -3094.2 2.6158 0.437857 0.85 -139.599 0.900232
40790000 -3058.43 2.85553 0.437855 0.85 -139.599 0.900232
40800000 -3085.5 2.62926 0.437855 0.85 -139.599 0.900232
40810000 -3081.85 2.67089 0.437853 0.85 -139.599 0.900232
40820000 -3112.94 2.32093 0.437854 0.85 -139.599 0.900232
40830000 -3130.32 2.22406 0.437854 0.85 -139.599 0.900232
40840000 -3082.67 2.60277 0.437854 0.85 -139.599 0.900232
40850000 -3057.16 2.84122 0.437854 0.85 -139.599 0.900232
40860000 -3072.09 2.69043 0.437852 0.85 -139.599 0.900232
40870000 -3090.11 2.54858 0.437854 0.85 -139.599 0.900232
40880000 -3110.94 2.34554 0.437854 0.85 -139.599 0.900232
40890000 -3093.67 2.41085 0.437855 0.85 -139.599 0.900232
40900000 -3097.85 2.47169 0.437853 0.85 -139.599 0.900232
40910000 -3101.12 2.45582 0.437854 0.85 -139.599 0.900232
40920000 -3131.94 2.03512 0.437853 0.85 -139.599 0.900232
40930000 -3092.16 2.51259 0.437853 0.85 -139.599 0.900232
40940000 -3091.46 2.44271 0.437853 0.85 -139.599 0.900232
40950000 -3102.27 2.38425 0.437852 0.85 -139.599 0.900232
40960000 -3067.81 2.68501 0.43785 0.85 -139.599 0.900232
40970000 -3086.03 2.49204 0.437847 0.85 -139.599 0.900232
40980000 -3151.21 1.9309 0.437846 0.85 -139.599 0.900232
40990000 -3093.39 2.53865 0.437847 0.85 -139.599 0.900232
41000000 -3107.07 2.38059 0.437845 0.85 -139.599 0.900232
41010000 -3088.32 2.50433 0.437844 0.85 -139.599 0.900232
41020000 -3129.49 2.12094 0.437843 0.85 -139.599 0.900232
41030000 -3132.44 2.11181 0.437843 0.85 -139.599 0.900232
41040000 -3101.92 2.43363 0.437842 0.85 -139.599 0.900232
41050000 -3126.33 2.18385 0.437843 0.85 -139.599 0.900232
41060000 -3095.74 2.46484 0.437844 0.85 -139.599 0.900232
41070000 -3138.17 2.07573 0.437842 0.85 -139.599 0.900232
41080000 -3111.5 2.36885 0.437843 0.85 -139.599 0.900232
41090000 -3136.76 2.11794 0.437842 0.85 -139.599 0.900232
41100000 -3120.26 2.29003 0.437841 0.85 -139.599 0.900232
41110000 -3159.67 1.85331 0.437842 0.85 -139.599 0.900232
41120000 -3118.98 2.29704 0.437841 0.85 -139.599 0.900232
41130000 -3130.3 2.10439 0.43784 0.85 -139.599 0.900232
41140000 -3141.22 2.05545 0.437841 0.85 -139.599 0.900232
41150000 -3131.98 2.14848 0.437842 0.85 -139.599 0.900232
41160000 -3142.81 2.0908 0.437842 0.85 -139.599 0.900232
41170000 -3138.23 2.11051 0.437839 0.85 -139.599 0.900232
41180000 -3119.33 2.25019 0.437839 0.85 -139.599 0.900232
41190000 -3134.24 2.17601 0.437838 0.85 -139.599 0.900232
41200000 -3123.89 2.3092 0.437835 0.85 -139.599 0.900232
41210000 -3153.35 1.97978 0.437833 0.85 -139.599 0.900232
41220000 -3101.45 2.48733 0.437833 0.85 -139.599 0.900232
41230000 -3099.56 2.4939 0.437832 0.85 -139.599 0.900232
41240000 -3132.97 2.13008 0.43783 0.85 -139.599 0.900232
41250000 -3157.42 1.87333 0.437831 0.85 -139.599 0.900232
41260000 -3151.68 1.86123 0.437832 0.85 -139.599 0.900232
41270000 -3129.26 2.1168 0.437836 0.85 -139.599 0.900232
41280000 -3132.83 2.11742 0.437835 0.85 -139.599 0.900232
41290000 -3175.42 1.68442 0.437837 0.85 -139.599 0.900232
41300000 -3167.82 1.77597 0.437837 0.85 -139.599 0.900232
41310000 -3117.28 2.22497 0.437837 0.85 -139.599 0.900232
41320000 -3144.22 2.02148 0.437836 0.85 -139.599 0.900232
41330000 -3114.95 2.2986 0.437836 0.85 -139.599 0.900232
41340000 -3151.04 1.96849 0.437836 0.85 -139.599 0.900232
41350000 -3123.25 2.10878 0.437837 0.85 -139.599 0.900232
41360000 -3151.7 1.87788 0.437838 0.85 -139.599 0.900232
41370000 -3094.42 2.46242 0.43784 0.85 -139.599 0.900232
41380000 -3124.45 2.15823 0.43784 0.85 -139.599 0.900232
41390000 -3147.76 1.93727 0.437841 0.85 -139.599 0.900232
41400000 -3131 2.06696 0.437841 0.85 -139.599 0.900232
41410000 -3151.59 1.97043 0.437842 0.85 -139.599 0.900232
41420000 -3106.55 2.38692 0.437842 0.85 -139.599 0.900232
41430000 -3114.55 2.32028 0.437842 0.85 -139.599 0.900232
41440000 -3116.33 2.24516 0.437844 0.85 -139.599 0.900232
41450000 -3138.29 2.04149 0.437846 0.85 -139.599 0.900232
41460000 -3155.44 1.91109 0.437846 0.85 -139.599 0.900232
41470000 -3137.61 2.06968 0.437846 0.85 -139.599 0.900232
41480000 -3133.38 2.10379 0.437846 0.85 -139.599 0.900232
41490000 -3131.4 2.12805 0.437847 0.85 -139.599 0.900232
41500000 -3143.37 1.99082 0.437848 0.85 -139.599 0.900232
41510000 -3116.26 2.24431 0.437851 0.85 -139.599 0.900232
41520000 -3142.12 2.03311 0.43785 0.85 -139.599 0.900232
41530000 -3103.65 2.36089 0.437848 0.85 -139.599 0.900232
41540000 -3107.81 2.31543 0.437849 0.85 -139.599 0.900232
41550000 -3126.75 2.14469 0.437848 0.85 -139.599 0.900232
41560000 -3135.23 2.07244 0.437848 0.85 -139.599 0.900232
41570000 -3150.02 1.86482 0.43785 0.85 -139.599 0.900232
41580000 -3137.42 1.97167 0.43785 0.85 -139.599 0.900232
41590000 -3101.56 2.39354 0.437849 0.85 -139.599 0.900232
41600000 -3137.21 2.02856 0.437849 0.85 -139.599 0.900232
41610000 -3074.43 2.63268 0.437849 0.85 -139.599 0.900232
41620000 -3093.36 2.39497 0.437849 0.85 -139.599 0.900232
41630000 -3123.7 2.12879 0.437849 0.85 -139.599 0.900232
41640000 -3118.42 2.25604 0.437847 0.85 -139.599 0.900232
41650000 -3094.11 2.51164 0.437845 0.85 -139.599 0.900232
41660000 -3117.44 2.17147 0.437846 0.85 -139.599 0.900232
41670000 -3098.39 2.40853 0.437845 0.85 -139.599 0.900232
41680000 -3132.64 2.10051 0.437843 0.85 -139.599 0.900232
41690000 -3117.5 2.18258 0.437844 0.85 -139.599 0.900232
41700000 -3094.17 2.54895 0.437844 0.85 -139.599 0.900232
41710000 -3114.1 2.30929 0.437845 0.85 -139.599 0.900232
41720000 -3085.66 2.57471 0.437841 0.85 -139.599 0.900232
41730000 -3081.9 2.57456 0.43784 0.85 -139.599 0.900232
41740000 -3071.9 2.63079 0.43784 0.85 -139.599 0.900232
41750000 -3080.3 2.5733 0.437839 0.85 -139.599 0.900232
41760000 -3074.95 2.6847 0.437835 0.85 -139.599 0.900232
41770000 -3097.13 2.4629 0.437832 0.85 -139.599 0.900232
41780000 -3057.22 2.80633 0.437831 0.85 -139.599 0.900232
41790000 -3091.03 2.52262 0.43783 0.85 -139.599 0.900232
41800000 -3111.34 2.30684 0.43783 0.85 -139.599 0.900232
41810000 -3106.1 2.34771 0.437832 0.85 -139.599 0.900232
41820000 -3118.67 2.23386 0.43783 0.85 -139.599 0.900232
41830000 -3124.46 2.18803 0.437829 0.85 -139.599 0.900232
41840000 -3110.97 2.32893 0.437827 0.85 -139.599 0.900232
41850000 -3056.69 2.94152 0.437826 0.85 -139.599 0.900232
41860000 -3090.25 2.57693 0.437825 0.85 -139.599 0.900232
41870000 -3097.38 2.49806 0.437823 0.85 -139.599 0.900232
41880000 -3104.36 2.4772 0.437822 0.85 -139.599 0.900232
41890000 -3123.56 2.22723 0.437822 0.85 -139.599 0.900232
41900000 -3123.52 2.24686 0.437823 0.85 -139.599 0.900232
41910000 -3107.06 2.35379 0.437822 0.85 -139.599 0.900232
41920000 -3150.64 1.96695 0.437822 0.85 -139.599 0.900232
41930000 -3114.82 2.29025 0.43782 0.85 -139.599 0.900232
41940000 -3100.69 2.41559 0.437818 0.85 -139.599 0.900232
41950000 -3089.11 2.57903 0.437817 0.85 -139.599 0.900232
41960000 -3063.96 2.78628 0.437815 0.85 -139.599 0.900232
41970000 -3122.94 2.21197 0.437814 0.85 -139.599 0.900232
41980000 -3142.6 2.05437 0.437816 0.85 -139.599 0.900232
41990000 -3103.6 2.43174 0.437816 0.85 -139.599 0.900232
42000000 -3085.06 2.5576 0.437815 0.85 -139.599 0.900232
42010000 -3087.5 2.53258 0.437815 0.85 -139.599 0.900232
42020000 -3118.91 2.24651 0.437813 0.85 -139.599 0.900232
42030000 -3111.2 2.35198 0.437814 0.85 -139.599 0.900232
42040000 -3113.93 2.28892 0.437815 0.85 -139.599 0.900232
42050000 -3126.65 2.14995 0.437814 0.85 -139.599 0.900232
42060000 -3131.41 2.12943 0.437813 0.85 -139.599 0.900232
42070000 -3085.43 2.52376 0.437811 0.85 -139.599 0.900232
42080000 -3112.59 2.30466 0.437812 0.85 -139.599 0.900232
42090000 -3104.98 2.39838 0.437812 0.85 -139.599 0.900232
42100000 -3086.7 2.58352 0.437811 0.85 -139.599 0.900232
42110000 -3107.05 2.37301 0.43781 0.85 -139.599 0.900232
42120000 -3085.36 2.71255 0.437808 0.85 -139.599 0.900232
42130000 -3126.76 2.23967 0.437809 0.85 -139.599 0.900232
42140000 -3122.75 2.25653 0.437807 0.85 -139.599 0.900232
42150000 -3101.34 2.45708 0.437806 0.85 -139.599 0.900232
42160000 -3127.05 2.14143 0.437805 0.85 -139.599 0.900232
42170000 -3118.09 2.31327 0.437805 0.85 -139.599 0.900232
42180000 -3129.21 2.16284 0.437803 0.85 -139.599 0.900232
42190000 -3102.41 2.38995 0.437803 0.85 -139.599 0.900232
42200000 -3148.79 1.9695 0.437804 0.85 -139.599 0.900232
42210000 -3114.06 2.31687 0.437803 0.85 -139.599 0.900232
42220000 -3090.64 2.5399 0.437802 0.85 -139.599 0.900232
42230000 -3123.14 2.2516 0.437803 0.85 -139.599 0.900232
42240000 -3124.17 2.14965 0.437802 0.85 -139.599 0.900232
42250000 -3121.9 2.16784 0.437803 0.85 -139.599 0.900232
42260000 -3102.16 2.35886 0.437802 0.85 -139.599 0.900232
42270000 -3139.26 2.01975 0.437802 0.85 -139.599 0.900232
42280000 -3112.32 2.29222 0.437803 0.85 -139.599 0.900232
42290000 -3111.44 2.35001 0.437803 0.85 -139.599 0.900232
42300000 -3102.56 2.35465 0.437803 0.85 -139.599 0.900232
42310000 -3093.51 2.48109 0.437804 0.85 -139.599 0.900232
42320000 -3113.59 2.27156 0.437803 0.85 -139.599 0.900232
42330000 -3113.52 2.31868 0.437805 0.85 -139.599 0.900232
42340000 -3126.86 2.14892 0.437805 0.85 -139.599 0.900232
42350000 -3115.6 2.1945 0.437807 0.85 -139.599 0.900232
42360000 -3105.85 2.35504 0.437807 0.85 -139.599 0.900232
42370000 -3117.52 2.26395 0.437807 0.85 -139.599 0.900232
42380000 -3115.71 2.26386 0.437807 0.85 -139.599 0.900232
42390000 -3142.18 1.94689 0.437809 0.85 -139.599 0.900232
42400000 -3143 1.9818 0.437809 0.85 -139.599 0.900232
42410000 -3105.38 2.36732 0.437808 0.85 -139.599 0.900232
42420000 -3136.13 2.10895 0.437808 0.85 -139.599 0.900232
42430000 -3128.75 2.12267 0.437809 0.85 -139.599 0.900232
42440000 -3154.83 1.89244 0.437809 0.85 -139.599 0.900232
42450000 -3080.1 2.59526 0.437809 0.85 -139.599 0.900232
42460000 -3099.18 2.5061 0.437809 0.85 -139.599 0.900232
42470000 -3084.74 2.61781 0.437809 0.85 -139.599 0.900232
42480000 -3083.42 2.57884 0.437807 0.85 -139.599 0.900232
42490000 -3095.27 2.49529 0.437806 0.85 -139.599 0.900232
42500000 -3085.66 2.58341 0.437804 0.85 -139.599 0.900232
42510000 -3083.72 2.64904 0.437805 0.85 -139.599 0.900232
42520000 -3104.66 2.45508 0.437804 0.85 -139.599 0.900232
42530000 -3077.91 2.68944 0.437802 0.85 -139.599 0.900232
42540000 -3097.48 2.53306 0.4378 0.85 -139.599 0.900232
42550000 -3094.59 2.48815 0.437798 0.85 -139.599 0.900232
42560000 -3111.04 2.34702 0.4378 0.85 -139.599 0.900232
42570000 -3142.92 2.03678 0.437801 0.85 -139.599 0.900232
42580000 -3086.98 2.55017 0.437801 0.85 -139.599 0.900232
42590000 -3110.8 2.33645 0.4378 0.85 -139.599 0.900232
42600000 -3119.56 2.21168 0.437802 0.85 -139.599 0.900232
42610000 -3102 2.4537 0.437803 0.85 -139.599 0.900232
42620000 -3076.63 2.65419 0.437802 0.85 -139.599 0.900232
42630000 -3071.52 2.70728 0.437801 0.85 -139.599 0.900232
42640000 -3097.72 2.53664 0.4378 0.85 -139.599 0.900232
42650000 -3104.85 2.4185 0.437799 0.85 -139.599 0.900232
42660000 -3100.51 2.42039 0.437799 0.85 -139.599 0.900232
42670000 -3111.28 2.35048 0.437799 0.85 -139.599 0.900232
42680000 -3114 2.28154 0.437799 0.85 -139.599 0.900232
42690000 -3096.49 2.50214 0.437799 0.85 -139.599 0.900232
42700000 -3081.58 2.57373 0.437798 0.85 -139.599 0.900232
42710000 -3114.29 2.30679 0.437799 0.85 -139.599 0.900232
42720000 -3106.1 2.36162 0.437798 0.85 -139.599 0.900232
42730000 -3095.35 2.4601 0.437797 0.85 -139.599 0.900232
42740000 -3115.61 2.3084 0.437796 0.85 -139.599 0.900232
42750000 -3137.77 2.08706 0.437799 0.85 -139.599 0.900232
42760000 -3097.22 2.42932 0.437799 0.85 -139.599 0.900232
42770000 -3103.19 2.36825 0.4378 0.85 -139.599 0.900232
42780000 -3112.32 2.32192 0.437799 0.85 -139.599 0.900232
42790000 -3108.55 2.35273 0.437799 0.85 -139.599 0.900232
42800000 -3086.79 2.52861 0.437798 0.85 -139.599 0.900232
42810000 -3105.58 2.35854 0.437798 0.85 -139.599 0.900232
42820000 -3112.8 2.31937 0.4378 0.85 -139.599 0.900232
42830000 -3114.86 2.32407 0.437801 0.85 -139.599 0.900232
42840000 -3097.38 2.48306 0.437801 0.85 -139.599 0.900232
42850000 -3103.56 2.36287 0.4378 0.85 -139.599 0.900232
42860000 -3097.33 2.42915 0.437801 0.85 -139.599 0.900232
42870000 -3131.88 2.16808 0.437802 0.85 -139.599 0.900232
42880000 -3112.45 2.30299 0.437801 0.85 -139.599 0.900232
42890000 -3156.82 1.84108 0.437803 0.85 -139.599 0.900232
42900000 -3119.96 2.24921 0.437803 0.85 -139.599 0.900232
42910000 -3155.83 1.8429 0.437803 0.85 -139.599 0.900232
42920000 -3166.08 1.82415 0.437802 0.85 -139.599 0.900232
42930000 -3115.97 2.33852 0.437803 0.85 -139.599 0.900232
42940000 -3146.8 1.99732 0.437802 0.85 -139.599 0.900232
42950000 -3107.95 2.3486 0.437802 0.85 -139.599 0.900232
42960000 -3132.39 2.09676 0.4378 0.85 -139.599 0.900232
42970000 -3131.02 2.10907 0.437799 0.85 -139.599 0.900232
42980000 -3117.35 2.2711 0.437799 0.85 -139.599 0.900232
42990000 -3117.33 2.2657 0.437799 0.85 -139.599 0.900232
43000000 -3143.36 2.01892 0.437799 0.85 -139.599 0.900232
43010000 -3163.18 1.77528 0.4378 0.85 -139.599 0.900232
43020000 -3134.39 2.14339 0.437801 0.85 -139.599 0.900232
43030000 -3121.88 2.18024 0.437799 0.85 -139.599 0.900232
43040000 -3137.3 2.1049 0.437799 0.85 -139.599 0.900232
43050000 -3124.79 2.18437 0.437799 0.85 -139.599 0.900232
43060000 -3118.24 2.22156 0.437799 0.85 -139.599 0.900232
43070000 -3112.01 2.33011 0.4378 0.85 -139.599 0.900232
43080000 -3094.89 2.48245 0.4378 0.85 -139.599 0.900232
43090000 -3119.05 2.24812 0.437799 0.85 -139.599 0.900232
43100000 -3106.65 2.41984 0.437801 0.85 -139.599 0.900232
43110000 -3119.99 2.31663 0.437799 0.85 -139.599 0.900232
43120000 -3119.12 2.3225 0.437799 0.85 -139.599 0.900232
43130000 -3082.78 2.70271 0.437797 0.85 -139.599 0.900232
43140000 -3119.94 2.30077 0.437796 0.85 -139.599 0.900232
43150000 -3094.57 2.5175 0.437795 0.85 -139.599 0.900232
43160000 -3141.12 2.05511 0.437794 0.85 -139.599 0.900232
43170000 -3124.25 2.27339 0.437794 0.85 -139.599 0.900232
43180000 -3127.16 2.18489 0.437794 0.85 -139.599 0.900232
43190000 -3134.2 2.11115 0.437795 0.85 -139.599 0.900232
43200000 -3120.83 2.29931 0.437797 0.85 -139.599 0.900232
43210000 -3103.48 2.48451 0.437795 0.85 -139.599 0.900232
43220000 -3143.07 2.03408 0.437798 0.85 -139.599 0.900232
43230000 -3124.19 2.21601 0.437796 0.85 -139.599 0.900232
43240000 -3146.31 2.08516 0.437797 0.85 -139.599 0.900232
43250000 -3071.83 2.74351 0.437795 0.85 -139.599 0.900232
43260000 -3100.53 2.46469 0.437796 0.85 -139.599 0.900232
43270000 -3107.61 2.39103 0.437793 0.85 -139.599 0.900232
43280000 -3102.99 2.34577 0.437796 0.85 -139.599 0.900232
43290000 -3132.94 2.00606 0.437798 0.85 -139.599 0.900232
43300000 -3119.82 2.13558 0.437801 0.85 -139.599 0.900232
43310000 -3123.57 2.22247 0.4378 0.85 -139.599 0.900232
43320000 -3133.34 2.09367 0.437801 0.85 -139.599 0.900232
43330000 -3138.31 2.07751 0.437802 0.85 -139.599 0.900232
43340000 -3125.95 2.1606 0.437803 0.85 -139.599 0.900232
43350000 -3100.06 2.44791 0.437803 0.85 -139.599 0.900232
43360000 -3111.32 2.38492 0.437801 0.85 -139.599 0.900232
43370000 -3129.68 2.20417 0.437802 0.85 -139.599 0.900232
43380000 -3132.75 2.20232 0.437802 0.85 -139.599 0.900232
43390000 -3113.35 2.31492 0.437802 0.85 -139.599 0.900232
43400000 -3126.38 2.22044 0.437804 0.85 -139.599 0.900232
43410000 -3103.03 2.40551 0.437804 0.85 -139.599 0.900232
43420000 -3133.27 2.10059 0.437802 0.85 -139.599 0.900232
43430000 -3129.14 2.19827 0.437803 0.85 -139.599 0.900232
43440000 -3135.72 2.06452 0.437805 0.85 -139.599 0.900232
43450000 -3107.77 2.35626 0.437806 0.85 -139.599 0.900232
43460000 -3121.53 2.25075 0.437805 0.85 -139.599 0.900232
43470000 -3114.9 2.3141 0.437806 0.85 -139.599 0.900232
43480000 -3080.85 2.65817 0.437805 0.85 -139.599 0.900232
43490000 -3106.04 2.38422 0.437805 0.85 -139.599 0.900232
43500000 -3085.58 2.61833 0.437807 0.85 -139.599 0.900232
43510000 -3141.09 2.01358 0.437804 0.85 -139.599 0.900232
43520000 -3106.66 2.46245 0.437803 0.85 -139.599 0.900232
43530000 -3109.99 2.42071 0.437802 0.85 -139.599 0.900232
43540000 -3127.43 2.20334 0.437802 0.85 -139.599 0.900232
43550000 -3108.63 2.49269 0.437799 0.85 -139.599 0.900232
43560000 -3135.06 2.12607 0.4378 0.85 -139.599 0.900232
43570000 -3099.42 2.43353 0.437802 0.85 -139.599 0.900232
43580000 -3118.3 2.27092 0.437804 0.85 -139.599 0.900232
43590000 -3134.37 2.10405 0.437803 0.85 -139.599 0.900232
43600000 -3116.53 2.24488 0.437803 0.85 -139.599 0.900232
43610000 -3111.17 2.31144 0.4378 0.85 -139.599 0.900232
43620000 -3133.35 2.07037 0.4378 0.85 -139.599 0.900232
43630000 -3128.7 2.08283 0.437799 0.85 -139.599 0.900232
43640000 -3074.23 2.68555 0.437798 0.85 -139.599 0.900232
43650000 -3145.49 1.98996 0.437802 0.85 -139.599 0.900232
43660000 -3099.02 2.402 0.437801 0.85 -139.599 0.900232
43670000 -3127.32 2.15338 0.437801 0.85 -139.599 0.900232
43680000 -3144.57 2.0656 0.437802 0.85 -139.599 0.900232
43690000 -3143.28 1.97792 0.437801 0.85 -139.599 0.900232
43700000 -3127.07 2.10718 0.437802 0.85 -139.599 0.900232
43710000 -3138.88 1.94163 0.437803 0.85 -139.599 0.900232
43720000 -3158.89 1.84303 0.437806 0.85 -139.599 0.900232
43730000 -3120.64 2.15355 0.437807 0.85 -139.599 0.900232
43740000 -3166.31 1.77242 0.437807 0.85 -139.599 0.900232
43750000 -3118.02 2.21312 0.437808 0.85 -139.599 0.900232
43760000 -3109.87 2.36164 0.437809 0.85 -139.599 0.900232
43770000 -3143.31 2.03829 0.437809 0.85 -139.599 0.900232
43780000 -3143.29 2.00081 0.437811 0.85 -139.599 0.900232
43790000 -3147.04 1.98358 0.437813 0.85 -139.599 0.900232
43800000 -3139.47 2.12104 0.437813 0.85 -139.599 0.900232
43810000 -3131.39 2.11432 0.437815 0.85 -139.599 0.900232
43820000 -3111.6 2.40829 0.437816 0.85 -139.599 0.900232
43830000 -3135.91 2.16408 0.437816 0.85 -139.599 0.900232
43840000 -3140.01 2.03306 0.437816 0.85 -139.599 0.900232
43850000 -3114.66 2.27394 0.437817 0.85 -139.599 0.900232
43860000 -3123.73 2.16556 0.437818 0.85 -139.599 0.900232
43870000 -3111.19 2.2974 0.43782 0.85 -139.599 0.900232
43880000 -3133.29 2.10636 0.437821 0.85 -139.599 0.900232
43890000 -3103.81 2.43919 0.43782 0.85 -139.599 0.900232
43900000 -3068.72 2.76835 0.437819 0.85 -139.599 0.900232
43910000 -3107.34 2.41235 0.437818 0.85 -139.599 0.900232
43920000 -3105.73 2.42263 0.437818 0.85 -139.599 0.900232
43930000 -3127.42 2.11705 0.437817 0.85 -139.599 0.900232
43940000 -3096.95 2.49123 0.437819 0.85 -139.599 0.900232
43950000 -3106.14 2.42346 0.437819 0.85 -139.599 0.900232
43960000 -3106.27 2.44244 0.437818 0.85 -139.599 0.900232
43970000 -3121.57 2.29263 0.437816 0.85 -139.599 0.900232
43980000 -3097.26 2.50702 0.437814 0.85 -139.599 0.900232
43990000 -3082.75 2.72201 0.437812 0.85 -139.599 0.900232
44000000 -3145.91 2.00265 0.437811 0.85 -139.599 0.900232
44010000 -3144.33 2.04153 0.437811 0.85 -139.599 0.900232
44020000 -3114.01 2.29012 0.437811 0.85 -139.599 0.900232
44030000 -3119.27 2.22312 0.437813 0.85 -139.599 0.900232
44040000 -3115.69 2.31266 0.437812 0.85 -139.599 0.900232
44050000 -3075.16 2.66501 0.437812 0.85 -139.599 0.900232
44060000 -3092.42 2.51728 0.43781 0.85 -139.599 0.900232
44070000 -3103.49 2.42088 0.437808 0.85 -139.599 0.900232
44080000 -3136.54 2.15236 0.437807 0.85 -139.599 0.900232
44090000 -3097.6 2.52761 0.437806 0.85 -139.599 0.900232
44100000 -3110.23 2.35481 0.437808 0.85 -139.599 0.900232
44110000 -3092.65 2.60941 0.437809 0.85 -139.599 0.900232
44120000 -3118.59 2.21883 0.43781 0.85 -139.599 0.900232
44130000 -3137.61 2.07107 0.43781 0.85 -139.599 0.900232
44140000 -3151.13 1.96804 0.43781 0.85 -139.599 0.900232
44150000 -3081.29 2.58394 0.437811 0.85 -139.599 0.900232
44160000 -3106.84 2.32702 0.437811 0.85 -139.599 0.900232
44170000 -3092.94 2.48024 0.437813 0.85 -139.599 0.900232
44180000 -3106.91 2.39494 0.437814 0.85 -139.599 0.900232
44190000 -3141.57 2.0445 0.437814 0.85 -139.599 0.900232
44200000 -3116.5 2.28369 0.437811 0.85 -139.599 0.900232
44210000 -3092.8 2.5633 0.437812 0.85 -139.599 0.900232
44220000 -3140.85 2.05498 0.437813 0.85 -139.599 0.900232
44230000 -3134.47 2.0745 0.437814 0.85 -139.599 0.900232
44240000 -3111 2.30804 0.437813 0.85 -139.599 0.900232
44250000 -3104.71 2.48584 0.437813 0.85 -139.599 0.900232
44260000 -3093.34 2.41906 0.437814 0.85 -139.599 0.900232
44270000 -3140.04 2.02068 0.437814 0.85 -139.599 0.900232
44280000 -3107.38 2.32303 0.437813 0.85 -139.599 0.900232
44290000 -3118.85 2.19222 0.437812 0.85 -139.599 0.900232
44300000 -3106.33 2.34673 0.437812 0.85 -139.599 0.900232
44310000 -3103.7 2.45145 0.437811 0.85 -139.599 0.900232
44320000 -3103.53 2.37883 0.43781 0.85 -139.599 0.900232
44330000 -3103.23 2.38907 0.437809 0.85 -139.599 0.900232
44340000 -3088.39 2.49231 0.437809 0.85 -139.599 0.900232
44350000 -3106.98 2.31517 0.437809 0.85 -139.599 0.900232
44360000 -3105.22 2.34019 0.43781 0.85 -139.599 0.900232
44370000 -3105.27 2.40731 0.437809 0.85 -139.599 0.900232
44380000 -3102.29 2.40689 0.437809 0.85 -139.599 0.900232
44390000 -3125.93 2.14879 0.43781 0.85 -139.599 0.900232
44400000 -3119.23 2.19483 0.437809 0.85 -139.599 0.900232
44410000 -3115.86 2.35053 0.437807 0.85 -139.599 0.900232
44420000 -3117.01 2.31776 0.437807 0.85 -139.599 0.900232
44430000 -3124.77 2.2573 0.437808 0.85 -139.599 0.900232
44440000 -3142.7 2.01653 0.437809 0.85 -139.599 0.900232
44450000 -3120.82 2.29636 0.437811 0.85 -139.599 0.900232
44460000 -3077.87 2.70898 0.437811 0.85 -139.599 0.900232
44470000 -3116.91 2.27421 0.437812 0.85 -139.599 0.900232
44480000 -3139.16 2.01862 0.437812 0.85 -139.599 0.900232
44490000 -3112.03 2.29568 0.437812 0.85 -139.599 0.900232
44500000 -3124.99 2.17059 0.437813 0.85 -139.599 0.900232
44510000 -3131.28 2.09613 0.437811 0.85 -139.599 0.900232
44520000 -3109.61 2.30295 0.43781 0.85 -139.599 0.900232
44530000 -3128.35 2.13352 0.437812 0.85 -139.599 0.900232
44540000 -3121.19 2.1872 0.43781 0.85 -139.599 0.900232
44550000 -3150.79 1.96353 0.437809 0.85 -139.599 0.900232
44560000 -3145.34 1.98221 0.437808 0.85 -139.599 0.900232
44570000 -3131.78 2.15857 0.437808 0.85 -139.599 0.900232
44580000 -3140.3 2.04588 0.437807 0.85 -139.599 0.900232
44590000 -3106.9 2.39198 0.437805 0.85 -139.599 0.900232
44600000 -3095.27 2.4782 0.437805 0.85 -139.599 0.900232
44610000 -3095.1 2.48006 0.437805 0.85 -139.599 0.900232
44620000 -3112.85 2.38855 0.437804 0.85 -139.599 0.900232
44630000 -3123.16 2.18593 0.437802 0.85 -139.599 0.900232
44640000 -3117.39 2.33492 0.437804 0.85 -139.599 0.900232
44650000 -3144.94 2.0332 0.437802 0.85 -139.599 0.900232
44660000 -3135.49 2.04854 0.437804 0.85 -139.599 0.900232
44670000 -3132.84 2.12388 0.437803 0.85 -139.599 0.900232
44680000 -3121.31 2.13581 0.437803 0.85 -139.599 0.900232
44690000 -3167.58 1.69347 0.437805 0.85 -139.599 0.900232
44700000 -3148.4 1.91954 0.437806 0.85 -139.599 0.900232
44710000 -3122.91 2.21901 0.437806 0.85 -139.599 0.900232
44720000 -3141.65 2.00143 0.437808 0.85 -139.599 0.900232
44730000 -3136.35 2.04882 0.437807 0.85 -139.599 0.900232
44740000 -3125.63 2.20695 0.437808 0.85 -139.599 0.900232
44750000 -3129.31 2.07465 0.437809 0.85 -139.599 0.900232
44760000 -3153.02 1.94748 0.437809 0.85 -139.599 0.900232
44770000 -3151.09 1.86369 0.437809 0.85 -139.599 0.900232
44780000 -3134.22 2.16885 0.43781 0.85 -139.599 0.900232
44790000 -3117.25 2.28165 0.437812 0.85 -139.599 0.900232
44800000 -3111.87 2.29857 0.437813 0.85 -139.599 0.900232
44810000 -3116.71 2.24345 0.437814 0.85 -139.599 0.900232
44820000 -3176.62 1.6656 0.437813 0.85 -139.599 0.900232
44830000 -3145.98 1.97481 0.437814 0.85 -139.599 0.900232
44840000 -3147.72 1.9771 0.437815 0.85 -139.599 0.900232
44850000 -3120.94 2.18774 0.437817 0.85 -139.599 0.900232
44860000 -3094.27 2.57279 0.437818 0.85 -139.599 0.900232
44870000 -3127.7 2.15408 0.437818 0.85 -139.599 0.900232
44880000 -3128.68 2.12973 0.437817 0.85 -139.599 0.900232
44890000 -3120.55 2.20184 0.437815 0.85 -139.599 0.900232
44900000 -3130.42 2.14144 0.437815 0.85 -139.599 0.900232
44910000 -3155.08 1.88829 0.437816 0.85 -139.599 0.900232
44920000 -3120.78 2.2284 0.437818 0.85 -139.599 0.900232
44930000 -3143.07 2.03507 0.437819 0.85 -139.599 0.900232
44940000 -3140.81 2.03542 0.437817 0.85 -139.599 0.900232
44950000 -3166 1.76248 0.437816 0.85 -139.599 0.900232
44960000 -3152.29 1.8785 0.437818 0.85 -139.599 0.900232
44970000 -3140.38 1.97884 0.43782 0.85 -139.599 0.900232
44980000 -3117.47 2.25786 0.437822 0.85 -139.599 0.900232
44990000 -3151.55 1.83676 0.437822 0.85 -139.599 0.900232
45000000 -3147.66 1.87167 0.437825 0.85 -139.599 0.900232
45010000 -3133.66 2.13469 0.437825 0.85 -139.599 0.900232
45020000 -3102.97 2.37476 0.437828 0.85 -139.599 0.900232
45030000 -3108.5 2.33796 0.437828 0.85 -139.599 0.900232
45040000 -3117.93 2.22979 0.437829 0.85 -139.599 0.900232
45050000 -3123.17 2.17595 0.437829 0.85 -139.599 0.900232
45060000 -3123.65 2.26647 0.43783 0.85 -139.599 0.900232
45070000 -3146.13 2.04846 0.437829 0.85 -139.599 0.900232
45080000 -3149.17 1.94052 0.437831 0.85 -139.599 0.900232
45090000 -3154.78 1.8937 0.437832 0.85 -139.599 0.900232
45100000 -3131.03 2.09625 0.437835 0.85 -139.599 0.900232
45110000 -3148.18 1.86527 0.437836 0.85 -139.599 0.900232
45120000 -3135 2.11046 0.437834 0.85 -139.599 0.900232
45130000 -3121.26 2.19857 0.437833 0.85 -139.599 0.900232
45140000 -3108.04 2.33374 0.437834 0.85 -139.599 0.900232
45150000 -3070.14 2.66341 0.437835 0.85 -139.599 0.900232
45160000 -3116.4 2.26154 0.437834 0.85 -139.599 0.900232
45170000 -3126.09 2.22432 0.437834 0.85 -139.599 0.900232
45180000 -3096.27 2.53834 0.437833 0.85 -139.599 0.900232
45190000 -3110.69 2.40849 0.437833 0.85 -139.599 0.900232
45200000 -3143.47 2.00857 0.437831 0.85 -139.599 0.900232
45210000 -3119.58 2.24597 0.43783 0.85 -139.599 0.900232
45220000 -3126.26 2.17521 0.43783 0.85 -139.599 0.900232
45230000 -3121.94 2.30056 0.43783 0.85 -139.599 0.900232
45240000 -3117.43 2.29701 0.437828 0.85 -139.599 0.900232
45250000 -3090.23 2.54722 0.437827 0.85 -139.599 0.900232
45260000 -3086.93 2.62251 0.437826 0.85 -139.599 0.900232
45270000 -3136.03 2.07423 0.437826 0.85 -139.599 0.900232
45280000 -3093.26 2.48763 0.437827 0.85 -139.599 0.900232
45290000 -3091.4 2.58166 0.437824 0.85 -139.599 0.900232
45300000 -3124.54 2.1905 0.437823 0.85 -139.599 0.900232
45310000 -3118.75 2.25416 0.437823 0.85 -139.599 0.900232
45320000 -3109.45 2.40115 0.437822 0.85 -139.599 0.900232
45330000 -3065.72 2.88715 0.437822 0.85 -139.599 0.900232
45340000 -3094.25 2.61915 0.437821 0.85 -139.599 0.900232
45350000 -3127.6 2.18116 0.437822 0.85 -139.599 0.900232
45360000 -3076.85 2.5994 0.437822 0.85 -139.599 0.900232
45370000 -3103.56 2.41819 0.437818 0.85 -139.599 0.900232
45380000 -3131.62 2.13542 0.437818 0.85 -139.599 0.900232
45390000 -3130.04 2.12699 0.437816 0.85 -139.599 0.900232
45400000 -3126.29 2.15678 0.437816 0.85 -139.599 0.900232
45410000 -3124.02 2.17217 0.437816 0.85 -139.599 0.900232
45420000 -3121.67 2.20054 0.437817 0.85 -139.599 0.900232
45430000 -3105.79 2.29982 0.437817 0.85 -139.599 0.900232
45440000 -3114.89 2.27753 0.437816 0.85 -139.599 0.900232
45450000 -3114.26 2.27428 0.437815 0.85 -139.599 0.900232
45460000 -3101.72 2.41223 0.437816 0.85 -139.599 0.900232
45470000 -3144.57 1.89573 0.437817 0.85 -139.599 0.900232
45480000 -3100.05 2.43469 0.437813 0.85 -139.599 0.900232
45490000 -3127.09 2.19426 0.437811 0.85 -139.599 0.900232
45500000 -3080.22 2.64953 0.43781 0.85 -139.599 0.900232
45510000 -3104.53 2.41096 0.437808 0.85 -139.599 0.900232
45520000 -3107.79 2.30759 0.437807 0.85 -139.599 0.900232
45530000 -3113.61 2.24062 0.437809 0.85 -139.599 0.900232
45540000 -3106.4 2.3839 0.437807 0.85 -139.599 0.900232
45550000 -3078.41 2.63528 0.437808 0.85 -139.599 0.900232
45560000 -3110.14 2.28438 0.437808 0.85 -139.599 0.900232
45570000 -3117.87 2.22127 0.437807 0.85 -139.599 0.900232
45580000 -3118.66 2.22837 0.437807 0.85 -139.599 0.900232
45590000 -3143.97 1.95802 0.437807 0.85 -139.599 0.900232
45600000 -3137.08 2.15298 0.437809 0.85 -139.599 0.900232
45610000 -3141.02 2.04653 0.437809 0.85 -139.599 0.900232
45620000 -3129.59 2.20203 0.437809 0.85 -139.599 0.900232
45630000 -3110.49 2.3361 0.437809 0.85 -139.599 0.900232
45640000 -3140.41 2.16507 0.437808 0.85 -139.599 0.900232
45650000 -3122.2 2.2158 0.437807 0.85 -139.599 0.900232
45660000 -3166.38 1.77391 0.437806 0.85 -139.599 0.900232
45670000 -3128.15 2.10627 0.437807 0.85 -139.599 0.900232
45680000 -3135.38 2.0588 0.43781 0.85 -139.599 0.900232
45690000 -3121.72 2.19693 0.437812 0.85 -139.599 0.900232
45700000 -3128.7 2.12416 0.437814 0.85 -139.599 0.900232
45710000 -3088.76 2.52591 0.437814 0.85 -139.599 0.900232
45720000 -3112.32 2.28259 0.437816 0.85 -139.599 0.900232
45730000 -3092.55 2.54999 0.437814 0.85 -139.599 0.900232
45740000 -3076.29 2.68201 0.437814 0.85 -139.599 0.900232
45750000 -3103.65 2.3933 0.437815 0.85 -139.599 0.900232
45760000 -3096.29 2.47351 0.437814 0.85 -139.599 0.900232
45770000 -3133.92 2.07094 0.437815 0.85 -139.599 0.900232
45780000 -3102.83 2.42519 0.437814 0.85 -139.599 0.900232
45790000 -3103.94 2.44139 0.437813 0.85 -139.599 0.900232
45800000 -3125.55 2.22768 0.437814 0.85 -139.599 0.900232
45810000 -3114.44 2.36343 0.437811 0.85 -139.599 0.900232
45820000 -3143.19 1.99803 0.43781 0.85 -139.599 0.900232
45830000 -3128.46 2.16278 0.437808 0.85 -139.599 0.900232
45840000 -3134.91 2.10635 0.437808 0.85 -139.599 0.900232
45850000 -3135.77 2.12172 0.437809 0.85 -139.599 0.900232
45860000 -3122.71 2.24038 0.437809 0.85 -139.599 0.900232
45870000 -3102.92 2.49649 0.437807 0.85 -139.599 0.900232
45880000 -3151.74 1.90726 0.437807 0.85 -139.599 0.900232
45890000 -3143.98 2.00435 0.437806 0.85 -139.599 0.900232
45900000 -3128.81 2.1569 0.437808 0.85 -139.599 0.900232
45910000 -3122.63 2.21172 0.437809 0.85 -139.599 0.900232
45920000 -3147.75 1.96853 0.437811 0.85 -139.599 0.900232
45930000 -3134.65 2.14884 0.437808 0.85 -139.599 0.900232
45940000 -3106.8 2.38263 0.437809 0.85 -139.599 0.900232
45950000 -3092.68 2.60473 0.437808 0.85 -139.599 0.900232
45960000 -3111.69 2.37912 0.43781 0.85 -139.599 0.900232
45970000 -3139.89 2.04191 0.437808 0.85 -139.599 0.900232
45980000 -3114.23 2.3688 0.437808 0.85 -139.599 0.900232
45990000 -3095.78 2.55835 0.437806 0.85 -139.599 0.900232
46000000 -3066.1 2.76754 0.437806 0.85 -139.599 0.900232
46010000 -3081.68 2.59398 0.437802 0.85 -139.599 0.900232
46020000 -3127.15 2.18702 0.437802 0.85 -139.599 0.900232
46030000 -3109.05 2.30477 0.437801 0.85 -139.599 0.900232
46040000 -3095.68 2.53199 0.437802 0.85 -139.599 0.900232
46050000 -3109.28 2.32293 0.437803 0.85 -139.599 0.900232
46060000 -3140.7 2.06278 0.437802 0.85 -139.599 0.900232
46070000 -3096.74 2.51093 0.437804 0.85 -139.599 0.900232
46080000 -3099.6 2.50016 0.437804 0.85 -139.599 0.900232
46090000 -3070.64 2.71176 0.437802 0.85 -139.599 0.900232
46100000 -3110.92 2.37884 0.437803 0.85 -139.599 0.900232
46110000 -3110.25 2.3916 0.437802 0.85 -139.599 0.900232
46120000 -3107 2.4506 0.437801 0.85 -139.599 0.900232
46130000 -3116.88 2.30728 0.437802 0.85 -139.599 0.900232
46140000 -3134.91 2.12163 0.437802 0.85 -139.599 0.900232
46150000 -3134.88 2.06711 0.437802 0.85 -139.599 0.900232
46160000 -3097.4 2.45049 0.437802 0.85 -139.599 0.900232
46170000 -3096.96 2.47326 0.437804 0.85 -139.599 0.900232
46180000 -3143.26 1.99752 0.437806 0.85 -139.599 0.900232
46190000 -3147.29 2.02893 0.437806 0.85 -139.599 0.900232
46200000 -3136.88 2.08727 0.437804 0.85 -139.599 0.900232
46210000 -3141.11 1.962 0.437802 0.85 -139.599 0.900232
46220000 -3115.19 2.30846 0.437802 0.85 -139.599 0.900232
46230000 -3117.37 2.27735 0.437802 0.85 -139.599 0.900232
46240000 -3106.39 2.35103 0.437805 0.85 -139.599 0.900232
46250000 -3112.02 2.22815 0.437804 0.85 -139.599 0.900232
46260000 -3127.58 2.12319 0.437807 0.85 -139.599 0.900232
46270000 -3117.9 2.22494 0.437808 0.85 -139.599 0.900232
46280000 -3135.79 2.1289 0.437807 0.85 -139.599 0.900232
46290000 -3147.42 2.01224 0.437806 0.85 -139.599 0.900232
46300000 -3082.21 2.65242 0.437805 0.85 -139.599 0.900232
46310000 -3090.95 2.58232 0.437806 0.85 -139.599 0.900232
46320000 -3108.79 2.38372 0.437807 0.85 -139.599 0.900232
46330000 -3139.53 2.05187 0.437805 0.85 -139.599 0.900232
46340000 -3130.1 2.15666 0.437805 0.85 -139.599 0.900232
46350000 -3127.21 2.18852 0.437805 0.85 -139.599 0.900232
46360000 -3108.91 2.35955 0.437805 0.85 -139.599 0.900232
46370000 -3140.76 2.11434 0.437805 0.85 -139.599 0.900232
46380000 -3095.3 2.52418 0.437801 0.85 -139.599 0.900232
46390000 -3102.42 2.37079 0.437802 0.85 -139.599 0.900232
46400000 -3126.34 2.15192 0.437803 0.85 -139.599 0.900232
46410000 -3149.31 1.95595 0.437803 0.85 -139.599 0.900232
46420000 -3099.31 2.29429 0.437804 0.85 -139.599 0.900232
46430000 -3123.04 2.16653 0.437806 0.85 -139.599 0.900232
46440000 -3134.44 2.07419 0.437806 0.85 -139.599 0.900232
46450000 -3146.77 2.025 0.437806 0.85 -139.599 0.900232
46460000 -3105.83 2.36115 0.437808 0.85 -139.599 0.900232
46470000 -3145.06 1.94288 0.437809 0.85 -139.599 0.900232
46480000 -3117.27 2.26906 0.437808 0.85 -139.599 0.900232
46490000 -3135.86 2.10315 0.437809 0.85 -139.599 0.900232
46500000 -3136.42 2.11553 0.437809 0.85 -139.599 0.900232
46510000 -3129.32 2.16209 0.437808 0.85 -139.599 0.900232
46520000 -3132.38 2.21594 0.437807 0.85 -139.599 0.900232
46530000 -3101.41 2.38299 0.437807 0.85 -139.599 0.900232
46540000 -3089.09 2.59075 0.437804 0.85 -139.599 0.900232
46550000 -3113.34 2.24001 0.437803 0.85 -139.599 0.900232
46560000 -3112.56 2.29912 0.437802 0.85 -139.599 0.900232
46570000 -3099.83 2.46637 0.4378 0.85 -139.599 0.900232
46580000 -3122.88 2.18952 0.4378 0.85 -139.599 0.900232
46590000 -3158.27 1.85379 0.437802 0.85 -139.599 0.900232
46600000 -3152.81 1.91291 0.437801 0.85 -139.599 0.900232
46610000 -3129.76 2.23138 0.437801 0.85 -139.599 0.900232
46620000 -3144.32 1.96578 0.4378 0.85 -139.599 0.900232
46630000 -3123.33 2.2051 0.437801 0.85 -139.599 0.900232
46640000 -3120.92 2.25243 0.437802 0.85 -139.599 0.900232
46650000 -3156.58 1.88569 0.437802 0.85 -139.599 0.900232
46660000 -3099.28 2.45329 0.437802 0.85 -139.599 0.900232
46670000 -3121.05 2.21409 0.437803 0.85 -139.599 0.900232
46680000 -3120.13 2.24304 0.437804 0.85 -139.599 0.900232
46690000 -3150.23 1.89666 0.437803 0.85 -139.599 0.900232
46700000 -3145.44 2.00572 0.437804 0.85 -139.599 0.900232
46710000 -3135.41 2.11965 0.437804 0.85 -139.599 0.900232
46720000 -3119.16 2.28454 0.437804 0.85 -139.599 0.900232
46730000 -3130.9 2.16998 0.437805 0.85 -139.599 0.900232
46740000 -3127.15 2.20314 0.437806 0.85 -139.599 0.900232
46750000 -3119.18 2.26843 0.437805 0.85 -139.599 0.900232
46760000 -3084.77 2.58035 0.437803 0.85 -139.599 0.900232
46770000 -3119.8 2.24142 0.437803 0.85 -139.599 0.900232
46780000 -3116.3 2.33467 0.437801 0.85 -139.599 0.900232
46790000 -3104.83 2.48829 0.437801 0.85 -139.599 0.900232
46800000 -3148.57 1.98468 0.4378 0.85 -139.599 0.900232
46810000 -3128.56 2.18223 0.437799 0.85 -139.599 0.900232
46820000 -3124.94 2.17542 0.4378 0.85 -139.599 0.900232
46830000 -3128.76 2.14902 0.437799 0.85 -139.599 0.900232
46840000 -3118.05 2.24336 0.4378 0.85 -139.599 0.900232
46850000 -3137.53 2.07932 0.437799 0.85 -139.599 0.900232
46860000 -3140.04 2.06315 0.437798 0.85 -139.599 0.900232
46870000 -3125.09 2.11491 0.437798 0.85 -139.599 0.900232
46880000 -3091.89 2.40495 0.437799 0.85 -139.599 0.900232
46890000 -3127.34 2.11526 0.437798 0.85 -139.599 0.900232
46900000 -3072.41 2.69448 0.437796 0.85 -139.599 0.900232
46910000 -3102.41 2.37494 0.437797 0.85 -139.599 0.900232
46920000 -3119.1 2.18741 0.437796 0.85 -139.599 0.900232
46930000 -3088.92 2.45426 0.437795 0.85 -139.599 0.900232
46940000 -3123.99 2.13843 0.437796 0.85 -139.599 0.900232
46950000 -3110.4 2.26517 0.437796 0.85 -139.599 0.900232
46960000 -3125.5 2.15548 0.437795 0.85 -139.599 0.900232
46970000 -3128.22 2.15733 0.437794 0.85 -139.599 0.900232
46980000 -3123.54 2.16916 0.437794 0.85 -139.599 0.900232
46990000 -3106.61 2.31414 0.437795 0.85 -139.599 0.900232
47000000 -3128.21 2.08821 0.437796 0.85 -139.599 0.900232
47010000 -3161.94 1.82946 0.437799 0.85 -139.599 0.900232
47020000 -3144.95 1.91954 0.437802 0.85 -139.599 0.900232
47030000 -3130.31 2.01647 0.437803 0.85 -139.599 0.900232
47040000 -3130.73 2.04381 0.437803 0.85 -139.599 0.900232
47050000 -3133.83 2.10094 0.437803 0.85 -139.599 0.900232
47060000 -3088.62 2.48307 0.437804 0.85 -139.599 0.900232
47070000 -3117.59 2.26564 0.437803 0.85 -139.599 0.900232
47080000 -3095.08 2.51628 0.437804 0.85 -139.599 0.900232
47090000 -3093.15 2.57052 0.437803 0.85 -139.599 0.900232
47100000 -3124.05 2.19827 0.437804 0.85 -139.599 0.900232
47110000 -3145.34 1.9353 0.437802 0.85 -139.599 0.900232
47120000 -3089.27 2.53098 0.437802 0.85 -139.599 0.900232
47130000 -3118.25 2.22427 0.437802 0.85 -139.599 0.900232
47140000 -3140.76 2.01278 0.437802 0.85 -139.599 0.900232
47150000 -3122.76 2.17485 0.437803 0.85 -139.599 0.900232
47160000 -3122.92 2.20959 0.437802 0.85 -139.599 0.900232
47170000 -3115.01 2.2725 0.437801 0.85 -139.599 0.900232
47180000 -3139.61 1.96916 0.437801 0.85 -139.599 0.900232
47190000 -3089.45 2.54363 0.437802 0.85 -139.599 0.900232
47200000 -3091.24 2.48187 0.437803 0.85 -139.599 0.900232
47210000 -3108.32 2.3693 0.437802 0.85 -139.599 0.900232
47220000 -3107.85 2.33694 0.437801 0.85 -139.599 0.900232
47230000 -3149.79 1.96418 0.437802 0.85 -139.599 0.900232
47240000 -3109.59 2.38581 0.437803 0.85 -139.599 0.900232
47250000 -3101.54 2.41144 0.437803 0.85 -139.599 0.900232
47260000 -3134.17 2.05961 0.437804 0.85 -139.599 0.900232
47270000 -3127.76 2.10711 0.437804 0.85 -139.599 0.900232
47280000 -3098.26 2.46274 0.437804 0.85 -139.599 0.900232
47290000 -3106.32 2.43073 0.437806 0.85 -139.599 0.900232
47300000 -3113.96 2.36817 0.437805 0.85 -139.599 0.900232
47310000 -3089.88 2.58057 0.437805 0.85 -139.599 0.900232
47320000 -3156.12 1.8974 0.437805 0.85 -139.599 0.900232
47330000 -3099.13 2.44318 0.437805 0.85 -139.599 0.900232
47340000 -3153.04 1.91114 0.437805 0.85 -139.599 0.900232
47350000 -3107.84 2.34664 0.437803 0.85 -139.599 0.900232
47360000 -3090.38 2.57372 0.437802 0.85 -139.599 0.900232
47370000 -3122.19 2.23508 0.4378 0.85 -139.599 0.900232
47380000 -3099.2 2.50194 0.437801 0.85 -139.599 0.900232
47390000 -3085.82 2.50265 0.437798 0.85 -139.599 0.900232
47400000 -3116.9 2.29459 0.437799 0.85 -139.599 0.900232
47410000 -3149.41 1.92223 0.437799 0.85 -139.599 0.900232
47420000 -3100.41 2.49762 0.437798 0.85 -139.599 0.900232
47430000 -3106.1 2.36989 0.437799 0.85 -139.599 0.900232
47440000 -3126.56 2.15365 0.4378 0.85 -139.599 0.900232
47450000 -3142.07 2.00441 0.437801 0.85 -139.599 0.900232
47460000 -3149.27 1.94999 0.437801 0.85 -139.599 0.900232
47470000 -3154.82 1.8727 0.437802 0.85 -139.599 0.900232
47480000 -3132.5 2.10049 0.437803 0.85 -139.599 0.900232
47490000 -3133.65 2.10245 0.437803 0.85 -139.599 0.900232
47500000 -3152.25 1.87959 0.437804 0.85 -139.599 0.900232
47510000 -3125.86 2.20956 0.437805 0.85 -139.599 0.900232
47520000 -3083.55 2.55793 0.437805 0.85 -139.599 0.900232
47530000 -3100.52 2.46559 0.437804 0.85 -139.599 0.900232
47540000 -3098.33 2.42705 0.437805 0.85 -139.599 0.900232
47550000 -3103.99 2.4273 0.437805 0.85 -139.599 0.900232
47560000 -3105.81 2.37041 0.437807 0.85 -139.599 0.900232
47570000 -3127.19 2.11158 0.437807 0.85 -139.599 0.900232
47580000 -3139.88 1.94378 0.437807 0.85 -139.599 0.900232
47590000 -3129.18 2.13489 0.437808 0.85 -139.599 0.900232
47600000 -3096.18 2.47327 0.437811 0.85 -139.599 0.900232
47610000 -3105.38 2.39194 0.437812 0.85 -139.599 0.900232
47620000 -3140.35 2.03913 0.437812 0.85 -139.599 0.900232
47630000 -3130.83 2.086 0.437812 0.85 -139.599 0.900232
47640000 -3112.92 2.22645 0.43781 0.85 -139.599 0.900232
47650000 -3079.67 2.57944 0.43781 0.85 -139.599 0.900232
47660000 -3131.07 2.14798 0.437808 0.85 -139.599 0.900232
47670000 -3112.71 2.33206 0.437808 0.85 -139.599 0.900232
47680000 -3082.92 2.64512 0.437807 0.85 -139.599 0.900232
47690000 -3105.99 2.40371 0.437805 0.85 -139.599 0.900232
47700000 -3121.97 2.23419 0.437806 0.85 -139.599 0.900232
47710000 -3113.31 2.29312 0.437808 0.85 -139.599 0.900232
47720000 -3125.85 2.14965 0.43781 0.85 -139.599 0.900232
47730000 -3137 2.09307 0.43781 0.85 -139.599 0.900232
47740000 -3145.92 2.00099 0.43781 0.85 -139.599 0.900232
47750000 -3101.59 2.3911 0.43781 0.85 -139.599 0.900232
47760000 -3159.89 1.83878 0.437809 0.85 -139.599 0.900232
47770000 -3137.85 2.10753 0.437811 0.85 -139.599 0.900232
47780000 -3113.98 2.2971 0.437812 0.85 -139.599 0.900232
47790000 -3124.4 2.17679 0.437813 0.85 -139.599 0.900232
47800000 -3096.88 2.48943 0.437812 0.85 -139.599 0.900232
47810000 -3115.48 2.35573 0.43781 0.85 -139.599 0.900232
47820000 -3103.63 2.39579 0.43781 0.85 -139.599 0.900232
47830000 -3124.87 2.20699 0.437809 0.85 -139.599 0.900232
47840000 -3100.59 2.40955 0.437808 0.85 -139.599 0.900232
47850000 -3107.15 2.3919 0.437808 0.85 -139.599 0.900232
47860000 -3122.09 2.25367 0.437808 0.85 -139.599 0.900232
47870000 -3099.94 2.42734 0.437806 0.85 -139.599 0.900232
47880000 -3158.77 1.82893 0.437806 0.85 -139.599 0.900232
47890000 -3127.34 2.21419 0.437805 0.85 -139.599 0.900232
47900000 -3080.39 2.71907 0.437803 0.85 -139.599 0.900232
47910000 -3107.95 2.46258 0.437803 0.85 -139.599 0.900232
47920000 -3092.63 2.57872 0.437802 0.85 -139.599 0.900232
47930000 -3071.74 2.77413 0.437803 0.85 -139.599 0.900232
47940000 -3111.25 2.3892 0.437802 0.85 -139.599 0.900232
47950000 -3096.76 2.44792 0.437803 0.85 -139.599 0.900232
47960000 -3121.79 2.2616 0.437802 0.85 -139.599 0.900232
47970000 -3083.99 2.71148 0.437799 0.85 -139.599 0.900232
47980000 -3080.05 2.69741 0.437797 0.85 -139.599 0.900232
47990000 -3070.83 2.76777 0.437797 0.85 -139.599 0.900232
48000000 -3097.74 2.43232 0.437795 0.85 -139.599 0.900232
48010000 -3154.79 1.84563 0.437794 0.85 -139.599 0.900232
48020000 -3135.25 2.10568 0.437794 0.85 -139.599 0.900232
48030000 -3108.9 2.34015 0.437794 0.85 -139.599 0.900232
48040000 -3118.81 2.25971 0.437794 0.85 -139.599 0.900232
48050000 -3117.52 2.28468 0.437794 0.85 -139.599 0.900232
48060000 -3095.68 2.50944 0.437796 0.85 -139.599 0.900232
48070000 -3085.83 2.62367 0.437795 0.85 -139.599 0.900232
48080000 -3110.51 2.32932 0.437794 0.85 -139.599 0.900232
48090000 -3118.62 2.21746 0.437793 0.85 -139.599 0.900232
48100000 -3126.4 2.1016 0.437794 0.85 -139.599 0.900232
48110000 -3139.47 2.05124 0.437795 0.85 -139.599 0.900232
48120000 -3121.18 2.2522 0.437795 0.85 -139.599 0.900232
48130000 -3132.05 2.10556 0.437794 0.85 -139.599 0.900232
48140000 -3093.35 2.50808 0.437795 0.85 -139.599 0.900232
48150000 -3120.98 2.24951 0.437794 0.85 -139.599 0.900232
48160000 -3124.21 2.13117 0.437794 0.85 -139.599 0.900232
48170000 -3111.95 2.31572 0.437794 0.85 -139.599 0.900232
48180000 -3107.09 2.33752 0.437793 0.85 -139.599 0.900232
48190000 -3115.23 2.24076 0.437793 0.85 -139.599 0.900232
48200000 -3129.36 2.06878 0.437794 0.85 -139.599 0.900232
48210000 -3067.11 2.73181 0.437794 0.85 -139.599 0.900232
48220000 -3089.52 2.46529 0.437793 0.85 -139.599 0.900232
48230000 -3125.01 2.20778 0.437793 0.85 -139.599 0.900232
48240000 -3119.28 2.19627 0.437793 0.85 -139.599 0.900232
48250000 -3142.38 1.99961 0.437795 0.85 -139.599 0.900232
48260000 -3111.07 2.34241 0.437794 0.85 -139.599 0.900232
48270000 -3082.33 2.64053 0.437795 0.85 -139.599 0.900232
48280000 -3085.96 2.64432 0.437795 0.85 -139.599 0.900232
48290000 -3117.36 2.26747 0.437794 0.85 -139.599 0.900232
48300000 -3147.39 1.94473 0.437795 0.85 -139.599 0.900232
48310000 -3086.29 2.67356 0.437794 0.85 -139.599 0.900232
48320000 -3128.95 2.18727 0.437794 0.85 -139.599 0.900232
48330000 -3156.68 1.9176 0.437794 0.85 -139.599 0.900232
48340000 -3125.66 2.17737 0.437795 0.85 -139.599 0.900232
48350000 -3129.74 2.23507 0.437795 0.85 -139.599 0.900232
48360000 -3123.02 2.2402 0.437794 0.85 -139.599 0.900232
48370000 -3148.85 1.91069 0.437793 0.85 -139.599 0.900232
48380000 -3149.88 1.88563 0.437795 0.85 -139.599 0.900232
48390000 -3137.93 2.04274 0.437795 0.85 -139.599 0.900232
48400000 -3134.29 2.05483 0.437796 0.85 -139.599 0.900232
48410000 -3149.13 1.93148 0.437795 0.85 -139.599 0.900232
48420000 -3115.45 2.25379 0.437796 0.85 -139.599 0.900232
48430000 -3109.26 2.26529 0.437796 0.85 -139.599 0.900232
48440000 -3158.11 1.78615 0.437794 0.85 -139.599 0.900232
48450000 -3150.01 1.98478 0.437794 0.85 -139.599 0.900232
48460000 -3141.86 1.97946 0.437795 0.85 -139.599 0.900232
48470000 -3152.72 1.89762 0.437797 0.85 -139.599 0.900232
48480000 -3102.04 2.41157 0.437799 0.85 -139.599 0.900232
48490000 -3149.29 1.92999 0.437799 0.85 -139.599 0.900232
48500000 -3127.42 2.13047 0.437799 0.85 -139.599 0.900232
48510000 -3126.22 2.15261 0.4378 0.85 -139.599 0.900232
48520000 -3104.66 2.37723 0.437801 0.85 -139.599 0.900232
48530000 -3141.54 2.00027 0.437802 0.85 -139.599 0.900232
48540000 -3094.26 2.44853 0.4378 0.85 -139.599 0.900232
48550000 -3133.09 2.05982 0.437799 0.85 -139.599 0.900232
48560000 -3162.4 1.76694 0.437801 0.85 -139.599 0.900232
48570000 -3150.23 1.88468 0.437799 0.85 -139.599 0.900232
48580000 -3141.22 2.05022 0.4378 0.85 -139.599 0.900232
48590000 -3120.83 2.19748 0.437801 0.85 -139.599 0.900232
48600000 -3136.07 2.007 0.437804 0.85 -139.599 0.900232
48610000 -3105.92 2.31771 0.437806 0.85 -139.599 0.900232
48620000 -3115.47 2.31631 0.437807 0.85 -139.599 0.900232
48630000 -3125.19 2.1561 0.437808 0.85 -139.599 0.900232
48640000 -3118 2.24061 0.437809 0.85 -139.599 0.900232
48650000 -3112.48 2.35506 0.437808 0.85 -139.599 0.900232
48660000 -3141.67 2.0127 0.437808 0.85 -139.599 0.900232
48670000 -3115.44 2.33622 0.437808 0.85 -139.599 0.900232
48680000 -3159.52 1.85363 0.43781 0.85 -139.599 0.900232
48690000 -3107.87 2.35036 0.437809 0.85 -139.599 0.900232
48700000 -3126.76 2.23984 0.437808 0.85 -139.599 0.900232
48710000 -3132.73 2.1465 0.437809 0.85 -139.599 0.900232
48720000 -3150.16 1.9243 0.437808 0.85 -139.599 0.900232
48730000 -3120.6 2.15748 0.437808 0.85 -139.599 0.900232
48740000 -3114.01 2.30376 0.437807 0.85 -139.599 0.900232
48750000 -3104.34 2.38853 0.437807 0.85 -139.599 0.900232
48760000 -3140.52 2.09599 0.437807 0.85 -139.599 0.900232
48770000 -3102.84 2.35319 0.437805 0.85 -139.599 0.900232
48780000 -3146.83 1.92278 0.437807 0.85 -139.599 0.900232
48790000 -3128 2.10583 0.437806 0.85 -139.599 0.900232
48800000 -3164.32 1.69886 0.437806 0.85 -139.599 0.900232
48810000 -3118.36 2.17362 0.437806 0.85 -139.599 0.900232
48820000 -3135.71 2.05654 0.437804 0.85 -139.599 0.900232
48830000 -3097.67 2.38952 0.437803 0.85 -139.599 0.900232
48840000 -3106.17 2.34751 0.437804 0.85 -139.599 0.900232
48850000 -3119.42 2.18889 0.437804 0.85 -139.599 0.900232
48860000 -3089.92 2.45944 0.437805 0.85 -139.599 0.900232
48870000 -3117.68 2.23007 0.437805 0.85 -139.599 0.900232
48880000 -3077.22 2.65442 0.437806 0.85 -139.599 0.900232
48890000 -3116.19 2.27109 0.437804 0.85 -139.599 0.900232
48900000 -3099.5 2.49902 0.437804 0.85 -139.599 0.900232
48910000 -3118.59 2.23682 0.437804 0.85 -139.599 0.900232
48920000 -3106.17 2.25442 0.437804 0.85 -139.599 0.900232
48930000 -3116.32 2.22215 0.437804 0.85 -139.599 0.900232
48940000 -3097.39 2.44093 0.437803 0.85 -139.599 0.900232
48950000 -3106.34 2.37971 0.437803 0.85 -139.599 0.900232
48960000 -3117.29 2.24719 0.437803 0.85 -139.599 0.900232
48970000 -3072.24 2.67533 0.437803 0.85 -139.599 0.900232
48980000 -3091.45 2.49297 0.437803 0.85 -139.599 0.900232
48990000 -3114.21 2.28178 0.437803 0.85 -139.599 0.900232
49000000 -3124.37 2.19344 0.437804 0.85 -139.599 0.900232
49010000 -3129.49 2.10675 0.437804 0.85 -139.599 0.900232
49020000 -3150.08 1.88029 0.437806 0.85 -139.599 0.900232
49030000 -3155.4 1.8596 0.437807 0.85 -139.599 0.900232
49040000 -3140.35 2.04726 0.437808 0.85 -139.599 0.900232
49050000 -3124.29 2.22663 0.43781 0.85 -139.599 0.900232
49060000 -3140.58 2.00736 0.437811 0.85 -139.599 0.900232
49070000 -3145.09 2.03035 0.437813 0.85 -139.599 0.900232
49080000 -3144.42 1.99823 0.437813 0.85 -139.599 0.900232
49090000 -3133.67 2.12007 0.437812 0.85 -139.599 0.900232
49100000 -3104.14 2.36983 0.437812 0.85 -139.599 0.900232
49110000 -3133.49 2.11543 0.437813 0.85 -139.599 0.900232
49120000 -3127.49 2.20436 0.437814 0.85 -139.599 0.900232
49130000 -3136.56 2.10945 0.43781 0.85 -139.599 0.900232
49140000 -3128.68 2.18243 0.43781 0.85 -139.599 0.900232
49150000 -3122.37 2.25375 0.437809 0.85 -139.599 0.900232
49160000 -3126.22 2.28128 0.437808 0.85 -139.599 0.900232
49170000 -3142.13 2.05342 0.43781 0.85 -139.599 0.900232
49180000 -3120.62 2.25508 0.437809 0.85 -139.599 0.900232
49190000 -3108.87 2.37198 0.437809 0.85 -139.599 0.900232
49200000 -3094.56 2.56053 0.437808 0.85 -139.599 0.900232
49210000 -3063.22 2.90319 0.437807 0.85 -139.599 0.900232
49220000 -3107.69 2.41746 0.437808 0.85 -139.599 0.900232
49230000 -3087.15 2.53447 0.437809 0.85 -139.599 0.900232
49240000 -3094.4 2.43772 0.437808 0.85 -139.599 0.900232
49250000 -3080.16 2.622 0.437806 0.85 -139.599 0.900232
49260000 -3103.14 2.37749 0.437805 0.85 -139.599 0.900232
49270000 -3128.35 2.15874 0.437806 0.85 -139.599 0.900232
49280000 -3121.4 2.21421 0.437807 0.85 -139.599 0.900232
49290000 -3118.62 2.28912 0.437808 0.85 -139.599 0.900232
49300000 -3111.67 2.45048 0.437807 0.85 -139.599 0.900232
49310000 -3078.85 2.64223 0.437806 0.85 -139.599 0.900232
49320000 -3143.29 2.00874 0.437806 0.85 -139.599 0.900232
49330000 -3140.36 2.044 0.437809 0.85 -139.599 0.900232
49340000 -3124.29 2.1623 0.437808 0.85 -139.599 0.900232
49350000 -3133.47 2.08971 0.437808 0.85 -139.599 0.900232
49360000 -3124.86 2.16653 0.437809 0.85 -139.599 0.900232
49370000 -3128.73 2.08897 0.43781 0.85 -139.599 0.900232
49380000 -3129.19 2.10512 0.437809 0.85 -139.599 0.900232
49390000 -3097.83 2.44427 0.43781 0.85 -139.599 0.900232
49400000 -3117.99 2.23799 0.43781 0.85 -139.599 0.900232
49410000 -3156.13 1.89277 0.43781 0.85 -139.599 0.900232
49420000 -3123.85 2.12319 0.43781 0.85 -139.599 0.900232
49430000 -3143.58 1.99019 0.437812 0.85 -139.599 0.900232
49440000 -3148.34 1.9502 0.437813 0.85 -139.599 0.900232
49450000 -3102.64 2.44377 0.437812 0.85 -139.599 0.900232
49460000 -3089.23 2.61803 0.437811 0.85 -139.599 0.900232
49470000 -3108.23 2.36087 0.437809 0.85 -139.599 0.900232
49480000 -3137.69 2.10115 0.43781 0.85 -139.599 0.900232
49490000 -3127.15 2.17178 0.43781 0.85 -139.599 0.900232
49500000 -3094.83 2.51609 0.43781 0.85 -139.599 0.900232
49510000 -3096.33 2.52406 0.437809 0.85 -139.599 0.900232
49520000 -3105 2.38801 0.43781 0.85 -139.599 0.900232
49530000 -3077.93 2.67938 0.43781 0.85 -139.599 0.900232
49540000 -3148.01 1.8708 0.43781 0.85 -139.599 0.900232
49550000 -3123.75 2.17783 0.437811 0.85 -139.599 0.900232
49560000 -3144.74 1.99899 0.437812 0.85 -139.599 0.900232
49570000 -3134.05 2.12768 0.437812 0.85 -139.599 0.900232
49580000 -3130.06 2.14383 0.437813 0.85 -139.599 0.900232
49590000 -3104.64 2.42116 0.437812 0.85 -139.599 0.900232
49600000 -3127.6 2.15314 0.437813 0.85 -139.599 0.900232
49610000 -3127.62 2.22532 0.437813 0.85 -139.599 0.900232
49620000 -3104.09 2.37941 0.437812 0.85 -139.599 0.900232
49630000 -3126.34 2.18557 0.437812 0.85 -139.599 0.900232
49640000 -3131.29 2.14681 0.437813 0.85 -139.599 0.900232
49650000 -3128.92 2.17619 0.437813 0.85 -139.599 0.900232
49660000 -3093.7 2.51419 0.437812 0.85 -139.599 0.900232
49670000 -3092.97 2.58729 0.437811 0.85 -139.599 0.900232
49680000 -3086.14 2.56884 0.437812 0.85 -139.599 0.900232
49690000 -3141.88 2.09687 0.43781 0.85 -139.599 0.900232
49700000 -3115.13 2.29877 0.437808 0.85 -139.599 0.900232
49710000 -3108.79 2.36437 0.437807 0.85 -139.599 0.900232
49720000 -3095.11 2.45295 0.437806 0.85 -139.599 0.900232
49730000 -3135.96 2.18773 0.437806 0.85 -139.599 0.900232
49740000 -3094.51 2.54928 0.437806 0.85 -139.599 0.900232
49750000 -3128.34 2.14423 0.437806 0.85 -139.599 0.900232
49760000 -3106.95 2.41124 0.437807 0.85 -139.599 0.900232
49770000 -3104.37 2.45709 0.437807 0.85 -139.599 0.900232
49780000 -3138.38 2.0527 0.437808 0.85 -139.599 0.900232
49790000 -3104.16 2.33146 0.437807 0.85 -139.599 0.900232
49800000 -3116.43 2.1923 0.437807 0.85 -139.599 0.900232
49810000 -3079.15 2.53423 0.437805 0.85 -139.599 0.900232
49820000 -3048.44 2.90458 0.437805 0.85 -139.599 0.900232
49830000 -3077.47 2.71201 0.437804 0.85 -139.599 0.900232
49840000 -3086.54 2.61903 0.437801 0.85 -139.599 0.900232
49850000 -3098.72 2.53951 0.437802 0.85 -139.599 0.900232
49860000 -3103.98 2.39628 0.437802 0.85 -139.599 0.900232
49870000 -3121.3 2.20997 0.437801 0.85 -139.599 0.900232
49880000 -3106.45 2.36287 0.437801 0.85 -139.599 0.900232
49890000 -3118.32 2.24517 0.4378 0.85 -139.599 0.900232
49900000 -3069.09 2.77993 0.437798 0.85 -139.599 0.900232
49910000 -3138.12 2.0578 0.437798 0.85 -139.599 0.900232
49920000 -3121.69 2.20277 0.437798 0.85 -139.599 0.900232
49930000 -3111.3 2.29661 0.437799 0.85 -139.599 0.900232
49940000 -3106.3 2.29919 0.437799 0.85 -139.599 0.900232
49950000 -3115.05 2.29527 0.437798 0.85 -139.599 0.900232
49960000 -3095.84 2.51811 0.437798 0.85 -139.599 0.900232
49970000 -3141.55 2.0311 0.437797 0.85 -139.599 0.900232
49980000 -3145.56 2.05115 0.437797 0.85 -139.599 0.900232
49990000 -3138.04 2.02999 0.437796 0.85 -139.599 0.900232
50000000 -3091.61 2.48429 0.437799 0.85 -139.599 0.900232
50010000 -3125.34 2.16643 0.437799 0.85 -139.599 0.900232
50020000 -3131.81 2.12644 0.437798 0.85 -139.599 0.900232
50030000 -3126.65 2.18271 0.437798 0.85 -139.599 0.900232
50040000 -3135.24 2.02014 0.437797 0.85 -139.599 0.900232
50050000 -3084.07 2.51166 0.437797 0.85 -139.599 0.900232
50060000 -3116.48 2.21016 0.437797 0.85 -139.599 0.900232
50070000 -3128.79 2.20232 0.437797 0.85 -139.599 0.900232
50080000 -3126.2 2.12748 0.437797 0.85 -139.599 0.900232
50090000 -3116.4 2.28725 0.437799 0.85 -139.599 0.900232
50100000 -3117.2 2.23214 0.4378 0.85 -139.599 0.900232
50110000 -3120.11 2.23654 0.437802 0.85 -139.599 0.900232
50120000 -3124.54 2.16959 0.437804 0.85 -139.599 0.900232
50130000 -3120.33 2.25106 0.437805 0.85 -139.599 0.900232
50140000 -3105.94 2.34509 0.437804 0.85 -139.599 0.900232
50150000 -3135.54 2.04944 0.437804 0.85 -139.599 0.900232
50160000 -3153.11 1.87628 0.437803 0.85 -139.599 0.900232
50170000 -3149.61 1.99809 0.437802 0.85 -139.599 0.900232
50180000 -3111.62 2.37163 0.437801 0.85 -139.599 0.900232
50190000 -3106.17 2.41726 0.437802 0.85 -139.599 0.900232
50200000 -3127.17 2.21388 0.4378 0.85 -139.599 0.900232
50210000 -3116.89 2.32288 0.437801 0.85 -139.599 0.900232
50220000 -3140.37 2.103 0.437801 0.85 -139.599 0.900232
50230000 -3147.17 1.96865 0.437801 0.85 -139.599 0.900232
50240000 -3137.91 2.07473 0.437799 0.85 -139.599 0.900232
50250000 -3113.29 2.3494 0.4378 0.85 -139.599 0.900232
50260000 -3146.12 1.96142 0.4378 0.85 -139.599 0.900232
50270000 -3149.44 1.94387 0.437799 0.85 -139.599 0.900232
50280000 -3089.87 2.59763 0.4378 0.85 -139.599 0.900232
50290000 -3061.61 2.86075 0.437801 0.85 -139.599 0.900232
50300000 -3119.96 2.3457 0.4378 0.85 -139.599 0.900232
50310000 -3105.86 2.40298 0.4378 0.85 -139.599 0.900232
50320000 -3088.66 2.50659 0.4378 0.85 -139.599 0.900232
50330000 -3125.55 2.20061 0.437799 0.85 -139.599 0.900232
50340000 -3130.64 2.09721 0.4378 0.85 -139.599 0.900232
50350000 -3117.26 2.21941 0.437804 0.85 -139.599 0.900232
50360000 -3097.65 2.51177 0.437804 0.85 -139.599 0.900232
50370000 -3131.41 2.18835 0.437804 0.85 -139.599 0.900232
50380000 -3104.88 2.38444 0.437803 0.85 -139.599 0.900232
50390000 -3087.63 2.5397 0.437801 0.85 -139.599 0.900232
50400000 -3122.13 2.21236 0.437801 0.85 -139.599 0.900232
50410000 -3101.42 2.38564 0.4378 0.85 -139.599 0.900232
50420000 -3133.21 2.02475 0.437801 0.85 -139.599 0.900232
50430000 -3092.03 2.44889 0.437801 0.85 -139.599 0.900232
50440000 -3091.57 2.44654 0.437802 0.85 -139.599 0.900232
50450000 -3127.2 2.1627 0.437803 0.85 -139.599 0.900232
50460000 -3105.95 2.34269 0.4378 0.85 -139.599 0.900232
50470000 -3150.29 1.93196 0.437801 0.85 -139.599 0.900232
50480000 -3166.25 1.81794 0.437801 0.85 -139.599 0.900232
50490000 -3118.6 2.25493 0.437801 0.85 -139.599 0.900232
50500000 -3138.04 2.04147 0.4378 0.85 -139.599 0.900232
50510000 -3122.83 2.16177 0.437802 0.85 -139.599 0.900232
50520000 -3134.94 2.09598 0.437802 0.85 -139.599 0.900232
50530000 -3140.14 2.03067 0.4378 0.85 -139.599 0.900232
50540000 -3108.47 2.3237 0.437801 0.85 -139.599 0.900232
50550000 -3164.24 1.79386 0.437801 0.85 -139.599 0.900232
50560000 -3129.47 2.16781 0.437801 0.85 -139.599 0.900232
50570000 -3115.06 2.30028 0.437804 0.85 -139.599 0.900232
50580000 -3104.68 2.3288 0.437804 0.85 -139.599 0.900232
50590000 -3154.89 1.88298 0.437807 0.85 -139.599 0.900232
50600000 -3130.11 2.15027 0.437807 0.85 -139.599 0.900232
50610000 -3111.61 2.29539 0.43781 0.85 -139.599 0.900232
50620000 -3141.83 2.02679 0.43781 0.85 -139.599 0.900232
50630000 -3146.95 1.93895 0.437811 0.85 -139.599 0.900232
50640000 -3167.12 1.79055 0.437814 0.85 -139.599 0.900232
50650000 -3130.47 2.13855 0.437814 0.85 -139.599 0.900232
50660000 -3113.65 2.28956 0.437816 0.85 -139.599 0.900232
50670000 -3136.06 2.03869 0.437816 0.85 -139.599 0.900232
50680000 -3136.38 2.10985 0.437816 0.85 -139.599 0.900232
50690000 -3087.36 2.52445 0.437817 0.85 -139.599 0.900232
50700000 -3113.54 2.33614 0.437817 0.85 -139.599 0.900232
50710000 -3125.5 2.19272 0.437816 0.85 -139.599 0.900232
50720000 -3098.16 2.49044 0.437816 0.85 -139.599 0.900232
50730000 -3140.49 2.05063 0.437815 0.85 -139.599 0.900232
50740000 -3155.15 1.95499 0.437814 0.85 -139.599 0.900232
50750000 -3110.95 2.33385 0.437814 0.85 -139.599 0.900232
50760000 -3153.25 1.9387 0.437814 0.85 -139.599 0.900232
50770000 -3083.49 2.63816 0.437814 0.85 -139.599 0.900232
50780000 -3110.5 2.39029 0.437813 0.85 -139.599 0.900232
50790000 -3152.55 1.90678 0.437813 0.85 -139.599 0.900232
50800000 -3128.22 2.17504 0.437812 0.85 -139.599 0.900232
50810000 -3117.64 2.16871 0.437814 0.85 -139.599 0.900232
50820000 -3102.39 2.3373 0.437815 0.85 -139.599 0.900232
50830000 -3128.51 2.14187 0.437815 0.85 -139.599 0.900232
50840000 -3122.95 2.22298 0.437815 0.85 -139.599 0.900232
50850000 -3109.56 2.27206 0.437813 0.85 -139.599 0.900232
50860000 -3124.48 2.16894 0.437813 0.85 -139.599 0.900232
50870000 -3092.61 2.44636 0.437812 0.85 -139.599 0.900232
50880000 -3086.98 2.48657 0.43781 0.85 -139.599 0.900232
50890000 -3096.97 2.44251 0.437809 0.85 -139.599 0.900232
50900000 -3118.34 2.24715 0.437809 0.85 -139.599 0.900232
50910000 -3137.27 2.03981 0.43781 0.85 -139.599 0.900232
50920000 -3098.65 2.42435 0.43781 0.85 -139.599 0.900232
50930000 -3149.86 1.94846 0.437809 0.85 -139.599 0.900232
50940000 -3106.44 2.29669 0.437811 0.85 -139.599 0.900232
50950000 -3119.2 2.21944 0.437811 0.85 -139.599 0.900232
50960000 -3102.06 2.38548 0.437808 0.85 -139.599 0.900232
50970000 -3114.66 2.23219 0.437807 0.85 -139.599 0.900232
50980000 -3114.68 2.21466 0.437808 0.85 -139.599 0.900232
50990000 -3135.54 2.14183 0.437808 0.85 -139.599 0.900232
51000000 -3126.28 2.20701 0.437808 0.85 -139.599 0.900232
51010000 -3121.13 2.20984 0.437808 0.85 -139.599 0.900232
51020000 -3149.12 2.00155 0.437807 0.85 -139.599 0.900232
51030000 -3133.76 2.15891 0.437808 0.85 -139.599 0.900232
51040000 -3125.23 2.27843 0.437808 0.85 -139.599 0.900232
51050000 -3168.78 1.7167 0.437808 0.85 -139.599 0.900232
51060000 -3118.16 2.21144 0.437809 0.85 -139.599 0.900232
51070000 -3109.56 2.39789 0.437809 0.85 -139.599 0.900232
51080000 -3133.58 2.11771 0.437809 0.85 -139.599 0.900232
51090000 -3133.04 2.12795 0.437809 0.85 -139.599 0.900232
51100000 -3117.7 2.23885 0.437808 0.85 -139.599 0.900232
51110000 -3112.52 2.25531 0.437807 0.85 -139.599 0.900232
51120000 -3146.71 1.9528 0.437806 0.85 -139.599 0.900232
51130000 -3096.42 2.45019 0.437809 0.85 -139.599 0.900232
51140000 -3153.31 1.86796 0.437811 0.85 -139.599 0.900232
51150000 -3072.12 2.7495 0.43781 0.85 -139.599 0.900232
51160000 -3137.52 2.11303 0.43781 0.85 -139.599 0.900232
51170000 -3126.1 2.22798 0.43781 0.85 -139.599 0.900232
51180000 -3114.89 2.27349 0.43781 0.85 -139.599 0.900232
51190000 -3153.73 1.86507 0.437811 0.85 -139.599 0.900232
51200000 -3154.05 1.86162 0.437813 0.85 -139.599 0.900232
51210000 -3133.5 2.14815 0.437814 0.85 -139.599 0.900232
51220000 -3134.65 1.99535 0.437815 0.85 -139.599 0.900232
51230000 -3135.22 2.10579 0.437817 0.85 -139.599 0.900232
51240000 -3150.12 1.96718 0.437818 0.85 -139.599 0.900232
51250000 -3129.15 2.04102 0.43782 0.85 -139.599 0.900232
51260000 -3154 1.81822 0.43782 0.85 -139.599 0.900232
51270000 -3127.96 2.1491 0.43782 0.85 -139.599 0.900232
51280000 -3149.22 1.94916 0.437821 0.85 -139.599 0.900232
51290000 -3115.82 2.31164 0.437821 0.85 -139.599 0.900232
51300000 -3069.56 2.75859 0.437822 0.85 -139.599 0.900232
51310000 -3082.89 2.52892 0.43782 0.85 -139.599 0.900232
51320000 -3100.28 2.43254 0.43782 0.85 -139.599 0.900232
51330000 -3125.46 2.21714 0.437819 0.85 -139.599 0.900232
51340000 -3112.3 2.37882 0.437819 0.85 -139.599 0.900232
51350000 -3142.57 2.01248 0.437818 0.85 -139.599 0.900232
51360000 -3115.53 2.20913 0.437818 0.85 -139.599 0.900232
51370000 -3109.16 2.23037 0.437817 0.85 -139.599 0.900232
51380000 -3137.99 2.03512 0.437817 0.85 -139.599 0.900232
51390000 -3127.47 2.15833 0.437816 0.85 -139.599 0.900232
51400000 -3127.84 2.13425 0.437816 0.85 -139.599 0.900232
51410000 -3128.54 2.11572 0.437815 0.85 -139.599 0.900232
51420000 -3096.04 2.44694 0.437816 0.85 -139.599 0.900232
51430000 -3121.75 2.24153 0.437815 0.85 -139.599 0.900232
51440000 -3128.12 2.17735 0.437814 0.85 -139.599 0.900232
51450000 -3112.47 2.3458 0.437814 0.85 -139.599 0.900232
51460000 -3143.16 2.00843 0.437815 0.85 -139.599 0.900232
51470000 -3100.03 2.45449 0.437813 0.85 -139.599 0.900232
51480000 -3090.6 2.54958 0.437812 0.85 -139.599 0.900232
51490000 -3106.19 2.47314 0.43781 0.85 -139.599 0.900232
51500000 -3104.58 2.4334 0.437811 0.85 -139.599 0.900232
51510000 -3091.88 2.50062 0.43781 0.85 -139.599 0.900232
51520000 -3141.15 2.02557 0.43781 0.85 -139.599 0.900232
51530000 -3112.32 2.29442 0.43781 0.85 -139.599 0.900232
51540000 -3134.35 2.11257 0.437812 0.85 -139.599 0.900232
51550000 -3137 2.07288 0.437813 0.85 -139.599 0.900232
51560000 -3124.37 2.21418 0.437814 0.85 -139.599 0.900232
51570000 -3133.16 2.07246 0.437815 0.85 -139.599 0.900232
51580000 -3117.92 2.25161 0.437814 0.85 -139.599 0.900232
51590000 -3108.13 2.35733 0.437814 0.85 -139.599 0.900232
51600000 -3100.97 2.44483 0.437815 0.85 -139.599 0.900232
51610000 -3119.07 2.23904 0.437813 0.85 -139.599 0.900232
51620000 -3118.67 2.16482 0.437813 0.85 -139.599 0.900232
51630000 -3107.46 2.32306 0.437814 0.85 -139.599 0.900232
51640000 -3115.44 2.28683 0.437815 0.85 -139.599 0.900232
51650000 -3095.09 2.58554 0.437814 0.85 -139.599 0.900232
51660000 -3097.03 2.53602 0.437812 0.85 -139.599 0.900232
51670000 -3107.43 2.38044 0.43781 0.85 -139.599 0.900232
51680000 -3114.93 2.34135 0.43781 0.85 -139.599 0.900232
51690000 -3125.43 2.16955 0.437811 0.85 -139.599 0.900232
51700000 -3115.41 2.24152 0.437814 0.85 -139.599 0.900232
51710000 -3094.35 2.48297 0.437815 0.85 -139.599 0.900232
51720000 -3143.25 2.10095 0.437816 0.85 -139.599 0.900232
51730000 -3155.58 1.97711 0.437817 0.85 -139.599 0.900232
51740000 -3105.53 2.37702 0.437816 0.85 -139.599 0.900232
51750000 -3137.83 2.0978 0.437818 0.85 -139.599 0.900232
51760000 -3121.12 2.26115 0.437817 0.85 -139.599 0.900232
51770000 -3159.07 1.88209 0.437817 0.85 -139.599 0.900232
51780000 -3092.9 2.50089 0.437819 0.85 -139.599 0.900232
51790000 -3119.95 2.23451 0.437819 0.85 -139.599 0.900232
51800000 -3130.19 2.17756 0.437818 0.85 -139.599 0.900232
51810000 -3132.14 2.04545 0.437818 0.85 -139.599 0.900232
51820000 -3152.93 1.93476 0.437818 0.85 -139.599 0.900232
51830000 -3148.42 1.90415 0.437819 0.85 -139.599 0.900232
51840000 -3143.25 1.89281 0.43782 0.85 -139.599 0.900232
51850000 -3138.99 2.02694 0.437821 0.85 -139.599 0.900232
51860000 -3126.75 2.17022 0.437821 0.85 -139.599 0.900232
51870000 -3127.41 2.12503 0.437821 0.85 -139.599 0.900232
51880000 -3112.35 2.30133 0.437823 0.85 -139.599 0.900232
51890000 -3121.31 2.21999 0.437822 0.85 -139.599 0.900232
51900000 -3129.79 2.13077 0.437821 0.85 -139.599 0.900232
51910000 -3126.64 2.12585 0.437824 0.85 -139.599 0.900232
51920000 -3117.46 2.30085 0.437822 0.85 -139.599 0.900232
51930000 -3128.31 2.15019 0.437822 0.85 -139.599 0.900232
51940000 -3156.12 1.83396 0.437823 0.85 -139.599 0.900232
51950000 -3151.12 1.98731 0.437824 0.85 -139.599 0.900232
51960000 -3182.88 1.62872 0.437826 0.85 -139.599 0.900232
51970000 -3159.33 1.85102 0.437828 0.85 -139.599 0.900232
51980000 -3106.67 2.42806 0.437829 0.85 -139.599 0.900232
51990000 -3115.48 2.279 0.437829 0.85 -139.599 0.900232
52000000 -3129.78 2.16729 0.43783 0.85 -139.599 0.900232
52010000 -3122.09 2.16446 0.437831 0.85 -139.599 0.900232
52020000 -3114.27 2.39603 0.437831 0.85 -139.599 0.900232
52030000 -3132.91 2.13448 0.437832 0.85 -139.599 0.900232
52040000 -3123.56 2.17024 0.437833 0.85 -139.599 0.900232
52050000 -3128.31 2.14349 0.437833 0.85 -139.599 0.900232
52060000 -3110.32 2.30968 0.437835 0.85 -139.599 0.900232
52070000 -3128.92 2.13188 0.437835 0.85 -139.599 0.900232
52080000 -3145.56 1.9843 0.437835 0.85 -139.599 0.900232
52090000 -3128.06 2.10573 0.437835 0.85 -139.599 0.900232
52100000 -3106.53 2.35257 0.437836 0.85 -139.599 0.900232
52110000 -3122.93 2.19086 0.437836 0.85 -139.599 0.900232
52120000 -3181.47 1.55603 0.437837 0.85 -139.599 0.900232
52130000 -3127.43 2.15576 0.437839 0.85 -139.599 0.900232
52140000 -3091.51 2.51546 0.437838 0.85 -139.599 0.900232
52150000 -3138.81 2.13821 0.437839 0.85 -139.599 0.900232
52160000 -3087.19 2.52805 0.43784 0.85 -139.599 0.900232
52170000 -3133.67 2.09967 0.43784 0.85 -139.599 0.900232
52180000 -3120.3 2.16047 0.437841 0.85 -139.599 0.900232
52190000 -3131.4 2.13178 0.437841 0.85 -139.599 0.900232
52200000 -3114.72 2.32445 0.437841 0.85 -139.599 0.900232
52210000 -3129.14 2.1327 0.437841 0.85 -139.599 0.900232
52220000 -3160.95 1.85505 0.437841 0.85 -139.599 0.900232
52230000 -3136 2.06119 0.437839 0.85 -139.599 0.900232
52240000 -3114.16 2.29564 0.43784 0.85 -139.599 0.900232
52250000 -3146.77 1.9321 0.437841 0.85 -139.599 0.900232
52260000 -3142.59 1.96045 0.437842 0.85 -139.599 0.900232
52270000 -3129.65 2.14217 0.437841 0.85 -139.599 0.900232
52280000 -3116.67 2.30923 0.437841 0.85 -139.599 0.900232
52290000 -3117.63 2.30555 0.43784 0.85 -139.599 0.900232
52300000 -3101.93 2.39539 0.437838 0.85 -139.599 0.900232
52310000 -3147.45 1.9743 0.437839 0.85 -139.599 0.900232
52320000 -3116.96 2.2626 0.437839 0.85 -139.599 0.900232
52330000 -3164.75 1.78567 0.437841 0.85 -139.599 0.900232
52340000 -3132.88 2.16681 0.437842 0.85 -139.599 0.900232
52350000 -3132.64 2.14657 0.437842 0.85 -139.599 0.900232
52360000 -3145.72 2.06566 0.437842 0.85 -139.599 0.900232
52370000 -3120.23 2.28284 0.437842 0.85 -139.599 0.900232
52380000 -3116.05 2.29855 0.437843 0.85 -139.599 0.900232
52390000 -3106.68 2.31556 0.437843 0.85 -139.599 0.900232
52400000 -3104.1 2.35296 0.437844 0.85 -139.599 0.900232
52410000 -3118.14 2.26562 0.437844 0.85 -139.599 0.900232
52420000 -3093.95 2.64421 0.437842 0.85 -139.599 0.900232
52430000 -3146.12 2.04355 0.437843 0.85 -139.599 0.900232
52440000 -3100.89 2.44674 0.437842 0.85 -139.599 0.900232
52450000 -3126.26 2.27149 0.43784 0.85 -139.599 0.900232
52460000 -3137.98 2.09471 0.437842 0.85 -139.599 0.900232
52470000 -3121.67 2.24848 0.437842 0.85 -139.599 0.900232
52480000 -3167.15 1.7461 0.437843 0.85 -139.599 0.900232
52490000 -3147.18 1.99657 0.437843 0.85 -139.599 0.900232
52500000 -3143.78 1.99333 0.437846 0.85 -139.599 0.900232
52510000 -3103.65 2.38789 0.437848 0.85 -139.599 0.900232
52520000 -3129.46 2.198 0.43785 0.85 -139.599 0.900232
52530000 -3115.09 2.35428 0.437851 0.85 -139.599 0.900232
52540000 -3151.19 1.88207 0.437851 0.85 -139.599 0.900232
52550000 -3129.84 2.09445 0.437849 0.85 -139.599 0.900232
52560000 -3112.76 2.30417 0.437849 0.85 -139.599 0.900232
52570000 -3122.72 2.18645 0.437847 0.85 -139.599 0.900232
52580000 -3090.12 2.44728 0.437847 0.85 -139.599 0.900232
52590000 -3098.88 2.38419 0.437846 0.85 -139.599 0.900232
52600000 -3108.92 2.37094 0.437845 0.85 -139.599 0.900232
52610000 -3108.54 2.3412 0.437845 0.85 -139.599 0.900232
52620000 -3107.24 2.23685 0.437847 0.85 -139.599 0.900232
52630000 -3115.99 2.28508 0.437847 0.85 -139.599 0.900232
52640000 -3121.4 2.19069 0.437847 0.85 -139.599 0.900232
52650000 -3098.89 2.39488 0.437847 0.85 -139.599 0.900232
52660000 -3101.52 2.41595 0.437846 0.85 -139.599 0.900232
52670000 -3110.08 2.36502 0.437845 0.85 -139.599 0.900232
52680000 -3115.09 2.26156 0.437845 0.85 -139.599 0.900232
52690000 -3087.17 2.58288 0.437846 0.85 -139.599 0.900232
52700000 -3108.94 2.37604 0.437845 0.85 -139.599 0.900232
52710000 -3105.6 2.36739 0.437844 0.85 -139.599 0.900232
52720000 -3081.84 2.66368 0.437844 0.85 -139.599 0.900232
52730000 -3092.03 2.535 0.437846 0.85 -139.599 0.900232
52740000 -3088.47 2.64342 0.437844 0.85 -139.599 0.900232
52750000 -3095.92 2.50115 0.437843 0.85 -139.599 0.900232
52760000 -3104.28 2.35597 0.437842 0.85 -139.599 0.900232
52770000 -3113.34 2.32088 0.43784 0.85 -139.599 0.900232
52780000 -3087.06 2.4998 0.437839 0.85 -139.599 0.900232
52790000 -3066.44 2.74107 0.437837 0.85 -139.599 0.900232
52800000 -3098.59 2.40308 0.437837 0.85 -139.599 0.900232
52810000 -3080.44 2.58709 0.437838 0.85 -139.599 0.900232
52820000 -3122.92 2.20855 0.437838 0.85 -139.599 0.900232
52830000 -3122.06 2.22646 0.437838 0.85 -139.599 0.900232
52840000 -3081.56 2.60927 0.437838 0.85 -139.599 0.900232
52850000 -3124.16 2.26566 0.437837 0.85 -139.599 0.900232
52860000 -3078.58 2.68284 0.437836 0.85 -139.599 0.900232
52870000 -3105.43 2.32864 0.437833 0.85 -139.599 0.900232
52880000 -3104.49 2.34951 0.437834 0.85 -139.599 0.900232
52890000 -3141.88 2.07492 0.437833 0.85 -139.599 0.900232
52900000 -3134.89 1.97307 0.437833 0.85 -139.599 0.900232
52910000 -3146.75 2.00144 0.437832 0.85 -139.599 0.900232
52920000 -3112.25 2.33597 0.437833 0.85 -139.599 0.900232
52930000 -3123.1 2.14951 0.437834 0.85 -139.599 0.900232
52940000 -3087.95 2.50915 0.437834 0.85 -139.599 0.900232
52950000 -3082.06 2.62731 0.437833 0.85 -139.599 0.900232
52960000 -3088.6 2.5539 0.437833 0.85 -139.599 0.900232
52970000 -3082.47 2.62069 0.437832 0.85 -139.599 0.900232
52980000 -3131.39 2.12009 0.437834 0.85 -139.599 0.900232
52990000 -3142.03 2.0125 0.437835 0.85 -139.599 0.900232
53000000 -3125.32 2.21266 0.437835 0.85 -139.599 0.900232
53010000 -3082.99 2.6435 0.437834 0.85 -139.599 0.900232
53020000 -3130.7 2.15655 0.437833 0.85 -139.599 0.900232
53030000 -3132.79 2.09395 0.437831 0.85 -139.599 0.900232
53040000 -3115.28 2.28268 0.437831 0.85 -139.599 0.900232
53050000 -3134.14 2.11129 0.43783 0.85 -139.599 0.900232
53060000 -3111.45 2.29194 0.437831 0.85 -139.599 0.900232
53070000 -3097.98 2.44164 0.437832 0.85 -139.599 0.900232
53080000 -3146.99 1.99045 0.437831 0.85 -139.599 0.900232
53090000 -3116.94 2.30735 0.43783 0.85 -139.599 0.900232
53100000 -3086.82 2.57203 0.437831 0.85 -139.599 0.900232
53110000 -3146.46 2.00291 0.437832 0.85 -139.599 0.900232
53120000 -3115.1 2.22811 0.437835 0.85 -139.599 0.900232
53130000 -3110.61 2.31477 0.437836 0.85 -139.599 0.900232
53140000 -3154.49 1.91233 0.437836 0.85 -139.599 0.900232
53150000 -3122.39 2.24338 0.437837 0.85 -139.599 0.900232
53160000 -3111.36 2.32208 0.437837 0.85 -139.599 0.900232
53170000 -3124.07 2.20845 0.437837 0.85 -139.599 0.900232
53180000 -3130.89 2.12793 0.437838 0.85 -139.599 0.900232
53190000 -3152.31 1.91263 0.437837 0.85 -139.599 0.900232
53200000 -3118.29 2.24985 0.437839 0.85 -139.599 0.900232
53210000 -3104.09 2.38362 0.437841 0.85 -139.599 0.900232
53220000 -3138.32 2.0762 0.437841 0.85 -139.599 0.900232
53230000 -3113.86 2.3008 0.437841 0.85 -139.599 0.900232
53240000 -3116.13 2.28369 0.437841 0.85 -139.599 0.900232
53250000 -3087.64 2.55595 0.43784 0.85 -139.599 0.900232
53260000 -3068.2 2.85559 0.437839 0.85 -139.599 0.900232
53270000 -3136.01 2.09923 0.437838 0.85 -139.599 0.900232
53280000 -3125.54 2.21797 0.437838 0.85 -139.599 0.900232
53290000 -3100 2.40177 0.437839 0.85 -139.599 0.900232
53300000 -3121.51 2.29487 0.437839 0.85 -139.599 0.900232
53310000 -3132.73 2.17109 0.43784 0.85 -139.599 0.900232
53320000 -3102.71 2.45787 0.437839 0.85 -139.599 0.900232
53330000 -3118.12 2.30956 0.43784 0.85 -139.599 0.900232
53340000 -3103.44 2.37537 0.43784 0.85 -139.599 0.900232
53350000 -3103.59 2.33535 0.43784 0.85 -139.599 0.900232
53360000 -3072.02 2.64092 0.43784 0.85 -139.599 0.900232
53370000 -3105.29 2.33841 0.43784 0.85 -139.599 0.900232
53380000 -3084.83 2.51611 0.43784 0.85 -139.599 0.900232
53390000 -3123.26 2.13327 0.437838 0.85 -139.599 0.900232
53400000 -3142.47 2.00167 0.437838 0.85 -139.599 0.900232
53410000 -3123.82 2.21277 0.437839 0.85 -139.599 0.900232
53420000 -3094.25 2.49263 0.437841 0.85 -139.599 0.900232
53430000 -3110.87 2.31581 0.43784 0.85 -139.599 0.900232
53440000 -3109.87 2.35931 0.437838 0.85 -139.599 0.900232
53450000 -3111.81 2.29155 0.437838 0.85 -139.599 0.900232
53460000 -3122.01 2.23649 0.437836 0.85 -139.599 0.900232
53470000 -3075.19 2.70657 0.437835 0.85 -139.599 0.900232
53480000 -3106.94 2.45404 0.437834 0.85 -139.599 0.900232
53490000 -3087.3 2.56695 0.437834 0.85 -139.599 0.900232
53500000 -3097.24 2.44694 0.437835 0.85 -139.599 0.900232
53510000 -3090.35 2.46804 0.437835 0.85 -139.599 0.900232
53520000 -3097.88 2.43932 0.437834 0.85 -139.599 0.900232
53530000 -3088.91 2.51788 0.437833 0.85 -139.599 0.900232
53540000 -3127.11 2.16021 0.437833 0.85 -139.599 0.900232
53550000 -3092.57 2.49393 0.437833 0.85 -139.599 0.900232
53560000 -3107.93 2.3457 0.437833 0.85 -139.599 0.900232
53570000 -3109.82 2.33343 0.437832 0.85 -139.599 0.900232
53580000 -3124.21 2.17455 0.437833 0.85 -139.599 0.900232
53590000 -3101.21 2.36142 0.437833 0.85 -139.599 0.900232
53600000 -3085.27 2.54068 0.437834 0.85 -139.599 0.900232
53610000 -3114.09 2.27351 0.437835 0.85 -139.599 0.900232
53620000 -3090.34 2.4704 0.437835 0.85 -139.599 0.900232
53630000 -3119.4 2.20718 0.437833 0.85 -139.599 0.900232
53640000 -3084.89 2.53413 0.437833 0.85 -139.599 0.900232
53650000 -3110.17 2.22159 0.437835 0.85 -139.599 0.900232
53660000 -3135.21 2.06825 0.437834 0.85 -139.599 0.900232
53670000 -3108.76 2.31439 0.437834 0.85 -139.599 0.900232
53680000 -3141.91 1.99173 0.437834 0.85 -139.599 0.900232
53690000 -3126.3 2.2396 0.437836 0.85 -139.599 0.900232
53700000 -3142.45 2.07727 0.437835 0.85 -139.599 0.900232
53710000 -3114.06 2.33709 0.437837 0.85 -139.599 0.900232
53720000 -3115.92 2.26176 0.437836 0.85 -139.599 0.900232
53730000 -3115 2.27294 0.437836 0.85 -139.599 0.900232
53740000 -3136.98 2.02299 0.437837 0.85 -139.599 0.900232
53750000 -3129.84 2.18096 0.437839 0.85 -139.599 0.900232
53760000 -3119.39 2.2628 0.43784 0.85 -139.599 0.900232
53770000 -3080.96 2.69994 0.437838 0.85 -139.599 0.900232
53780000 -3107.04 2.40059 0.437837 0.85 -139.599 0.900232
53790000 -3109.85 2.38706 0.437838 0.85 -139.599 0.900232
53800000 -3112.88 2.37483 0.437837 0.85 -139.599 0.900232
53810000 -3098.79 2.49711 0.437839 0.85 -139.599 0.900232
53820000 -3108.82 2.38295 0.437837 0.85 -139.599 0.900232
53830000 -3133.56 2.04969 0.437837 0.85 -139.599 0.900232
53840000 -3105.54 2.40146 0.437837 0.85 -139.599 0.900232
53850000 -3109.74 2.37268 0.437837 0.85 -139.599 0.900232
53860000 -3133.04 2.07343 0.437837 0.85 -139.599 0.900232
53870000 -3104.96 2.32053 0.437838 0.85 -139.599 0.900232
53880000 -3154.36 1.92556 0.437838 0.85 -139.599 0.900232
53890000 -3109.37 2.32835 0.437838 0.85 -139.599 0.900232
53900000 -3122.62 2.19206 0.437837 0.85 -139.599 0.900232
53910000 -3128.84 2.21711 0.437838 0.85 -139.599 0.900232
53920000 -3127.97 2.16022 0.437838 0.85 -139.599 0.900232
53930000 -3095.32 2.53036 0.437837 0.85 -139.599 0.900232
53940000 -3128.78 2.19237 0.437837 0.85 -139.599 0.900232
53950000 -3076.01 2.60463 0.437838 0.85 -139.599 0.900232
53960000 -3090.32 2.58227 0.437838 0.85 -139.599 0.900232
53970000 -3105.08 2.4211 0.437837 0.85 -139.599 0.900232
53980000 -3112.21 2.28712 0.437836 0.85 -139.599 0.900232
53990000 -3112.08 2.3546 0.437835 0.85 -139.599 0.900232
54000000 -3092.49 2.60903 0.437835 0.85 -139.599 0.900232
54010000 -3126.57 2.23858 0.437832 0.85 -139.599 0.900232
54020000 -3090.1 2.54484 0.437833 0.85 -139.599 0.900232
54030000 -3123.57 2.232 0.437831 0.85 -139.599 0.900232
54040000 -3102.25 2.44872 0.437829 0.85 -139.599 0.900232
54050000 -3146.46 1.94188 0.437829 0.85 -139.599 0.900232
54060000 -3134.29 2.0905 0.437829 0.85 -139.599 0.900232
54070000 -3128.68 2.12809 0.43783 0.85 -139.599 0.900232
54080000 -3172.17 1.75624 0.43783 0.85 -139.599 0.900232
54090000 -3110.84 2.31273 0.437831 0.85 -139.599 0.900232
54100000 -3130.77 2.12994 0.437831 0.85 -139.599 0.900232
54110000 -3095.17 2.55001 0.437832 0.85 -139.599 0.900232
54120000 -3106.55 2.30636 0.437831 0.85 -139.599 0.900232
54130000 -3142.62 2.03148 0.437832 0.85 -139.599 0.900232
54140000 -3106.81 2.317 0.437834 0.85 -139.599 0.900232
54150000 -3143.17 1.93469 0.437834 0.85 -139.599 0.900232
54160000 -3114.67 2.2439 0.437833 0.85 -139.599 0.900232
54170000 -3125.4 2.16995 0.437833 0.85 -139.599 0.900232
54180000 -3134.56 2.04518 0.437833 0.85 -139.599 0.900232
54190000 -3135.22 1.99992 0.437832 0.85 -139.599 0.900232
54200000 -3120.28 2.30966 0.437832 0.85 -139.599 0.900232
54210000 -3093.82 2.46729 0.437832 0.85 -139.599 0.900232
54220000 -3133.1 2.10967 0.437835 0.85 -139.599 0.900232
54230000 -3123.67 2.21172 0.437834 0.85 -139.599 0.900232
54240000 -3110.14 2.43254 0.437834 0.85 -139.599 0.900232
54250000 -3148.65 1.97328 0.437833 0.85 -139.599 0.900232
54260000 -3107.38 2.38185 0.437833 0.85 -139.599 0.900232
54270000 -3125.27 2.20955 0.437833 0.85 -139.599 0.900232
54280000 -3109.91 2.36491 0.437833 0.85 -139.599 0.900232
54290000 -3105.64 2.41099 0.437833 0.85 -139.599 0.900232
54300000 -3118.39 2.33562 0.437834 0.85 -139.599 0.900232
54310000 -3101.36 2.45916 0.437833 0.85 -139.599 0.900232
54320000 -3125.96 2.18875 0.437834 0.85 -139.599 0.900232
54330000 -3119.15 2.21243 0.437834 0.85 -139.599 0.900232
54340000 -3139.9 2.02151 0.437835 0.85 -139.599 0.900232
54350000 -3099.3 2.45293 0.437837 0.85 -139.599 0.900232
54360000 -3120.22 2.26098 0.437837 0.85 -139.599 0.900232
54370000 -3118.85 2.26352 0.437837 0.85 -139.599 0.900232
54380000 -3090.92 2.56617 0.437837 0.85 -139.599 0.900232
54390000 -3138.18 2.07266 0.437837 0.85 -139.599 0.900232
54400000 -3125.03 2.19714 0.437837 0.85 -139.599 0.900232
54410000 -3120.3 2.26018 0.437838 0.85 -139.599 0.900232
54420000 -3107.56 2.34495 0.437839 0.85 -139.599 0.900232
54430000 -3117.73 2.19426 0.43784 0.85 -139.599 0.900232
54440000 -3157.66 1.7539 0.437841 0.85 -139.599 0.900232
54450000 -3147.24 1.93713 0.437844 0.85 -139.599 0.900232
54460000 -3115.64 2.28943 0.437845 0.85 -139.599 0.900232
54470000 -3135.13 2.08423 0.437845 0.85 -139.599 0.900232
54480000 -3156.95 1.86163 0.437845 0.85 -139.599 0.900232
54490000 -3149.94 1.92628 0.437846 0.85 -139.599 0.900232
54500000 -3153.54 1.92294 0.437846 0.85 -139.599 0.900232
54510000 -3149.19 1.90762 0.437848 0.85 -139.599 0.900232
54520000 -3134.27 2.06068 0.437848 0.85 -139.599 0.900232
54530000 -3128.03 2.1846 0.437848 0.85 -139.599 0.900232
54540000 -3150.73 1.87607 0.43785 0.85 -139.599 0.900232
54550000 -3143.53 2.01497 0.437851 0.85 -139.599 0.900232
54560000 -3118.65 2.25817 0.437852 0.85 -139.599 0.900232
54570000 -3115.71 2.24001 0.437853 0.85 -139.599 0.900232
54580000 -3147.99 2.03206 0.437854 0.85 -139.599 0.900232
54590000 -3081.68 2.57679 0.437854 0.85 -139.599 0.900232
54600000 -3082.49 2.59901 0.437855 0.85 -139.599 0.900232
54610000 -3141.87 2.02061 0.437853 0.85 -139.599 0.900232
54620000 -3113.74 2.34405 0.437853 0.85 -139.599 0.900232
54630000 -3118.96 2.19564 0.437854 0.85 -139.599 0.900232
54640000 -3107.39 2.33692 0.437855 0.85 -139.599 0.900232
54650000 -3091.38 2.46632 0.437854 0.85 -139.599 0.900232
54660000 -3126.79 2.12151 0.437854 0.85 -139.599 0.900232
54670000 -3107.33 2.31793 0.437852 0.85 -139.599 0.900232
54680000 -3126.5 2.1783 0.437854 0.85 -139.599 0.900232
54690000 -3088.53 2.56184 0.437853 0.85 -139.599 0.900232
54700000 -3139.89 2.00415 0.437854 0.85 -139.599 0.900232
54710000 -3090.7 2.60979 0.437854 0.85 -139.599 0.900232
54720000 -3124.33 2.26096 0.437853 0.85 -139.599 0.900232
54730000 -3107.68 2.32436 0.437853 0.85 -139.599 0.900232
54740000 -3141.3 2.01993 0.437853 0.85 -139.599 0.900232
54750000 -3069.49 2.66113 0.437851 0.85 -139.599 0.900232
54760000 -3121.55 2.18545 0.43785 0.85 -139.599 0.900232
54770000 -3108.26 2.3388 0.437851 0.85 -139.599 0.900232
54780000 -3105.43 2.39219 0.437849 0.85 -139.599 0.900232
54790000 -3109.26 2.44295 0.43785 0.85 -139.599 0.900232
54800000 -3153.97 1.88283 0.437849 0.85 -139.599 0.900232
54810000 -3126.12 2.21083 0.437849 0.85 -139.599 0.900232
54820000 -3145.72 1.99889 0.437849 0.85 -139.599 0.900232
54830000 -3132.77 2.08037 0.43785 0.85 -139.599 0.900232
54840000 -3111.5 2.26325 0.437849 0.85 -139.599 0.900232
54850000 -3114.52 2.28903 0.437849 0.85 -139.599 0.900232
54860000 -3156.6 1.81932 0.437851 0.85 -139.599 0.900232
54870000 -3123.78 2.16689 0.437851 0.85 -139.599 0.900232
54880000 -3152.3 1.90053 0.437852 0.85 -139.599 0.900232
54890000 -3115.87 2.29193 0.437853 0.85 -139.599 0.900232
54900000 -3129.42 2.1688 0.437853 0.85 -139.599 0.900232
54910000 -3136.7 2.02895 0.437853 0.85 -139.599 0.900232
54920000 -3144.39 1.95239 0.437856 0.85 -139.599 0.900232
54930000 -3139.71 2.04324 0.437858 0.85 -139.599 0.900232
54940000 -3141.98 1.98431 0.437858 0.85 -139.599 0.900232
54950000 -3130.01 2.14244 0.437857 0.85 -139.599 0.900232
54960000 -3120.2 2.21434 0.437858 0.85 -139.599 0.900232
54970000 -3121.86 2.15167 0.437858 0.85 -139.599 0.900232
54980000 -3137.88 2.09052 0.43786 0.85 -139.599 0.900232
54990000 -3152.88 1.93143 0.437862 0.85 -139.599 0.900232
55000000 -3151.73 1.96238 0.437862 0.85 -139.599 0.900232
55010000 -3152.42 1.93935 0.437863 0.85 -139.599 0.900232
55020000 -3157.33 1.96831 0.437862 0.85 -139.599 0.900232
55030000 -3118.01 2.42244 0.437861 0.85 -139.599 0.900232
55040000 -3116.73 2.3404 0.437861 0.85 -139.599 0.900232
55050000 -3127.13 2.20569 0.437861 0.85 -139.599 0.900232
55060000 -3134.92 2.15453 0.437862 0.85 -139.599 0.900232
55070000 -3142.78 2.12124 0.437863 0.85 -139.599 0.900232
55080000 -3125.41 2.25861 0.437864 0.85 -139.599 0.900232
55090000 -3118.59 2.35144 0.437863 0.85 -139.599 0.900232
55100000 -3145.93 2.05174 0.437864 0.85 -139.599 0.900232
55110000 -3123.64 2.28388 0.437862 0.85 -139.599 0.900232
55120000 -3141.81 2.06966 0.437862 0.85 -139.599 0.900232
55130000 -3099.03 2.52107 0.43786 0.85 -139.599 0.900232
55140000 -3096.6 2.53878 0.437858 0.85 -139.599 0.900232
55150000 -3104.7 2.41825 0.437858 0.85 -139.599 0.900232
55160000 -3095.96 2.56132 0.437858 0.85 -139.599 0.900232
55170000 -3088.06 2.57319 0.437857 0.85 -139.599 0.900232
55180000 -3104.86 2.45694 0.437856 0.85 -139.599 0.900232
55190000 -3112.34 2.39299 0.437856 0.85 -139.599 0.900232
55200000 -3108.97 2.42129 0.437855 0.85 -139.599 0.900232
55210000 -3141.59 2.0708 0.437856 0.85 -139.599 0.900232
55220000 -3108.9 2.32732 0.437856 0.85 -139.599 0.900232
55230000 -3095.68 2.52659 0.437856 0.85 -139.599 0.900232
55240000 -3123.45 2.23289 0.437856 0.85 -139.599 0.900232
55250000 -3120.39 2.25234 0.437857 0.85 -139.599 0.900232
55260000 -3131.88 2.13495 0.437855 0.85 -139.599 0.900232
55270000 -3105.3 2.39454 0.437854 0.85 -139.599 0.900232
55280000 -3113.29 2.34165 0.437855 0.85 -139.599 0.900232
55290000 -3117.61 2.29451 0.437856 0.85 -139.599 0.900232
55300000 -3110.27 2.40257 0.437855 0.85 -139.599 0.900232
55310000 -3115.87 2.15751 0.437856 0.85 -139.599 0.900232
55320000 -3101.41 2.32222 0.437856 0.85 -139.599 0.900232
55330000 -3092.69 2.54282 0.437857 0.85 -139.599 0.900232
55340000 -3119.22 2.2283 0.437855 0.85 -139.599 0.900232
55350000 -3145.12 2.05593 0.437854 0.85 -139.599 0.900232
55360000 -3147.39 1.92804 0.437855 0.85 -139.599 0.900232
55370000 -3148.7 1.98057 0.437856 0.85 -139.599 0.900232
55380000 -3163.74 1.81485 0.437857 0.85 -139.599 0.900232
55390000 -3115.48 2.30714 0.437857 0.85 -139.599 0.900232
55400000 -3146.75 1.99808 0.437857 0.85 -139.599 0.900232
55410000 -3136.23 2.1166 0.437858 0.85 -139.599 0.900232
55420000 -3122.85 2.22055 0.437858 0.85 -139.599 0.900232
55430000 -3116.08 2.2866 0.437858 0.85 -139.599 0.900232
55440000 -3133.01 2.06873 0.437858 0.85 -139.599 0.900232
55450000 -3154.95 1.84673 0.437859 0.85 -139.599 0.900232
55460000 -3110.47 2.26076 0.43786 0.85 -139.599 0.900232
55470000 -3151.75 1.96688 0.437861 0.85 -139.599 0.900232
55480000 -3139.3 1.96973 0.437861 0.85 -139.599 0.900232
55490000 -3115.08 2.27973 0.437862 0.85 -139.599 0.900232
55500000 -3137.46 2.11154 0.437862 0.85 -139.599 0.900232
55510000 -3148.35 1.93206 0.437863 0.85 -139.599 0.900232
55520000 -3119.73 2.26184 0.437865 0.85 -139.599 0.900232
55530000 -3104.03 2.37826 0.437864 0.85 -139.599 0.900232
55540000 -3097.61 2.44107 0.437864 0.85 -139.599 0.900232
55550000 -3110.69 2.30296 0.437863 0.85 -139.599 0.900232
55560000 -3137.66 2.03167 0.437864 0.85 -139.599 0.900232
55570000 -3077.88 2.63377 0.437864 0.85 -139.599 0.900232
55580000 -3084.42 2.5113 0.437864 0.85 -139.599 0.900232
55590000 -3156.34 1.86517 0.437863 0.85 -139.599 0.900232
55600000 -3101.41 2.33225 0.437863 0.85 -139.599 0.900232
55610000 -3123.17 2.20513 0.437862 0.85 -139.599 0.900232
55620000 -3088.51 2.58393 0.43786 0.85 -139.599 0.900232
55630000 -3094.01 2.48911 0.43786 0.85 -139.599 0.900232
55640000 -3144.33 2.03424 0.43786 0.85 -139.599 0.900232
55650000 -3137.02 2.15554 0.437859 0.85 -139.599 0.900232
55660000 -3143.37 2.06184 0.437859 0.85 -139.599 0.900232
55670000 -3145.22 2.04886 0.437857 0.85 -139.599 0.900232
55680000 -3126.63 2.19465 0.437856 0.85 -139.599 0.900232
55690000 -3091.2 2.50727 0.437856 0.85 -139.599 0.900232
55700000 -3097.8 2.57106 0.437857 0.85 -139.599 0.900232
55710000 -3105.34 2.47277 0.437855 0.85 -139.599 0.900232
55720000 -3152.6 1.96359 0.437854 0.85 -139.599 0.900232
55730000 -3122.12 2.30637 0.437853 0.85 -139.599 0.900232
55740000 -3120.59 2.24895 0.437854 0.85 -139.599 0.900232
55750000 -3111.68 2.36315 0.437854 0.85 -139.599 0.900232
55760000 -3085.53 2.6193 0.437854 0.85 -139.599 0.900232
55770000 -3117.11 2.31966 0.437853 0.85 -139.599 0.900232
55780000 -3147.88 2.02071 0.437853 0.85 -139.599 0.900232
55790000 -3147.03 2.03206 0.437853 0.85 -139.599 0.900232
55800000 -3125.99 2.20068 0.437852 0.85 -139.599 0.900232
55810000 -3127.13 2.18434 0.437852 0.85 -139.599 0.900232
55820000 -3104 2.3942 0.437852 0.85 -139.599 0.900232
55830000 -3139.89 2.09497 0.43785 0.85 -139.599 0.900232
55840000 -3115.12 2.30436 0.43785 0.85 -139.599 0.900232
55850000 -3138.86 2.06063 0.437849 0.85 -139.599 0.900232
55860000 -3125.73 2.22743 0.437849 0.85 -139.599 0.900232
55870000 -3106.95 2.38673 0.437848 0.85 -139.599 0.900232
55880000 -3145.14 2.03413 0.437848 0.85 -139.599 0.900232
55890000 -3138.06 2.119 0.437849 0.85 -139.599 0.900232
55900000 -3143.4 1.95487 0.43785 0.85 -139.599 0.900232
55910000 -3162.1 1.79203 0.437851 0.85 -139.599 0.900232
55920000 -3143.62 1.97998 0.437854 0.85 -139.599 0.900232
55930000 -3110.13 2.2965 0.437855 0.85 -139.599 0.900232
55940000 -3151.28 1.94798 0.437856 0.85 -139.599 0.900232
55950000 -3128.55 2.12049 0.437857 0.85 -139.599 0.900232
55960000 -3134 2.10166 0.437858 0.85 -139.599 0.900232
55970000 -3083.16 2.59247 0.437859 0.85 -139.599 0.900232
55980000 -3137.47 2.0227 0.437859 0.85 -139.599 0.900232
55990000 -3120.49 2.15948 0.437859 0.85 -139.599 0.900232
56000000 -3123.73 2.163 0.437859 0.85 -139.599 0.900232
56010000 -3137.36 2.08466 0.437859 0.85 -139.599 0.900232
56020000 -3125.03 2.19477 0.437859 0.85 -139.599 0.900232
56030000 -3149.51 1.9845 0.437859 0.85 -139.599 0.900232
56040000 -3118.19 2.31693 0.437859 0.85 -139.599 0.900232
56050000 -3126.75 2.27692 0.437859 0.85 -139.599 0.900232
56060000 -3136.1 2.09434 0.437859 0.85 -139.599 0.900232
56070000 -3112.39 2.32903 0.437859 0.85 -139.599 0.900232
56080000 -3145.49 1.96143 0.437858 0.85 -139.599 0.900232
56090000 -3110.69 2.28141 0.437859 0.85 -139.599 0.900232
56100000 -3111.89 2.2269 0.437861 0.85 -139.599 0.900232
56110000 -3108.55 2.33395 0.437861 0.85 -139.599 0.900232
56120000 -3133.55 2.14301 0.437862 0.85 -139.599 0.900232
56130000 -3084.42 2.59693 0.437862 0.85 -139.599 0.900232
56140000 -3123.08 2.18713 0.437864 0.85 -139.599 0.900232
56150000 -3152.6 1.88429 0.437865 0.85 -139.599 0.900232
56160000 -3134.16 2.11672 0.437866 0.85 -139.599 0.900232
56170000 -3131.14 2.15315 0.437865 0.85 -139.599 0.900232
56180000 -3133.47 2.18374 0.437867 0.85 -139.599 0.900232
56190000 -3117.43 2.23576 0.437866 0.85 -139.599 0.900232
56200000 -3147.08 1.95437 0.437868 0.85 -139.599 0.900232
56210000 -3130.82 2.08019 0.437868 0.85 -139.599 0.900232
56220000 -3119.22 2.2497 0.437868 0.85 -139.599 0.900232
56230000 -3120.34 2.26268 0.437868 0.85 -139.599 0.900232
56240000 -3146.2 1.96081 0.437868 0.85 -139.599 0.900232
56250000 -3159.49 1.77746 0.437867 0.85 -139.599 0.900232
56260000 -3166.66 1.72491 0.437868 0.85 -139.599 0.900232
56270000 -3124.75 2.18554 0.437868 0.85 -139.599 0.900232
56280000 -3089.72 2.46822 0.437866 0.85 -139.599 0.900232
56290000 -3133.69 2.04345 0.437865 0.85 -139.599 0.900232
56300000 -3104.38 2.35284 0.437864 0.85 -139.599 0.900232
56310000 -3092.69 2.45588 0.437864 0.85 -139.599 0.900232
56320000 -3107.02 2.39314 0.437864 0.85 -139.599 0.900232
56330000 -3088.15 2.53592 0.437864 0.85 -139.599 0.900232
56340000 -3131.38 2.09178 0.437863 0.85 -139.599 0.900232
56350000 -3082.56 2.51875 0.437863 0.85 -139.599 0.900232
56360000 -3093.37 2.50662 0.437863 0.85 -139.599 0.900232
56370000 -3093.55 2.47701 0.437862 0.85 -139.599 0.900232
56380000 -3096.93 2.47316 0.437861 0.85 -139.599 0.900232
56390000 -3106.14 2.36568 0.43786 0.85 -139.599 0.900232
56400000 -3123.65 2.1727 0.43786 0.85 -139.599 0.900232
56410000 -3072.59 2.74073 0.43786 0.85 -139.599 0.900232
56420000 -3108.1 2.35781 0.437859 0.85 -139.599 0.900232
56430000 -3114.2 2.30273 0.437858 0.85 -139.599 0.900232
56440000 -3151.98 1.8639 0.437859 0.85 -139.599 0.900232
56450000 -3133.79 2.11983 0.437858 0.85 -139.599 0.900232
56460000 -3093.45 2.49265 0.437856 0.85 -139.599 0.900232
56470000 -3124.11 2.21681 0.437855 0.85 -139.599 0.900232
56480000 -3102.58 2.39324 0.437856 0.85 -139.599 0.900232
56490000 -3138.02 2.057 0.437855 0.85 -139.599 0.900232
56500000 -3134.47 2.12483 0.437855 0.85 -139.599 0.900232
56510000 -3102.34 2.39416 0.437856 0.85 -139.599 0.900232
56520000 -3130.31 2.11579 0.437856 0.85 -139.599 0.900232
56530000 -3121.29 2.2562 0.437855 0.85 -139.599 0.900232
56540000 -3093.19 2.48296 0.437854 0.85 -139.599 0.900232
56550000 -3086.46 2.55084 0.437855 0.85 -139.599 0.900232
56560000 -3094.76 2.50455 0.437855 0.85 -139.599 0.900232
56570000 -3128.8 2.11408 0.437855 0.85 -139.599 0.900232
56580000 -3101.55 2.42934 0.437855 0.85 -139.599 0.900232
56590000 -3126.01 2.16367 0.437854 0.85 -139.599 0.900232
56600000 -3127.6 2.16584 0.437853 0.85 -139.599 0.900232
56610000 -3113.09 2.30158 0.437854 0.85 -139.599 0.900232
56620000 -3114.9 2.23832 0.437852 0.85 -139.599 0.900232
56630000 -3119.56 2.22174 0.437851 0.85 -139.599 0.900232
56640000 -3097.9 2.42292 0.437852 0.85 -139.599 0.900232
56650000 -3093.64 2.53824 0.437854 0.85 -139.599 0.900232
56660000 -3116.45 2.30999 0.437852 0.85 -139.599 0.900232
56670000 -3122.07 2.24256 0.437852 0.85 -139.599 0.900232
56680000 -3121.23 2.25692 0.437852 0.85 -139.599 0.900232
56690000 -3100.19 2.46507 0.437853 0.85 -139.599 0.900232
56700000 -3102.03 2.42085 0.437852 0.85 -139.599 0.900232
56710000 -3081.17 2.59483 0.437851 0.85 -139.599 0.900232
56720000 -3143.99 2.01363 0.437851 0.85 -139.599 0.900232
56730000 -3113.18 2.37063 0.43785 0.85 -139.599 0.900232
56740000 -3101.04 2.46861 0.43785 0.85 -139.599 0.900232
56750000 -3101.41 2.37107 0.43785 0.85 -139.599 0.900232
56760000 -3103.53 2.40815 0.437851 0.85 -139.599 0.900232
56770000 -3129.79 2.16096 0.437851 0.85 -139.599 0.900232
56780000 -3119.66 2.23456 0.437851 0.85 -139.599 0.900232
56790000 -3106.28 2.45594 0.437851 0.85 -139.599 0.900232
56800000 -3146.43 2.00757 0.437851 0.85 -139.599 0.900232
56810000 -3164.32 1.8159 0.437852 0.85 -139.599 0.900232
56820000 -3118.74 2.28449 0.437852 0.85 -139.599 0.900232
56830000 -3129.32 2.17309 0.437853 0.85 -139.599 0.900232
56840000 -3102.9 2.36696 0.437853 0.85 -139.599 0.900232
56850000 -3107.02 2.40914 0.437852 0.85 -139.599 0.900232
56860000 -3124.55 2.14766 0.437852 0.85 -139.599 0.900232
56870000 -3113.93 2.37703 0.437852 0.85 -139.599 0.900232
56880000 -3119.08 2.22289 0.437851 0.85 -139.599 0.900232
56890000 -3106.3 2.39622 0.437851 0.85 -139.599 0.900232
56900000 -3141.76 2.02698 0.437851 0.85 -139.599 0.900232
56910000 -3153.35 1.9802 0.437851 0.85 -139.599 0.900232
56920000 -3083.75 2.65182 0.437852 0.85 -139.599 0.900232
56930000 -3111.63 2.3018 0.437852 0.85 -139.599 0.900232
56940000 -3132.55 2.07453 0.437853 0.85 -139.599 0.900232
56950000 -3112 2.30766 0.437853 0.85 -139.599 0.900232
56960000 -3159.54 1.78123 0.437854 0.85 -139.599 0.900232
56970000 -3140.45 2.00639 0.437855 0.85 -139.599 0.900232
56980000 -3147.96 1.86858 0.437856 0.85 -139.599 0.900232
56990000 -3131.91 1.99044 0.437858 0.85 -139.599 0.900232
57000000 -3149.31 1.93431 0.437858 0.85 -139.599 0.900232
57010000 -3145.38 1.91087 0.437858 0.85 -139.599 0.900232
57020000 -3112.86 2.26743 0.437861 0.85 -139.599 0.900232
57030000 -3129.7 2.11422 0.437861 0.85 -139.599 0.900232
57040000 -3136.77 2.05246 0.437861 0.85 -139.599 0.900232
57050000 -3095.45 2.43766 0.437861 0.85 -139.599 0.900232
57060000 -3129.19 2.13031 0.437861 0.85 -139.599 0.900232
57070000 -3117.45 2.32602 0.437861 0.85 -139.599 0.900232
57080000 -3112.03 2.32414 0.437861 0.85 -139.599 0.900232
57090000 -3095.8 2.51905 0.437861 0.85 -139.599 0.900232
57100000 -3099.03 2.42687 0.437859 0.85 -139.599 0.900232
57110000 -3121.6 2.15895 0.437858 0.85 -139.599 0.900232
57120000 -3103.17 2.41616 0.437858 0.85 -139.599 0.900232
57130000 -3118.73 2.20842 0.437857 0.85 -139.599 0.900232
57140000 -3121.73 2.25196 0.437856 0.85 -139.599 0.900232
57150000 -3112.74 2.31977 0.437856 0.85 -139.599 0.900232
57160000 -3111.26 2.34446 0.437856 0.85 -139.599 0.900232
57170000 -3092.33 2.54746 0.437855 0.85 -139.599 0.900232
57180000 -3123.91 2.14408 0.437852 0.85 -139.599 0.900232
57190000 -3132.87 2.0911 0.437852 0.85 -139.599 0.900232
57200000 -3129.09 2.16921 0.437851 0.85 -139.599 0.900232
57210000 -3108.15 2.41092 0.437852 0.85 -139.599 0.900232
57220000 -3110.11 2.38314 0.437853 0.85 -139.599 0.900232
57230000 -3112.77 2.29766 0.437854 0.85 -139.599 0.900232
57240000 -3111.05 2.35579 0.437853 0.85 -139.599 0.900232
57250000 -3083.44 2.64459 0.437851 0.85 -139.599 0.900232
57260000 -3102.86 2.46541 0.437849 0.85 -139.599 0.900232
57270000 -3095.55 2.53297 0.437847 0.85 -139.599 0.900232
57280000 -3104.86 2.34315 0.437849 0.85 -139.599 0.900232
57290000 -3113.42 2.2866 0.437848 0.85 -139.599 0.900232
57300000 -3136.59 2.19133 0.437849 0.85 -139.599 0.900232
57310000 -3155.85 1.90112 0.437848 0.85 -139.599 0.900232
57320000 -3123.76 2.22293 0.437848 0.85 -139.599 0.900232
57330000 -3125.3 2.27692 0.437847 0.85 -139.599 0.900232
57340000 -3129.94 2.2045 0.437845 0.85 -139.599 0.900232
57350000 -3126.03 2.19668 0.437846 0.85 -139.599 0.900232
57360000 -3109.02 2.25041 0.437849 0.85 -139.599 0.900232
57370000 -3132.56 2.05924 0.437849 0.85 -139.599 0.900232
57380000 -3147.96 1.94559 0.43785 0.85 -139.599 0.900232
57390000 -3123.8 2.19094 0.43785 0.85 -139.599 0.900232
57400000 -3145.44 2.00752 0.437849 0.85 -139.599 0.900232
57410000 -3157.99 1.8151 0.43785 0.85 -139.599 0.900232
57420000 -3130.13 2.11646 0.43785 0.85 -139.599 0.900232
57430000 -3120.9 2.23968 0.437849 0.85 -139.599 0.900232
57440000 -3128.92 2.10857 0.43785 0.85 -139.599 0.900232
57450000 -3099.69 2.36246 0.437849 0.85 -139.599 0.900232
57460000 -3099.48 2.43548 0.437849 0.85 -139.599 0.900232
57470000 -3140.78 1.99657 0.437848 0.85 -139.599 0.900232
57480000 -3139.71 2.06949 0.437848 0.85 -139.599 0.900232
57490000 -3085.32 2.61335 0.43785 0.85 -139.599 0.900232
57500000 -3122.31 2.25557 0.437849 0.85 -139.599 0.900232
57510000 -3115.29 2.33896 0.437848 0.85 -139.599 0.900232
57520000 -3097.72 2.47667 0.437847 0.85 -139.599 0.900232
57530000 -3081.91 2.66157 0.437849 0.85 -139.599 0.900232
57540000 -3121.22 2.23735 0.437849 0.85 -139.599 0.900232
57550000 -3119.78 2.25993 0.437849 0.85 -139.599 0.900232
57560000 -3114.1 2.39399 0.43785 0.85 -139.599 0.900232
57570000 -3092.47 2.5079 0.43785 0.85 -139.599 0.900232
57580000 -3084.07 2.58856 0.437847 0.85 -139.599 0.900232
57590000 -3116.13 2.25562 0.437847 0.85 -139.599 0.900232
57600000 -3087.13 2.61015 0.437847 0.85 -139.599 0.900232
57610000 -3125.03 2.1294 0.437847 0.85 -139.599 0.900232
57620000 -3125.13 2.15371 0.437848 0.85 -139.599 0.900232
57630000 -3118.66 2.29525 0.437849 0.85 -139.599 0.900232
57640000 -3145.87 1.96479 0.437847 0.85 -139.599 0.900232
57650000 -3108.02 2.31301 0.437847 0.85 -139.599 0.900232
57660000 -3116.01 2.27965 0.437847 0.85 -139.599 0.900232
57670000 -3124.84 2.23608 0.437844 0.85 -139.599 0.900232
57680000 -3101.22 2.50812 0.437843 0.85 -139.599 0.900232
57690000 -3125.36 2.14869 0.437843 0.85 -139.599 0.900232
57700000 -3128.79 2.20746 0.437842 0.85 -139.599 0.900232
57710000 -3128.7 2.15345 0.437842 0.85 -139.599 0.900232
57720000 -3120.06 2.17371 0.437841 0.85 -139.599 0.900232
57730000 -3138.34 2.05389 0.437841 0.85 -139.599 0.900232
57740000 -3119.45 2.17619 0.437843 0.85 -139.599 0.900232
57750000 -3136.67 2.04451 0.437845 0.85 -139.599 0.900232
57760000 -3134.14 1.97862 0.437844 0.85 -139.599 0.900232
57770000 -3131.08 2.10102 0.437845 0.85 -139.599 0.900232
57780000 -3083.41 2.63849 0.437846 0.85 -139.599 0.900232
57790000 -3119.42 2.22251 0.437845 0.85 -139.599 0.900232
57800000 -3128.51 2.18154 0.437845 0.85 -139.599 0.900232
57810000 -3145.66 2.04152 0.437845 0.85 -139.599 0.900232
57820000 -3105.26 2.3907 0.437844 0.85 -139.599 0.900232
57830000 -3147.8 1.89961 0.437846 0.85 -139.599 0.900232
57840000 -3129.37 2.09886 0.437847 0.85 -139.599 0.900232
57850000 -3129.42 2.14177 0.437847 0.85 -139.599 0.900232
57860000 -3150.01 1.95097 0.437848 0.85 -139.599 0.900232
57870000 -3132.19 2.10283 0.437847 0.85 -139.599 0.900232
57880000 -3129.26 2.09849 0.437848 0.85 -139.599 0.900232
57890000 -3108.18 2.35848 0.437849 0.85 -139.599 0.900232
57900000 -3116.33 2.17603 0.437849 0.85 -139.599 0.900232
57910000 -3135.62 2.08604 0.43785 0.85 -139.599 0.900232
57920000 -3143.46 1.94417 0.437851 0.85 -139.599 0.900232
57930000 -3107.12 2.42085 0.43785 0.85 -139.599 0.900232
57940000 -3111.98 2.31798 0.437851 0.85 -139.599 0.900232
57950000 -3124.27 2.1156 0.437851 0.85 -139.599 0.900232
57960000 -3133.92 2.11927 0.437852 0.85 -139.599 0.900232
57970000 -3096.95 2.44207 0.437852 0.85 -139.599 0.900232
57980000 -3161.69 1.82285 0.437854 0.85 -139.599 0.900232
57990000 -3115.26 2.2961 0.437854 0.85 -139.599 0.900232
58000000 -3133 2.158 0.437853 0.85 -139.599 0.900232
58010000 -3151.85 1.95482 0.437854 0.85 -139.599 0.900232
58020000 -3131.4 2.12947 0.437854 0.85 -139.599 0.900232
58030000 -3129.27 2.13679 0.437854 0.85 -139.599 0.900232
58040000 -3124.65 2.18281 0.437856 0.85 -139.599 0.900232
58050000 -3131.64 2.14838 0.437856 0.85 -139.599 0.900232
58060000 -3109.02 2.36996 0.437857 0.85 -139.599 0.900232
58070000 -3121.63 2.23892 0.437859 0.85 -139.599 0.900232
58080000 -3105.35 2.43594 0.437859 0.85 -139.599 0.900232
58090000 -3095.31 2.43563 0.437859 0.85 -139.599 0.900232
58100000 -3116.35 2.31408 0.437857 0.85 -139.599 0.900232
58110000 -3141.55 2.05263 0.437857 0.85 -139.599 0.900232
58120000 -3152.88 2.00625 0.437858 0.85 -139.599 0.900232
58130000 -3148.17 1.92044 0.437859 0.85 -139.599 0.900232
58140000 -3152.44 1.89333 0.437861 0.85 -139.599 0.900232
58150000 -3118.03 2.28454 0.43786 0.85 -139.599 0.900232
58160000 -3123.62 2.22303 0.437859 0.85 -139.599 0.900232
58170000 -3117.24 2.23418 0.437861 0.85 -139.599 0.900232
58180000 -3117.93 2.30338 0.437861 0.85 -139.599 0.900232
58190000 -3149.38 1.96902 0.437861 0.85 -139.599 0.900232
58200000 -3153.33 1.82914 0.437863 0.85 -139.599 0.900232
58210000 -3116.8 2.29792 0.437864 0.85 -139.599 0.900232
58220000 -3128.87 2.15953 0.437864 0.85 -139.599 0.900232
58230000 -3141.77 2.03147 0.437866 0.85 -139.599 0.900232
58240000 -3147.41 1.98704 0.437865 0.85 -139.599 0.900232
58250000 -3173.02 1.64511 0.437866 0.85 -139.599 0.900232
58260000 -3172.08 1.70353 0.437868 0.85 -139.599 0.900232
58270000 -3121.92 2.15927 0.437869 0.85 -139.599 0.900232
58280000 -3144 2.02442 0.437869 0.85 -139.599 0.900232
58290000 -3132.55 2.189 0.437867 0.85 -139.599 0.900232
58300000 -3096.65 2.46884 0.437867 0.85 -139.599 0.900232
58310000 -3132.42 2.0836 0.437868 0.85 -139.599 0.900232
58320000 -3131.54 2.11705 0.437868 0.85 -139.599 0.900232
58330000 -3104.29 2.40767 0.437868 0.85 -139.599 0.900232
58340000 -3127.14 2.08482 0.437868 0.85 -139.599 0.900232
58350000 -3095.05 2.43909 0.437866 0.85 -139.599 0.900232
58360000 -3151.49 1.84345 0.437867 0.85 -139.599 0.900232
58370000 -3152.68 1.95196 0.437868 0.85 -139.599 0.900232
58380000 -3121.39 2.17592 0.437867 0.85 -139.599 0.900232
58390000 -3132.48 2.11304 0.437868 0.85 -139.599 0.900232
58400000 -3122.05 2.24336 0.437869 0.85 -139.599 0.900232
58410000 -3134.18 2.20682 0.437868 0.85 -139.599 0.900232
58420000 -3120.83 2.26217 0.437868 0.85 -139.599 0.900232
58430000 -3150.76 1.95005 0.437868 0.85 -139.599 0.900232
58440000 -3114.82 2.33813 0.437867 0.85 -139.599 0.900232
58450000 -3122.79 2.19509 0.437868 0.85 -139.599 0.900232
58460000 -3114.21 2.34546 0.437868 0.85 -139.599 0.900232
58470000 -3160.04 1.89721 0.437869 0.85 -139.599 0.900232
58480000 -3091.86 2.50851 0.437868 0.85 -139.599 0.900232
58490000 -3115.56 2.22942 0.437869 0.85 -139.599 0.900232
58500000 -3141.74 2.04342 0.437868 0.85 -139.599 0.900232
58510000 -3139.58 2.05736 0.437868 0.85 -139.599 0.900232
58520000 -3134.11 2.06573 0.437868 0.85 -139.599 0.900232
58530000 -3098.99 2.40827 0.437869 0.85 -139.599 0.900232
58540000 -3137.69 2.11053 0.43787 0.85 -139.599 0.900232
58550000 -3134.7 2.15285 0.437871 0.85 -139.599 0.900232
58560000 -3128.6 2.17174 0.437871 0.85 -139.599 0.900232
58570000 -3124.59 2.21281 0.437872 0.85 -139.599 0.900232
58580000 -3132.09 2.1723 0.437871 0.85 -139.599 0.900232
58590000 -3111.14 2.26383 0.437871 0.85 -139.599 0.900232
58600000 -3118.49 2.22875 0.43787 0.85 -139.599 0.900232
58610000 -3105.06 2.36309 0.437871 0.85 -139.599 0.900232
58620000 -3098.74 2.48229 0.437872 0.85 -139.599 0.900232
58630000 -3119.03 2.26504 0.437872 0.85 -139.599 0.900232
58640000 -3105.17 2.40461 0.437872 0.85 -139.599 0.900232
58650000 -3087.92 2.53593 0.437871 0.85 -139.599 0.900232
58660000 -3134.81 2.10922 0.43787 0.85 -139.599 0.900232
58670000 -3116.31 2.35594 0.437869 0.85 -139.599 0.900232
58680000 -3122.81 2.22578 0.437869 0.85 -139.599 0.900232
58690000 -3127.97 2.16351 0.437868 0.85 -139.599 0.900232
58700000 -3127.61 2.14379 0.437868 0.85 -139.599 0.900232
58710000 -3109.28 2.38018 0.437868 0.85 -139.599 0.900232
58720000 -3097.23 2.45717 0.437868 0.85 -139.599 0.900232
58730000 -3138.12 2.11583 0.437869 0.85 -139.599 0.900232
58740000 -3106.61 2.38973 0.437869 0.85 -139.599 0.900232
58750000 -3122.71 2.27343 0.437868 0.85 -139.599 0.900232
58760000 -3077.87 2.74382 0.437868 0.85 -139.599 0.900232
58770000 -3117.69 2.3335 0.437867 0.85 -139.599 0.900232
58780000 -3099.33 2.45818 0.437867 0.85 -139.599 0.900232
58790000 -3115.02 2.34048 0.437868 0.85 -139.599 0.900232
58800000 -3103.83 2.46182 0.437869 0.85 -139.599 0.900232
58810000 -3156.63 1.85505 0.437869 0.85 -139.599 0.900232
58820000 -3134.59 2.13344 0.43787 0.85 -139.599 0.900232
58830000 -3132.5 2.10234 0.437869 0.85 -139.599 0.900232
58840000 -3132.68 2.07112 0.437868 0.85 -139.599 0.900232
58850000 -3154.25 1.93014 0.437869 0.85 -139.599 0.900232
58860000 -3116.49 2.30166 0.43787 0.85 -139.599 0.900232
58870000 -3156.61 1.9374 0.437871 0.85 -139.599 0.900232
58880000 -3124.87 2.25388 0.437871 0.85 -139.599 0.900232
58890000 -3128.5 2.23311 0.437873 0.85 -139.599 0.900232
58900000 -3112.72 2.30395 0.437873 0.85 -139.599 0.900232
58910000 -3135.03 2.02622 0.437873 0.85 -139.599 0.900232
58920000 -3130.93 2.05431 0.437873 0.85 -139.599 0.900232
58930000 -3112.75 2.29342 0.437873 0.85 -139.599 0.900232
58940000 -3145.92 1.98266 0.437874 0.85 -139.599 0.900232
58950000 -3140.74 2.06368 0.437875 0.85 -139.599 0.900232
58960000 -3168.17 1.79478 0.437874 0.85 -139.599 0.900232
58970000 -3145.67 1.94828 0.437873 0.85 -139.599 0.900232
58980000 -3161.25 1.8295 0.437873 0.85 -139.599 0.900232
58990000 -3119.98 2.2448 0.437873 0.85 -139.599 0.900232
59000000 -3123.23 2.23325 0.437873 0.85 -139.599 0.900232
59010000 -3127.72 2.1907 0.437872 0.85 -139.599 0.900232
59020000 -3122.11 2.28245 0.437871 0.85 -139.599 0.900232
59030000 -3113.92 2.33603 0.437872 0.85 -139.599 0.900232
59040000 -3118.1 2.24592 0.437873 0.85 -139.599 0.900232
59050000 -3150.29 1.84868 0.437873 0.85 -139.599 0.900232
59060000 -3139.29 2.04076 0.437873 0.85 -139.599 0.900232
59070000 -3134.69 2.06342 0.437872 0.85 -139.599 0.900232
59080000 -3105.6 2.37694 0.437872 0.85 -139.599 0.900232
59090000 -3118.51 2.26163 0.437873 0.85 -139.599 0.900232
59100000 -3126.9 2.16367 0.437873 0.85 -139.599 0.900232
59110000 -3098.84 2.41589 0.437874 0.85 -139.599 0.900232
59120000 -3088.41 2.55867 0.437874 0.85 -139.599 0.900232
59130000 -3118.82 2.31082 0.437871 0.85 -139.599 0.900232
59140000 -3130.68 2.17574 0.437872 0.85 -139.599 0.900232
59150000 -3121.96 2.15814 0.437871 0.85 -139.599 0.900232
59160000 -3115.65 2.26479 0.43787 0.85 -139.599 0.900232
59170000 -3120.5 2.30723 0.437869 0.85 -139.599 0.900232
59180000 -3096.42 2.46622 0.43787 0.85 -139.599 0.900232
59190000 -3103.24 2.37347 0.43787 0.85 -139.599 0.900232
59200000 -3101.89 2.36171 0.437869 0.85 -139.599 0.900232
59210000 -3103.79 2.39067 0.437869 0.85 -139.599 0.900232
59220000 -3117.66 2.2003 0.437869 0.85 -139.599 0.900232
59230000 -3141.98 1.97343 0.437867 0.85 -139.599 0.900232
59240000 -3101.63 2.33144 0.437868 0.85 -139.599 0.900232
59250000 -3116.76 2.18381 0.437869 0.85 -139.599 0.900232
59260000 -3128.5 2.11786 0.437868 0.85 -139.599 0.900232
59270000 -3107.17 2.32102 0.437868 0.85 -139.599 0.900232
59280000 -3074.6 2.65298 0.437869 0.85 -139.599 0.900232
59290000 -3111.63 2.28761 0.437869 0.85 -139.599 0.900232
59300000 -3099.27 2.41784 0.437872 0.85 -139.599 0.900232
59310000 -3134.51 2.07578 0.437871 0.85 -139.599 0.900232
59320000 -3117.5 2.23241 0.437872 0.85 -139.599 0.900232
59330000 -3109.6 2.38498 0.437871 0.85 -139.599 0.900232
59340000 -3114.31 2.28788 0.43787 0.85 -139.599 0.900232
59350000 -3106.7 2.40229 0.437869 0.85 -139.599 0.900232
59360000 -3092.14 2.57417 0.437869 0.85 -139.599 0.900232
59370000 -3126.17 2.1262 0.43787 0.85 -139.599 0.900232
59380000 -3121.87 2.21845 0.437872 0.85 -139.599 0.900232
59390000 -3143.19 1.92515 0.437872 0.85 -139.599 0.900232
59400000 -3099.58 2.33551 0.437873 0.85 -139.599 0.900232
59410000 -3123.58 2.15482 0.437874 0.85 -139.599 0.900232
59420000 -3119.49 2.11848 0.437875 0.85 -139.599 0.900232
59430000 -3152.97 1.8643 0.437876 0.85 -139.599 0.900232
59440000 -3118.87 2.2233 0.437875 0.85 -139.599 0.900232
59450000 -3122.52 2.20009 0.437874 0.85 -139.599 0.900232
59460000 -3103.48 2.46156 0.437876 0.85 -139.599 0.900232
59470000 -3128.92 2.15728 0.437875 0.85 -139.599 0.900232
59480000 -3135.3 2.04983 0.437877 0.85 -139.599 0.900232
59490000 -3111.81 2.34737 0.437876 0.85 -139.599 0.900232
59500000 -3127.62 2.18738 0.437875 0.85 -139.599 0.900232
59510000 -3104.07 2.44544 0.437874 0.85 -139.599 0.900232
59520000 -3094.81 2.50703 0.437872 0.85 -139.599 0.900232
59530000 -3134.01 2.11088 0.437872 0.85 -139.599 0.900232
59540000 -3127.62 2.2186 0.437872 0.85 -139.599 0.900232
59550000 -3131.79 2.15123 0.437871 0.85 -139.599 0.900232
59560000 -3120.53 2.23286 0.43787 0.85 -139.599 0.900232
59570000 -3074.88 2.61972 0.437868 0.85 -139.599 0.900232
59580000 -3078.59 2.62505 0.437866 0.85 -139.599 0.900232
59590000 -3134.58 2.09248 0.437866 0.85 -139.599 0.900232
59600000 -3117.57 2.25913 0.437866 0.85 -139.599 0.900232
59610000 -3104.12 2.43341 0.437865 0.85 -139.599 0.900232
59620000 -3116.38 2.28164 0.437865 0.85 -139.599 0.900232
59630000 -3097.01 2.44968 0.437864 0.85 -139.599 0.900232
59640000 -3112.28 2.25662 0.437863 0.85 -139.599 0.900232
59650000 -3094.25 2.51192 0.437861 0.85 -139.599 0.900232
59660000 -3109.8 2.40643 0.437861 0.85 -139.599 0.900232
59670000 -3141.7 2.01091 0.437861 0.85 -139.599 0.900232
59680000 -3102.79 2.4444 0.43786 0.85 -139.599 0.900232
59690000 -3108.06 2.3538 0.437858 0.85 -139.599 0.900232
59700000 -3131.17 2.1663 0.43786 0.85 -139.599 0.900232
59710000 -3117.91 2.27742 0.437861 0.85 -139.599 0.900232
59720000 -3115.64 2.24884 0.43786 0.85 -139.599 0.900232
59730000 -3107.68 2.35641 0.43786 0.85 -139.599 0.900232
59740000 -3069.1 2.7575 0.43786 0.85 -139.599 0.900232
59750000 -3116.32 2.32575 0.437861 0.85 -139.599 0.900232
59760000 -3115.89 2.33326 0.43786 0.85 -139.599 0.900232
59770000 -3109.08 2.35995 0.43786 0.85 -139.599 0.900232
59780000 -3148.08 2.05034 0.437861 0.85 -139.599 0.900232
59790000 -3077.92 2.6451 0.43786 0.85 -139.599 0.900232
59800000 -3135.18 2.08604 0.437859 0.85 -139.599 0.900232
59810000 -3146.87 1.99433 0.43786 0.85 -139.599 0.900232
59820000 -3132.94 2.14506 0.43786 0.85 -139.599 0.900232
59830000 -3132.67 2.06933 0.437861 0.85 -139.599 0.900232
59840000 -3132.52 2.14939 0.437861 0.85 -139.599 0.900232
59850000 -3074.56 2.61907 0.437861 0.85 -139.599 0.900232
59860000 -3120.85 2.14504 0.43786 0.85 -139.599 0.900232
59870000 -3111.05 2.30827 0.437861 0.85 -139.599 0.900232
59880000 -3100.35 2.40933 0.43786 0.85 -139.599 0.900232
59890000 -3124.04 2.18091 0.43786 0.85 -139.599 0.900232
59900000 -3106.75 2.36532 0.437861 0.85 -139.599 0.900232
59910000 -3114.43 2.24968 0.437861 0.85 -139.599 0.900232
59920000 -3127.15 2.12259 0.437859 0.85 -139.599 0.900232
59930000 -3135.22 2.07686 0.43786 0.85 -139.599 0.900232
59940000 -3116.56 2.29004 0.43786 0.85 -139.599 0.900232
59950000 -3083.63 2.65785 0.437859 0.85 -139.599 0.900232
59960000 -3087.87 2.58086 0.437858 0.85 -139.599 0.900232
59970000 -3138.93 2.09076 0.437858 0.85 -139.599 0.900232
59980000 -3136.62 2.03756 0.437858 0.85 -139.599 0.900232
59990000 -3115.48 2.25196 0.437859 0.85 -139.599 0.900232
60000000 -3121.16 2.14354 0.437858 0.85 -139.599 0.900232
60010000 -3127.78 2.06804 0.437859 0.85 -139.599 0.900232
60020000 -3132.73 2.09679 0.43786 0.85 -139.599 0.900232
60030000 -3111.91 2.26533 0.437861 0.85 -139.599 0.900232
60040000 -3122.62 2.15872 0.437862 0.85 -139.599 0.900232
60050000 -3146.28 1.93956 0.437862 0.85 -139.599 0.900232
60060000 -3099.12 2.45244 0.437862 0.85 -139.599 0.900232
60070000 -3132.67 2.11423 0.437863 0.85 -139.599 0.900232
60080000 -3093.21 2.48252 0.437861 0.85 -139.599 0.900232
60090000 -3103.07 2.39684 0.43786 0.85 -139.599 0.900232
60100000 -3126.22 2.18056 0.43786 0.85 -139.599 0.900232
60110000 -3123.26 2.24939 0.43786 0.85 -139.599 0.900232
60120000 -3144.5 2.02777 0.43786 0.85 -139.599 0.900232
60130000 -3150.5 2.01116 0.43786 0.85 -139.599 0.900232
60140000 -3099.17 2.46079 0.437861 0.85 -139.599 0.900232
60150000 -3112.63 2.37355 0.437861 0.85 -139.599 0.900232
60160000 -3139.6 2.05279 0.437861 0.85 -139.599 0.900232
60170000 -3141.9 1.98641 0.43786 0.85 -139.599 0.900232
60180000 -3150.37 1.85218 0.437861 0.85 -139.599 0.900232
60190000 -3105.99 2.3158 0.437862 0.85 -139.599 0.900232
60200000 -3112.23 2.28828 0.437863 0.85 -139.599 0.900232
60210000 -3118.73 2.28786 0.437863 0.85 -139.599 0.900232
60220000 -3123.74 2.1531 0.437864 0.85 -139.599 0.900232
60230000 -3103.06 2.4487 0.437863 0.85 -139.599 0.900232
60240000 -3142.31 1.96787 0.437864 0.85 -139.599 0.900232
60250000 -3139.65 2.08562 0.437864 0.85 -139.599 0.900232
60260000 -3140.77 1.97381 0.437864 0.85 -139.599 0.900232
60270000 -3133.06 2.11376 0.437864 0.85 -139.599 0.900232
60280000 -3132.54 2.05468 0.437864 0.85 -139.599 0.900232
60290000 -3123.13 2.15624 0.437863 0.85 -139.599 0.900232
60300000 -3133.8 2.07271 0.437863 0.85 -139.599 0.900232
60310000 -3107.46 2.36906 0.437863 0.85 -139.599 0.900232
60320000 -3123.93 2.2166 0.437863 0.85 -139.599 0.900232
60330000 -3109.17 2.32062 0.437862 0.85 -139.599 0.900232
60340000 -3112.56 2.28971 0.437861 0.85 -139.599 0.900232
60350000 -3110.7 2.33438 0.437861 0.85 -139.599 0.900232
60360000 -3122.53 2.23791 0.43786 0.85 -139.599 0.900232
60370000 -3134.93 2.15517 0.437862 0.85 -139.599 0.900232
60380000 -3129.59 2.1728 0.437862 0.85 -139.599 0.900232
60390000 -3137.05 2.13853 0.437862 0.85 -139.599 0.900232
60400000 -3142.37 2.03318 0.437862 0.85 -139.599 0.900232
60410000 -3098.74 2.49305 0.437862 0.85 -139.599 0.900232
60420000 -3123.74 2.15144 0.437862 0.85 -139.599 0.900232
60430000 -3125.33 2.15714 0.437862 0.85 -139.599 0.900232
60440000 -3115.63 2.24713 0.437862 0.85 -139.599 0.900232
60450000 -3130.58 2.15193 0.437862 0.85 -139.599 0.900232
60460000 -3105.94 2.3841 0.437862 0.85 -139.599 0.900232
60470000 -3158.03 1.89708 0.437862 0.85 -139.599 0.900232
60480000 -3122.74 2.18331 0.437862 0.85 -139.599 0.900232
60490000 -3147.2 1.99313 0.437863 0.85 -139.599 0.900232
60500000 -3129.62 2.17573 0.437862 0.85 -139.599 0.900232
60510000 -3179.86 1.61377 0.437862 0.85 -139.599 0.900232
60520000 -3134.04 2.08036 0.437863 0.85 -139.599 0.900232
60530000 -3130.37 2.17933 0.437863 0.85 -139.599 0.900232
60540000 -3109.34 2.33162 0.437863 0.85 -139.599 0.900232
60550000 -3102.33 2.40185 0.437863 0.85 -139.599 0.900232
60560000 -3090.3 2.53216 0.437863 0.85 -139.599 0.900232
60570000 -3167.74 1.75585 0.437864 0.85 -139.599 0.900232
60580000 -3150.79 1.92224 0.437865 0.85 -139.599 0.900232
60590000 -3127.75 2.15844 0.437865 0.85 -139.599 0.900232
60600000 -3114.11 2.29567 0.437866 0.85 -139.599 0.900232
60610000 -3132 2.08766 0.437867 0.85 -139.599 0.900232
60620000 -3127.94 2.2083 0.437867 0.85 -139.599 0.900232
60630000 -3140.89 2.022 0.437866 0.85 -139.599 0.900232
60640000 -3135.15 2.09583 0.437865 0.85 -139.599 0.900232
60650000 -3149.24 1.89606 0.437865 0.85 -139.599 0.900232
60660000 -3152.57 1.97216 0.437865 0.85 -139.599 0.900232
60670000 -3126.09 2.23549 0.437866 0.85 -139.599 0.900232
60680000 -3140.42 2.00295 0.437867 0.85 -139.599 0.900232
60690000 -3171.62 1.7457 0.437867 0.85 -139.599 0.900232
60700000 -3147.12 1.96438 0.437869 0.85 -139.599 0.900232
60710000 -3149.44 1.90644 0.437868 0.85 -139.599 0.900232
60720000 -3108.95 2.36424 0.437869 0.85 -139.599 0.900232
60730000 -3131.66 2.12368 0.43787 0.85 -139.599 0.900232
60740000 -3132.11 2.12766 0.437869 0.85 -139.599 0.900232
60750000 -3127.55 2.12989 0.437869 0.85 -139.599 0.900232
60760000 -3141.46 2.0555 0.437869 0.85 -139.599 0.900232
60770000 -3139.71 2.12903 0.437869 0.85 -139.599 0.900232
60780000 -3139.42 2.05805 0.43787 0.85 -139.599 0.900232
60790000 -3123.63 2.27943 0.43787 0.85 -139.599 0.900232
60800000 -3145.54 2.08393 0.437869 0.85 -139.599 0.900232
60810000 -3132.42 2.10529 0.437871 0.85 -139.599 0.900232
60820000 -3137.65 2.09855 0.437872 0.85 -139.599 0.900232
60830000 -3115.98 2.29961 0.437872 0.85 -139.599 0.900232
60840000 -3118.14 2.28038 0.437872 0.85 -139.599 0.900232
60850000 -3079.93 2.64704 0.437872 0.85 -139.599 0.900232
60860000 -3061.79 2.84797 0.43787 0.85 -139.599 0.900232
60870000 -3096.13 2.51619 0.437871 0.85 -139.599 0.900232
60880000 -3087.03 2.6499 0.43787 0.85 -139.599 0.900232
60890000 -3128.43 2.13484 0.43787 0.85 -139.599 0.900232
60900000 -3105.82 2.34546 0.43787 0.85 -139.599 0.900232
60910000 -3116.78 2.25989 0.437872 0.85 -139.599 0.900232
60920000 -3090.28 2.47481 0.437871 0.85 -139.599 0.900232
60930000 -3130.52 2.06098 0.437872 0.85 -139.599 0.900232
60940000 -3128.48 2.14555 0.437873 0.85 -139.599 0.900232
60950000 -3110.8 2.31703 0.437873 0.85 -139.599 0.900232
60960000 -3112.09 2.27107 0.437873 0.85 -139.599 0.900232
60970000 -3140.29 2.04726 0.437873 0.85 -139.599 0.900232
60980000 -3094.49 2.46226 0.437873 0.85 -139.599 0.900232
60990000 -3121.78 2.14961 0.437874 0.85 -139.599 0.900232
61000000 -3123.53 2.18904 0.437875 0.85 -139.599 0.900232
61010000 -3108.98 2.34347 0.437875 0.85 -139.599 0.900232
61020000 -3154.5 1.88858 0.437875 0.85 -139.599 0.900232
61030000 -3128.37 2.18386 0.437877 0.85 -139.599 0.900232
61040000 -3105.24 2.36321 0.437877 0.85 -139.599 0.900232
61050000 -3135.79 2.09812 0.437876 0.85 -139.599 0.900232
61060000 -3109.08 2.27176 0.437875 0.85 -139.599 0.900232
61070000 -3108.18 2.34792 0.437875 0.85 -139.599 0.900232
61080000 -3126.5 2.18241 0.437876 0.85 -139.599 0.900232
61090000 -3116.62 2.30152 0.437876 0.85 -139.599 0.900232
61100000 -3108.37 2.35753 0.437874 0.85 -139.599 0.900232
61110000 -3134.16 2.18435 0.437874 0.85 -139.599 0.900232
61120000 -3121.02 2.25671 0.437874 0.85 -139.599 0.900232
61130000 -3091.72 2.47891 0.437872 0.85 -139.599 0.900232
61140000 -3090.25 2.52144 0.437872 0.85 -139.599 0.900232
61150000 -3093.56 2.48835 0.437873 0.85 -139.599 0.900232
61160000 -3080.44 2.56571 0.437872 0.85 -139.599 0.900232
61170000 -3112.49 2.29988 0.437873 0.85 -139.599 0.900232
61180000 -3138.4 2.12329 0.437873 0.85 -139.599 0.900232
61190000 -3121.8 2.27239 0.437872 0.85 -139.599 0.900232
61200000 -3117.53 2.25558 0.437873 0.85 -139.599 0.900232
61210000 -3073.14 2.686 0.437871 0.85 -139.599 0.900232
61220000 -3138.03 2.10793 0.437871 0.85 -139.599 0.900232
61230000 -3111.72 2.3705 0.43787 0.85 -139.599 0.900232
61240000 -3140.2 2.10727 0.437869 0.85 -139.599 0.900232
61250000 -3134.18 2.17005 0.437869 0.85 -139.599 0.900232
61260000 -3099.84 2.48334 0.437869 0.85 -139.599 0.900232
61270000 -3089.86 2.55658 0.43787 0.85 -139.599 0.900232
61280000 -3073.73 2.73058 0.43787 0.85 -139.599 0.900232
61290000 -3093.1 2.53542 0.437869 0.85 -139.599 0.900232
61300000 -3094.23 2.52242 0.437869 0.85 -139.599 0.900232
61310000 -3112.73 2.2887 0.437868 0.85 -139.599 0.900232
61320000 -3135.55 2.07193 0.437868 0.85 -139.599 0.900232
61330000 -3108.04 2.35014 0.437868 0.85 -139.599 0.900232
61340000 -3107.13 2.3997 0.437866 0.85 -139.599 0.900232
61350000 -3087.38 2.61811 0.437865 0.85 -139.599 0.900232
61360000 -3120.98 2.24015 0.437864 0.85 -139.599 0.900232
61370000 -3108.96 2.31866 0.437864 0.85 -139.599 0.900232
61380000 -3134.63 2.13762 0.437864 0.85 -139.599 0.900232
61390000 -3102.29 2.47025 0.437864 0.85 -139.599 0.900232
61400000 -3148.92 1.97508 0.437864 0.85 -139.599 0.900232
61410000 -3129.27 2.17224 0.437866 0.85 -139.599 0.900232
61420000 -3141.18 2.0016 0.437865 0.85 -139.599 0.900232
61430000 -3130.31 2.13349 0.437866 0.85 -139.599 0.900232
61440000 -3102.42 2.40336 0.437866 0.85 -139.599 0.900232
61450000 -3121.5 2.19508 0.437865 0.85 -139.599 0.900232
61460000 -3097.31 2.37713 0.437864 0.85 -139.599 0.900232
61470000 -3104.95 2.36473 0.437865 0.85 -139.599 0.900232
61480000 -3105.09 2.33762 0.437865 0.85 -139.599 0.900232
61490000 -3119.38 2.21361 0.437865 0.85 -139.599 0.900232
61500000 -3105.22 2.45999 0.437865 0.85 -139.599 0.900232
61510000 -3123.33 2.19856 0.437865 0.85 -139.599 0.900232
61520000 -3167.09 1.78445 0.437865 0.85 -139.599 0.900232
61530000 -3129.84 2.17248 0.437865 0.85 -139.599 0.900232
61540000 -3120.4 2.23945 0.437864 0.85 -139.599 0.900232
61550000 -3121.59 2.33191 0.437865 0.85 -139.599 0.900232
61560000 -3127.62 2.17765 0.437866 0.85 -139.599 0.900232
61570000 -3150.77 2 0.437867 0.85 -139.599 0.900232
61580000 -3137.17 2.08215 0.437867 0.85 -139.599 0.900232
61590000 -3114.66 2.35783 0.437867 0.85 -139.599 0.900232
61600000 -3125.48 2.26362 0.437867 0.85 -139.599 0.900232
61610000 -3112.41 2.30797 0.437867 0.85 -139.599 0.900232
61620000 -3150.68 1.89596 0.437867 0.85 -139.599 0.900232
61630000 -3098.75 2.47117 0.437867 0.85 -139.599 0.900232
61640000 -3146.12 1.95781 0.437867 0.85 -139.599 0.900232
61650000 -3132.04 2.07597 0.437868 0.85 -139.599 0.900232
61660000 -3107.39 2.31948 0.437869 0.85 -139.599 0.900232
61670000 -3103.87 2.38372 0.43787 0.85 -139.599 0.900232
61680000 -3133.44 2.06926 0.437871 0.85 -139.599 0.900232
61690000 -3155.8 1.8899 0.437872 0.85 -139.599 0.900232
61700000 -3174.37 1.67962 0.437873 0.85 -139.599 0.900232
61710000 -3159.46 1.8501 0.437876 0.85 -139.599 0.900232
61720000 -3186.41 1.55169 0.437878 0.85 -139.599 0.900232
61730000 -3108.69 2.38157 0.437879 0.85 -139.599 0.900232
61740000 -3143.37 2.06592 0.437879 0.85 -139.599 0.900232
61750000 -3148.71 2.0416 0.43788 0.85 -139.599 0.900232
61760000 -3131.45 2.17981 0.437882 0.85 -139.599 0.900232
61770000 -3158.48 1.89861 0.437882 0.85 -139.599 0.900232
61780000 -3149.69 1.99193 0.437882 0.85 -139.599 0.900232
61790000 -3160.35 1.87428 0.437882 0.85 -139.599 0.900232
61800000 -3123.3 2.19158 0.437883 0.85 -139.599 0.900232
61810000 -3104.27 2.5208 0.437883 0.85 -139.599 0.900232
61820000 -3115.89 2.32146 0.437883 0.85 -139.599 0.900232
61830000 -3107.29 2.43478 0.437882 0.85 -139.599 0.900232
61840000 -3153.3 1.92988 0.437883 0.85 -139.599 0.900232
61850000 -3119.88 2.32095 0.437882 0.85 -139.599 0.900232
61860000 -3106.47 2.41684 0.437883 0.85 -139.599 0.900232
61870000 -3108.32 2.39761 0.437883 0.85 -139.599 0.900232
61880000 -3149.34 2.00405 0.437883 0.85 -139.599 0.900232
61890000 -3124.75 2.24565 0.437883 0.85 -139.599 0.900232
61900000 -3153.47 1.94758 0.437884 0.85 -139.599 0.900232
61910000 -3150.97 1.96517 0.437885 0.85 -139.599 0.900232
61920000 -3152.41 1.9078 0.437885 0.85 -139.599 0.900232
61930000 -3158.03 1.83015 0.437888 0.85 -139.599 0.900232
61940000 -3160.79 1.81125 0.43789 0.85 -139.599 0.900232
61950000 -3168.4 1.77328 0.437892 0.85 -139.599 0.900232
61960000 -3149.56 1.98449 0.437894 0.85 -139.599 0.900232
61970000 -3132.56 2.15433 0.437895 0.85 -139.599 0.900232
61980000 -3131.2 2.17515 0.437896 0.85 -139.599 0.900232
61990000 -3123.74 2.18939 0.437896 0.85 -139.599 0.900232
62000000 -3147.43 1.95473 0.437896 0.85 -139.599 0.900232
62010000 -3105.65 2.40568 0.437895 0.85 -139.599 0.900232
62020000 -3162.57 1.84314 0.437895 0.85 -139.599 0.900232
62030000 -3129.3 2.16188 0.437896 0.85 -139.599 0.900232
62040000 -3155.65 1.91506 0.437896 0.85 -139.599 0.900232
62050000 -3116.06 2.33709 0.437896 0.85 -139.599 0.900232
62060000 -3128.71 2.15298 0.437896 0.85 -139.599 0.900232
62070000 -3129.85 2.11607 0.437896 0.85 -139.599 0.900232
62080000 -3123.21 2.16655 0.437897 0.85 -139.599 0.900232
62090000 -3160.69 1.79584 0.437896 0.85 -139.599 0.900232
62100000 -3119.85 2.18521 0.437897 0.85 -139.599 0.900232
62110000 -3120.08 2.20473 0.437897 0.85 -139.599 0.900232
62120000 -3128.28 2.17062 0.437898 0.85 -139.599 0.900232
62130000 -3079.95 2.62593 0.437898 0.85 -139.599 0.900232
62140000 -3101.07 2.47614 0.437897 0.85 -139.599 0.900232
62150000 -3107.42 2.36253 0.437897 0.85 -139.599 0.900232
62160000 -3104.73 2.36138 0.437895 0.85 -139.599 0.900232
62170000 -3116.57 2.20913 0.437896 0.85 -139.599 0.900232
62180000 -3111.19 2.34432 0.437895 0.85 -139.599 0.900232
62190000 -3103.58 2.45907 0.437895 0.85 -139.599 0.900232
62200000 -3111.48 2.30813 0.437894 0.85 -139.599 0.900232
62210000 -3091.52 2.58556 0.437893 0.85 -139.599 0.900232
62220000 -3068.31 2.78436 0.437891 0.85 -139.599 0.900232
62230000 -3090.96 2.51456 0.437891 0.85 -139.599 0.900232
62240000 -3127.88 2.19932 0.43789 0.85 -139.599 0.900232
62250000 -3138.3 2.10449 0.43789 0.85 -139.599 0.900232
62260000 -3081.98 2.66928 0.437889 0.85 -139.599 0.900232
62270000 -3108.93 2.38183 0.437889 0.85 -139.599 0.900232
62280000 -3078.19 2.64472 0.437888 0.85 -139.599 0.900232
62290000 -3108.42 2.32433 0.437887 0.85 -139.599 0.900232
62300000 -3119.96 2.21107 0.437885 0.85 -139.599 0.900232
62310000 -3118.93 2.33148 0.437886 0.85 -139.599 0.900232
62320000 -3099.24 2.50565 0.437886 0.85 -139.599 0.900232
62330000 -3172.22 1.7944 0.437885 0.85 -139.599 0.900232
62340000 -3156.9 1.95864 0.437887 0.85 -139.599 0.900232
62350000 -3140.47 2.08279 0.437886 0.85 -139.599 0.900232
62360000 -3136.86 2.11534 0.437886 0.85 -139.599 0.900232
62370000 -3155.06 1.88896 0.437885 0.85 -139.599 0.900232
62380000 -3125.89 2.24258 0.437885 0.85 -139.599 0.900232
62390000 -3122.47 2.29039 0.437885 0.85 -139.599 0.900232
62400000 -3136.51 2.11251 0.437887 0.85 -139.599 0.900232
62410000 -3136.74 2.06828 0.437885 0.85 -139.599 0.900232
62420000 -3110.4 2.28059 0.437887 0.85 -139.599 0.900232
62430000 -3124.84 2.10475 0.437887 0.85 -139.599 0.900232
62440000 -3119.24 2.22728 0.437888 0.85 -139.599 0.900232
62450000 -3158.42 1.84442 0.437889 0.85 -139.599 0.900232
62460000 -3111.64 2.34482 0.437889 0.85 -139.599 0.900232
62470000 -3082.43 2.53325 0.437889 0.85 -139.599 0.900232
62480000 -3112.86 2.25735 0.437889 0.85 -139.599 0.900232
62490000 -3143.46 1.96279 0.43789 0.85 -139.599 0.900232
62500000 -3122.83 2.20513 0.437889 0.85 -139.599 0.900232
62510000 -3114.92 2.29577 0.437888 0.85 -139.599 0.900232
62520000 -3098.02 2.50278 0.437887 0.85 -139.599 0.900232
62530000 -3118.86 2.26888 0.437887 0.85 -139.599 0.900232
62540000 -3099.68 2.48662 0.437888 0.85 -139.599 0.900232
62550000 -3079.55 2.66774 0.437888 0.85 -139.599 0.900232
62560000 -3089.69 2.51768 0.437887 0.85 -139.599 0.900232
62570000 -3114.91 2.30826 0.437886 0.85 -139.599 0.900232
62580000 -3107.67 2.28036 0.437885 0.85 -139.599 0.900232
62590000 -3103.68 2.34605 0.437885 0.85 -139.599 0.900232
62600000 -3105.22 2.35922 0.437885 0.85 -139.599 0.900232
62610000 -3131.57 2.12224 0.437885 0.85 -139.599 0.900232
62620000 -3088.45 2.57721 0.437883 0.85 -139.599 0.900232
62630000 -3081.6 2.64951 0.437884 0.85 -139.599 0.900232
62640000 -3133.12 2.09766 0.437885 0.85 -139.599 0.900232
62650000 -3115.56 2.31576 0.437884 0.85 -139.599 0.900232
62660000 -3106.78 2.38935 0.437885 0.85 -139.599 0.900232
62670000 -3106.61 2.4224 0.437884 0.85 -139.599 0.900232
62680000 -3123.88 2.20914 0.437885 0.85 -139.599 0.900232
62690000 -3119.93 2.25829 0.437884 0.85 -139.599 0.900232
62700000 -3133.36 2.1696 0.437884 0.85 -139.599 0.900232
62710000 -3112.65 2.31968 0.437884 0.85 -139.599 0.900232
62720000 -3126.64 2.20577 0.437883 0.85 -139.599 0.900232
62730000 -3150.05 1.92347 0.437884 0.85 -139.599 0.900232
62740000 -3136.28 2.1018 0.437885 0.85 -139.599 0.900232
62750000 -3119.17 2.26148 0.437886 0.85 -139.599 0.900232
62760000 -3084.97 2.54854 0.437885 0.85 -139.599 0.900232
62770000 -3101.83 2.41408 0.437885 0.85 -139.599 0.900232
62780000 -3110.01 2.32216 0.437884 0.85 -139.599 0.900232
62790000 -3093.21 2.40327 0.437884 0.85 -139.599 0.900232
62800000 -3118.68 2.27563 0.437884 0.85 -139.599 0.900232
62810000 -3106.27 2.28884 0.437883 0.85 -139.599 0.900232
62820000 -3072.56 2.68223 0.437883 0.85 -139.599 0.900232
62830000 -3109.09 2.35023 0.437882 0.85 -139.599 0.900232
62840000 -3101.96 2.46774 0.437882 0.85 -139.599 0.900232
62850000 -3130.41 2.14886 0.437883 0.85 -139.599 0.900232
62860000 -3102.67 2.51235 0.437883 0.85 -139.599 0.900232
62870000 -3129.67 2.1932 0.437884 0.85 -139.599 0.900232
62880000 -3127.77 2.14455 0.437883 0.85 -139.599 0.900232
62890000 -3121.16 2.20236 0.437882 0.85 -139.599 0.900232
62900000 -3094.29 2.46209 0.437882 0.85 -139.599 0.900232
62910000 -3109.31 2.38557 0.437883 0.85 -139.599 0.900232
62920000 -3092.5 2.50686 0.437884 0.85 -139.599 0.900232
62930000 -3086.26 2.61828 0.437883 0.85 -139.599 0.900232
62940000 -3090.52 2.56519 0.437882 0.85 -139.599 0.900232
62950000 -3099.94 2.4711 0.437883 0.85 -139.599 0.900232
62960000 -3100.91 2.33014 0.437884 0.85 -139.599 0.900232
62970000 -3118.73 2.23322 0.437884 0.85 -139.599 0.900232
62980000 -3121.94 2.21695 0.437884 0.85 -139.599 0.900232
62990000 -3117.08 2.28391 0.437881 0.85 -139.599 0.900232
63000000 -3110.11 2.3844 0.43788 0.85 -139.599 0.900232
63010000 -3113.31 2.30696 0.437881 0.85 -139.599 0.900232
63020000 -3108.79 2.37341 0.43788 0.85 -139.599 0.900232
63030000 -3136.81 2.08176 0.43788 0.85 -139.599 0.900232
63040000 -3088.47 2.50954 0.43788 0.85 -139.599 0.900232
63050000 -3112.13 2.25826 0.437879 0.85 -139.599 0.900232
63060000 -3112.53 2.42675 0.437878 0.85 -139.599 0.900232
63070000 -3134.2 2.12242 0.437878 0.85 -139.599 0.900232
63080000 -3127.12 2.18906 0.437877 0.85 -139.599 0.900232
63090000 -3097.25 2.44882 0.437877 0.85 -139.599 0.900232
63100000 -3110.6 2.38897 0.437878 0.85 -139.599 0.900232
63110000 -3119.18 2.33125 0.437877 0.85 -139.599 0.900232
63120000 -3094.43 2.5405 0.437877 0.85 -139.599 0.900232
63130000 -3132.73 2.08394 0.437876 0.85 -139.599 0.900232
63140000 -3086.32 2.58787 0.437876 0.85 -139.599 0.900232
63150000 -3071.98 2.74828 0.437876 0.85 -139.599 0.900232
63160000 -3131.18 2.15078 0.437875 0.85 -139.599 0.900232
63170000 -3109.46 2.3965 0.437874 0.85 -139.599 0.900232
63180000 -3098.6 2.42259 0.437875 0.85 -139.599 0.900232
63190000 -3117.7 2.31646 0.437875 0.85 -139.599 0.900232
63200000 -3121.53 2.38933 0.437874 0.85 -139.599 0.900232
63210000 -3117.67 2.33641 0.437874 0.85 -139.599 0.900232
63220000 -3130.05 2.17933 0.437873 0.85 -139.599 0.900232
63230000 -3136.85 2.11829 0.437874 0.85 -139.599 0.900232
63240000 -3156.95 1.88886 0.437876 0.85 -139.599 0.900232
63250000 -3120.6 2.26793 0.437876 0.85 -139.599 0.900232
63260000 -3160.25 1.87203 0.437876 0.85 -139.599 0.900232
63270000 -3108.77 2.40054 0.437877 0.85 -139.599 0.900232
63280000 -3118.66 2.31486 0.437877 0.85 -139.599 0.900232
63290000 -3113.14 2.35139 0.437875 0.85 -139.599 0.900232
63300000 -3098.79 2.45618 0.437874 0.85 -139.599 0.900232
63310000 -3117.32 2.27451 0.437876 0.85 -139.599 0.900232
63320000 -3094.88 2.48975 0.437875 0.85 -139.599 0.900232
63330000 -3099.71 2.42079 0.437875 0.85 -139.599 0.900232
63340000 -3177.45 1.67289 0.437876 0.85 -139.599 0.900232
63350000 -3106.8 2.34584 0.437876 0.85 -139.599 0.900232
63360000 -3107.61 2.31833 0.437876 0.85 -139.599 0.900232
63370000 -3143.69 1.9881 0.437877 0.85 -139.599 0.900232
63380000 -3116.52 2.26174 0.437878 0.85 -139.599 0.900232
63390000 -3106.63 2.33957 0.437877 0.85 -139.599 0.900232
63400000 -3129.87 2.18481 0.437876 0.85 -139.599 0.900232
63410000 -3067.73 2.73286 0.437875 0.85 -139.599 0.900232
63420000 -3110.55 2.36042 0.437872 0.85 -139.599 0.900232
63430000 -3113.87 2.35162 0.437871 0.85 -139.599 0.900232
63440000 -3109.57 2.38827 0.43787 0.85 -139.599 0.900232
63450000 -3128.78 2.18491 0.43787 0.85 -139.599 0.900232
63460000 -3136.73 2.01111 0.43787 0.85 -139.599 0.900232
63470000 -3122.1 2.23001 0.43787 0.85 -139.599 0.900232
63480000 -3137.7 2.06365 0.437871 0.85 -139.599 0.900232
63490000 -3120.74 2.22126 0.437872 0.85 -139.599 0.900232
63500000 -3112.23 2.2831 0.437872 0.85 -139.599 0.900232
63510000 -3100.53 2.37552 0.437872 0.85 -139.599 0.900232
63520000 -3101.85 2.44517 0.437871 0.85 -139.599 0.900232
63530000 -3132.33 2.14344 0.43787 0.85 -139.599 0.900232
63540000 -3118.9 2.21677 0.437869 0.85 -139.599 0.900232
63550000 -3134.72 2.10192 0.437871 0.85 -139.599 0.900232
63560000 -3072.54 2.64219 0.43787 0.85 -139.599 0.900232
63570000 -3105.72 2.41825 0.437871 0.85 -139.599 0.900232
63580000 -3081.76 2.6288 0.43787 0.85 -139.599 0.900232
63590000 -3132.24 2.14919 0.43787 0.85 -139.599 0.900232
63600000 -3076.32 2.69216 0.437869 0.85 -139.599 0.900232
63610000 -3140.61 1.98414 0.437868 0.85 -139.599 0.900232
63620000 -3115.4 2.31999 0.437868 0.85 -139.599 0.900232
63630000 -3143.35 2.07522 0.437869 0.85 -139.599 0.900232
63640000 -3140.52 2.14105 0.437868 0.85 -139.599 0.900232
63650000 -3121.75 2.32476 0.437867 0.85 -139.599 0.900232
63660000 -3102.17 2.46703 0.437867 0.85 -139.599 0.900232
63670000 -3125.71 2.19874 0.437865 0.85 -139.599 0.900232
63680000 -3139.92 2.01584 0.437866 0.85 -139.599 0.900232
63690000 -3091.34 2.55177 0.437867 0.85 -139.599 0.900232
63700000 -3082.77 2.68285 0.437865 0.85 -139.599 0.900232
63710000 -3119.6 2.20174 0.437864 0.85 -139.599 0.900232
63720000 -3116.12 2.25708 0.437862 0.85 -139.599 0.900232
63730000 -3105.93 2.41661 0.437861 0.85 -139.599 0.900232
63740000 -3135.12 2.14137 0.43786 0.85 -139.599 0.900232
63750000 -3103.79 2.39968 0.437859 0.85 -139.599 0.900232
63760000 -3129.84 2.13991 0.43786 0.85 -139.599 0.900232
63770000 -3088.76 2.51067 0.437861 0.85 -139.599 0.900232
63780000 -3117.86 2.26234 0.437861 0.85 -139.599 0.900232
63790000 -3156.18 1.89639 0.437861 0.85 -139.599 0.900232
63800000 -3117.13 2.27801 0.437861 0.85 -139.599 0.900232
63810000 -3145.27 1.97825 0.437861 0.85 -139.599 0.900232
63820000 -3139.44 2.09304 0.437861 0.85 -139.599 0.900232
63830000 -3127.26 2.18039 0.43786 0.85 -139.599 0.900232
63840000 -3143.91 2.04242 0.437861 0.85 -139.599 0.900232
63850000 -3137.83 2.07301 0.43786 0.85 -139.599 0.900232
63860000 -3168.69 1.73348 0.437861 0.85 -139.599 0.900232
63870000 -3108.85 2.30137 0.437862 0.85 -139.599 0.900232
63880000 -3136.01 2.05926 0.437863 0.85 -139.599 0.900232
63890000 -3132.65 2.06833 0.437863 0.85 -139.599 0.900232
63900000 -3096.38 2.44669 0.437864 0.85 -139.599 0.900232
63910000 -3100.55 2.42481 0.437864 0.85 -139.599 0.900232
63920000 -3136.4 2.03548 0.437865 0.85 -139.599 0.900232
63930000 -3108.45 2.30234 0.437865 0.85 -139.599 0.900232
63940000 -3115.3 2.20846 0.437865 0.85 -139.599 0.900232
63950000 -3158.14 1.79946 0.437866 0.85 -139.599 0.900232
63960000 -3116.6 2.19501 0.437866 0.85 -139.599 0.900232
63970000 -3130.64 2.12971 0.437866 0.85 -139.599 0.900232
63980000 -3105.93 2.34448 0.437867 0.85 -139.599 0.900232
63990000 -3098.94 2.38426 0.437866 0.85 -139.599 0.900232
64000000 -3087.38 2.55034 0.437864 0.85 -139.599 0.900232
64010000 -3078.43 2.67515 0.437865 0.85 -139.599 0.900232
64020000 -3103.1 2.45511 0.437864 0.85 -139.599 0.900232
64030000 -3147.29 1.96384 0.437864 0.85 -139.599 0.900232
64040000 -3120.48 2.26553 0.437866 0.85 -139.599 0.900232
64050000 -3146.48 1.95673 0.437866 0.85 -139.599 0.900232
64060000 -3123.24 2.24527 0.437867 0.85 -139.599 0.900232
64070000 -3142.7 1.98158 0.437866 0.85 -139.599 0.900232
64080000 -3120.58 2.24049 0.437867 0.85 -139.599 0.900232
64090000 -3116.24 2.278 0.437866 0.85 -139.599 0.900232
64100000 -3108.71 2.34979 0.437866 0.85 -139.599 0.900232
64110000 -3117.1 2.33116 0.437865 0.85 -139.599 0.900232
64120000 -3103.61 2.41941 0.437864 0.85 -139.599 0.900232
64130000 -3097.18 2.4177 0.437866 0.85 -139.599 0.900232
64140000 -3090.73 2.55892 0.437865 0.85 -139.599 0.900232
64150000 -3130.5 2.23157 0.437866 0.85 -139.599 0.900232
64160000 -3125.9 2.15635 0.437864 0.85 -139.599 0.900232
64170000 -3132.74 2.16494 0.437864 0.85 -139.599 0.900232
64180000 -3080.19 2.67453 0.437866 0.85 -139.599 0.900232
64190000 -3132.37 2.22343 0.437865 0.85 -139.599 0.900232
64200000 -3108.28 2.36997 0.437865 0.85 -139.599 0.900232
64210000 -3122.75 2.25021 0.437864 0.85 -139.599 0.900232
64220000 -3142.4 2.04046 0.437865 0.85 -139.599 0.900232
64230000 -3128.22 2.19596 0.437865 0.85 -139.599 0.900232
64240000 -3132.51 2.12231 0.437864 0.85 -139.599 0.900232
64250000 -3162.16 1.85514 0.437863 0.85 -139.599 0.900232
64260000 -3114.86 2.27323 0.437863 0.85 -139.599 0.900232
64270000 -3082.64 2.59958 0.437861 0.85 -139.599 0.900232
64280000 -3084.65 2.61084 0.43786 0.85 -139.599 0.900232
64290000 -3131.72 2.15879 0.43786 0.85 -139.599 0.900232
64300000 -3136.83 2.10507 0.43786 0.85 -139.599 0.900232
64310000 -3135.4 2.09918 0.437861 0.85 -139.599 0.900232
64320000 -3128.68 2.08151 0.437861 0.85 -139.599 0.900232
64330000 -3121.09 2.20558 0.437862 0.85 -139.599 0.900232
64340000 -3115.79 2.24213 0.437862 0.85 -139.599 0.900232
64350000 -3103.41 2.3466 0.437863 0.85 -139.599 0.900232
64360000 -3162.96 1.77664 0.437865 0.85 -139.599 0.900232
64370000 -3125.9 2.18369 0.437865 0.85 -139.599 0.900232
64380000 -3120.67 2.24426 0.437864 0.85 -139.599 0.900232
64390000 -3101.05 2.41713 0.437864 0.85 -139.599 0.900232
64400000 -3098.91 2.37536 0.437864 0.85 -139.599 0.900232
64410000 -3119.04 2.24409 0.437864 0.85 -139.599 0.900232
64420000 -3125.33 2.1817 0.437865 0.85 -139.599 0.900232
64430000 -3169.77 1.74198 0.437864 0.85 -139.599 0.900232
64440000 -3156.13 1.87866 0.437866 0.85 -139.599 0.900232
64450000 -3124.79 2.20212 0.437865 0.85 -139.599 0.900232
64460000 -3102.38 2.38375 0.437866 0.85 -139.599 0.900232
64470000 -3147.8 1.97203 0.437866 0.85 -139.599 0.900232
64480000 -3111.85 2.30024 0.437866 0.85 -139.599 0.900232
64490000 -3121.15 2.26026 0.437867 0.85 -139.599 0.900232
64500000 -3114.23 2.25671 0.437867 0.85 -139.599 0.900232
64510000 -3153.15 1.97729 0.437866 0.85 -139.599 0.900232
64520000 -3125.8 2.18892 0.437866 0.85 -139.599 0.900232
64530000 -3143.12 1.98323 0.437866 0.85 -139.599 0.900232
64540000 -3131.67 2.11602 0.437867 0.85 -139.599 0.900232
64550000 -3131.63 2.13453 0.437868 0.85 -139.599 0.900232
64560000 -3104.31 2.3804 0.437867 0.85 -139.599 0.900232
64570000 -3104.1 2.41589 0.437868 0.85 -139.599 0.900232
64580000 -3082.06 2.5877 0.437869 0.85 -139.599 0.900232
64590000 -3091.93 2.55363 0.437868 0.85 -139.599 0.900232
64600000 -3112.93 2.33343 0.437867 0.85 -139.599 0.900232
64610000 -3099.98 2.48926 0.437866 0.85 -139.599 0.900232
64620000 -3087.47 2.70252 0.437865 0.85 -139.599 0.900232
64630000 -3108.12 2.43674 0.437864 0.85 -139.599 0.900232
64640000 -3116.17 2.28552 0.437865 0.85 -139.599 0.900232
64650000 -3118.2 2.2677 0.437864 0.85 -139.599 0.900232
64660000 -3108.35 2.36046 0.437865 0.85 -139.599 0.900232
64670000 -3116.41 2.25424 0.437866 0.85 -139.599 0.900232
64680000 -3126.3 2.20902 0.437867 0.85 -139.599 0.900232
64690000 -3147.92 2.05676 0.437867 0.85 -139.599 0.900232
64700000 -3106.2 2.41197 0.437866 0.85 -139.599 0.900232
64710000 -3118.26 2.26058 0.437866 0.85 -139.599 0.900232
64720000 -3120.14 2.24247 0.437867 0.85 -139.599 0.900232
64730000 -3139.99 2.00966 0.437867 0.85 -139.599 0.900232
64740000 -3086.33 2.57678 0.437868 0.85 -139.599 0.900232
64750000 -3111.31 2.35775 0.437868 0.85 -139.599 0.900232
64760000 -3121.22 2.32862 0.437867 0.85 -139.599 0.900232
64770000 -3140.19 2.17721 0.437866 0.85 -139.599 0.900232
64780000 -3143.51 2.04924 0.437866 0.85 -139.599 0.900232
64790000 -3089.72 2.4411 0.437866 0.85 -139.599 0.900232
64800000 -3133.61 2.05302 0.437868 0.85 -139.599 0.900232
64810000 -3081.86 2.58507 0.437869 0.85 -139.599 0.900232
64820000 -3160.47 1.77271 0.437869 0.85 -139.599 0.900232
64830000 -3139.4 2.00019 0.437871 0.85 -139.599 0.900232
64840000 -3109.97 2.25558 0.437871 0.85 -139.599 0.900232
64850000 -3162.57 1.82555 0.43787 0.85 -139.599 0.900232
64860000 -3126.3 2.20633 0.437871 0.85 -139.599 0.900232
64870000 -3108.8 2.34244 0.437869 0.85 -139.599 0.900232
64880000 -3116.57 2.26093 0.437869 0.85 -139.599 0.900232
64890000 -3107.86 2.4002 0.437868 0.85 -139.599 0.900232
64900000 -3132.43 2.16547 0.437868 0.85 -139.599 0.900232
64910000 -3103.26 2.44168 0.437868 0.85 -139.599 0.900232
64920000 -3102.01 2.46777 0.437867 0.85 -139.599 0.900232
64930000 -3124.61 2.26737 0.437867 0.85 -139.599 0.900232
64940000 -3082.49 2.64023 0.437866 0.85 -139.599 0.900232
64950000 -3098.78 2.4695 0.437864 0.85 -139.599 0.900232
64960000 -3130.07 2.18239 0.437862 0.85 -139.599 0.900232
64970000 -3105.61 2.38645 0.437861 0.85 -139.599 0.900232
64980000 -3109.69 2.39133 0.437862 0.85 -139.599 0.900232
64990000 -3141.17 2.04448 0.437861 0.85 -139.599 0.900232
65000000 -3108.91 2.38602 0.437862 0.85 -139.599 0.900232
65010000 -3115.48 2.28862 0.437861 0.85 -139.599 0.900232
65020000 -3126.25 2.18118 0.437861 0.85 -139.599 0.900232
65030000 -3113.96 2.32397 0.437861 0.85 -139.599 0.900232
65040000 -3105.81 2.39375 0.437862 0.85 -139.599 0.900232
65050000 -3126.12 2.18394 0.437863 0.85 -139.599 0.900232
65060000 -3130.2 2.14005 0.437863 0.85 -139.599 0.900232
65070000 -3073.66 2.67661 0.437862 0.85 -139.599 0.900232
65080000 -3131.27 2.14423 0.437862 0.85 -139.599 0.900232
65090000 -3127.29 2.20257 0.437863 0.85 -139.599 0.900232
65100000 -3085.95 2.59414 0.437863 0.85 -139.599 0.900232
65110000 -3114.51 2.24343 0.437863 0.85 -139.599 0.900232
65120000 -3132.74 2.12674 0.437863 0.85 -139.599 0.900232
65130000 -3082.97 2.53412 0.437863 0.85 -139.599 0.900232
65140000 -3100.07 2.48341 0.437864 0.85 -139.599 0.900232
65150000 -3116.69 2.21538 0.437862 0.85 -139.599 0.900232
65160000 -3103.84 2.40918 0.437862 0.85 -139.599 0.900232
65170000 -3142.94 1.9916 0.437862 0.85 -139.599 0.900232
65180000 -3133.23 2.10084 0.437862 0.85 -139.599 0.900232
65190000 -3161.43 1.77889 0.437862 0.85 -139.599 0.900232
65200000 -3106.49 2.2948 0.437862 0.85 -139.599 0.900232
65210000 -3131.92 2.1645 0.437862 0.85 -139.599 0.900232
65220000 -3130.29 2.22453 0.437863 0.85 -139.599 0.900232
65230000 -3103.85 2.39348 0.437863 0.85 -139.599 0.900232
65240000 -3138.34 2.01581 0.437863 0.85 -139.599 0.900232
65250000 -3140.71 1.98451 0.437865 0.85 -139.599 0.900232
65260000 -3140.55 1.99162 0.437866 0.85 -139.599 0.900232
65270000 -3134.31 2.01634 0.437867 0.85 -139.599 0.900232
65280000 -3112.39 2.26587 0.437867 0.85 -139.599 0.900232
65290000 -3136 2.04679 0.437868 0.85 -139.599 0.900232
65300000 -3117.99 2.30096 0.437868 0.85 -139.599 0.900232
65310000 -3105.71 2.38488 0.437868 0.85 -139.599 0.900232
65320000 -3142.27 2.04659 0.437867 0.85 -139.599 0.900232
65330000 -3172.75 1.735 0.437868 0.85 -139.599 0.900232
65340000 -3112.47 2.41722 0.437868 0.85 -139.599 0.900232
65350000 -3089.08 2.67301 0.437866 0.85 -139.599 0.900232
65360000 -3135.9 2.10747 0.437866 0.85 -139.599 0.900232
65370000 -3118.59 2.27404 0.437866 0.85 -139.599 0.900232
65380000 -3081.99 2.63287 0.437866 0.85 -139.599 0.900232
65390000 -3155.95 1.97427 0.437865 0.85 -139.599 0.900232
65400000 -3134.56 2.03274 0.437866 0.85 -139.599 0.900232
65410000 -3133.23 2.06977 0.437867 0.85 -139.599 0.900232
65420000 -3100.17 2.3821 0.437867 0.85 -139.599 0.900232
65430000 -3122.83 2.19311 0.437868 0.85 -139.599 0.900232
65440000 -3168.63 1.74189 0.437869 0.85 -139.599 0.900232
65450000 -3139.84 2.0391 0.437867 0.85 -139.599 0.900232
65460000 -3109.65 2.40844 0.437866 0.85 -139.599 0.900232
65470000 -3155.6 1.83362 0.437867 0.85 -139.599 0.900232
65480000 -3147.82 1.9729 0.437866 0.85 -139.599 0.900232
65490000 -3145.42 2.00017 0.437867 0.85 -139.599 0.900232
65500000 -3137.55 2.03916 0.437867 0.85 -139.599 0.900232
65510000 -3134.11 2.07506 0.437867 0.85 -139.599 0.900232
65520000 -3109.1 2.35523 0.437868 0.85 -139.599 0.900232
65530000 -3125.34 2.17213 0.437868 0.85 -139.599 0.900232
65540000 -3147.82 2.04357 0.43787 0.85 -139.599 0.900232
65550000 -3091.98 2.52936 0.43787 0.85 -139.599 0.900232
65560000 -3129.49 2.14727 0.437871 0.85 -139.599 0.900232
65570000 -3155.64 2.00167 0.437871 0.85 -139.599 0.900232
65580000 -3114.79 2.27479 0.437872 0.85 -139.599 0.900232
65590000 -3082.05 2.57293 0.437871 0.85 -139.599 0.900232
65600000 -3109.06 2.39294 0.437871 0.85 -139.599 0.900232
65610000 -3137.25 2.01034 0.437871 0.85 -139.599 0.900232
65620000 -3124.56 2.18738 0.43787 0.85 -139.599 0.900232
65630000 -3128.28 2.20473 0.43787 0.85 -139.599 0.900232
65640000 -3121.87 2.2516 0.437869 0.85 -139.599 0.900232
65650000 -3125.05 2.23608 0.437869 0.85 -139.599 0.900232
65660000 -3152.28 1.91779 0.43787 0.85 -139.599 0.900232
65670000 -3125.92 2.11741 0.43787 0.85 -139.599 0.900232
65680000 -3142.45 1.9928 0.43787 0.85 -139.599 0.900232
65690000 -3122.05 2.14358 0.437871 0.85 -139.599 0.900232
65700000 -3150.5 1.90394 0.437871 0.85 -139.599 0.900232
65710000 -3149.81 1.93463 0.437872 0.85 -139.599 0.900232
65720000 -3135.01 2.03311 0.437872 0.85 -139.599 0.900232
65730000 -3155.62 1.85361 0.437873 0.85 -139.599 0.900232
65740000 -3127.23 2.08116 0.437874 0.85 -139.599 0.900232
65750000 -3138.15 2.02989 0.437873 0.85 -139.599 0.900232
65760000 -3146.19 1.98715 0.437874 0.85 -139.599 0.900232
65770000 -3127.79 2.13076 0.437875 0.85 -139.599 0.900232
65780000 -3153.61 1.8441 0.437876 0.85 -139.599 0.900232
65790000 -3123.67 2.13221 0.437876 0.85 -139.599 0.900232
65800000 -3126.25 2.18553 0.437877 0.85 -139.599 0.900232
65810000 -3126.83 2.15588 0.437877 0.85 -139.599 0.900232
65820000 -3119.8 2.22019 0.437877 0.85 -139.599 0.900232
65830000 -3129.79 2.14563 0.437877 0.85 -139.599 0.900232
65840000 -3102.54 2.45037 0.437877 0.85 -139.599 0.900232
65850000 -3085.37 2.66922 0.437877 0.85 -139.599 0.900232
65860000 -3129.58 2.19582 0.437877 0.85 -139.599 0.900232
65870000 -3113.76 2.33962 0.437877 0.85 -139.599 0.900232
65880000 -3089 2.54982 0.437877 0.85 -139.599 0.900232
65890000 -3070.36 2.73999 0.437875 0.85 -139.599 0.900232
65900000 -3106.78 2.43924 0.437875 0.85 -139.599 0.900232
65910000 -3107.69 2.37519 0.437874 0.85 -139.599 0.900232
65920000 -3088.08 2.53549 0.437875 0.85 -139.599 0.900232
65930000 -3135.6 2.06611 0.437874 0.85 -139.599 0.900232
65940000 -3143.84 1.96067 0.437872 0.85 -139.599 0.900232
65950000 -3113.47 2.33076 0.437871 0.85 -139.599 0.900232
65960000 -3104.51 2.45477 0.437871 0.85 -139.599 0.900232
65970000 -3143.73 2.04794 0.437871 0.85 -139.599 0.900232
65980000 -3127.88 2.08275 0.437871 0.85 -139.599 0.900232
65990000 -3105.88 2.33698 0.437872 0.85 -139.599 0.900232
66000000 -3101.46 2.50569 0.437873 0.85 -139.599 0.900232
66010000 -3108.5 2.37238 0.437873 0.85 -139.599 0.900232
66020000 -3144.45 2.00435 0.437873 0.85 -139.599 0.900232
66030000 -3133.65 2.04259 0.437872 0.85 -139.599 0.900232
66040000 -3085.79 2.58633 0.43787 0.85 -139.599 0.900232
66050000 -3115.17 2.32812 0.43787 0.85 -139.599 0.900232
66060000 -3152.33 1.93797 0.43787 0.85 -139.599 0.900232
66070000 -3100.57 2.42438 0.437871 0.85 -139.599 0.900232
66080000 -3139.76 2.08115 0.437871 0.85 -139.599 0.900232
66090000 -3104.77 2.43096 0.437871 0.85 -139.599 0.900232
66100000 -3148.63 2.00618 0.437871 0.85 -139.599 0.900232
66110000 -3142.6 2.09417 0.43787 0.85 -139.599 0.900232
66120000 -3127.51 2.15323 0.437871 0.85 -139.599 0.900232
66130000 -3128.2 2.14572 0.437869 0.85 -139.599 0.900232
66140000 -3102.1 2.43242 0.437869 0.85 -139.599 0.900232
66150000 -3115.65 2.29517 0.437868 0.85 -139.599 0.900232
66160000 -3083.49 2.54238 0.437868 0.85 -139.599 0.900232
66170000 -3125.34 2.16276 0.437868 0.85 -139.599 0.900232
66180000 -3123.31 2.19146 0.437869 0.85 -139.599 0.900232
66190000 -3108.82 2.25952 0.43787 0.85 -139.599 0.900232
66200000 -3112.87 2.31812 0.43787 0.85 -139.599 0.900232
66210000 -3102.23 2.3348 0.437871 0.85 -139.599 0.900232
66220000 -3097.94 2.42951 0.437871 0.85 -139.599 0.900232
66230000 -3133.51 2.06859 0.43787 0.85 -139.599 0.900232
66240000 -3094.38 2.40496 0.43787 0.85 -139.599 0.900232
66250000 -3099.35 2.39345 0.437871 0.85 -139.599 0.900232
66260000 -3126.31 2.15922 0.43787 0.85 -139.599 0.900232
66270000 -3109.25 2.29909 0.437869 0.85 -139.599 0.900232
66280000 -3123.56 2.23055 0.43787 0.85 -139.599 0.900232
66290000 -3145.34 1.95835 0.437871 0.85 -139.599 0.900232
66300000 -3096.4 2.40086 0.437871 0.85 -139.599 0.900232
66310000 -3092.38 2.56861 0.437872 0.85 -139.599 0.900232
66320000 -3148.5 1.87098 0.437872 0.85 -139.599 0.900232
66330000 -3121.85 2.23616 0.437872 0.85 -139.599 0.900232
66340000 -3153.13 1.89694 0.437871 0.85 -139.599 0.900232
66350000 -3124.52 2.10591 0.437872 0.85 -139.599 0.900232
66360000 -3107.12 2.34147 0.437872 0.85 -139.599 0.900232
66370000 -3118.88 2.22452 0.437872 0.85 -139.599 0.900232
66380000 -3083.31 2.69222 0.437871 0.85 -139.599 0.900232
66390000 -3130.08 2.23524 0.43787 0.85 -139.599 0.900232
66400000 -3106.51 2.37364 0.43787 0.85 -139.599 0.900232
66410000 -3093.64 2.55379 0.43787 0.85 -139.599 0.900232
66420000 -3117.42 2.25832 0.43787 0.85 -139.599 0.900232
66430000 -3108.83 2.34184 0.437871 0.85 -139.599 0.900232
66440000 -3112.39 2.3219 0.43787 0.85 -139.599 0.900232
66450000 -3109.43 2.39586 0.43787 0.85 -139.599 0.900232
66460000 -3103.4 2.43084 0.43787 0.85 -139.599 0.900232
66470000 -3123.71 2.1829 0.43787 0.85 -139.599 0.900232
66480000 -3116.48 2.23694 0.437869 0.85 -139.599 0.900232
66490000 -3096.98 2.52477 0.43787 0.85 -139.599 0.900232
66500000 -3111.76 2.31294 0.43787 0.85 -139.599 0.900232
66510000 -3123.11 2.15339 0.43787 0.85 -139.599 0.900232
66520000 -3129.98 2.08914 0.43787 0.85 -139.599 0.900232
66530000 -3128.8 2.20109 0.43787 0.85 -139.599 0.900232
66540000 -3119.47 2.225 0.437871 0.85 -139.599 0.900232
66550000 -3137.88 2.0566 0.437871 0.85 -139.599 0.900232
66560000 -3099.76 2.46715 0.43787 0.85 -139.599 0.900232
66570000 -3107.25 2.38497 0.437869 0.85 -139.599 0.900232
66580000 -3096.12 2.53167 0.437867 0.85 -139.599 0.900232
66590000 -3103.66 2.48853 0.437867 0.85 -139.599 0.900232
66600000 -3089.32 2.52702 0.437866 0.85 -139.599 0.900232
66610000 -3113.31 2.36241 0.437865 0.85 -139.599 0.900232
66620000 -3094.74 2.47019 0.437864 0.85 -139.599 0.900232
66630000 -3138.53 2.15325 0.437864 0.85 -139.599 0.900232
66640000 -3121.43 2.17113 0.437863 0.85 -139.599 0.900232
66650000 -3141.9 2.03814 0.437863 0.85 -139.599 0.900232
66660000 -3081.67 2.57875 0.437864 0.85 -139.599 0.900232
66670000 -3120.86 2.23206 0.437864 0.85 -139.599 0.900232
66680000 -3106.47 2.3916 0.437863 0.85 -139.599 0.900232
66690000 -3128.54 2.13764 0.437863 0.85 -139.599 0.900232
66700000 -3107.56 2.34447 0.437861 0.85 -139.599 0.900232
66710000 -3112.87 2.30862 0.437861 0.85 -139.599 0.900232
66720000 -3116.44 2.22208 0.437861 0.85 -139.599 0.900232
66730000 -3135.91 2.04987 0.437861 0.85 -139.599 0.900232
66740000 -3127.75 2.19438 0.437863 0.85 -139.599 0.900232
66750000 -3140.29 2.05341 0.437863 0.85 -139.599 0.900232
66760000 -3167.14 1.75782 0.437864 0.85 -139.599 0.900232
66770000 -3110.7 2.35737 0.437864 0.85 -139.599 0.900232
66780000 -3129.18 2.14796 0.437865 0.85 -139.599 0.900232
66790000 -3085.27 2.54704 0.437864 0.85 -139.599 0.900232
66800000 -3111.37 2.27181 0.437864 0.85 -139.599 0.900232
66810000 -3113.62 2.27071 0.437864 0.85 -139.599 0.900232
66820000 -3125.02 2.27939 0.437865 0.85 -139.599 0.900232
66830000 -3140.46 2.05685 0.437865 0.85 -139.599 0.900232
66840000 -3151.03 2.01842 0.437866 0.85 -139.599 0.900232
66850000 -3136.08 2.05189 0.437866 0.85 -139.599 0.900232
66860000 -3107.77 2.38697 0.437866 0.85 -139.599 0.900232
66870000 -3134.73 2.16064 0.437867 0.85 -139.599 0.900232
66880000 -3110.99 2.37124 0.437866 0.85 -139.599 0.900232
66890000 -3104.72 2.43264 0.437866 0.85 -139.599 0.900232
66900000 -3109.06 2.40587 0.437865 0.85 -139.599 0.900232
66910000 -3112.22 2.30585 0.437865 0.85 -139.599 0.900232
66920000 -3129.3 2.18506 0.437864 0.85 -139.599 0.900232
66930000 -3108.07 2.4041 0.437863 0.85 -139.599 0.900232
66940000 -3113.68 2.33797 0.437863 0.85 -139.599 0.900232
66950000 -3084.95 2.6234 0.437863 0.85 -139.599 0.900232
66960000 -3115.58 2.31969 0.437862 0.85 -139.599 0.900232
66970000 -3130.6 2.13037 0.437861 0.85 -139.599 0.900232
66980000 -3099.51 2.42265 0.437862 0.85 -139.599 0.900232
66990000 -3101.62 2.4711 0.437862 0.85 -139.599 0.900232
67000000 -3100.1 2.41606 0.43786 0.85 -139.599 0.900232
67010000 -3129.15 2.09797 0.437859 0.85 -139.599 0.900232
67020000 -3088.48 2.54984 0.43786 0.85 -139.599 0.900232
67030000 -3131.94 2.12806 0.437861 0.85 -139.599 0.900232
67040000 -3121.19 2.23296 0.437861 0.85 -139.599 0.900232
67050000 -3117.79 2.28635 0.43786 0.85 -139.599 0.900232
67060000 -3157.16 1.9007 0.43786 0.85 -139.599 0.900232
67070000 -3149.08 1.92075 0.43786 0.85 -139.599 0.900232
67080000 -3137.82 2.0844 0.437861 0.85 -139.599 0.900232
67090000 -3121.38 2.23327 0.437861 0.85 -139.599 0.900232
67100000 -3127.55 2.24172 0.43786 0.85 -139.599 0.900232
67110000 -3118.52 2.23581 0.43786 0.85 -139.599 0.900232
67120000 -3129.32 2.14206 0.437859 0.85 -139.599 0.900232
67130000 -3124.36 2.22777 0.43786 0.85 -139.599 0.900232
67140000 -3100.96 2.4312 0.437861 0.85 -139.599 0.900232
67150000 -3112.64 2.30046 0.437861 0.85 -139.599 0.900232
67160000 -3119.9 2.14106 0.43786 0.85 -139.599 0.900232
67170000 -3164.35 1.82833 0.437861 0.85 -139.599 0.900232
67180000 -3135.96 2.08501 0.437862 0.85 -139.599 0.900232
67190000 -3129.77 2.13916 0.437862 0.85 -139.599 0.900232
67200000 -3136.99 2.042 0.437863 0.85 -139.599 0.900232
67210000 -3100.34 2.4828 0.437864 0.85 -139.599 0.900232
67220000 -3136.74 2.07526 0.437865 0.85 -139.599 0.900232
67230000 -3123.51 2.22514 0.437863 0.85 -139.599 0.900232
67240000 -3140.44 2.09051 0.437864 0.85 -139.599 0.900232
67250000 -3116.08 2.36575 0.437865 0.85 -139.599 0.900232
67260000 -3092.7 2.51015 0.437865 0.85 -139.599 0.900232
67270000 -3117 2.26467 0.437864 0.85 -139.599 0.900232
67280000 -3152.57 1.84186 0.437865 0.85 -139.599 0.900232
67290000 -3153.75 1.83925 0.437866 0.85 -139.599 0.900232
67300000 -3106.96 2.384 0.437866 0.85 -139.599 0.900232
67310000 -3082.95 2.6244 0.437865 0.85 -139.599 0.900232
67320000 -3129.42 2.08968 0.437865 0.85 -139.599 0.900232
67330000 -3087.31 2.4637 0.437865 0.85 -139.599 0.900232
67340000 -3113.21 2.23091 0.437864 0.85 -139.599 0.900232
67350000 -3132.13 2.06015 0.437863 0.85 -139.599 0.900232
67360000 -3128.4 2.12257 0.437863 0.85 -139.599 0.900232
67370000 -3118.88 2.19737 0.437864 0.85 -139.599 0.900232
67380000 -3134.29 2.0961 0.437863 0.85 -139.599 0.900232
67390000 -3108.18 2.35621 0.437865 0.85 -139.599 0.900232
67400000 -3082.82 2.58704 0.437864 0.85 -139.599 0.900232
67410000 -3133.67 2.13827 0.437864 0.85 -139.599 0.900232
67420000 -3118.33 2.17709 0.437864 0.85 -139.599 0.900232
67430000 -3149.21 1.88765 0.437864 0.85 -139.599 0.900232
67440000 -3162.66 1.86396 0.437865 0.85 -139.599 0.900232
67450000 -3127.96 2.16888 0.437865 0.85 -139.599 0.900232
67460000 -3143.06 2.01899 0.437865 0.85 -139.599 0.900232
67470000 -3091.82 2.5138 0.437866 0.85 -139.599 0.900232
67480000 -3124.21 2.17339 0.437865 0.85 -139.599 0.900232
67490000 -3129.5 2.09964 0.437866 0.85 -139.599 0.900232
67500000 -3136.64 2.02942 0.437867 0.85 -139.599 0.900232
67510000 -3123.54 2.15077 0.437867 0.85 -139.599 0.900232
67520000 -3132.54 2.15908 0.437868 0.85 -139.599 0.900232
67530000 -3136.8 2.12182 0.437869 0.85 -139.599 0.900232
67540000 -3111.05 2.31301 0.437868 0.85 -139.599 0.900232
67550000 -3116.62 2.27768 0.437869 0.85 -139.599 0.900232
67560000 -3065.64 2.73849 0.437868 0.85 -139.599 0.900232
67570000 -3082.78 2.6478 0.437867 0.85 -139.599 0.900232
67580000 -3124.85 2.15112 0.437866 0.85 -139.599 0.900232
67590000 -3087.07 2.5299 0.437865 0.85 -139.599 0.900232
67600000 -3078.67 2.63067 0.437864 0.85 -139.599 0.900232
67610000 -3076.36 2.72622 0.437864 0.85 -139.599 0.900232
67620000 -3090.81 2.56263 0.437861 0.85 -139.599 0.900232
67630000 -3116.61 2.26045 0.437862 0.85 -139.599 0.900232
67640000 -3107.88 2.38486 0.437862 0.85 -139.599 0.900232
67650000 -3139.92 1.97283 0.437863 0.85 -139.599 0.900232
67660000 -3106.49 2.38461 0.437863 0.85 -139.599 0.900232
67670000 -3137.81 2.07137 0.437862 0.85 -139.599 0.900232
67680000 -3118.32 2.24426 0.437861 0.85 -139.599 0.900232
67690000 -3124.24 2.27823 0.437861 0.85 -139.599 0.900232
67700000 -3099.99 2.44496 0.43786 0.85 -139.599 0.900232
67710000 -3130.5 2.15057 0.437861 0.85 -139.599 0.900232
67720000 -3120.24 2.14839 0.437861 0.85 -139.599 0.900232
67730000 -3117.44 2.25959 0.437861 0.85 -139.599 0.900232
67740000 -3119.81 2.14977 0.43786 0.85 -139.599 0.900232
67750000 -3101.99 2.40117 0.437861 0.85 -139.599 0.900232
67760000 -3122.05 2.20082 0.437862 0.85 -139.599 0.900232
67770000 -3133.51 2.16696 0.437862 0.85 -139.599 0.900232
67780000 -3133.68 2.18054 0.437862 0.85 -139.599 0.900232
67790000 -3106.59 2.29336 0.437862 0.85 -139.599 0.900232
67800000 -3110.49 2.28284 0.437862 0.85 -139.599 0.900232
67810000 -3083.69 2.58174 0.437861 0.85 -139.599 0.900232
67820000 -3078.69 2.62887 0.437859 0.85 -139.599 0.900232
67830000 -3118.13 2.30072 0.43786 0.85 -139.599 0.900232
67840000 -3106.59 2.35665 0.437861 0.85 -139.599 0.900232
67850000 -3127.25 2.17102 0.437861 0.85 -139.599 0.900232
67860000 -3137.83 2.10615 0.43786 0.85 -139.599 0.900232
67870000 -3108.97 2.451 0.437861 0.85 -139.599 0.900232
67880000 -3129.62 2.21364 0.437861 0.85 -139.599 0.900232
67890000 -3147.41 1.95962 0.437861 0.85 -139.599 0.900232
67900000 -3142.82 2.07896 0.43786 0.85 -139.599 0.900232
67910000 -3144.17 2.01401 0.437861 0.85 -139.599 0.900232
67920000 -3117.44 2.2951 0.437861 0.85 -139.599 0.900232
67930000 -3118.74 2.19767 0.43786 0.85 -139.599 0.900232
67940000 -3119.75 2.16815 0.43786 0.85 -139.599 0.900232
67950000 -3107.59 2.34186 0.437861 0.85 -139.599 0.900232
67960000 -3123.24 2.25339 0.437861 0.85 -139.599 0.900232
67970000 -3152.52 1.93511 0.437862 0.85 -139.599 0.900232
67980000 -3114.98 2.37092 0.437862 0.85 -139.599 0.900232
67990000 -3114.07 2.27088 0.437863 0.85 -139.599 0.900232
68000000 -3107.78 2.35568 0.437862 0.85 -139.599 0.900232
68010000 -3114.3 2.26359 0.437863 0.85 -139.599 0.900232
68020000 -3122.9 2.23416 0.437863 0.85 -139.599 0.900232
68030000 -3146.8 1.96292 0.437862 0.85 -139.599 0.900232
68040000 -3101.88 2.41297 0.437862 0.85 -139.599 0.900232
68050000 -3127.03 2.16162 0.437863 0.85 -139.599 0.900232
68060000 -3113.71 2.30731 0.437862 0.85 -139.599 0.900232
68070000 -3099.64 2.4946 0.437862 0.85 -139.599 0.900232
68080000 -3123.27 2.2491 0.437861 0.85 -139.599 0.900232
68090000 -3137.01 2.09943 0.437862 0.85 -139.599 0.900232
68100000 -3114.21 2.3032 0.43786 0.85 -139.599 0.900232
68110000 -3093.62 2.50326 0.437861 0.85 -139.599 0.900232
68120000 -3105.33 2.41268 0.437862 0.85 -139.599 0.900232
68130000 -3098.11 2.47906 0.437862 0.85 -139.599 0.900232
68140000 -3107.96 2.32607 0.43786 0.85 -139.599 0.900232
68150000 -3097.99 2.43566 0.437859 0.85 -139.599 0.900232
68160000 -3124.75 2.16568 0.437858 0.85 -139.599 0.900232
68170000 -3143.2 2.02209 0.437859 0.85 -139.599 0.900232
68180000 -3112.83 2.26907 0.43786 0.85 -139.599 0.900232
68190000 -3077.92 2.5792 0.43786 0.85 -139.599 0.900232
68200000 -3054.06 2.82109 0.437858 0.85 -139.599 0.900232
68210000 -3079.03 2.58022 0.437857 0.85 -139.599 0.900232
68220000 -3088.99 2.51023 0.437857 0.85 -139.599 0.900232
68230000 -3067.32 2.68794 0.437857 0.85 -139.599 0.900232
68240000 -3086.93 2.56345 0.437856 0.85 -139.599 0.900232
68250000 -3138.45 2.08263 0.437856 0.85 -139.599 0.900232
68260000 -3104.27 2.45532 0.437856 0.85 -139.599 0.900232
68270000 -3132.71 2.12793 0.437856 0.85 -139.599 0.900232
68280000 -3135.94 2.09587 0.437854 0.85 -139.599 0.900232
68290000 -3110 2.39477 0.437855 0.85 -139.599 0.900232
68300000 -3142.1 2.02511 0.437856 0.85 -139.599 0.900232
68310000 -3133.86 2.08037 0.437856 0.85 -139.599 0.900232
68320000 -3129.85 2.09767 0.437857 0.85 -139.599 0.900232
68330000 -3136.17 2.08895 0.437857 0.85 -139.599 0.900232
68340000 -3153.71 1.89164 0.437856 0.85 -139.599 0.900232
68350000 -3141.29 1.9876 0.437857 0.85 -139.599 0.900232
68360000 -3065.43 2.71424 0.437856 0.85 -139.599 0.900232
68370000 -3065.72 2.75363 0.437854 0.85 -139.599 0.900232
68380000 -3108.96 2.34096 0.437854 0.85 -139.599 0.900232
68390000 -3089.01 2.5537 0.437855 0.85 -139.599 0.900232
68400000 -3085.7 2.67041 0.437854 0.85 -139.599 0.900232
68410000 -3077.03 2.73976 0.437853 0.85 -139.599 0.900232
68420000 -3086.9 2.62373 0.437852 0.85 -139.599 0.900232
68430000 -3080.5 2.57964 0.437851 0.85 -139.599 0.900232
68440000 -3140.38 1.99384 0.43785 0.85 -139.599 0.900232
68450000 -3153.57 1.98146 0.437851 0.85 -139.599 0.900232
68460000 -3141.24 2.05832 0.43785 0.85 -139.599 0.900232
68470000 -3130.56 2.16832 0.437849 0.85 -139.599 0.900232
68480000 -3160.29 1.91852 0.437849 0.85 -139.599 0.900232
68490000 -3127.87 2.1799 0.437848 0.85 -139.599 0.900232
68500000 -3108.07 2.3553 0.437848 0.85 -139.599 0.900232
68510000 -3133.96 2.18558 0.437848 0.85 -139.599 0.900232
68520000 -3117.8 2.31486 0.437848 0.85 -139.599 0.900232
68530000 -3119.28 2.29538 0.437848 0.85 -139.599 0.900232
68540000 -3125.07 2.29204 0.437848 0.85 -139.599 0.900232
68550000 -3111.28 2.2695 0.437849 0.85 -139.599 0.900232
68560000 -3126.97 2.1469 0.437849 0.85 -139.599 0.900232
68570000 -3127.31 2.17021 0.437849 0.85 -139.599 0.900232
68580000 -3105.96 2.36469 0.437849 0.85 -139.599 0.900232
68590000 -3107.74 2.34888 0.43785 0.85 -139.599 0.900232
68600000 -3138.06 2.08773 0.43785 0.85 -139.599 0.900232
68610000 -3086.41 2.57653 0.43785 0.85 -139.599 0.900232
68620000 -3091.75 2.60109 0.43785 0.85 -139.599 0.900232
68630000 -3091.46 2.49606 0.43785 0.85 -139.599 0.900232
68640000 -3096.77 2.5244 0.43785 0.85 -139.599 0.900232
68650000 -3126.87 2.24741 0.437851 0.85 -139.599 0.900232
68660000 -3135.29 2.13675 0.437851 0.85 -139.599 0.900232
68670000 -3112.3 2.37264 0.437853 0.85 -139.599 0.900232
68680000 -3103.36 2.39809 0.437852 0.85 -139.599 0.900232
68690000 -3126.34 2.18434 0.437851 0.85 -139.599 0.900232
68700000 -3117.12 2.26071 0.437852 0.85 -139.599 0.900232
68710000 -3112.39 2.333 0.437852 0.85 -139.599 0.900232
68720000 -3124.52 2.16962 0.437852 0.85 -139.599 0.900232
68730000 -3108.3 2.37895 0.437851 0.85 -139.599 0.900232
68740000 -3148.13 1.96334 0.437849 0.85 -139.599 0.900232
68750000 -3111.04 2.35658 0.43785 0.85 -139.599 0.900232
68760000 -3106.7 2.36851 0.43785 0.85 -139.599 0.900232
68770000 -3119.68 2.24894 0.43785 0.85 -139.599 0.900232
68780000 -3110.91 2.36863 0.437849 0.85 -139.599 0.900232
68790000 -3103.3 2.409 0.43785 0.85 -139.599 0.900232
68800000 -3088.24 2.55989 0.43785 0.85 -139.599 0.900232
68810000 -3125.75 2.2258 0.43785 0.85 -139.599 0.900232
68820000 -3067.39 2.80765 0.437849 0.85 -139.599 0.900232
68830000 -3126.93 2.28227 0.437849 0.85 -139.599 0.900232
68840000 -3117.58 2.28844 0.437848 0.85 -139.599 0.900232
68850000 -3114.69 2.32101 0.437848 0.85 -139.599 0.900232
68860000 -3129.82 2.17004 0.437847 0.85 -139.599 0.900232
68870000 -3126.39 2.15074 0.437846 0.85 -139.599 0.900232
68880000 -3071.78 2.64717 0.437846 0.85 -139.599 0.900232
68890000 -3098.69 2.42254 0.437846 0.85 -139.599 0.900232
68900000 -3132.75 2.12759 0.437846 0.85 -139.599 0.900232
68910000 -3136.96 2.0314 0.437847 0.85 -139.599 0.900232
68920000 -3081.99 2.67393 0.437847 0.85 -139.599 0.900232
68930000 -3135.38 2.1192 0.437847 0.85 -139.599 0.900232
68940000 -3118.74 2.29122 0.437847 0.85 -139.599 0.900232
68950000 -3116.27 2.40106 0.437847 0.85 -139.599 0.900232
68960000 -3121.28 2.32079 0.437847 0.85 -139.599 0.900232
68970000 -3116.18 2.31779 0.437847 0.85 -139.599 0.900232
68980000 -3125.38 2.20268 0.437845 0.85 -139.599 0.900232
68990000 -3090.95 2.5549 0.437844 0.85 -139.599 0.900232
69000000 -3144 1.98935 0.437844 0.85 -139.599 0.900232
69010000 -3115.77 2.29223 0.437844 0.85 -139.599 0.900232
69020000 -3113.62 2.36393 0.437845 0.85 -139.599 0.900232
69030000 -3093.5 2.5262 0.437844 0.85 -139.599 0.900232
69040000 -3128.5 2.14806 0.437843 0.85 -139.599 0.900232
69050000 -3137.47 2.09902 0.437843 0.85 -139.599 0.900232
69060000 -3129.82 2.12439 0.437843 0.85 -139.599 0.900232
69070000 -3153.3 1.94752 0.437843 0.85 -139.599 0.900232
69080000 -3143.53 2.04942 0.437843 0.85 -139.599 0.900232
69090000 -3119.52 2.38828 0.437843 0.85 -139.599 0.900232
69100000 -3114.17 2.34596 0.437842 0.85 -139.599 0.900232
69110000 -3106.25 2.43189 0.437842 0.85 -139.599 0.900232
69120000 -3132.26 2.12699 0.437842 0.85 -139.599 0.900232
69130000 -3082.76 2.54391 0.437843 0.85 -139.599 0.900232
69140000 -3118.87 2.20739 0.437843 0.85 -139.599 0.900232
69150000 -3129.45 2.13752 0.437842 0.85 -139.599 0.900232
69160000 -3100.06 2.45986 0.437844 0.85 -139.599 0.900232
69170000 -3094.44 2.53413 0.437844 0.85 -139.599 0.900232
69180000 -3129.85 2.19759 0.437842 0.85 -139.599 0.900232
69190000 -3078.28 2.68229 0.437842 0.85 -139.599 0.900232
69200000 -3072.76 2.69643 0.437842 0.85 -139.599 0.900232
69210000 -3111.28 2.35284 0.437841 0.85 -139.599 0.900232
69220000 -3118.69 2.26736 0.437842 0.85 -139.599 0.900232
69230000 -3088.54 2.54867 0.437842 0.85 -139.599 0.900232
69240000 -3127.89 2.1595 0.437841 0.85 -139.599 0.900232
69250000 -3121.93 2.20039 0.437841 0.85 -139.599 0.900232
69260000 -3095.64 2.48462 0.437841 0.85 -139.599 0.900232
69270000 -3117.85 2.34295 0.437841 0.85 -139.599 0.900232
69280000 -3121.52 2.2448 0.437841 0.85 -139.599 0.900232
69290000 -3140.08 2.10001 0.43784 0.85 -139.599 0.900232
69300000 -3089.78 2.55109 0.437839 0.85 -139.599 0.900232
69310000 -3108.92 2.44038 0.43784 0.85 -139.599 0.900232
69320000 -3081.51 2.66287 0.437838 0.85 -139.599 0.900232
69330000 -3093.77 2.5194 0.437839 0.85 -139.599 0.900232
69340000 -3088.55 2.56267 0.437837 0.85 -139.599 0.900232
69350000 -3124.88 2.20993 0.437837 0.85 -139.599 0.900232
69360000 -3086.35 2.5608 0.437836 0.85 -139.599 0.900232
69370000 -3088.48 2.60117 0.437836 0.85 -139.599 0.900232
69380000 -3148.39 1.91272 0.437836 0.85 -139.599 0.900232
69390000 -3149.21 1.90669 0.437837 0.85 -139.599 0.900232
69400000 -3119.78 2.25562 0.437837 0.85 -139.599 0.900232
69410000 -3132.72 2.03034 0.437838 0.85 -139.599 0.900232
69420000 -3157.99 1.79458 0.437838 0.85 -139.599 0.900232
69430000 -3135.48 2.09837 0.437838 0.85 -139.599 0.900232
69440000 -3115.01 2.30603 0.437839 0.85 -139.599 0.900232
69450000 -3124.93 2.16063 0.437839 0.85 -139.599 0.900232
69460000 -3098.82 2.47363 0.437839 0.85 -139.599 0.900232
69470000 -3131.56 2.09419 0.437838 0.85 -139.599 0.900232
69480000 -3138.89 2.04559 0.437838 0.85 -139.599 0.900232
69490000 -3124.62 2.16411 0.437839 0.85 -139.599 0.900232
69500000 -3166.38 1.73373 0.437841 0.85 -139.599 0.900232
69510000 -3119.97 2.15581 0.437839 0.85 -139.599 0.900232
69520000 -3108.65 2.31272 0.43784 0.85 -139.599 0.900232
69530000 -3105.42 2.39712 0.43784 0.85 -139.599 0.900232
69540000 -3127.63 2.20284 0.43784 0.85 -139.599 0.900232
69550000 -3116.82 2.30389 0.437838 0.85 -139.599 0.900232
69560000 -3080.37 2.59225 0.437837 0.85 -139.599 0.900232
69570000 -3102.05 2.41879 0.437837 0.85 -139.599 0.900232
69580000 -3149.16 1.86779 0.437838 0.85 -139.599 0.900232
69590000 -3116.69 2.17021 0.437839 0.85 -139.599 0.900232
69600000 -3147.19 1.87179 0.437838 0.85 -139.599 0.900232
69610000 -3096.19 2.41847 0.437838 0.85 -139.599 0.900232
69620000 -3086.71 2.55684 0.437838 0.85 -139.599 0.900232
69630000 -3147.36 2.00605 0.437838 0.85 -139.599 0.900232
69640000 -3113.53 2.21093 0.437837 0.85 -139.599 0.900232
69650000 -3120.46 2.19427 0.437838 0.85 -139.599 0.900232
69660000 -3128.04 2.12136 0.437837 0.85 -139.599 0.900232
69670000 -3111.94 2.35889 0.437838 0.85 -139.599 0.900232
69680000 -3112.88 2.38019 0.437838 0.85 -139.599 0.900232
69690000 -3088.85 2.60853 0.437838 0.85 -139.599 0.900232
69700000 -3081.43 2.67426 0.437839 0.85 -139.599 0.900232
69710000 -3106.08 2.37757 0.437838 0.85 -139.599 0.900232
69720000 -3092.13 2.5936 0.437838 0.85 -139.599 0.900232
69730000 -3119.4 2.25194 0.437837 0.85 -139.599 0.900232
69740000 -3093.75 2.58368 0.437835 0.85 -139.599 0.900232
69750000 -3070.08 2.79679 0.437835 0.85 -139.599 0.900232
69760000 -3098.94 2.54654 0.437833 0.85 -139.599 0.900232
69770000 -3108.49 2.3794 0.437832 0.85 -139.599 0.900232
69780000 -3108.82 2.37543 0.437832 0.85 -139.599 0.900232
69790000 -3074.03 2.64598 0.43783 0.85 -139.599 0.900232
69800000 -3097.97 2.4944 0.43783 0.85 -139.599 0.900232
69810000 -3146.79 1.976 0.43783 0.85 -139.599 0.900232
69820000 -3105.91 2.3919 0.437831 0.85 -139.599 0.900232
69830000 -3100.62 2.40089 0.43783 0.85 -139.599 0.900232
69840000 -3091.9 2.54896 0.43783 0.85 -139.599 0.900232
69850000 -3113.34 2.25333 0.437829 0.85 -139.599 0.900232
69860000 -3099.6 2.42642 0.437829 0.85 -139.599 0.900232
69870000 -3087.31 2.63507 0.437828 0.85 -139.599 0.900232
69880000 -3089.82 2.47324 0.437828 0.85 -139.599 0.900232
69890000 -3097.44 2.45336 0.437828 0.85 -139.599 0.900232
69900000 -3073.97 2.6607 0.437829 0.85 -139.599 0.900232
69910000 -3145.65 1.96145 0.437828 0.85 -139.599 0.900232
69920000 -3100.11 2.4813 0.437828 0.85 -139.599 0.900232
69930000 -3098.62 2.42763 0.437828 0.85 -139.599 0.900232
69940000 -3131.02 2.06511 0.437829 0.85 -139.599 0.900232
69950000 -3147.91 1.9509 0.437828 0.85 -139.599 0.900232
69960000 -3127.84 2.18966 0.437829 0.85 -139.599 0.900232
69970000 -3118.19 2.2159 0.437829 0.85 -139.599 0.900232
69980000 -3125.36 2.1165 0.437831 0.85 -139.599 0.900232
69990000 -3127.81 2.15793 0.437832 0.85 -139.599 0.900232
70000000 -3150.44 1.92967 0.437832 0.85 -139.599 0.900232
70010000 -3102.2 2.33205 0.437831 0.85 -139.599 0.900232
70020000 -3086.59 2.50642 0.437831 0.85 -139.599 0.900232
70030000 -3095.28 2.49191 0.43783 0.85 -139.599 0.900232
70040000 -3108.18 2.35481 0.437831 0.85 -139.599 0.900232
70050000 -3123.18 2.16628 0.437831 0.85 -139.599 0.900232
70060000 -3126.21 2.15641 0.437832 0.85 -139.599 0.900232
70070000 -3122.56 2.13564 0.437833 0.85 -139.599 0.900232
70080000 -3118.43 2.22794 0.437833 0.85 -139.599 0.900232
70090000 -3103.22 2.4431 0.437833 0.85 -139.599 0.900232
70100000 -3120.03 2.224 0.437834 0.85 -139.599 0.900232
70110000 -3142.2 1.99318 0.437834 0.85 -139.599 0.900232
70120000 -3130.79 2.13847 0.437834 0.85 -139.599 0.900232
70130000 -3112.85 2.39808 0.437835 0.85 -139.599 0.900232
70140000 -3128.42 2.18299 0.437835 0.85 -139.599 0.900232
70150000 -3120.4 2.32856 0.437835 0.85 -139.599 0.900232
70160000 -3089.61 2.53981 0.437834 0.85 -139.599 0.900232
70170000 -3063.12 2.83292 0.437835 0.85 -139.599 0.900232
70180000 -3119.6 2.27747 0.437834 0.85 -139.599 0.900232
70190000 -3111.72 2.37306 0.437833 0.85 -139.599 0.900232
70200000 -3116.18 2.40618 0.437831 0.85 -139.599 0.900232
70210000 -3114.92 2.3794 0.437832 0.85 -139.599 0.900232
70220000 -3101.05 2.44661 0.437832 0.85 -139.599 0.900232
70230000 -3154.81 1.88199 0.437832 0.85 -139.599 0.900232
70240000 -3126.09 2.13447 0.437832 0.85 -139.599 0.900232
70250000 -3140.04 2.06863 0.437832 0.85 -139.599 0.900232
70260000 -3103.43 2.42952 0.437832 0.85 -139.599 0.900232
70270000 -3105.76 2.39401 0.437831 0.85 -139.599 0.900232
70280000 -3120.1 2.21547 0.437831 0.85 -139.599 0.900232
70290000 -3092.11 2.55742 0.437831 0.85 -139.599 0.900232
70300000 -3121.15 2.22877 0.437831 0.85 -139.599 0.900232
70310000 -3122.17 2.2111 0.437832 0.85 -139.599 0.900232
70320000 -3111.92 2.38449 0.437831 0.85 -139.599 0.900232
70330000 -3150.95 2.01476 0.43783 0.85 -139.599 0.900232
70340000 -3126.3 2.20912 0.437831 0.85 -139.599 0.900232
70350000 -3146.84 1.99484 0.437833 0.85 -139.599 0.900232
70360000 -3128.41 2.18458 0.437833 0.85 -139.599 0.900232
70370000 -3136.21 2.10767 0.437832 0.85 -139.599 0.900232
70380000 -3151.04 1.95044 0.437832 0.85 -139.599 0.900232
70390000 -3140.28 2.02215 0.437832 0.85 -139.599 0.900232
70400000 -3115.74 2.24357 0.437833 0.85 -139.599 0.900232
70410000 -3077.9 2.6973 0.437833 0.85 -139.599 0.900232
70420000 -3122 2.22974 0.437833 0.85 -139.599 0.900232
70430000 -3096.86 2.47617 0.437832 0.85 -139.599 0.900232
70440000 -3115.75 2.3065 0.437833 0.85 -139.599 0.900232
70450000 -3142.3 1.9653 0.437831 0.85 -139.599 0.900232
70460000 -3145.1 1.94448 0.437833 0.85 -139.599 0.900232
70470000 -3160.22 1.84504 0.437834 0.85 -139.599 0.900232
70480000 -3137.21 2.02331 0.437836 0.85 -139.599 0.900232
70490000 -3169.51 1.78458 0.437837 0.85 -139.599 0.900232
70500000 -3149.02 1.95371 0.437838 0.85 -139.599 0.900232
70510000 -3171.81 1.7574 0.437837 0.85 -139.599 0.900232
70520000 -3133.15 2.09279 0.437838 0.85 -139.599 0.900232
70530000 -3149.82 2.02808 0.43784 0.85 -139.599 0.900232
70540000 -3147.93 1.97163 0.43784 0.85 -139.599 0.900232
70550000 -3148.66 2.01723 0.437839 0.85 -139.599 0.900232
70560000 -3165.57 1.80812 0.437839 0.85 -139.599 0.900232
70570000 -3155.68 1.93646 0.437839 0.85 -139.599 0.900232
70580000 -3108.89 2.39865 0.43784 0.85 -139.599 0.900232
70590000 -3141.72 2.02943 0.437841 0.85 -139.599 0.900232
70600000 -3143.9 2.00398 0.437842 0.85 -139.599 0.900232
70610000 -3108.4 2.38005 0.437842 0.85 -139.599 0.900232
70620000 -3096.86 2.40854 0.437842 0.85 -139.599 0.900232
70630000 -3141.94 2.02541 0.437843 0.85 -139.599 0.900232
70640000 -3144.71 2.10243 0.437843 0.85 -139.599 0.900232
70650000 -3116.44 2.34608 0.437843 0.85 -139.599 0.900232
70660000 -3137.61 2.13082 0.437844 0.85 -139.599 0.900232
70670000 -3117.87 2.24606 0.437842 0.85 -139.599 0.900232
70680000 -3109.61 2.30706 0.437841 0.85 -139.599 0.900232
70690000 -3134.17 2.10779 0.437841 0.85 -139.599 0.900232
70700000 -3159.98 1.82263 0.437842 0.85 -139.599 0.900232
70710000 -3132.41 2.15369 0.437843 0.85 -139.599 0.900232
70720000 -3122.09 2.22472 0.437844 0.85 -139.599 0.900232
70730000 -3122.9 2.20566 0.437845 0.85 -139.599 0.900232
70740000 -3133.57 2.09611 0.437845 0.85 -139.599 0.900232
70750000 -3099.68 2.46344 0.437843 0.85 -139.599 0.900232
70760000 -3118.55 2.30919 0.437843 0.85 -139.599 0.900232
70770000 -3132.72 2.07406 0.437843 0.85 -139.599 0.900232
70780000 -3102.59 2.43342 0.437842 0.85 -139.599 0.900232
70790000 -3106.57 2.3531 0.437843 0.85 -139.599 0.900232
70800000 -3125.21 2.07451 0.437842 0.85 -139.599 0.900232
70810000 -3150.1 1.95687 0.437841 0.85 -139.599 0.900232
70820000 -3124.83 2.15582 0.43784 0.85 -139.599 0.900232
70830000 -3149.94 1.94169 0.437839 0.85 -139.599 0.900232
70840000 -3134.13 2.0646 0.437839 0.85 -139.599 0.900232
70850000 -3097.04 2.37988 0.43784 0.85 -139.599 0.900232
70860000 -3124.85 2.20327 0.43784 0.85 -139.599 0.900232
70870000 -3126.47 2.16826 0.437839 0.85 -139.599 0.900232
70880000 -3151.61 1.92277 0.43784 0.85 -139.599 0.900232
70890000 -3152.84 1.88711 0.43784 0.85 -139.599 0.900232
70900000 -3147.95 1.92786 0.437839 0.85 -139.599 0.900232
70910000 -3138.29 2.03022 0.43784 0.85 -139.599 0.900232
70920000 -3120.21 2.24739 0.437841 0.85 -139.599 0.900232
70930000 -3130.54 2.08911 0.437842 0.85 -139.599 0.900232
70940000 -3104.52 2.35603 0.43784 0.85 -139.599 0.900232
70950000 -3120.63 2.18042 0.437841 0.85 -139.599 0.900232
70960000 -3172.25 1.70192 0.437843 0.85 -139.599 0.900232
70970000 -3167.43 1.7649 0.437844 0.85 -139.599 0.900232
70980000 -3125.35 2.24779 0.437846 0.85 -139.599 0.900232
70990000 -3115.5 2.25833 0.437845 0.85 -139.599 0.900232
71000000 -3121.88 2.25376 0.437845 0.85 -139.599 0.900232
71010000 -3154.56 1.92919 0.437844 0.85 -139.599 0.900232
71020000 -3142.29 1.999 0.437844 0.85 -139.599 0.900232
71030000 -3143.17 2.05405 0.437843 0.85 -139.599 0.900232
71040000 -3094.26 2.55512 0.437844 0.85 -139.599 0.900232
71050000 -3131.52 2.12558 0.437844 0.85 -139.599 0.900232
71060000 -3111.41 2.32486 0.437844 0.85 -139.599 0.900232
71070000 -3114.45 2.30318 0.437845 0.85 -139.599 0.900232
71080000 -3120.37 2.23482 0.437844 0.85 -139.599 0.900232
71090000 -3147.12 2.05287 0.437843 0.85 -139.599 0.900232
71100000 -3138.94 2.08167 0.437842 0.85 -139.599 0.900232
71110000 -3122.82 2.2151 0.437842 0.85 -139.599 0.900232
71120000 -3116.13 2.31567 0.437841 0.85 -139.599 0.900232
71130000 -3105.22 2.44814 0.437841 0.85 -139.599 0.900232
71140000 -3115.17 2.29645 0.437841 0.85 -139.599 0.900232
71150000 -3108.46 2.36666 0.437841 0.85 -139.599 0.900232
71160000 -3108.86 2.39914 0.43784 0.85 -139.599 0.900232
71170000 -3143.75 2.03138 0.437841 0.85 -139.599 0.900232
71180000 -3120.79 2.24968 0.43784 0.85 -139.599 0.900232
71190000 -3134.03 2.06982 0.437841 0.85 -139.599 0.900232
71200000 -3120.53 2.10664 0.437841 0.85 -139.599 0.900232
71210000 -3161.95 1.77772 0.437842 0.85 -139.599 0.900232
71220000 -3080.24 2.63782 0.437843 0.85 -139.599 0.900232
71230000 -3108.96 2.42648 0.437841 0.85 -139.599 0.900232
71240000 -3118.41 2.28044 0.437842 0.85 -139.599 0.900232
71250000 -3146.69 1.98797 0.437841 0.85 -139.599 0.900232
71260000 -3130.86 2.17708 0.43784 0.85 -139.599 0.900232
71270000 -3082.53 2.61921 0.43784 0.85 -139.599 0.900232
71280000 -3112.94 2.29594 0.43784 0.85 -139.599 0.900232
71290000 -3107.73 2.44697 0.437838 0.85 -139.599 0.900232
71300000 -3096.25 2.46088 0.437838 0.85 -139.599 0.900232
71310000 -3156.68 1.9336 0.437838 0.85 -139.599 0.900232
71320000 -3151.37 1.88713 0.437838 0.85 -139.599 0.900232
71330000 -3113.1 2.34681 0.437839 0.85 -139.599 0.900232
71340000 -3123.83 2.21074 0.437839 0.85 -139.599 0.900232
71350000 -3120.38 2.24703 0.437838 0.85 -139.599 0.900232
71360000 -3145.99 2.07736 0.437839 0.85 -139.599 0.900232
71370000 -3101.91 2.47295 0.437839 0.85 -139.599 0.900232
71380000 -3102.03 2.41962 0.437838 0.85 -139.599 0.900232
71390000 -3094.38 2.5529 0.437837 0.85 -139.599 0.900232
71400000 -3094.84 2.54945 0.437837 0.85 -139.599 0.900232
71410000 -3102.53 2.4097 0.437837 0.85 -139.599 0.900232
71420000 -3079.93 2.6524 0.437836 0.85 -139.599 0.900232
71430000 -3068.44 2.76544 0.437835 0.85 -139.599 0.900232
71440000 -3114.79 2.34303 0.437835 0.85 -139.599 0.900232
71450000 -3111.19 2.3907 0.437834 0.85 -139.599 0.900232
71460000 -3084.05 2.57896 0.437832 0.85 -139.599 0.900232
71470000 -3094.66 2.46413 0.437833 0.85 -139.599 0.900232
71480000 -3118.57 2.30586 0.437833 0.85 -139.599 0.900232
71490000 -3136.99 2.11179 0.437834 0.85 -139.599 0.900232
71500000 -3113.5 2.30653 0.437833 0.85 -139.599 0.900232
71510000 -3107.68 2.313 0.437832 0.85 -139.599 0.900232
71520000 -3079.55 2.66785 0.437832 0.85 -139.599 0.900232
71530000 -3103.6 2.43312 0.437831 0.85 -139.599 0.900232
71540000 -3116.75 2.27798 0.437829 0.85 -139.599 0.900232
71550000 -3128.23 2.18967 0.437828 0.85 -139.599 0.900232
71560000 -3107.52 2.35597 0.437828 0.85 -139.599 0.900232
71570000 -3070.86 2.77474 0.437828 0.85 -139.599 0.900232
71580000 -3104.04 2.43809 0.437827 0.85 -139.599 0.900232
71590000 -3110.9 2.27456 0.437826 0.85 -139.599 0.900232
71600000 -3132.28 2.09374 0.437826 0.85 -139.599 0.900232
71610000 -3129.43 2.07425 0.437826 0.85 -139.599 0.900232
71620000 -3149.81 1.95311 0.437826 0.85 -139.599 0.900232
71630000 -3148.55 1.9679 0.437827 0.85 -139.599 0.900232
71640000 -3127.87 2.19521 0.437827 0.85 -139.599 0.900232
71650000 -3120.57 2.26485 0.437826 0.85 -139.599 0.900232
71660000 -3106.45 2.40757 0.437824 0.85 -139.599 0.900232
71670000 -3119.68 2.23991 0.437823 0.85 -139.599 0.900232
71680000 -3129.26 2.14951 0.437821 0.85 -139.599 0.900232
71690000 -3092.86 2.45447 0.437821 0.85 -139.599 0.900232
71700000 -3085.85 2.56594 0.437821 0.85 -139.599 0.900232
71710000 -3125.33 2.18983 0.437818 0.85 -139.599 0.900232
71720000 -3105.65 2.3602 0.437819 0.85 -139.599 0.900232
71730000 -3093.66 2.49634 0.437819 0.85 -139.599 0.900232
71740000 -3094.31 2.54732 0.43782 0.85 -139.599 0.900232
71750000 -3093.39 2.49631 0.437819 0.85 -139.599 0.900232
71760000 -3112.32 2.34127 0.437819 0.85 -139.599 0.900232
71770000 -3134.95 2.06278 0.437819 0.85 -139.599 0.900232
71780000 -3090.52 2.53223 0.437818 0.85 -139.599 0.900232
71790000 -3124.05 2.22966 0.437818 0.85 -139.599 0.900232
71800000 -3115.64 2.27148 0.437818 0.85 -139.599 0.900232
71810000 -3102.07 2.51915 0.437818 0.85 -139.599 0.900232
71820000 -3140.63 2.03642 0.437818 0.85 -139.599 0.900232
71830000 -3149.26 1.93939 0.437817 0.85 -139.599 0.900232
71840000 -3148.4 1.95566 0.437817 0.85 -139.599 0.900232
71850000 -3124.39 2.21448 0.437817 0.85 -139.599 0.900232
71860000 -3092.13 2.5022 0.437815 0.85 -139.599 0.900232
71870000 -3100.4 2.44809 0.437814 0.85 -139.599 0.900232
71880000 -3078.05 2.66479 0.437815 0.85 -139.599 0.900232
71890000 -3105.95 2.3562 0.437813 0.85 -139.599 0.900232
71900000 -3110.41 2.28877 0.437814 0.85 -139.599 0.900232
71910000 -3108.33 2.30919 0.437813 0.85 -139.599 0.900232
71920000 -3110.24 2.28321 0.437812 0.85 -139.599 0.900232
71930000 -3134.17 2.05859 0.437813 0.85 -139.599 0.900232
71940000 -3087.81 2.57109 0.437814 0.85 -139.599 0.900232
71950000 -3100.76 2.47524 0.437814 0.85 -139.599 0.900232
71960000 -3146.71 1.96761 0.437814 0.85 -139.599 0.900232
71970000 -3152.97 1.94712 0.437815 0.85 -139.599 0.900232
71980000 -3144.8 1.92683 0.437815 0.85 -139.599 0.900232
71990000 -3137.12 2.01083 0.437815 0.85 -139.599 0.900232
72000000 -3125 2.14967 0.437813 0.85 -139.599 0.900232
72010000 -3087.07 2.45622 0.437814 0.85 -139.599 0.900232
72020000 -3128.12 2.03968 0.437815 0.85 -139.599 0.900232
72030000 -3124.59 2.08134 0.437815 0.85 -139.599 0.900232
72040000 -3103.3 2.37464 0.437815 0.85 -139.599 0.900232
72050000 -3133.5 2.16165 0.437815 0.85 -139.599 0.900232
72060000 -3132.23 2.15831 0.437814 0.85 -139.599 0.900232
72070000 -3150.62 1.85378 0.437814 0.85 -139.599 0.900232
72080000 -3151.22 1.85931 0.437812 0.85 -139.599 0.900232
72090000 -3106.17 2.37956 0.437812 0.85 -139.599 0.900232
72100000 -3142.48 1.97807 0.437812 0.85 -139.599 0.900232
72110000 -3132.2 2.12237 0.437812 0.85 -139.599 0.900232
72120000 -3116.55 2.31069 0.437812 0.85 -139.599 0.900232
72130000 -3150.03 1.89112 0.437812 0.85 -139.599 0.900232
72140000 -3137.59 2.01302 0.437813 0.85 -139.599 0.900232
72150000 -3146.51 1.90257 0.437814 0.85 -139.599 0.900232
72160000 -3149.74 1.95562 0.437815 0.85 -139.599 0.900232
72170000 -3101.97 2.44666 0.437815 0.85 -139.599 0.900232
72180000 -3120.69 2.17488 0.437815 0.85 -139.599 0.900232
72190000 -3122.27 2.20092 0.437816 0.85 -139.599 0.900232
72200000 -3159.99 1.79122 0.437818 0.85 -139.599 0.900232
72210000 -3104.89 2.32292 0.437819 0.85 -139.599 0.900232
72220000 -3141.42 1.88611 0.437819 0.85 -139.599 0.900232
72230000 -3154.62 1.83149 0.437821 0.85 -139.599 0.900232
72240000 -3136.48 2.10918 0.437822 0.85 -139.599 0.900232
72250000 -3144.61 1.92823 0.437822 0.85 -139.599 0.900232
72260000 -3135.88 2.05755 0.437823 0.85 -139.599 0.900232
72270000 -3144.33 2.03696 0.437823 0.85 -139.599 0.900232
72280000 -3153.31 1.94773 0.437824 0.85 -139.599 0.900232
72290000 -3107.58 2.34661 0.437823 0.85 -139.599 0.900232
72300000 -3171.56 1.73992 0.437824 0.85 -139.599 0.900232
72310000 -3125.55 2.11653 0.437824 0.85 -139.599 0.900232
72320000 -3099.73 2.40913 0.437824 0.85 -139.599 0.900232
72330000 -3127.67 2.13957 0.437824 0.85 -139.599 0.900232
72340000 -3165.08 1.8222 0.437825 0.85 -139.599 0.900232
72350000 -3168.08 1.70824 0.437825 0.85 -139.599 0.900232
72360000 -3106.79 2.32509 0.437825 0.85 -139.599 0.900232
72370000 -3109.39 2.33232 0.437826 0.85 -139.599 0.900232
72380000 -3106.37 2.34452 0.437826 0.85 -139.599 0.900232
72390000 -3143.74 1.96448 0.437826 0.85 -139.599 0.900232
72400000 -3115.91 2.32148 0.437825 0.85 -139.599 0.900232
72410000 -3135.3 2.10101 0.437825 0.85 -139.599 0.900232
72420000 -3184.65 1.57483 0.437825 0.85 -139.599 0.900232
72430000 -3141.87 1.94621 0.437826 0.85 -139.599 0.900232
72440000 -3116.96 2.30953 0.437827 0.85 -139.599 0.900232
72450000 -3147.16 1.98132 0.437826 0.85 -139.599 0.900232
72460000 -3148.78 1.91474 0.437826 0.85 -139.599 0.900232
72470000 -3126.6 2.18583 0.437826 0.85 -139.599 0.900232
72480000 -3120.56 2.241 0.437825 0.85 -139.599 0.900232
72490000 -3110.07 2.35212 0.437824 0.85 -139.599 0.900232
72500000 -3100.64 2.4785 0.437825 0.85 -139.599 0.900232
72510000 -3106.22 2.43249 0.437824 0.85 -139.599 0.900232
72520000 -3149.63 1.97852 0.437823 0.85 -139.599 0.900232
72530000 -3146.48 1.97211 0.437824 0.85 -139.599 0.900232
72540000 -3122.82 2.17367 0.437823 0.85 -139.599 0.900232
72550000 -3125.99 2.1782 0.437824 0.85 -139.599 0.900232
72560000 -3161.51 1.75674 0.437826 0.85 -139.599 0.900232
72570000 -3124.02 2.12613 0.437827 0.85 -139.599 0.900232
72580000 -3164.85 1.73215 0.437827 0.85 -139.599 0.900232
72590000 -3150.32 1.89441 0.437828 0.85 -139.599 0.900232
72600000 -3111.48 2.24289 0.437828 0.85 -139.599 0.900232
72610000 -3125.13 2.18241 0.437828 0.85 -139.599 0.900232
72620000 -3136.23 2.03846 0.437829 0.85 -139.599 0.900232
72630000 -3146.94 1.89533 0.437829 0.85 -139.599 0.900232
72640000 -3103.15 2.38585 0.43783 0.85 -139.599 0.900232
72650000 -3117.63 2.27094 0.43783 0.85 -139.599 0.900232
72660000 -3113.2 2.28658 0.437829 0.85 -139.599 0.900232
72670000 -3133.38 2.08907 0.437829 0.85 -139.599 0.900232
72680000 -3119.14 2.20053 0.43783 0.85 -139.599 0.900232
72690000 -3136.97 2.00386 0.437831 0.85 -139.599 0.900232
72700000 -3118.74 2.23019 0.43783 0.85 -139.599 0.900232
72710000 -3122.26 2.20792 0.437831 0.85 -139.599 0.900232
72720000 -3149.23 1.88557 0.437832 0.85 -139.599 0.900232
72730000 -3127.63 2.13762 0.437831 0.85 -139.599 0.900232
72740000 -3130.91 2.08403 0.437832 0.85 -139.599 0.900232
72750000 -3070.4 2.72686 0.437832 0.85 -139.599 0.900232
72760000 -3125.76 2.12943 0.437833 0.85 -139.599 0.900232
72770000 -3129.23 2.13044 0.437834 0.85 -139.599 0.900232
72780000 -3132.12 2.13144 0.437835 0.85 -139.599 0.900232
72790000 -3107.72 2.29745 0.437836 0.85 -139.599 0.900232
72800000 -3143.25 2.04996 0.437837 0.85 -139.599 0.900232
72810000 -3153.24 1.84747 0.437837 0.85 -139.599 0.900232
72820000 -3102.75 2.39975 0.437839 0.85 -139.599 0.900232
72830000 -3116.13 2.21896 0.437839 0.85 -139.599 0.900232
72840000 -3161.92 1.78918 0.437839 0.85 -139.599 0.900232
72850000 -3170.45 1.73006 0.437839 0.85 -139.599 0.900232
72860000 -3127.99 2.1957 0.437839 0.85 -139.599 0.900232
72870000 -3129.35 2.17852 0.437839 0.85 -139.599 0.900232
72880000 -3092.23 2.46296 0.43784 0.85 -139.599 0.900232
72890000 -3122.38 2.22065 0.43784 0.85 -139.599 0.900232
72900000 -3137.72 2.07064 0.43784 0.85 -139.599 0.900232
72910000 -3149.81 1.97444 0.437841 0.85 -139.599 0.900232
72920000 -3119.09 2.19619 0.437841 0.85 -139.599 0.900232
72930000 -3121.52 2.22337 0.437842 0.85 -139.599 0.900232
72940000 -3113.28 2.29207 0.437844 0.85 -139.599 0.900232
72950000 -3122.73 2.15552 0.437843 0.85 -139.599 0.900232
72960000 -3118.13 2.13055 0.437843 0.85 -139.599 0.900232
72970000 -3113.87 2.25939 0.437843 0.85 -139.599 0.900232
72980000 -3085.59 2.5309 0.437843 0.85 -139.599 0.900232
72990000 -3102.34 2.44756 0.437843 0.85 -139.599 0.900232
73000000 -3148.21 1.97407 0.437843 0.85 -139.599 0.900232
73010000 -3097.08 2.45687 0.437844 0.85 -139.599 0.900232
73020000 -3127.87 2.0662 0.437845 0.85 -139.599 0.900232
73030000 -3081.44 2.62758 0.437845 0.85 -139.599 0.900232
73040000 -3095.3 2.42238 0.437846 0.85 -139.599 0.900232
73050000 -3125.01 2.08724 0.437848 0.85 -139.599 0.900232
73060000 -3115.92 2.25924 0.437847 0.85 -139.599 0.900232
73070000 -3119.12 2.25368 0.437846 0.85 -139.599 0.900232
73080000 -3150.72 1.88071 0.437847 0.85 -139.599 0.900232
73090000 -3114.73 2.29834 0.437848 0.85 -139.599 0.900232
73100000 -3159.53 1.89466 0.437848 0.85 -139.599 0.900232
73110000 -3140.53 2.08537 0.437848 0.85 -139.599 0.900232
73120000 -3154.01 1.9673 0.437848 0.85 -139.599 0.900232
73130000 -3117.84 2.30792 0.437849 0.85 -139.599 0.900232
73140000 -3067.78 2.78612 0.437849 0.85 -139.599 0.900232
73150000 -3102.95 2.39861 0.43785 0.85 -139.599 0.900232
73160000 -3118.5 2.29052 0.43785 0.85 -139.599 0.900232
73170000 -3129.84 2.17583 0.43785 0.85 -139.599 0.900232
73180000 -3129.12 2.21185 0.43785 0.85 -139.599 0.900232
73190000 -3128.51 2.13818 0.43785 0.85 -139.599 0.900232
73200000 -3121.93 2.30685 0.43785 0.85 -139.599 0.900232
73210000 -3122.16 2.30602 0.43785 0.85 -139.599 0.900232
73220000 -3108.5 2.31794 0.43785 0.85 -139.599 0.900232
73230000 -3140.48 2.05168 0.43785 0.85 -139.599 0.900232
73240000 -3103.41 2.39231 0.437849 0.85 -139.599 0.900232
73250000 -3103 2.4305 0.437849 0.85 -139.599 0.900232
73260000 -3076.37 2.66525 0.43785 0.85 -139.599 0.900232
73270000 -3117.12 2.30012 0.43785 0.85 -139.599 0.900232
73280000 -3108.21 2.28041 0.437849 0.85 -139.599 0.900232
73290000 -3107.84 2.39412 0.437848 0.85 -139.599 0.900232
73300000 -3112.28 2.29227 0.437848 0.85 -139.599 0.900232
73310000 -3137.83 2.00863 0.437848 0.85 -139.599 0.900232
73320000 -3153.6 1.88422 0.437848 0.85 -139.599 0.900232
73330000 -3157.17 1.8101 0.43785 0.85 -139.599 0.900232
73340000 -3131.01 2.14393 0.437849 0.85 -139.599 0.900232
73350000 -3160.99 1.8004 0.437851 0.85 -139.599 0.900232
73360000 -3131.06 2.1311 0.437851 0.85 -139.599 0.900232
73370000 -3107.1 2.30151 0.437852 0.85 -139.599 0.900232
73380000 -3123.56 2.24121 0.437852 0.85 -139.599 0.900232
73390000 -3125.41 2.21521 0.437853 0.85 -139.599 0.900232
73400000 -3091.1 2.56674 0.437853 0.85 -139.599 0.900232
73410000 -3151.2 1.90611 0.437853 0.85 -139.599 0.900232
73420000 -3116.2 2.2601 0.437853 0.85 -139.599 0.900232
73430000 -3133.3 2.05769 0.437853 0.85 -139.599 0.900232
73440000 -3104.09 2.3166 0.437852 0.85 -139.599 0.900232
73450000 -3142.15 2.03667 0.437853 0.85 -139.599 0.900232
73460000 -3116.91 2.32084 0.437852 0.85 -139.599 0.900232
73470000 -3119.08 2.27894 0.437852 0.85 -139.599 0.900232
73480000 -3115.2 2.29485 0.437852 0.85 -139.599 0.900232
73490000 -3115.44 2.32176 0.437852 0.85 -139.599 0.900232
73500000 -3137.87 2.06846 0.437851 0.85 -139.599 0.900232
73510000 -3115.63 2.30352 0.43785 0.85 -139.599 0.900232
73520000 -3105.79 2.39883 0.437851 0.85 -139.599 0.900232
73530000 -3112.89 2.27457 0.437851 0.85 -139.599 0.900232
73540000 -3128.23 2.14943 0.437851 0.85 -139.599 0.900232
73550000 -3113.84 2.25867 0.437852 0.85 -139.599 0.900232
73560000 -3056.77 2.83137 0.437852 0.85 -139.599 0.900232
73570000 -3106.31 2.37009 0.437852 0.85 -139.599 0.900232
73580000 -3113.64 2.29433 0.437852 0.85 -139.599 0.900232
73590000 -3090.26 2.52747 0.437853 0.85 -139.599 0.900232
73600000 -3160.4 1.9136 0.437853 0.85 -139.599 0.900232
73610000 -3094.34 2.52532 0.437853 0.85 -139.599 0.900232
73620000 -3137.68 2.12119 0.437852 0.85 -139.599 0.900232
73630000 -3105.47 2.37556 0.437852 0.85 -139.599 0.900232
73640000 -3145.99 1.94466 0.437853 0.85 -139.599 0.900232
73650000 -3147.09 1.98874 0.437852 0.85 -139.599 0.900232
73660000 -3126.23 2.2184 0.437852 0.85 -139.599 0.900232
73670000 -3105.12 2.3157 0.437853 0.85 -139.599 0.900232
73680000 -3081.81 2.64097 0.437852 0.85 -139.599 0.900232
73690000 -3101.91 2.40428 0.437851 0.85 -139.599 0.900232
73700000 -3118.47 2.21206 0.437851 0.85 -139.599 0.900232
73710000 -3093.85 2.48152 0.437851 0.85 -139.599 0.900232
73720000 -3090.34 2.55071 0.43785 0.85 -139.599 0.900232
73730000 -3097.84 2.48245 0.43785 0.85 -139.599 0.900232
73740000 -3095.19 2.45076 0.437848 0.85 -139.599 0.900232
73750000 -3063.33 2.81477 0.437849 0.85 -139.599 0.900232
73760000 -3134.8 2.1365 0.437847 0.85 -139.599 0.900232
73770000 -3106.53 2.37346 0.437846 0.85 -139.599 0.900232
73780000 -3104.69 2.4511 0.437845 0.85 -139.599 0.900232
73790000 -3109.09 2.33251 0.437845 0.85 -139.599 0.900232
73800000 -3157.23 1.92368 0.437846 0.85 -139.599 0.900232
73810000 -3118.67 2.27462 0.437847 0.85 -139.599 0.900232
73820000 -3120.01 2.1818 0.437848 0.85 -139.599 0.900232
73830000 -3079.89 2.56708 0.437847 0.85 -139.599 0.900232
73840000 -3111.98 2.32135 0.437847 0.85 -139.599 0.900232
73850000 -3111.9 2.28222 0.437845 0.85 -139.599 0.900232
73860000 -3141.9 2.006 0.437846 0.85 -139.599 0.900232
73870000 -3112.06 2.31911 0.437846 0.85 -139.599 0.900232
73880000 -3116.89 2.25137 0.437846 0.85 -139.599 0.900232
73890000 -3093.82 2.49406 0.437845 0.85 -139.599 0.900232
73900000 -3145.22 1.9516 0.437844 0.85 -139.599 0.900232
73910000 -3097.3 2.44511 0.437845 0.85 -139.599 0.900232
73920000 -3105.81 2.34238 0.437844 0.85 -139.599 0.900232
73930000 -3137.33 1.99131 0.437845 0.85 -139.599 0.900232
73940000 -3125.16 2.16291 0.437846 0.85 -139.599 0.900232
73950000 -3099.64 2.45018 0.437844 0.85 -139.599 0.900232
73960000 -3146.92 1.99733 0.437844 0.85 -139.599 0.900232
73970000 -3120.11 2.21434 0.437845 0.85 -139.599 0.900232
73980000 -3135.15 2.05914 0.437846 0.85 -139.599 0.900232
73990000 -3134.25 2.09614 0.437847 0.85 -139.599 0.900232
74000000 -3134.92 2.09744 0.437848 0.85 -139.599 0.900232
74010000 -3140 2.10742 0.437847 0.85 -139.599 0.900232
74020000 -3131.72 2.14042 0.437847 0.85 -139.599 0.900232
74030000 -3142.06 2.07672 0.437846 0.85 -139.599 0.900232
74040000 -3130.3 2.1464 0.437846 0.85 -139.599 0.900232
74050000 -3135.7 2.07393 0.437846 0.85 -139.599 0.900232
74060000 -3110.15 2.34448 0.437847 0.85 -139.599 0.900232
74070000 -3149.59 1.96774 0.437846 0.85 -139.599 0.900232
74080000 -3088.1 2.57179 0.437845 0.85 -139.599 0.900232
74090000 -3145.65 1.99113 0.437844 0.85 -139.599 0.900232
74100000 -3109.9 2.37194 0.437845 0.85 -139.599 0.900232
74110000 -3118.79 2.26666 0.437845 0.85 -139.599 0.900232
74120000 -3143.31 2.03669 0.437845 0.85 -139.599 0.900232
74130000 -3111.8 2.35566 0.437846 0.85 -139.599 0.900232
74140000 -3119.81 2.21188 0.437844 0.85 -139.599 0.900232
74150000 -3087.93 2.5506 0.437844 0.85 -139.599 0.900232
74160000 -3113.1 2.30105 0.437845 0.85 -139.599 0.900232
74170000 -3141.41 2.00085 0.437845 0.85 -139.599 0.900232
74180000 -3113.82 2.30015 0.437846 0.85 -139.599 0.900232
74190000 -3145.3 1.99721 0.437846 0.85 -139.599 0.900232
74200000 -3160.9 1.86995 0.437846 0.85 -139.599 0.900232
74210000 -3109.08 2.3527 0.437848 0.85 -139.599 0.900232
74220000 -3140.16 1.98526 0.437848 0.85 -139.599 0.900232
74230000 -3121.8 2.22131 0.437849 0.85 -139.599 0.900232
74240000 -3100.96 2.37732 0.437849 0.85 -139.599 0.900232
74250000 -3107.23 2.32589 0.437849 0.85 -139.599 0.900232
74260000 -3147.86 1.93168 0.437849 0.85 -139.599 0.900232
74270000 -3088.44 2.44989 0.437849 0.85 -139.599 0.900232
74280000 -3148.63 1.96035 0.437849 0.85 -139.599 0.900232
74290000 -3111.72 2.29193 0.437849 0.85 -139.599 0.900232
74300000 -3123.91 2.22251 0.437848 0.85 -139.599 0.900232
74310000 -3119.96 2.27413 0.437848 0.85 -139.599 0.900232
74320000 -3129.1 2.17312 0.437848 0.85 -139.599 0.900232
74330000 -3127.16 2.18787 0.437848 0.85 -139.599 0.900232
74340000 -3128.55 2.27557 0.437848 0.85 -139.599 0.900232
74350000 -3076.77 2.62712 0.437847 0.85 -139.599 0.900232
74360000 -3123.54 2.22128 0.437848 0.85 -139.599 0.900232
74370000 -3108.2 2.41688 0.437847 0.85 -139.599 0.900232
74380000 -3096.42 2.47445 0.437847 0.85 -139.599 0.900232
74390000 -3102.67 2.48917 0.437847 0.85 -139.599 0.900232
74400000 -3163.91 1.77364 0.437847 0.85 -139.599 0.900232
74410000 -3074.37 2.60376 0.437848 0.85 -139.599 0.900232
74420000 -3124.9 2.22122 0.437848 0.85 -139.599 0.900232
74430000 -3105.58 2.42975 0.437848 0.85 -139.599 0.900232
74440000 -3100.55 2.46608 0.437847 0.85 -139.599 0.900232
74450000 -3077.84 2.69585 0.437846 0.85 -139.599 0.900232
74460000 -3089.97 2.54834 0.437845 0.85 -139.599 0.900232
74470000 -3138.31 2.05944 0.437845 0.85 -139.599 0.900232
74480000 -3128.05 2.16716 0.437845 0.85 -139.599 0.900232
74490000 -3129.71 2.12804 0.437845 0.85 -139.599 0.900232
74500000 -3147.85 1.94031 0.437846 0.85 -139.599 0.900232
74510000 -3119.59 2.22618 0.437845 0.85 -139.599 0.900232
74520000 -3117.02 2.30391 0.437844 0.85 -139.599 0.900232
74530000 -3101.34 2.51508 0.437843 0.85 -139.599 0.900232
74540000 -3116.61 2.30238 0.437844 0.85 -139.599 0.900232
74550000 -3150.15 1.94414 0.437845 0.85 -139.599 0.900232
74560000 -3128.81 2.10938 0.437846 0.85 -139.599 0.900232
74570000 -3154.27 1.87966 0.437847 0.85 -139.599 0.900232
74580000 -3145.25 1.99123 0.437846 0.85 -139.599 0.900232
74590000 -3123.83 2.17463 0.437846 0.85 -139.599 0.900232
74600000 -3147.29 1.94301 0.437846 0.85 -139.599 0.900232
74610000 -3120.74 2.17164 0.437846 0.85 -139.599 0.900232
74620000 -3138.71 2.04699 0.437846 0.85 -139.599 0.900232
74630000 -3147.49 1.90421 0.437845 0.85 -139.599 0.900232
74640000 -3149.94 1.88066 0.437846 0.85 -139.599 0.900232
74650000 -3151.67 1.86024 0.437846 0.85 -139.599 0.900232
74660000 -3128.19 2.12975 0.437846 0.85 -139.599 0.900232
74670000 -3132.84 2.04358 0.437846 0.85 -139.599 0.900232
74680000 -3125.75 2.1617 0.437847 0.85 -139.599 0.900232
74690000 -3140.51 1.96191 0.437849 0.85 -139.599 0.900232
74700000 -3119.61 2.21711 0.437851 0.85 -139.599 0.900232
74710000 -3122.14 2.22158 0.43785 0.85 -139.599 0.900232
74720000 -3157.11 1.87009 0.437851 0.85 -139.599 0.900232
74730000 -3140.08 2.08509 0.437852 0.85 -139.599 0.900232
74740000 -3130.05 2.20696 0.437851 0.85 -139.599 0.900232
74750000 -3103.74 2.36996 0.437852 0.85 -139.599 0.900232
74760000 -3145.89 1.98579 0.437853 0.85 -139.599 0.900232
74770000 -3118.64 2.29451 0.437853 0.85 -139.599 0.900232
74780000 -3116.19 2.26612 0.437853 0.85 -139.599 0.900232
74790000 -3140.82 2.01163 0.437853 0.85 -139.599 0.900232
74800000 -3135.09 2.07365 0.437854 0.85 -139.599 0.900232
74810000 -3118.57 2.22386 0.437854 0.85 -139.599 0.900232
74820000 -3104.32 2.43663 0.437854 0.85 -139.599 0.900232
74830000 -3130.77 2.22119 0.437854 0.85 -139.599 0.900232
74840000 -3121.97 2.29054 0.437854 0.85 -139.599 0.900232
74850000 -3139.91 2.05085 0.437853 0.85 -139.599 0.900232
74860000 -3105.04 2.4089 0.437854 0.85 -139.599 0.900232
74870000 -3065.11 2.78565 0.437855 0.85 -139.599 0.900232
74880000 -3115.88 2.22721 0.437856 0.85 -139.599 0.900232
74890000 -3116.34 2.27292 0.437856 0.85 -139.599 0.900232
74900000 -3114.56 2.3121 0.437857 0.85 -139.599 0.900232
74910000 -3081.78 2.62869 0.437858 0.85 -139.599 0.900232
74920000 -3126.98 2.1805 0.437859 0.85 -139.599 0.900232
74930000 -3118.91 2.22634 0.43786 0.85 -139.599 0.900232
74940000 -3100.76 2.43155 0.437859 0.85 -139.599 0.900232
74950000 -3116.35 2.20241 0.437859 0.85 -139.599 0.900232
74960000 -3117.03 2.26891 0.437859 0.85 -139.599 0.900232
74970000 -3127.83 2.17028 0.437859 0.85 -139.599 0.900232
74980000 -3123.5 2.19489 0.43786 0.85 -139.599 0.900232
74990000 -3138.2 2.14602 0.43786 0.85 -139.599 0.900232
75000000 -3119.22 2.32142 0.43786 0.85 -139.599 0.900232
75010000 -3102.07 2.36507 0.43786 0.85 -139.599 0.900232
75020000 -3125.74 2.22576 0.43786 0.85 -139.599 0.900232
75030000 -3126.13 2.15893 0.437861 0.85 -139.599 0.900232
75040000 -3127.24 2.26394 0.437861 0.85 -139.599 0.900232
75050000 -3116.21 2.30026 0.43786 0.85 -139.599 0.900232
75060000 -3119.36 2.27747 0.437859 0.85 -139.599 0.900232
75070000 -3107.15 2.36617 0.437859 0.85 -139.599 0.900232
75080000 -3087.8 2.5746 0.437859 0.85 -139.599 0.900232
75090000 -3101.45 2.43694 0.437858 0.85 -139.599 0.900232
75100000 -3112.14 2.38388 0.437858 0.85 -139.599 0.900232
75110000 -3111.36 2.34162 0.437859 0.85 -139.599 0.900232
75120000 -3126.88 2.17913 0.437859 0.85 -139.599 0.900232
75130000 -3106.45 2.31124 0.43786 0.85 -139.599 0.900232
75140000 -3114.55 2.27004 0.43786 0.85 -139.599 0.900232
75150000 -3089.68 2.58353 0.437861 0.85 -139.599 0.900232
75160000 -3118.53 2.29786 0.43786 0.85 -139.599 0.900232
75170000 -3129.38 2.11852 0.43786 0.85 -139.599 0.900232
75180000 -3100.27 2.5185 0.43786 0.85 -139.599 0.900232
75190000 -3099.68 2.4194 0.43786 0.85 -139.599 0.900232
75200000 -3130.7 2.14271 0.437859 0.85 -139.599 0.900232
75210000 -3115.06 2.27833 0.437859 0.85 -139.599 0.900232
75220000 -3085.39 2.61669 0.437859 0.85 -139.599 0.900232
75230000 -3106.69 2.44798 0.437859 0.85 -139.599 0.900232
75240000 -3113.55 2.36382 0.437859 0.85 -139.599 0.900232
75250000 -3110.85 2.39081 0.437859 0.85 -139.599 0.900232
75260000 -3091.91 2.42233 0.437858 0.85 -139.599 0.900232
75270000 -3133.03 2.11408 0.437859 0.85 -139.599 0.900232
75280000 -3087.9 2.5167 0.437859 0.85 -139.599 0.900232
75290000 -3099.94 2.45393 0.437858 0.85 -139.599 0.900232
75300000 -3142.11 1.99899 0.437859 0.85 -139.599 0.900232
75310000 -3117.07 2.23586 0.43786 0.85 -139.599 0.900232
75320000 -3110.12 2.30188 0.43786 0.85 -139.599 0.900232
75330000 -3122.73 2.1656 0.437861 0.85 -139.599 0.900232
75340000 -3121.49 2.1823 0.43786 0.85 -139.599 0.900232
75350000 -3131.61 2.08278 0.437861 0.85 -139.599 0.900232
75360000 -3105.14 2.41537 0.437861 0.85 -139.599 0.900232
75370000 -3127.85 2.1649 0.437862 0.85 -139.599 0.900232
75380000 -3151.81 1.92849 0.437863 0.85 -139.599 0.900232
75390000 -3125.33 2.22163 0.437862 0.85 -139.599 0.900232
75400000 -3140.81 2.01768 0.437864 0.85 -139.599 0.900232
75410000 -3110.24 2.36609 0.437865 0.85 -139.599 0.900232
75420000 -3130.96 2.12853 0.437866 0.85 -139.599 0.900232
75430000 -3069.86 2.73268 0.437866 0.85 -139.599 0.900232
75440000 -3144.91 1.94251 0.437865 0.85 -139.599 0.900232
75450000 -3137.93 2.0829 0.437866 0.85 -139.599 0.900232
75460000 -3140.66 2.06531 0.437868 0.85 -139.599 0.900232
75470000 -3140.55 2.12287 0.437867 0.85 -139.599 0.900232
75480000 -3131.94 2.14781 0.437867 0.85 -139.599 0.900232
75490000 -3144.06 2.09708 0.437867 0.85 -139.599 0.900232
75500000 -3129.55 2.25396 0.437867 0.85 -139.599 0.900232
75510000 -3125.2 2.26294 0.437866 0.85 -139.599 0.900232
75520000 -3123.6 2.25015 0.437867 0.85 -139.599 0.900232
75530000 -3130.17 2.11796 0.437867 0.85 -139.599 0.900232
75540000 -3083.01 2.61427 0.437866 0.85 -139.599 0.900232
75550000 -3107.95 2.33955 0.437866 0.85 -139.599 0.900232
75560000 -3120.46 2.27569 0.437867 0.85 -139.599 0.900232
75570000 -3174.14 1.66463 0.437867 0.85 -139.599 0.900232
75580000 -3164.96 1.80374 0.437867 0.85 -139.599 0.900232
75590000 -3168.05 1.78071 0.437868 0.85 -139.599 0.900232
75600000 -3146.32 1.92855 0.437867 0.85 -139.599 0.900232
75610000 -3134.13 2.07603 0.437868 0.85 -139.599 0.900232
75620000 -3138.17 2.12413 0.437869 0.85 -139.599 0.900232
75630000 -3156.56 1.86954 0.437868 0.85 -139.599 0.900232
75640000 -3137.04 2.04493 0.43787 0.85 -139.599 0.900232
75650000 -3150.83 1.95232 0.437869 0.85 -139.599 0.900232
75660000 -3126.52 2.13572 0.437869 0.85 -139.599 0.900232
75670000 -3166 1.75695 0.437869 0.85 -139.599 0.900232
75680000 -3143.19 2.01503 0.437871 0.85 -139.599 0.900232
75690000 -3136.92 2.03423 0.43787 0.85 -139.599 0.900232
75700000 -3132.43 2.10073 0.437869 0.85 -139.599 0.900232
75710000 -3144.76 1.95529 0.437871 0.85 -139.599 0.900232
75720000 -3130.74 2.17012 0.437872 0.85 -139.599 0.900232
75730000 -3141.32 2.07326 0.437872 0.85 -139.599 0.900232
75740000 -3123.64 2.23582 0.437872 0.85 -139.599 0.900232
75750000 -3161.98 1.85723 0.437872 0.85 -139.599 0.900232
75760000 -3109.01 2.33224 0.437872 0.85 -139.599 0.900232
75770000 -3133.86 2.13869 0.437872 0.85 -139.599 0.900232
75780000 -3138.97 2.02366 0.437873 0.85 -139.599 0.900232
75790000 -3139.82 1.94099 0.437874 0.85 -139.599 0.900232
75800000 -3132.49 2.06386 0.437875 0.85 -139.599 0.900232
75810000 -3137.12 2.14421 0.437875 0.85 -139.599 0.900232
75820000 -3126.51 2.13052 0.437875 0.85 -139.599 0.900232
75830000 -3081.15 2.58418 0.437875 0.85 -139.599 0.900232
75840000 -3137.4 2.07527 0.437875 0.85 -139.599 0.900232
75850000 -3118.82 2.22222 0.437875 0.85 -139.599 0.900232
75860000 -3086.05 2.49536 0.437874 0.85 -139.599 0.900232
75870000 -3128.18 2.10568 0.437875 0.85 -139.599 0.900232
75880000 -3141.92 2.0113 0.437875 0.85 -139.599 0.900232
75890000 -3123.58 2.16872 0.437874 0.85 -139.599 0.900232
75900000 -3089.38 2.55859 0.437874 0.85 -139.599 0.900232
75910000 -3083.97 2.60191 0.437874 0.85 -139.599 0.900232
75920000 -3141.63 2.04895 0.437874 0.85 -139.599 0.900232
75930000 -3126.21 2.1944 0.437874 0.85 -139.599 0.900232
75940000 -3124.17 2.2337 0.437874 0.85 -139.599 0.900232
75950000 -3148.93 1.89981 0.437874 0.85 -139.599 0.900232
75960000 -3145.96 1.97328 0.437874 0.85 -139.599 0.900232
75970000 -3135.66 2.04653 0.437874 0.85 -139.599 0.900232
75980000 -3144.06 2.0465 0.437875 0.85 -139.599 0.900232
75990000 -3129.06 2.15078 0.437876 0.85 -139.599 0.900232
76000000 -3164.43 1.79362 0.437876 0.85 -139.599 0.900232
76010000 -3174.93 1.66692 0.437877 0.85 -139.599 0.900232
76020000 -3136.8 2.04469 0.437878 0.85 -139.599 0.900232
76030000 -3142.54 1.9487 0.437879 0.85 -139.599 0.900232
76040000 -3139.46 2.01881 0.43788 0.85 -139.599 0.900232
76050000 -3112.5 2.29559 0.43788 0.85 -139.599 0.900232
76060000 -3138.07 2.03553 0.43788 0.85 -139.599 0.900232
76070000 -3119.46 2.18595 0.43788 0.85 -139.599 0.900232
76080000 -3135.67 2.03856 0.437881 0.85 -139.599 0.900232
76090000 -3084.02 2.52235 0.437882 0.85 -139.599 0.900232
76100000 -3119.45 2.17183 0.437883 0.85 -139.599 0.900232
76110000 -3127.99 2.15235 0.437884 0.85 -139.599 0.900232
76120000 -3127.03 2.14502 0.437884 0.85 -139.599 0.900232
76130000 -3125.26 2.14835 0.437883 0.85 -139.599 0.900232
76140000 -3151.94 1.8767 0.437884 0.85 -139.599 0.900232
76150000 -3114.91 2.28371 0.437884 0.85 -139.599 0.900232
76160000 -3123.17 2.19864 0.437885 0.85 -139.599 0.900232
76170000 -3135.08 2.10571 0.437885 0.85 -139.599 0.900232
76180000 -3143.19 2.01949 0.437885 0.85 -139.599 0.900232
76190000 -3146.44 1.98888 0.437885 0.85 -139.599 0.900232
76200000 -3113.69 2.21889 0.437885 0.85 -139.599 0.900232
76210000 -3149.93 1.89073 0.437886 0.85 -139.599 0.900232
76220000 -3112.48 2.36467 0.437886 0.85 -139.599 0.900232
76230000 -3119.75 2.13642 0.437887 0.85 -139.599 0.900232
76240000 -3134.15 2.09033 0.437887 0.85 -139.599 0.900232
76250000 -3152.56 1.89827 0.437887 0.85 -139.599 0.900232
76260000 -3111.05 2.26732 0.437887 0.85 -139.599 0.900232
76270000 -3133.02 2.08848 0.437888 0.85 -139.599 0.900232
76280000 -3140.45 1.99296 0.437888 0.85 -139.599 0.900232
76290000 -3149.01 1.88678 0.437889 0.85 -139.599 0.900232
76300000 -3125.3 2.12021 0.43789 0.85 -139.599 0.900232
76310000 -3104.3 2.36462 0.43789 0.85 -139.599 0.900232
76320000 -3111.18 2.25228 0.437889 0.85 -139.599 0.900232
76330000 -3140.22 2.00229 0.437889 0.85 -139.599 0.900232
76340000 -3115.29 2.31362 0.437889 0.85 -139.599 0.900232
76350000 -3110.47 2.26317 0.437889 0.85 -139.599 0.900232
76360000 -3108.72 2.28976 0.43789 0.85 -139.599 0.900232
76370000 -3105.94 2.38515 0.437891 0.85 -139.599 0.900232
76380000 -3146.75 1.91528 0.437891 0.85 -139.599 0.900232
76390000 -3139.94 1.94278 0.437891 0.85 -139.599 0.900232
76400000 -3130 2.1089 0.437892 0.85 -139.599 0.900232
76410000 -3115.29 2.30764 0.437892 0.85 -139.599 0.900232
76420000 -3142.8 1.99348 0.437892 0.85 -139.599 0.900232
76430000 -3158.49 1.82253 0.437893 0.85 -139.599 0.900232
76440000 -3115.22 2.24402 0.437892 0.85 -139.599 0.900232
76450000 -3120.51 2.18189 0.437892 0.85 -139.599 0.900232
76460000 -3120.86 2.18567 0.437892 0.85 -139.599 0.900232
76470000 -3091.18 2.50217 0.437893 0.85 -139.599 0.900232
76480000 -3100.7 2.429 0.437893 0.85 -139.599 0.900232
76490000 -3101.41 2.4385 0.437892 0.85 -139.599 0.900232
76500000 -3129.68 2.14293 0.437892 0.85 -139.599 0.900232
76510000 -3064 2.82797 0.437891 0.85 -139.599 0.900232
76520000 -3118.39 2.37497 0.437889 0.85 -139.599 0.900232
76530000 -3103.11 2.4302 0.437889 0.85 -139.599 0.900232
76540000 -3103.42 2.475 0.437888 0.85 -139.599 0.900232
76550000 -3126.25 2.18271 0.437887 0.85 -139.599 0.900232
76560000 -3063.05 2.84148 0.437887 0.85 -139.599 0.900232
76570000 -3118.98 2.27172 0.437888 0.85 -139.599 0.900232
76580000 -3106.68 2.38127 0.437887 0.85 -139.599 0.900232
76590000 -3128.43 2.09616 0.437887 0.85 -139.599 0.900232
76600000 -3134.18 2.12091 0.437887 0.85 -139.599 0.900232
76610000 -3133.51 2.12993 0.437888 0.85 -139.599 0.900232
76620000 -3088.23 2.54088 0.437887 0.85 -139.599 0.900232
76630000 -3089.97 2.51169 0.437887 0.85 -139.599 0.900232
76640000 -3093.83 2.47322 0.437887 0.85 -139.599 0.900232
76650000 -3125.51 2.14712 0.437887 0.85 -139.599 0.900232
76660000 -3135.68 2.09142 0.437887 0.85 -139.599 0.900232
76670000 -3099.68 2.41234 0.437888 0.85 -139.599 0.900232
76680000 -3095.28 2.48083 0.437888 0.85 -139.599 0.900232
76690000 -3114.39 2.29402 0.437889 0.85 -139.599 0.900232
76700000 -3114.48 2.22626 0.437888 0.85 -139.599 0.900232
76710000 -3137.63 2.08037 0.437889 0.85 -139.599 0.900232
76720000 -3143.35 2.00998 0.43789 0.85 -139.599 0.900232
76730000 -3127.56 2.18401 0.43789 0.85 -139.599 0.900232
76740000 -3118.16 2.30716 0.437891 0.85 -139.599 0.900232
76750000 -3146 1.97008 0.437892 0.85 -139.599 0.900232
76760000 -3147.14 1.92022 0.437894 0.85 -139.599 0.900232
76770000 -3136.84 2.05551 0.437894 0.85 -139.599 0.900232
76780000 -3103.73 2.36457 0.437894 0.85 -139.599 0.900232
76790000 -3110.82 2.3419 0.437895 0.85 -139.599 0.900232
76800000 -3100.65 2.39917 0.437895 0.85 -139.599 0.900232
76810000 -3118.22 2.31263 0.437893 0.85 -139.599 0.900232
76820000 -3154.2 1.8773 0.437893 0.85 -139.599 0.900232
76830000 -3106.01 2.34637 0.437893 0.85 -139.599 0.900232
76840000 -3142.1 2.07599 0.437893 0.85 -139.599 0.900232
76850000 -3169.17 1.7316 0.437894 0.85 -139.599 0.900232
76860000 -3141.5 1.96809 0.437895 0.85 -139.599 0.900232
76870000 -3142.09 1.99122 0.437895 0.85 -139.599 0.900232
76880000 -3141.93 1.95608 0.437894 0.85 -139.599 0.900232
76890000 -3139.59 1.98995 0.437895 0.85 -139.599 0.900232
76900000 -3152.72 1.88676 0.437895 0.85 -139.599 0.900232
76910000 -3112.24 2.3242 0.437895 0.85 -139.599 0.900232
76920000 -3130.81 2.06543 0.437895 0.85 -139.599 0.900232
76930000 -3109.32 2.32178 0.437896 0.85 -139.599 0.900232
76940000 -3150.98 1.87632 0.437896 0.85 -139.599 0.900232
76950000 -3136.8 1.98739 0.437896 0.85 -139.599 0.900232
76960000 -3100.98 2.39024 0.437895 0.85 -139.599 0.900232
76970000 -3125.78 2.15865 0.437895 0.85 -139.599 0.900232
76980000 -3093.05 2.61459 0.437893 0.85 -139.599 0.900232
76990000 -3108.64 2.39751 0.437893 0.85 -139.599 0.900232
77000000 -3137.78 2.07693 0.437894 0.85 -139.599 0.900232
77010000 -3122.75 2.24835 0.437894 0.85 -139.599 0.900232
77020000 -3158.48 1.83649 0.437894 0.85 -139.599 0.900232
77030000 -3130.2 2.10034 0.437894 0.85 -139.599 0.900232
77040000 -3119.29 2.1699 0.437892 0.85 -139.599 0.900232
77050000 -3091.2 2.571 0.437891 0.85 -139.599 0.900232
77060000 -3100.2 2.42836 0.437891 0.85 -139.599 0.900232
77070000 -3117.91 2.3218 0.437891 0.85 -139.599 0.900232
77080000 -3134.84 2.18068 0.437891 0.85 -139.599 0.900232
77090000 -3142.11 2.01816 0.437891 0.85 -139.599 0.900232
77100000 -3136.35 2.1629 0.43789 0.85 -139.599 0.900232
77110000 -3119.57 2.18866 0.437891 0.85 -139.599 0.900232
77120000 -3126.23 2.21944 0.437891 0.85 -139.599 0.900232
77130000 -3142.17 2.0316 0.437891 0.85 -139.599 0.900232
77140000 -3147.13 1.95152 0.437892 0.85 -139.599 0.900232
77150000 -3142.02 1.99007 0.437893 0.85 -139.599 0.900232
77160000 -3116.51 2.27378 0.437894 0.85 -139.599 0.900232
77170000 -3123.16 2.16935 0.437893 0.85 -139.599 0.900232
77180000 -3138.91 2.02258 0.437893 0.85 -139.599 0.900232
77190000 -3094.53 2.47893 0.437893 0.85 -139.599 0.900232
77200000 -3117.92 2.20579 0.437894 0.85 -139.599 0.900232
77210000 -3115.83 2.24049 0.437894 0.85 -139.599 0.900232
77220000 -3107.28 2.40296 0.437895 0.85 -139.599 0.900232
77230000 -3131.14 2.17317 0.437896 0.85 -139.599 0.900232
77240000 -3128.98 2.16752 0.437897 0.85 -139.599 0.900232
77250000 -3125.63 2.14387 0.437897 0.85 -139.599 0.900232
77260000 -3142.32 2.04063 0.437897 0.85 -139.599 0.900232
77270000 -3130.44 2.07427 0.437897 0.85 -139.599 0.900232
77280000 -3102.42 2.36974 0.437898 0.85 -139.599 0.900232
77290000 -3139.26 2.04482 0.437898 0.85 -139.599 0.900232
77300000 -3155.64 1.9112 0.437898 0.85 -139.599 0.900232
77310000 -3109.81 2.30684 0.437898 0.85 -139.599 0.900232
77320000 -3127.28 2.25211 0.437898 0.85 -139.599 0.900232
77330000 -3129.09 2.1353 0.437897 0.85 -139.599 0.900232
77340000 -3144.61 1.9666 0.437898 0.85 -139.599 0.900232
77350000 -3090.41 2.55179 0.437898 0.85 -139.599 0.900232
77360000 -3104.83 2.4314 0.437898 0.85 -139.599 0.900232
77370000 -3092.03 2.51821 0.437898 0.85 -139.599 0.900232
77380000 -3108.59 2.35465 0.437897 0.85 -139.599 0.900232
77390000 -3132.12 2.13237 0.437897 0.85 -139.599 0.900232
77400000 -3125.87 2.19025 0.437896 0.85 -139.599 0.900232
77410000 -3116.59 2.23154 0.437897 0.85 -139.599 0.900232
77420000 -3152.43 1.85526 0.437897 0.85 -139.599 0.900232
77430000 -3102.52 2.44433 0.437898 0.85 -139.599 0.900232
77440000 -3102.68 2.3841 0.437896 0.85 -139.599 0.900232
77450000 -3127.92 2.15779 0.437894 0.85 -139.599 0.900232
77460000 -3104.34 2.3806 0.437894 0.85 -139.599 0.900232
77470000 -3145.55 1.98805 0.437894 0.85 -139.599 0.900232
77480000 -3120.7 2.25278 0.437894 0.85 -139.599 0.900232
77490000 -3101.31 2.41813 0.437892 0.85 -139.599 0.900232
77500000 -3126.61 2.17828 0.437891 0.85 -139.599 0.900232
77510000 -3093.14 2.57056 0.43789 0.85 -139.599 0.900232
77520000 -3136.03 2.08207 0.43789 0.85 -139.599 0.900232
77530000 -3126.33 2.16772 0.437891 0.85 -139.599 0.900232
77540000 -3160.74 1.83757 0.437892 0.85 -139.599 0.900232
77550000 -3125.85 2.1446 0.437893 0.85 -139.599 0.900232
77560000 -3136.47 2.0665 0.437894 0.85 -139.599 0.900232
77570000 -3129 2.16651 0.437894 0.85 -139.599 0.900232
77580000 -3099.63 2.43547 0.437893 0.85 -139.599 0.900232
77590000 -3091.8 2.47234 0.437893 0.85 -139.599 0.900232
77600000 -3117.13 2.22485 0.437892 0.85 -139.599 0.900232
77610000 -3133.19 2.0388 0.437892 0.85 -139.599 0.900232
77620000 -3103.62 2.39156 0.437893 0.85 -139.599 0.900232
77630000 -3110.79 2.33026 0.437893 0.85 -139.599 0.900232
77640000 -3147.8 1.9574 0.437893 0.85 -139.599 0.900232
77650000 -3137.01 2.0542 0.437894 0.85 -139.599 0.900232
77660000 -3113.5 2.2285 0.437895 0.85 -139.599 0.900232
77670000 -3113.69 2.24376 0.437895 0.85 -139.599 0.900232
77680000 -3115.9 2.32569 0.437896 0.85 -139.599 0.900232
77690000 -3118.06 2.20097 0.437895 0.85 -139.599 0.900232
77700000 -3107.97 2.37658 0.437895 0.85 -139.599 0.900232
77710000 -3114.69 2.33631 0.437894 0.85 -139.599 0.900232
77720000 -3139.67 2.09456 0.437893 0.85 -139.599 0.900232
77730000 -3163.08 1.85835 0.437893 0.85 -139.599 0.900232
77740000 -3105.44 2.39521 0.437893 0.85 -139.599 0.900232
77750000 -3147.82 1.98479 0.437894 0.85 -139.599 0.900232
77760000 -3121.85 2.23302 0.437895 0.85 -139.599 0.900232
77770000 -3117.06 2.34344 0.437895 0.85 -139.599 0.900232
77780000 -3133.77 2.07636 0.437896 0.85 -139.599 0.900232
77790000 -3149.38 1.9871 0.437897 0.85 -139.599 0.900232
77800000 -3162.84 1.86615 0.437898 0.85 -139.599 0.900232
77810000 -3119.42 2.23177 0.437898 0.85 -139.599 0.900232
77820000 -3132.2 2.08058 0.437899 0.85 -139.599 0.900232
77830000 -3141.35 2.0451 0.437898 0.85 -139.599 0.900232
77840000 -3109.77 2.28593 0.437898 0.85 -139.599 0.900232
77850000 -3136.06 2.00507 0.437898 0.85 -139.599 0.900232
77860000 -3107.11 2.35065 0.437898 0.85 -139.599 0.900232
77870000 -3144.16 1.94464 0.437898 0.85 -139.599 0.900232
77880000 -3106.26 2.32449 0.437898 0.85 -139.599 0.900232
77890000 -3155.51 1.87008 0.437899 0.85 -139.599 0.900232
77900000 -3127.54 2.13077 0.4379 0.85 -139.599 0.900232
77910000 -3127.07 2.20202 0.4379 0.85 -139.599 0.900232
77920000 -3155.05 1.85745 0.4379 0.85 -139.599 0.900232
77930000 -3119.68 2.18578 0.437901 0.85 -139.599 0.900232
77940000 -3157.88 1.79708 0.4379 0.85 -139.599 0.900232
77950000 -3159.22 1.79386 0.4379 0.85 -139.599 0.900232
77960000 -3134.43 2.05865 0.4379 0.85 -139.599 0.900232
77970000 -3111.35 2.32552 0.4379 0.85 -139.599 0.900232
77980000 -3125.73 2.15446 0.4379 0.85 -139.599 0.900232
77990000 -3138.02 2.0627 0.437902 0.85 -139.599 0.900232
78000000 -3149.33 1.88038 0.437903 0.85 -139.599 0.900232
78010000 -3160.72 1.8047 0.437903 0.85 -139.599 0.900232
78020000 -3164.79 1.80048 0.437903 0.85 -139.599 0.900232
78030000 -3134.85 2.02467 0.437904 0.85 -139.599 0.900232
78040000 -3134.88 2.06367 0.437904 0.85 -139.599 0.900232
78050000 -3155.39 1.84215 0.437904 0.85 -139.599 0.900232
78060000 -3124.25 2.19377 0.437904 0.85 -139.599 0.900232
78070000 -3131.75 2.13806 0.437903 0.85 -139.599 0.900232
78080000 -3153.16 1.88491 0.437903 0.85 -139.599 0.900232
78090000 -3142.9 1.97412 0.437905 0.85 -139.599 0.900232
78100000 -3137.24 2.09415 0.437905 0.85 -139.599 0.900232
78110000 -3117.85 2.27095 0.437904 0.85 -139.599 0.900232
78120000 -3143.57 1.96908 0.437904 0.85 -139.599 0.900232
78130000 -3121.73 2.22322 0.437905 0.85 -139.599 0.900232
78140000 -3092.97 2.52077 0.437904 0.85 -139.599 0.900232
78150000 -3118.64 2.2323 0.437905 0.85 -139.599 0.900232
78160000 -3096.73 2.46476 0.437904 0.85 -139.599 0.900232
78170000 -3140.03 2.01864 0.437904 0.85 -139.599 0.900232
78180000 -3130.04 2.09431 0.437903 0.85 -139.599 0.900232
78190000 -3094.81 2.44643 0.437903 0.85 -139.599 0.900232
78200000 -3124.84 2.18985 0.437902 0.85 -139.599 0.900232
78210000 -3085.13 2.53355 0.437902 0.85 -139.599 0.900232
78220000 -3100.6 2.3662 0.437901 0.85 -139.599 0.900232
78230000 -3058.89 2.81364 0.4379 0.85 -139.599 0.900232
78240000 -3092.73 2.47875 0.437899 0.85 -139.599 0.900232
78250000 -3093.59 2.47269 0.437899 0.85 -139.599 0.900232
78260000 -3124.59 2.18969 0.4379 0.85 -139.599 0.900232
78270000 -3085.92 2.56101 0.4379 0.85 -139.599 0.900232
78280000 -3103.1 2.35493 0.4379 0.85 -139.599 0.900232
78290000 -3082.23 2.57279 0.4379 0.85 -139.599 0.900232
78300000 -3083.84 2.55517 0.437901 0.85 -139.599 0.900232
78310000 -3101.62 2.45031 0.437901 0.85 -139.599 0.900232
78320000 -3096.37 2.48831 0.4379 0.85 -139.599 0.900232
78330000 -3102.72 2.40963 0.437901 0.85 -139.599 0.900232
78340000 -3121.01 2.19327 0.437901 0.85 -139.599 0.900232
78350000 -3139.66 2.01839 0.4379 0.85 -139.599 0.900232
78360000 -3139.13 2.0061 0.437899 0.85 -139.599 0.900232
78370000 -3115.19 2.29228 0.437898 0.85 -139.599 0.900232
78380000 -3119.38 2.2661 0.437899 0.85 -139.599 0.900232
78390000 -3072.89 2.69936 0.437899 0.85 -139.599 0.900232
78400000 -3095.01 2.53837 0.437898 0.85 -139.599 0.900232
78410000 -3117.56 2.30456 0.437898 0.85 -139.599 0.900232
78420000 -3108.4 2.42482 0.437898 0.85 -139.599 0.900232
78430000 -3103.03 2.31392 0.437898 0.85 -139.599 0.900232
78440000 -3100.27 2.37217 0.437898 0.85 -139.599 0.900232
78450000 -3094.2 2.41814 0.437898 0.85 -139.599 0.900232
78460000 -3085.02 2.52832 0.437897 0.85 -139.599 0.900232
78470000 -3119.15 2.20401 0.437897 0.85 -139.599 0.900232
78480000 -3153.19 1.8856 0.437897 0.85 -139.599 0.900232
78490000 -3125.42 2.17983 0.437897 0.85 -139.599 0.900232
78500000 -3111.05 2.31912 0.437897 0.85 -139.599 0.900232
78510000 -3107.52 2.35054 0.437897 0.85 -139.599 0.900232
78520000 -3139.64 1.93179 0.437896 0.85 -139.599 0.900232
78530000 -3119.81 2.2146 0.437896 0.85 -139.599 0.900232
78540000 -3143.26 2.03484 0.437897 0.85 -139.599 0.900232
78550000 -3108.13 2.2932 0.437897 0.85 -139.599 0.900232
78560000 -3106.04 2.33491 0.437897 0.85 -139.599 0.900232
78570000 -3137.39 1.97648 0.437897 0.85 -139.599 0.900232
78580000 -3121.49 2.15323 0.437897 0.85 -139.599 0.900232
78590000 -3125.66 2.15948 0.437896 0.85 -139.599 0.900232
78600000 -3154.74 1.82662 0.437897 0.85 -139.599 0.900232
78610000 -3150.71 1.92779 0.437896 0.85 -139.599 0.900232
78620000 -3147.11 1.91752 0.437897 0.85 -139.599 0.900232
78630000 -3158.79 1.83759 0.437898 0.85 -139.599 0.900232
78640000 -3144.26 1.93787 0.437898 0.85 -139.599 0.900232
78650000 -3125.42 2.1237 0.437899 0.85 -139.599 0.900232
78660000 -3163.82 1.81531 0.4379 0.85 -139.599 0.900232
78670000 -3143.51 1.9527 0.4379 0.85 -139.599 0.900232
78680000 -3156.29 1.85104 0.437901 0.85 -139.599 0.900232
78690000 -3102.51 2.35603 0.437902 0.85 -139.599 0.900232
78700000 -3165.45 1.77899 0.437903 0.85 -139.599 0.900232
78710000 -3158.07 1.90424 0.437903 0.85 -139.599 0.900232
78720000 -3152.72 1.94337 0.437904 0.85 -139.599 0.900232
78730000 -3126.3 2.12075 0.437905 0.85 -139.599 0.900232
78740000 -3150.23 1.87688 0.437905 0.85 -139.599 0.900232
78750000 -3135.3 2.05665 0.437905 0.85 -139.599 0.900232
78760000 -3160.05 1.7669 0.437905 0.85 -139.599 0.900232
78770000 -3155.45 1.84896 0.437907 0.85 -139.599 0.900232
78780000 -3117.05 2.26774 0.437907 0.85 -139.599 0.900232
78790000 -3138.7 2.04829 0.437907 0.85 -139.599 0.900232
78800000 -3163.38 1.76598 0.437908 0.85 -139.599 0.900232
78810000 -3165.98 1.74251 0.437909 0.85 -139.599 0.900232
78820000 -3155 1.87782 0.43791 0.85 -139.599 0.900232
78830000 -3140.69 2.0396 0.43791 0.85 -139.599 0.900232
78840000 -3150.13 1.95673 0.43791 0.85 -139.599 0.900232
78850000 -3136.59 2.05345 0.437909 0.85 -139.599 0.900232
78860000 -3116.99 2.22558 0.437909 0.85 -139.599 0.900232
78870000 -3128.66 2.18814 0.437909 0.85 -139.599 0.900232
78880000 -3101.21 2.43718 0.43791 0.85 -139.599 0.900232
78890000 -3114.84 2.33619 0.437911 0.85 -139.599 0.900232
78900000 -3115.13 2.34685 0.437911 0.85 -139.599 0.900232
78910000 -3111.32 2.37008 0.43791 0.85 -139.599 0.900232
78920000 -3108.86 2.37092 0.437911 0.85 -139.599 0.900232
78930000 -3113.86 2.29417 0.437911 0.85 -139.599 0.900232
78940000 -3074 2.6857 0.437911 0.85 -139.599 0.900232
78950000 -3114.84 2.37743 0.437911 0.85 -139.599 0.900232
78960000 -3120.88 2.25747 0.437911 0.85 -139.599 0.900232
78970000 -3114.61 2.39274 0.437911 0.85 -139.599 0.900232
78980000 -3093.89 2.56542 0.437911 0.85 -139.599 0.900232
78990000 -3138.73 2.04406 0.437911 0.85 -139.599 0.900232
79000000 -3102.16 2.41843 0.43791 0.85 -139.599 0.900232
79010000 -3087.68 2.54745 0.437909 0.85 -139.599 0.900232
79020000 -3151.23 1.86929 0.437908 0.85 -139.599 0.900232
79030000 -3131.92 2.14662 0.437907 0.85 -139.599 0.900232
79040000 -3126.05 2.09947 0.437908 0.85 -139.599 0.900232
79050000 -3123.27 2.2399 0.437908 0.85 -139.599 0.900232
79060000 -3138.33 2.04797 0.437907 0.85 -139.599 0.900232
79070000 -3096.37 2.55261 0.437908 0.85 -139.599 0.900232
79080000 -3158.59 1.85263 0.437907 0.85 -139.599 0.900232
79090000 -3118.18 2.29363 0.437908 0.85 -139.599 0.900232
79100000 -3110.35 2.42314 0.437907 0.85 -139.599 0.900232
79110000 -3096.17 2.46894 0.437907 0.85 -139.599 0.900232
79120000 -3101.2 2.44418 0.437907 0.85 -139.599 0.900232
79130000 -3094.24 2.4588 0.437907 0.85 -139.599 0.900232
79140000 -3098.54 2.37087 0.437909 0.85 -139.599 0.900232
79150000 -3119.6 2.24748 0.43791 0.85 -139.599 0.900232
79160000 -3113.3 2.2954 0.43791 0.85 -139.599 0.900232
79170000 -3150.43 1.95099 0.43791 0.85 -139.599 0.900232
79180000 -3103.52 2.43315 0.437911 0.85 -139.599 0.900232
79190000 -3111.2 2.27024 0.437912 0.85 -139.599 0.900232
79200000 -3120.62 2.24655 0.437911 0.85 -139.599 0.900232
79210000 -3075.5 2.66644 0.437911 0.85 -139.599 0.900232
79220000 -3115.3 2.27813 0.437911 0.85 -139.599 0.900232
79230000 -3123.6 2.17732 0.437912 0.85 -139.599 0.900232
79240000 -3095.27 2.53511 0.437911 0.85 -139.599 0.900232
79250000 -3121.74 2.1958 0.437912 0.85 -139.599 0.900232
79260000 -3126.97 2.19262 0.437911 0.85 -139.599 0.900232
79270000 -3102.89 2.43616 0.43791 0.85 -139.599 0.900232
79280000 -3149.66 1.94466 0.43791 0.85 -139.599 0.900232
79290000 -3132.22 2.18091 0.437909 0.85 -139.599 0.900232
79300000 -3111.16 2.36695 0.437909 0.85 -139.599 0.900232
79310000 -3088.28 2.56082 0.437909 0.85 -139.599 0.900232
79320000 -3138.7 2.05158 0.437908 0.85 -139.599 0.900232
79330000 -3147.48 1.96268 0.437909 0.85 -139.599 0.900232
79340000 -3107.43 2.38917 0.43791 0.85 -139.599 0.900232
79350000 -3133.31 2.19224 0.43791 0.85 -139.599 0.900232
79360000 -3112.52 2.41666 0.43791 0.85 -139.599 0.900232
79370000 -3120.72 2.27717 0.437909 0.85 -139.599 0.900232
79380000 -3080.85 2.65956 0.437909 0.85 -139.599 0.900232
79390000 -3108.99 2.29637 0.437909 0.85 -139.599 0.900232
79400000 -3126.41 2.17649 0.437909 0.85 -139.599 0.900232
79410000 -3123.56 2.20955 0.437908 0.85 -139.599 0.900232
79420000 -3113.1 2.33857 0.437908 0.85 -139.599 0.900232
79430000 -3060.08 2.83512 0.437908 0.85 -139.599 0.900232
79440000 -3071.3 2.74447 0.437907 0.85 -139.599 0.900232
79450000 -3080.54 2.70114 0.437906 0.85 -139.599 0.900232
79460000 -3084.44 2.6787 0.437905 0.85 -139.599 0.900232
79470000 -3108.3 2.4163 0.437905 0.85 -139.599 0.900232
79480000 -3098.29 2.50568 0.437903 0.85 -139.599 0.900232
79490000 -3101.49 2.46257 0.437902 0.85 -139.599 0.900232
79500000 -3095.27 2.50157 0.437902 0.85 -139.599 0.900232
79510000 -3106.18 2.51095 0.437901 0.85 -139.599 0.900232
79520000 -3101.66 2.4472 0.437901 0.85 -139.599 0.900232
79530000 -3113.65 2.38411 0.4379 0.85 -139.599 0.900232
79540000 -3098.32 2.46878 0.437899 0.85 -139.599 0.900232
79550000 -3109.19 2.34186 0.4379 0.85 -139.599 0.900232
79560000 -3100.92 2.4649 0.437899 0.85 -139.599 0.900232
79570000 -3119.69 2.24047 0.437899 0.85 -139.599 0.900232
79580000 -3090.67 2.51697 0.4379 0.85 -139.599 0.900232
79590000 -3128.97 2.12124 0.437901 0.85 -139.599 0.900232
79600000 -3089.48 2.53133 0.4379 0.85 -139.599 0.900232
79610000 -3097.31 2.47466 0.437901 0.85 -139.599 0.900232
79620000 -3141.48 2.04661 0.437901 0.85 -139.599 0.900232
79630000 -3114.41 2.27769 0.437902 0.85 -139.599 0.900232
79640000 -3081.23 2.64096 0.437902 0.85 -139.599 0.900232
79650000 -3082.8 2.58764 0.437902 0.85 -139.599 0.900232
79660000 -3123.01 2.19423 0.437902 0.85 -139.599 0.900232
79670000 -3116.7 2.23328 0.437901 0.85 -139.599 0.900232
79680000 -3131.49 2.14542 0.437903 0.85 -139.599 0.900232
79690000 -3116.26 2.25905 0.437903 0.85 -139.599 0.900232
79700000 -3119.66 2.20198 0.437903 0.85 -139.599 0.900232
79710000 -3078.43 2.57334 0.437904 0.85 -139.599 0.900232
79720000 -3110.13 2.29959 0.437905 0.85 -139.599 0.900232
79730000 -3146.23 1.95432 0.437905 0.85 -139.599 0.900232
79740000 -3122.13 2.15332 0.437906 0.85 -139.599 0.900232
79750000 -3131.77 2.0684 0.437906 0.85 -139.599 0.900232
79760000 -3143.8 1.99845 0.437906 0.85 -139.599 0.900232
79770000 -3116.32 2.22996 0.437908 0.85 -139.599 0.900232
79780000 -3139.19 2.00186 0.437908 0.85 -139.599 0.900232
79790000 -3109.46 2.3434 0.437908 0.85 -139.599 0.900232
79800000 -3103.75 2.33606 0.437907 0.85 -139.599 0.900232
79810000 -3098.3 2.42058 0.437907 0.85 -139.599 0.900232
79820000 -3125.81 2.14217 0.437907 0.85 -139.599 0.900232
79830000 -3136.75 2.05891 0.437907 0.85 -139.599 0.900232
79840000 -3148.3 1.90538 0.437907 0.85 -139.599 0.900232
79850000 -3163.39 1.90422 0.437908 0.85 -139.599 0.900232
79860000 -3134.81 2.14357 0.437908 0.85 -139.599 0.900232
79870000 -3142.68 2.02322 0.437907 0.85 -139.599 0.900232
79880000 -3140.24 2.02403 0.437907 0.85 -139.599 0.900232
79890000 -3129.98 2.13269 0.437906 0.85 -139.599 0.900232
79900000 -3131.58 2.14705 0.437906 0.85 -139.599 0.900232
79910000 -3096.54 2.45917 0.437905 0.85 -139.599 0.900232
79920000 -3141.74 2.03353 0.437905 0.85 -139.599 0.900232
79930000 -3089.49 2.48556 0.437905 0.85 -139.599 0.900232
79940000 -3107.86 2.37877 0.437902 0.85 -139.599 0.900232
79950000 -3100.66 2.41448 0.437903 0.85 -139.599 0.900232
79960000 -3121 2.28101 0.437902 0.85 -139.599 0.900232
79970000 -3119.63 2.27666 0.437901 0.85 -139.599 0.900232
79980000 -3131.51 2.13265 0.437901 0.85 -139.599 0.900232
79990000 -3111.63 2.39389 0.4379 0.85 -139.599 0.900232
80000000 -3125.18 2.21448 0.437901 0.85 -139.599 0.900232
80010000 -3138.06 2.07364 0.437901 0.85 -139.599 0.900232
80020000 -3045.18 2.9264 0.437902 0.85 -139.599 0.900232
80030000 -3095.98 2.47874 0.437901 0.85 -139.599 0.900232
80040000 -3119.56 2.21934 0.437901 0.85 -139.599 0.900232
80050000 -3105.38 2.44612 0.4379 0.85 -139.599 0.900232
80060000 -3113.31 2.39855 0.437901 0.85 -139.599 0.900232
80070000 -3132.47 2.11615 0.4379 0.85 -139.599 0.900232
80080000 -3114.25 2.312 0.437899 0.85 -139.599 0.900232
80090000 -3134.37 2.14425 0.4379 0.85 -139.599 0.900232
80100000 -3122.65 2.27743 0.437899 0.85 -139.599 0.900232
80110000 -3109.12 2.34688 0.437898 0.85 -139.599 0.900232
80120000 -3114.36 2.29245 0.437898 0.85 -139.599 0.900232
80130000 -3047.64 2.98964 0.437898 0.85 -139.599 0.900232
80140000 -3136.52 2.11117 0.437897 0.85 -139.599 0.900232
80150000 -3088.94 2.57398 0.437898 0.85 -139.599 0.900232
80160000 -3102.67 2.33337 0.437897 0.85 -139.599 0.900232
80170000 -3125.22 2.15071 0.437897 0.85 -139.599 0.900232
80180000 -3095.82 2.44886 0.437897 0.85 -139.599 0.900232
80190000 -3143.95 1.95545 0.437898 0.85 -139.599 0.900232
80200000 -3110.7 2.39172 0.437898 0.85 -139.599 0.900232
80210000 -3115.89 2.29203 0.437898 0.85 -139.599 0.900232
80220000 -3110.23 2.34802 0.437897 0.85 -139.599 0.900232
80230000 -3088.66 2.58081 0.437896 0.85 -139.599 0.900232
80240000 -3101.33 2.45553 0.437895 0.85 -139.599 0.900232
80250000 -3065.14 2.79672 0.437896 0.85 -139.599 0.900232
80260000 -3072.37 2.69436 0.437894 0.85 -139.599 0.900232
80270000 -3105.94 2.36274 0.437894 0.85 -139.599 0.900232
80280000 -3108.88 2.32859 0.437894 0.85 -139.599 0.900232
80290000 -3115.29 2.28168 0.437893 0.85 -139.599 0.900232
80300000 -3110.5 2.35634 0.437892 0.85 -139.599 0.900232
80310000 -3142.58 2.02125 0.437893 0.85 -139.599 0.900232
80320000 -3102.34 2.39683 0.437892 0.85 -139.599 0.900232
80330000 -3111.03 2.34167 0.437892 0.85 -139.599 0.900232
80340000 -3129.97 2.13341 0.437893 0.85 -139.599 0.900232
80350000 -3120.57 2.26875 0.437893 0.85 -139.599 0.900232
80360000 -3120.2 2.21431 0.437893 0.85 -139.599 0.900232
80370000 -3123.11 2.16187 0.437893 0.85 -139.599 0.900232
80380000 -3133.94 2.08791 0.437895 0.85 -139.599 0.900232
80390000 -3129.46 2.09905 0.437894 0.85 -139.599 0.900232
80400000 -3137.03 2.04476 0.437895 0.85 -139.599 0.900232
80410000 -3109.14 2.38083 0.437896 0.85 -139.599 0.900232
80420000 -3155.03 1.96051 0.437895 0.85 -139.599 0.900232
80430000 -3116.06 2.2904 0.437894 0.85 -139.599 0.900232
80440000 -3135.99 2.15056 0.437895 0.85 -139.599 0.900232
80450000 -3126.81 2.19726 0.437895 0.85 -139.599 0.900232
80460000 -3116.11 2.28714 0.437895 0.85 -139.599 0.900232
80470000 -3127.81 2.10626 0.437896 0.85 -139.599 0.900232
80480000 -3117.86 2.2523 0.437896 0.85 -139.599 0.900232
80490000 -3107.62 2.35246 0.437896 0.85 -139.599 0.900232
80500000 -3104.14 2.47533 0.437895 0.85 -139.599 0.900232
80510000 -3148.35 2.0645 0.437896 0.85 -139.599 0.900232
80520000 -3087.67 2.57528 0.437895 0.85 -139.599 0.900232
80530000 -3118.83 2.27765 0.437895 0.85 -139.599 0.900232
80540000 -3114.69 2.32318 0.437894 0.85 -139.599 0.900232
80550000 -3133.25 2.11168 0.437894 0.85 -139.599 0.900232
80560000 -3155.84 1.92869 0.437894 0.85 -139.599 0.900232
80570000 -3139.91 1.97583 0.437894 0.85 -139.599 0.900232
80580000 -3129.59 2.12797 0.437896 0.85 -139.599 0.900232
80590000 -3153.26 1.88822 0.437895 0.85 -139.599 0.900232
80600000 -3135.35 2.16252 0.437895 0.85 -139.599 0.900232
80610000 -3115.31 2.33907 0.437895 0.85 -139.599 0.900232
80620000 -3131.99 2.19348 0.437894 0.85 -139.599 0.900232
80630000 -3157.78 1.90829 0.437894 0.85 -139.599 0.900232
80640000 -3122.09 2.2431 0.437895 0.85 -139.599 0.900232
80650000 -3134.88 2.09461 0.437895 0.85 -139.599 0.900232
80660000 -3083.16 2.52941 0.437896 0.85 -139.599 0.900232
80670000 -3138.04 2.04616 0.437896 0.85 -139.599 0.900232
80680000 -3093.98 2.38973 0.437896 0.85 -139.599 0.900232
80690000 -3126.08 2.18684 0.437895 0.85 -139.599 0.900232
80700000 -3124.34 2.1519 0.437894 0.85 -139.599 0.900232
80710000 -3105.52 2.30869 0.437893 0.85 -139.599 0.900232
80720000 -3108.99 2.33055 0.437894 0.85 -139.599 0.900232
80730000 -3091.99 2.55557 0.437896 0.85 -139.599 0.900232
80740000 -3123.17 2.22613 0.437896 0.85 -139.599 0.900232
80750000 -3119.21 2.25196 0.437895 0.85 -139.599 0.900232
80760000 -3141.64 1.99657 0.437896 0.85 -139.599 0.900232
80770000 -3157.1 1.88176 0.437895 0.85 -139.599 0.900232
80780000 -3125.37 2.18577 0.437895 0.85 -139.599 0.900232
80790000 -3117.98 2.28012 0.437896 0.85 -139.599 0.900232
80800000 -3100.28 2.3749 0.437896 0.85 -139.599 0.900232
80810000 -3088.78 2.60897 0.437895 0.85 -139.599 0.900232
80820000 -3127.97 2.15792 0.437896 0.85 -139.599 0.900232
80830000 -3134.45 2.10268 0.437896 0.85 -139.599 0.900232
80840000 -3149.41 1.96348 0.437897 0.85 -139.599 0.900232
80850000 -3160.79 1.84122 0.437898 0.85 -139.599 0.900232
80860000 -3134.07 2.13666 0.437899 0.85 -139.599 0.900232
80870000 -3126.09 2.10804 0.437899 0.85 -139.599 0.900232
80880000 -3099.31 2.36325 0.437899 0.85 -139.599 0.900232
80890000 -3135.48 2.09725 0.437899 0.85 -139.599 0.900232
80900000 -3167.32 1.70766 0.437899 0.85 -139.599 0.900232
80910000 -3136.87 2.09314 0.4379 0.85 -139.599 0.900232
80920000 -3119.13 2.36143 0.437898 0.85 -139.599 0.900232
80930000 -3149.72 2.02831 0.437898 0.85 -139.599 0.900232
80940000 -3134.71 2.08416 0.437899 0.85 -139.599 0.900232
80950000 -3113.82 2.32154 0.437899 0.85 -139.599 0.900232
80960000 -3133.06 2.16874 0.4379 0.85 -139.599 0.900232
80970000 -3128 2.11072 0.437899 0.85 -139.599 0.900232
80980000 -3128.93 2.13569 0.4379 0.85 -139.599 0.900232
80990000 -3117.14 2.21805 0.4379 0.85 -139.599 0.900232
81000000 -3121.94 2.18633 0.4379 0.85 -139.599 0.900232
81010000 -3138.89 2.04987 0.437901 0.85 -139.599 0.900232
81020000 -3149.59 1.9512 0.437901 0.85 -139.599 0.900232
81030000 -3114.63 2.28279 0.437901 0.85 -139.599 0.900232
81040000 -3130.68 2.09807 0.4379 0.85 -139.599 0.900232
81050000 -3112.25 2.3353 0.437902 0.85 -139.599 0.900232
81060000 -3128.95 2.10535 0.437902 0.85 -139.599 0.900232
81070000 -3139.9 2.00981 0.437902 0.85 -139.599 0.900232
81080000 -3143.1 1.99699 0.437901 0.85 -139.599 0.900232
81090000 -3117.38 2.25822 0.437901 0.85 -139.599 0.900232
81100000 -3120.66 2.19712 0.437901 0.85 -139.599 0.900232
81110000 -3109.36 2.36482 0.4379 0.85 -139.599 0.900232
81120000 -3081.07 2.69126 0.437898 0.85 -139.599 0.900232
81130000 -3116.65 2.34558 0.437898 0.85 -139.599 0.900232
81140000 -3089.1 2.54086 0.437897 0.85 -139.599 0.900232
81150000 -3075.2 2.7023 0.437897 0.85 -139.599 0.900232
81160000 -3104.63 2.38185 0.437898 0.85 -139.599 0.900232
81170000 -3141.28 1.97105 0.4379 0.85 -139.599 0.900232
81180000 -3126.2 2.1597 0.4379 0.85 -139.599 0.900232
81190000 -3134.1 2.08724 0.4379 0.85 -139.599 0.900232
81200000 -3144.46 2.04154 0.437901 0.85 -139.599 0.900232
81210000 -3133.31 2.15511 0.437902 0.85 -139.599 0.900232
81220000 -3129.82 2.1596 0.437902 0.85 -139.599 0.900232
81230000 -3134.29 2.11841 0.437902 0.85 -139.599 0.900232
81240000 -3147.26 1.91064 0.437903 0.85 -139.599 0.900232
81250000 -3185.23 1.53514 0.437903 0.85 -139.599 0.900232
81260000 -3151.43 1.90876 0.437904 0.85 -139.599 0.900232
81270000 -3134.18 2.06861 0.437904 0.85 -139.599 0.900232
81280000 -3112.43 2.26698 0.437905 0.85 -139.599 0.900232
81290000 -3138.73 1.96326 0.437906 0.85 -139.599 0.900232
81300000 -3127.6 2.14788 0.437906 0.85 -139.599 0.900232
81310000 -3149.97 1.95578 0.437907 0.85 -139.599 0.900232
81320000 -3155.02 1.91149 0.437908 0.85 -139.599 0.900232
81330000 -3121.81 2.15858 0.437909 0.85 -139.599 0.900232
81340000 -3119.69 2.27992 0.437907 0.85 -139.599 0.900232
81350000 -3093.3 2.44707 0.437908 0.85 -139.599 0.900232
81360000 -3119.19 2.22579 0.437908 0.85 -139.599 0.900232
81370000 -3124.85 2.16845 0.437907 0.85 -139.599 0.900232
81380000 -3161.87 1.76848 0.437906 0.85 -139.599 0.900232
81390000 -3153.88 1.8651 0.437907 0.85 -139.599 0.900232
81400000 -3094.36 2.49787 0.437906 0.85 -139.599 0.900232
81410000 -3138.45 2.05336 0.437906 0.85 -139.599 0.900232
81420000 -3096.85 2.45114 0.437907 0.85 -139.599 0.900232
81430000 -3099.23 2.44946 0.437906 0.85 -139.599 0.900232
81440000 -3095.12 2.49958 0.437906 0.85 -139.599 0.900232
81450000 -3123.92 2.16271 0.437906 0.85 -139.599 0.900232
81460000 -3110.05 2.33906 0.437905 0.85 -139.599 0.900232
81470000 -3114.46 2.24699 0.437905 0.85 -139.599 0.900232
81480000 -3103.25 2.40297 0.437906 0.85 -139.599 0.900232
81490000 -3107.01 2.38704 0.437906 0.85 -139.599 0.900232
81500000 -3119.32 2.32213 0.437907 0.85 -139.599 0.900232
81510000 -3119.58 2.24578 0.437907 0.85 -139.599 0.900232
81520000 -3130.32 2.17382 0.437906 0.85 -139.599 0.900232
81530000 -3126.42 2.29423 0.437906 0.85 -139.599 0.900232
81540000 -3114.45 2.38286 0.437905 0.85 -139.599 0.900232
81550000 -3120.71 2.24641 0.437905 0.85 -139.599 0.900232
81560000 -3148.45 1.91452 0.437906 0.85 -139.599 0.900232
81570000 -3145.97 1.99725 0.437907 0.85 -139.599 0.900232
81580000 -3151.58 1.8911 0.437908 0.85 -139.599 0.900232
81590000 -3123.46 2.2783 0.437908 0.85 -139.599 0.900232
81600000 -3122.9 2.21249 0.437909 0.85 -139.599 0.900232
81610000 -3131.64 2.12872 0.437909 0.85 -139.599 0.900232
81620000 -3134.72 2.06363 0.43791 0.85 -139.599 0.900232
81630000 -3118.39 2.2266 0.437911 0.85 -139.599 0.900232
81640000 -3120.04 2.18412 0.437912 0.85 -139.599 0.900232
81650000 -3110.85 2.34602 0.437911 0.85 -139.599 0.900232
81660000 -3085.97 2.57819 0.437911 0.85 -139.599 0.900232
81670000 -3096.57 2.52978 0.437911 0.85 -139.599 0.900232
81680000 -3120.07 2.26607 0.437912 0.85 -139.599 0.900232
81690000 -3117.63 2.35737 0.437912 0.85 -139.599 0.900232
81700000 -3126.73 2.17195 0.437912 0.85 -139.599 0.900232
81710000 -3099.13 2.436 0.437912 0.85 -139.599 0.900232
81720000 -3139.34 2.03926 0.437912 0.85 -139.599 0.900232
81730000 -3129.44 2.17951 0.437912 0.85 -139.599 0.900232
81740000 -3095.36 2.47629 0.437913 0.85 -139.599 0.900232
81750000 -3102.51 2.40245 0.437912 0.85 -139.599 0.900232
81760000 -3117.92 2.28287 0.437913 0.85 -139.599 0.900232
81770000 -3129.92 2.13396 0.437913 0.85 -139.599 0.900232
81780000 -3133.62 2.07163 0.437913 0.85 -139.599 0.900232
81790000 -3136.03 2.09658 0.437913 0.85 -139.599 0.900232
81800000 -3139.74 2.08713 0.437911 0.85 -139.599 0.900232
81810000 -3101.7 2.40116 0.43791 0.85 -139.599 0.900232
81820000 -3119.9 2.27616 0.437911 0.85 -139.599 0.900232
81830000 -3140.64 1.95956 0.437912 0.85 -139.599 0.900232
81840000 -3137.08 2.12536 0.437912 0.85 -139.599 0.900232
81850000 -3145.25 1.98191 0.437912 0.85 -139.599 0.900232
81860000 -3094.69 2.46509 0.437913 0.85 -139.599 0.900232
81870000 -3058.99 2.77584 0.43791 0.85 -139.599 0.900232
81880000 -3073.01 2.64745 0.437909 0.85 -139.599 0.900232
81890000 -3123.9 2.12284 0.437908 0.85 -139.599 0.900232
81900000 -3086.35 2.54757 0.437907 0.85 -139.599 0.900232
81910000 -3077.86 2.64902 0.437907 0.85 -139.599 0.900232
81920000 -3099.37 2.43976 0.437907 0.85 -139.599 0.900232
81930000 -3143.13 2.02593 0.437906 0.85 -139.599 0.900232
81940000 -3136.79 2.06071 0.437906 0.85 -139.599 0.900232
81950000 -3119.71 2.24588 0.437907 0.85 -139.599 0.900232
81960000 -3130.39 2.19024 0.437906 0.85 -139.599 0.900232
81970000 -3124.96 2.21251 0.437906 0.85 -139.599 0.900232
81980000 -3132.73 2.14715 0.437907 0.85 -139.599 0.900232
81990000 -3118.84 2.25846 0.437908 0.85 -139.599 0.900232
82000000 -3120.62 2.24749 0.437908 0.85 -139.599 0.900232
82010000 -3108.81 2.36023 0.437908 0.85 -139.599 0.900232
82020000 -3098.73 2.43624 0.437907 0.85 -139.599 0.900232
82030000 -3104.9 2.3199 0.437907 0.85 -139.599 0.900232
82040000 -3147.25 1.90981 0.437908 0.85 -139.599 0.900232
82050000 -3151.24 1.94365 0.437908 0.85 -139.599 0.900232
82060000 -3120.33 2.221 0.437908 0.85 -139.599 0.900232
82070000 -3126.58 2.19747 0.437909 0.85 -139.599 0.900232
82080000 -3159.54 1.8289 0.437908 0.85 -139.599 0.900232
82090000 -3117.34 2.20424 0.437909 0.85 -139.599 0.900232
82100000 -3139.85 2.05791 0.437909 0.85 -139.599 0.900232
82110000 -3145.08 1.95167 0.437909 0.85 -139.599 0.900232
82120000 -3107.55 2.32014 0.43791 0.85 -139.599 0.900232
82130000 -3104.46 2.33045 0.43791 0.85 -139.599 0.900232
82140000 -3111.87 2.36885 0.437909 0.85 -139.599 0.900232
82150000 -3094.11 2.52371 0.43791 0.85 -139.599 0.900232
82160000 -3115.88 2.35037 0.437909 0.85 -139.599 0.900232
82170000 -3123.23 2.22307 0.437909 0.85 -139.599 0.900232
82180000 -3133.87 2.12221 0.43791 0.85 -139.599 0.900232
82190000 -3065.5 2.75076 0.437909 0.85 -139.599 0.900232
82200000 -3113.49 2.29696 0.437909 0.85 -139.599 0.900232
82210000 -3080.35 2.70613 0.437909 0.85 -139.599 0.900232
82220000 -3056.76 2.86434 0.437909 0.85 -139.599 0.900232
82230000 -3117.41 2.30053 0.437908 0.85 -139.599 0.900232
82240000 -3088.33 2.63605 0.437908 0.85 -139.599 0.900232
82250000 -3041.17 3.07452 0.437907 0.85 -139.599 0.900232
82260000 -3142.85 2.04798 0.437907 0.85 -139.599 0.900232
82270000 -3150.71 1.98542 0.437906 0.85 -139.599 0.900232
82280000 -3090.27 2.53006 0.437906 0.85 -139.599 0.900232
82290000 -3106.02 2.42395 0.437907 0.85 -139.599 0.900232
82300000 -3119.75 2.26703 0.437906 0.85 -139.599 0.900232
82310000 -3122.61 2.1874 0.437905 0.85 -139.599 0.900232
82320000 -3136.17 2.0113 0.437906 0.85 -139.599 0.900232
82330000 -3146.78 1.95271 0.437906 0.85 -139.599 0.900232
82340000 -3096.89 2.52081 0.437906 0.85 -139.599 0.900232
82350000 -3125.92 2.29327 0.437905 0.85 -139.599 0.900232
82360000 -3094.86 2.58165 0.437904 0.85 -139.599 0.900232
82370000 -3091 2.62237 0.437903 0.85 -139.599 0.900232
82380000 -3085.95 2.67439 0.437903 0.85 -139.599 0.900232
82390000 -3130.7 2.18317 0.437903 0.85 -139.599 0.900232
82400000 -3101.67 2.49969 0.437903 0.85 -139.599 0.900232
82410000 -3108.93 2.35201 0.437902 0.85 -139.599 0.900232
82420000 -3086.41 2.56462 0.437902 0.85 -139.599 0.900232
82430000 -3111.02 2.36392 0.437901 0.85 -139.599 0.900232
82440000 -3159.24 1.86267 0.437902 0.85 -139.599 0.900232
82450000 -3116.85 2.29174 0.437901 0.85 -139.599 0.900232
82460000 -3101.23 2.386 0.4379 0.85 -139.599 0.900232
82470000 -3118.33 2.19733 0.4379 0.85 -139.599 0.900232
82480000 -3131.64 2.16126 0.4379 0.85 -139.599 0.900232
82490000 -3089.16 2.49938 0.4379 0.85 -139.599 0.900232
82500000 -3140.1 2.07122 0.437899 0.85 -139.599 0.900232
82510000 -3121.5 2.17714 0.437899 0.85 -139.599 0.900232
82520000 -3094.55 2.4716 0.437899 0.85 -139.599 0.900232
82530000 -3128.04 2.21796 0.437899 0.85 -139.599 0.900232
82540000 -3115.58 2.33337 0.437898 0.85 -139.599 0.900232
82550000 -3109.33 2.40571 0.437898 0.85 -139.599 0.900232
82560000 -3130.77 2.21142 0.437897 0.85 -139.599 0.900232
82570000 -3113.61 2.32795 0.437897 0.85 -139.599 0.900232
82580000 -3118.97 2.24699 0.437898 0.85 -139.599 0.900232
82590000 -3136.47 2.07484 0.437897 0.85 -139.599 0.900232
82600000 -3122.65 2.26795 0.437898 0.85 -139.599 0.900232
82610000 -3088.46 2.57467 0.437899 0.85 -139.599 0.900232
82620000 -3103.19 2.30961 0.437899 0.85 -139.599 0.900232
82630000 -3164.34 1.82377 0.437899 0.85 -139.599 0.900232
82640000 -3135.55 2.07417 0.437898 0.85 -139.599 0.900232
82650000 -3137.52 2.04244 0.437899 0.85 -139.599 0.900232
82660000 -3151.43 1.93324 0.437898 0.85 -139.599 0.900232
82670000 -3077.63 2.61382 0.437898 0.85 -139.599 0.900232
82680000 -3091.41 2.48585 0.437898 0.85 -139.599 0.900232
82690000 -3117.32 2.19167 0.437898 0.85 -139.599 0.900232
82700000 -3136.61 1.99782 0.437897 0.85 -139.599 0.900232
82710000 -3095.63 2.45944 0.437897 0.85 -139.599 0.900232
82720000 -3134.64 2.07111 0.437897 0.85 -139.599 0.900232
82730000 -3165.12 1.78123 0.437898 0.85 -139.599 0.900232
82740000 -3135.92 2.0661 0.437898 0.85 -139.599 0.900232
82750000 -3148.78 1.88762 0.4379 0.85 -139.599 0.900232
82760000 -3116.56 2.20106 0.437899 0.85 -139.599 0.900232
82770000 -3106.52 2.33768 0.437899 0.85 -139.599 0.900232
82780000 -3105.72 2.34647 0.437898 0.85 -139.599 0.900232
82790000 -3140.26 2.09965 0.437898 0.85 -139.599 0.900232
82800000 -3112.86 2.37037 0.437898 0.85 -139.599 0.900232
82810000 -3133.58 2.1319 0.437899 0.85 -139.599 0.900232
82820000 -3130.32 2.17688 0.437899 0.85 -139.599 0.900232
82830000 -3150.25 1.93762 0.437899 0.85 -139.599 0.900232
82840000 -3137.75 2.06509 0.437899 0.85 -139.599 0.900232
82850000 -3127.22 2.13558 0.437898 0.85 -139.599 0.900232
82860000 -3114.39 2.26744 0.437898 0.85 -139.599 0.900232
82870000 -3144.91 1.96711 0.437898 0.85 -139.599 0.900232
82880000 -3107.78 2.37271 0.437899 0.85 -139.599 0.900232
82890000 -3139.06 2.04721 0.437898 0.85 -139.599 0.900232
82900000 -3147.35 1.98137 0.437896 0.85 -139.599 0.900232
82910000 -3089.62 2.58869 0.437896 0.85 -139.599 0.900232
82920000 -3117.26 2.26096 0.437895 0.85 -139.599 0.900232
82930000 -3113.34 2.29661 0.437896 0.85 -139.599 0.900232
82940000 -3116.33 2.22519 0.437894 0.85 -139.599 0.900232
82950000 -3085.2 2.59955 0.437893 0.85 -139.599 0.900232
82960000 -3119.86 2.18101 0.437893 0.85 -139.599 0.900232
82970000 -3083.73 2.48469 0.437893 0.85 -139.599 0.900232
82980000 -3077.48 2.58638 0.437893 0.85 -139.599 0.900232
82990000 -3101.33 2.35695 0.437892 0.85 -139.599 0.900232
83000000 -3089.99 2.50779 0.437891 0.85 -139.599 0.900232
83010000 -3099.56 2.48522 0.43789 0.85 -139.599 0.900232
83020000 -3107.59 2.42085 0.437889 0.85 -139.599 0.900232
83030000 -3132.68 2.14174 0.437889 0.85 -139.599 0.900232
83040000 -3124.13 2.1697 0.437888 0.85 -139.599 0.900232
83050000 -3139.12 2.03333 0.437888 0.85 -139.599 0.900232
83060000 -3108.65 2.32984 0.437887 0.85 -139.599 0.900232
83070000 -3125.65 2.11183 0.437887 0.85 -139.599 0.900232
83080000 -3093.87 2.47727 0.437888 0.85 -139.599 0.900232
83090000 -3123.95 2.23071 0.437887 0.85 -139.599 0.900232
83100000 -3158.25 1.82451 0.437887 0.85 -139.599 0.900232
83110000 -3106.22 2.26141 0.437888 0.85 -139.599 0.900232
83120000 -3129.75 2.09679 0.437889 0.85 -139.599 0.900232
83130000 -3116.23 2.20742 0.437888 0.85 -139.599 0.900232
83140000 -3136.44 2.00213 0.437888 0.85 -139.599 0.900232
83150000 -3104.48 2.35214 0.437888 0.85 -139.599 0.900232
83160000 -3108.25 2.32833 0.437887 0.85 -139.599 0.900232
83170000 -3097.02 2.47504 0.437887 0.85 -139.599 0.900232
83180000 -3093.12 2.47177 0.437886 0.85 -139.599 0.900232
83190000 -3096.87 2.47364 0.437886 0.85 -139.599 0.900232
83200000 -3089.35 2.65837 0.437886 0.85 -139.599 0.900232
83210000 -3082.24 2.64504 0.437886 0.85 -139.599 0.900232
83220000 -3109.69 2.34359 0.437887 0.85 -139.599 0.900232
83230000 -3106.02 2.30115 0.437886 0.85 -139.599 0.900232
83240000 -3115.89 2.31261 0.437886 0.85 -139.599 0.900232
83250000 -3065.35 2.77035 0.437886 0.85 -139.599 0.900232
83260000 -3130.54 2.07561 0.437886 0.85 -139.599 0.900232
83270000 -3130.48 2.18138 0.437886 0.85 -139.599 0.900232
83280000 -3139.43 2.0862 0.437886 0.85 -139.599 0.900232
83290000 -3137.95 2.06383 0.437886 0.85 -139.599 0.900232
83300000 -3097.09 2.46344 0.437887 0.85 -139.599 0.900232
83310000 -3126.14 2.20895 0.437886 0.85 -139.599 0.900232
83320000 -3149.27 1.95361 0.437885 0.85 -139.599 0.900232
83330000 -3110.03 2.44671 0.437884 0.85 -139.599 0.900232
83340000 -3110.86 2.44647 0.437884 0.85 -139.599 0.900232
83350000 -3126.35 2.22269 0.437885 0.85 -139.599 0.900232
83360000 -3147.78 2.04 0.437886 0.85 -139.599 0.900232
83370000 -3128.88 2.20499 0.437888 0.85 -139.599 0.900232
83380000 -3108.57 2.42921 0.437887 0.85 -139.599 0.900232
83390000 -3130.5 2.2113 0.437887 0.85 -139.599 0.900232
83400000 -3123.94 2.26137 0.437887 0.85 -139.599 0.900232
83410000 -3088.66 2.62894 0.437886 0.85 -139.599 0.900232
83420000 -3108.52 2.3449 0.437886 0.85 -139.599 0.900232
83430000 -3131.86 2.16303 0.437886 0.85 -139.599 0.900232
83440000 -3106.72 2.3839 0.437887 0.85 -139.599 0.900232
83450000 -3081.97 2.64902 0.437886 0.85 -139.599 0.900232
83460000 -3126.02 2.19835 0.437887 0.85 -139.599 0.900232
83470000 -3133.55 2.13186 0.437886 0.85 -139.599 0.900232
83480000 -3129.86 2.19368 0.437887 0.85 -139.599 0.900232
83490000 -3128.11 2.07988 0.437888 0.85 -139.599 0.900232
83500000 -3133.15 2.08744 0.437889 0.85 -139.599 0.900232
83510000 -3083.71 2.59581 0.437889 0.85 -139.599 0.900232
83520000 -3189.67 1.60391 0.437889 0.85 -139.599 0.900232
83530000 -3163.92 1.82519 0.43789 0.85 -139.599 0.900232
83540000 -3145.79 1.92645 0.437891 0.85 -139.599 0.900232
83550000 -3154.09 1.91848 0.437892 0.85 -139.599 0.900232
83560000 -3141.82 2.06219 0.437891 0.85 -139.599 0.900232
83570000 -3130.52 2.15482 0.437891 0.85 -139.599 0.900232
83580000 -3118.77 2.23641 0.437892 0.85 -139.599 0.900232
83590000 -3101.53 2.33948 0.437892 0.85 -139.599 0.900232
83600000 -3141.06 2.01923 0.437892 0.85 -139.599 0.900232
83610000 -3105.14 2.36892 0.437892 0.85 -139.599 0.900232
83620000 -3100.7 2.47058 0.437891 0.85 -139.599 0.900232
83630000 -3118.47 2.33242 0.43789 0.85 -139.599 0.900232
83640000 -3131.19 2.18953 0.43789 0.85 -139.599 0.900232
83650000 -3130.37 2.18527 0.437889 0.85 -139.599 0.900232
83660000 -3080.21 2.68628 0.437889 0.85 -139.599 0.900232
83670000 -3102.5 2.47201 0.437889 0.85 -139.599 0.900232
83680000 -3098.09 2.44433 0.437889 0.85 -139.599 0.900232
83690000 -3091.01 2.46868 0.43789 0.85 -139.599 0.900232
83700000 -3119.36 2.24964 0.43789 0.85 -139.599 0.900232
83710000 -3090.43 2.57945 0.43789 0.85 -139.599 0.900232
83720000 -3132.24 2.13045 0.437889 0.85 -139.599 0.900232
83730000 -3114.88 2.27889 0.437889 0.85 -139.599 0.900232
83740000 -3104.34 2.45585 0.43789 0.85 -139.599 0.900232
83750000 -3126.33 2.19017 0.437891 0.85 -139.599 0.900232
83760000 -3131.91 2.11938 0.43789 0.85 -139.599 0.900232
83770000 -3115.93 2.30331 0.43789 0.85 -139.599 0.900232
83780000 -3102.6 2.48621 0.437889 0.85 -139.599 0.900232
83790000 -3113.78 2.33263 0.437888 0.85 -139.599 0.900232
83800000 -3113.16 2.34255 0.437888 0.85 -139.599 0.900232
83810000 -3136.66 2.09782 0.437888 0.85 -139.599 0.900232
83820000 -3124.72 2.2375 0.437888 0.85 -139.599 0.900232
83830000 -3128.91 2.1388 0.437887 0.85 -139.599 0.900232
83840000 -3096.87 2.51423 0.437886 0.85 -139.599 0.900232
83850000 -3126.99 2.17195 0.437886 0.85 -139.599 0.900232
83860000 -3111.85 2.34952 0.437885 0.85 -139.599 0.900232
83870000 -3108.6 2.36316 0.437884 0.85 -139.599 0.900232
83880000 -3106.65 2.39771 0.437884 0.85 -139.599 0.900232
83890000 -3099.79 2.39854 0.437884 0.85 -139.599 0.900232
83900000 -3113.15 2.34778 0.437883 0.85 -139.599 0.900232
83910000 -3092.47 2.53879 0.437883 0.85 -139.599 0.900232
83920000 -3083.43 2.59234 0.437883 0.85 -139.599 0.900232
83930000 -3116.16 2.25861 0.437883 0.85 -139.599 0.900232
83940000 -3110.8 2.33137 0.437883 0.85 -139.599 0.900232
83950000 -3062.89 2.91019 0.437883 0.85 -139.599 0.900232
83960000 -3093.75 2.52736 0.437883 0.85 -139.599 0.900232
83970000 -3118.15 2.34581 0.437883 0.85 -139.599 0.900232
83980000 -3109.8 2.34034 0.437883 0.85 -139.599 0.900232
83990000 -3106.28 2.40008 0.437881 0.85 -139.599 0.900232
84000000 -3141.11 2.08946 0.437881 0.85 -139.599 0.900232
84010000 -3112.13 2.31142 0.437882 0.85 -139.599 0.900232
84020000 -3129.75 2.10789 0.437881 0.85 -139.599 0.900232
84030000 -3072.76 2.70854 0.437883 0.85 -139.599 0.900232
84040000 -3130.4 2.1371 0.437883 0.85 -139.599 0.900232
84050000 -3095.1 2.49894 0.437883 0.85 -139.599 0.900232
84060000 -3113.03 2.29171 0.437883 0.85 -139.599 0.900232
84070000 -3119.22 2.28071 0.437883 0.85 -139.599 0.900232
84080000 -3098.68 2.38228 0.437882 0.85 -139.599 0.900232
84090000 -3091.54 2.59571 0.437883 0.85 -139.599 0.900232
84100000 -3099.78 2.47862 0.437883 0.85 -139.599 0.900232
84110000 -3104.6 2.44061 0.437881 0.85 -139.599 0.900232
84120000 -3118.09 2.27838 0.437881 0.85 -139.599 0.900232
84130000 -3128.9 2.12645 0.437881 0.85 -139.599 0.900232
84140000 -3132.65 2.06024 0.437882 0.85 -139.599 0.900232
84150000 -3146.12 2.01279 0.437882 0.85 -139.599 0.900232
84160000 -3090.43 2.5401 0.437883 0.85 -139.599 0.900232
84170000 -3132.52 2.08073 0.437883 0.85 -139.599 0.900232
84180000 -3130.82 2.19058 0.437882 0.85 -139.599 0.900232
84190000 -3105.2 2.36677 0.437883 0.85 -139.599 0.900232
84200000 -3142.16 1.97963 0.437882 0.85 -139.599 0.900232
84210000 -3121.16 2.28988 0.437883 0.85 -139.599 0.900232
84220000 -3148.95 1.90359 0.437883 0.85 -139.599 0.900232
84230000 -3145.56 1.98751 0.437884 0.85 -139.599 0.900232
84240000 -3128.24 2.16033 0.437884 0.85 -139.599 0.900232
84250000 -3121.48 2.22732 0.437885 0.85 -139.599 0.900232
84260000 -3141.14 2.02483 0.437885 0.85 -139.599 0.900232
84270000 -3107.31 2.36976 0.437886 0.85 -139.599 0.900232
84280000 -3127.44 2.27446 0.437885 0.85 -139.599 0.900232
84290000 -3109.61 2.41281 0.437886 0.85 -139.599 0.900232
84300000 -3105.04 2.41116 0.437887 0.85 -139.599 0.900232
84310000 -3099.86 2.43377 0.437886 0.85 -139.599 0.900232
84320000 -3097.27 2.4437 0.437886 0.85 -139.599 0.900232
84330000 -3096.24 2.48509 0.437886 0.85 -139.599 0.900232
84340000 -3092.76 2.49562 0.437885 0.85 -139.599 0.900232
84350000 -3084.04 2.50501 0.437885 0.85 -139.599 0.900232
84360000 -3122.86 2.21391 0.437884 0.85 -139.599 0.900232
84370000 -3114.59 2.29312 0.437883 0.85 -139.599 0.900232
84380000 -3145.59 1.99808 0.437883 0.85 -139.599 0.900232
84390000 -3116.62 2.17251 0.437884 0.85 -139.599 0.900232
84400000 -3105.84 2.30854 0.437884 0.85 -139.599 0.900232
84410000 -3126.49 2.14001 0.437884 0.85 -139.599 0.900232
84420000 -3163.53 1.79874 0.437883 0.85 -139.599 0.900232
84430000 -3123.95 2.20145 0.437885 0.85 -139.599 0.900232
84440000 -3119.79 2.20592 0.437886 0.85 -139.599 0.900232
84450000 -3124.53 2.11766 0.437885 0.85 -139.599 0.900232
84460000 -3163.24 1.77393 0.437885 0.85 -139.599 0.900232
84470000 -3126.18 2.07943 0.437886 0.85 -139.599 0.900232
84480000 -3121.93 2.19792 0.437885 0.85 -139.599 0.900232
84490000 -3086.71 2.55401 0.437886 0.85 -139.599 0.900232
84500000 -3157.68 1.88992 0.437886 0.85 -139.599 0.900232
84510000 -3140.52 2.0041 0.437885 0.85 -139.599 0.900232
84520000 -3140.23 2.04078 0.437885 0.85 -139.599 0.900232
84530000 -3139.53 2.0859 0.437886 0.85 -139.599 0.900232
84540000 -3121.34 2.20274 0.437887 0.85 -139.599 0.900232
84550000 -3098.96 2.54116 0.437887 0.85 -139.599 0.900232
84560000 -3165.37 1.78857 0.437887 0.85 -139.599 0.900232
84570000 -3116.2 2.31619 0.437886 0.85 -139.599 0.900232
84580000 -3131.84 2.12104 0.437886 0.85 -139.599 0.900232
84590000 -3133.23 2.19883 0.437886 0.85 -139.599 0.900232
84600000 -3096.24 2.48056 0.437885 0.85 -139.599 0.900232
84610000 -3143.72 1.96104 0.437886 0.85 -139.599 0.900232
84620000 -3113.85 2.2278 0.437885 0.85 -139.599 0.900232
84630000 -3147.09 2.00893 0.437885 0.85 -139.599 0.900232
84640000 -3099.02 2.47314 0.437886 0.85 -139.599 0.900232
84650000 -3112.09 2.28423 0.437885 0.85 -139.599 0.900232
84660000 -3113.05 2.32479 0.437885 0.85 -139.599 0.900232
84670000 -3096.73 2.48449 0.437885 0.85 -139.599 0.900232
84680000 -3086.96 2.57934 0.437885 0.85 -139.599 0.900232
84690000 -3116.56 2.32334 0.437884 0.85 -139.599 0.900232
84700000 -3107.82 2.37905 0.437884 0.85 -139.599 0.900232
84710000 -3132.84 2.09212 0.437883 0.85 -139.599 0.900232
84720000 -3124.48 2.17471 0.437883 0.85 -139.599 0.900232
84730000 -3112.85 2.26347 0.437883 0.85 -139.599 0.900232
84740000 -3103.63 2.41638 0.437882 0.85 -139.599 0.900232
84750000 -3114.64 2.28896 0.437881 0.85 -139.599 0.900232
84760000 -3096.98 2.46237 0.437881 0.85 -139.599 0.900232
84770000 -3102.86 2.35648 0.437881 0.85 -139.599 0.900232
84780000 -3132.36 2.18818 0.437879 0.85 -139.599 0.900232
84790000 -3128.36 2.1849 0.437879 0.85 -139.599 0.900232
84800000 -3095.39 2.55927 0.437879 0.85 -139.599 0.900232
84810000 -3096.23 2.49686 0.437879 0.85 -139.599 0.900232
84820000 -3116.94 2.32828 0.437878 0.85 -139.599 0.900232
84830000 -3118.47 2.2986 0.437879 0.85 -139.599 0.900232
84840000 -3126.16 2.211 0.43788 0.85 -139.599 0.900232
84850000 -3140 2.05793 0.437879 0.85 -139.599 0.900232
84860000 -3133.94 2.0779 0.43788 0.85 -139.599 0.900232
84870000 -3144.44 1.93627 0.437879 0.85 -139.599 0.900232
84880000 -3170.47 1.69666 0.43788 0.85 -139.599 0.900232
84890000 -3106.07 2.35005 0.43788 0.85 -139.599 0.900232
84900000 -3102.39 2.39948 0.43788 0.85 -139.599 0.900232
84910000 -3134.71 2.0944 0.43788 0.85 -139.599 0.900232
84920000 -3121.12 2.19842 0.43788 0.85 -139.599 0.900232
84930000 -3146.64 1.97169 0.437881 0.85 -139.599 0.900232
84940000 -3105.59 2.3939 0.437881 0.85 -139.599 0.900232
84950000 -3114.48 2.25389 0.437882 0.85 -139.599 0.900232
84960000 -3136.05 1.99636 0.437883 0.85 -139.599 0.900232
84970000 -3094.47 2.41109 0.437882 0.85 -139.599 0.900232
84980000 -3102.17 2.38736 0.437882 0.85 -139.599 0.900232
84990000 -3094.01 2.45953 0.437882 0.85 -139.599 0.900232
85000000 -3067.78 2.69715 0.437883 0.85 -139.599 0.900232
85010000 -3093.77 2.51724 0.437883 0.85 -139.599 0.900232
85020000 -3109.04 2.37831 0.437883 0.85 -139.599 0.900232
85030000 -3122.35 2.3082 0.437883 0.85 -139.599 0.900232
85040000 -3143.08 1.98078 0.437882 0.85 -139.599 0.900232
85050000 -3111.58 2.31813 0.437882 0.85 -139.599 0.900232
85060000 -3117.89 2.23555 0.437882 0.85 -139.599 0.900232
85070000 -3093.52 2.48851 0.43788 0.85 -139.599 0.900232
85080000 -3107.01 2.33138 0.437879 0.85 -139.599 0.900232
85090000 -3128.01 2.15932 0.437879 0.85 -139.599 0.900232
85100000 -3112.61 2.28441 0.437881 0.85 -139.599 0.900232
85110000 -3116.94 2.29271 0.437881 0.85 -139.599 0.900232
85120000 -3159.7 1.87866 0.437881 0.85 -139.599 0.900232
85130000 -3138.44 2.0256 0.437882 0.85 -139.599 0.900232
85140000 -3104.26 2.42929 0.437881 0.85 -139.599 0.900232
85150000 -3098.18 2.47953 0.437882 0.85 -139.599 0.900232
85160000 -3128.64 2.16864 0.437881 0.85 -139.599 0.900232
85170000 -3131.72 2.16624 0.437882 0.85 -139.599 0.900232
85180000 -3100.31 2.41322 0.437882 0.85 -139.599 0.900232
85190000 -3144.21 2.02575 0.437882 0.85 -139.599 0.900232
85200000 -3123.72 2.26902 0.437884 0.85 -139.599 0.900232
85210000 -3124.61 2.26697 0.437884 0.85 -139.599 0.900232
85220000 -3131.37 2.12284 0.437884 0.85 -139.599 0.900232
85230000 -3126.41 2.25926 0.437884 0.85 -139.599 0.900232
85240000 -3111.96 2.32712 0.437885 0.85 -139.599 0.900232
85250000 -3102.36 2.4565 0.437885 0.85 -139.599 0.900232
85260000 -3099.57 2.42009 0.437884 0.85 -139.599 0.900232
85270000 -3107.62 2.41276 0.437884 0.85 -139.599 0.900232
85280000 -3084.29 2.65079 0.437884 0.85 -139.599 0.900232
85290000 -3067.89 2.76108 0.437883 0.85 -139.599 0.900232
85300000 -3115.59 2.273 0.437883 0.85 -139.599 0.900232
85310000 -3115.21 2.4212 0.437882 0.85 -139.599 0.900232
85320000 -3144.79 1.99898 0.437881 0.85 -139.599 0.900232
85330000 -3104.37 2.50232 0.437881 0.85 -139.599 0.900232
85340000 -3093.15 2.59949 0.437881 0.85 -139.599 0.900232
85350000 -3079.67 2.6798 0.437879 0.85 -139.599 0.900232
85360000 -3119.12 2.36502 0.437879 0.85 -139.599 0.900232
85370000 -3096.14 2.46444 0.437877 0.85 -139.599 0.900232
85380000 -3041.56 3.01574 0.437878 0.85 -139.599 0.900232
85390000 -3109.46 2.37848 0.437878 0.85 -139.599 0.900232
85400000 -3113.3 2.30001 0.437878 0.85 -139.599 0.900232
85410000 -3084.45 2.6121 0.437876 0.85 -139.599 0.900232
85420000 -3053.46 2.88076 0.437875 0.85 -139.599 0.900232
85430000 -3083.68 2.59356 0.437875 0.85 -139.599 0.900232
85440000 -3103.33 2.47162 0.437875 0.85 -139.599 0.900232
85450000 -3090.94 2.51619 0.437875 0.85 -139.599 0.900232
85460000 -3136.6 2.01178 0.437875 0.85 -139.599 0.900232
85470000 -3131.21 2.10007 0.437875 0.85 -139.599 0.900232
85480000 -3124.36 2.17817 0.437875 0.85 -139.599 0.900232
85490000 -3109.58 2.34939 0.437876 0.85 -139.599 0.900232
85500000 -3108.82 2.36498 0.437876 0.85 -139.599 0.900232
85510000 -3143.3 2.07323 0.437876 0.85 -139.599 0.900232
85520000 -3089.68 2.58141 0.437876 0.85 -139.599 0.900232
85530000 -3135.42 2.12264 0.437877 0.85 -139.599 0.900232
85540000 -3108.97 2.33023 0.437878 0.85 -139.599 0.900232
85550000 -3122.54 2.24254 0.437878 0.85 -139.599 0.900232
85560000 -3072.75 2.64631 0.437879 0.85 -139.599 0.900232
85570000 -3116.56 2.20821 0.437878 0.85 -139.599 0.900232
85580000 -3097.86 2.51891 0.437877 0.85 -139.599 0.900232
85590000 -3103.85 2.45184 0.437877 0.85 -139.599 0.900232
85600000 -3121.81 2.30749 0.437876 0.85 -139.599 0.900232
85610000 -3128.97 2.09903 0.437876 0.85 -139.599 0.900232
85620000 -3169.96 1.76511 0.437876 0.85 -139.599 0.900232
85630000 -3104.94 2.40173 0.437877 0.85 -139.599 0.900232
85640000 -3115.88 2.30934 0.437877 0.85 -139.599 0.900232
85650000 -3115.43 2.32873 0.437877 0.85 -139.599 0.900232
85660000 -3127.99 2.19204 0.437876 0.85 -139.599 0.900232
85670000 -3071.96 2.80035 0.437876 0.85 -139.599 0.900232
85680000 -3145.04 2.10726 0.437876 0.85 -139.599 0.900232
85690000 -3129.35 2.11222 0.437877 0.85 -139.599 0.900232
85700000 -3139.41 2.02339 0.437877 0.85 -139.599 0.900232
85710000 -3109.96 2.34777 0.437876 0.85 -139.599 0.900232
85720000 -3114.22 2.26788 0.437876 0.85 -139.599 0.900232
85730000 -3098.33 2.50563 0.437876 0.85 -139.599 0.900232
85740000 -3087.64 2.58576 0.437876 0.85 -139.599 0.900232
85750000 -3092.7 2.5536 0.437877 0.85 -139.599 0.900232
85760000 -3092.12 2.5462 0.437876 0.85 -139.599 0.900232
85770000 -3089.5 2.56859 0.437875 0.85 -139.599 0.900232
85780000 -3124.21 2.17654 0.437875 0.85 -139.599 0.900232
85790000 -3102.57 2.33649 0.437874 0.85 -139.599 0.900232
85800000 -3120.99 2.22924 0.437874 0.85 -139.599 0.900232
85810000 -3102.17 2.39316 0.437874 0.85 -139.599 0.900232
85820000 -3149.52 1.93498 0.437874 0.85 -139.599 0.900232
85830000 -3140.36 2.03797 0.437874 0.85 -139.599 0.900232
85840000 -3116.96 2.23661 0.437873 0.85 -139.599 0.900232
85850000 -3138.66 2.03086 0.437873 0.85 -139.599 0.900232
85860000 -3126 2.23277 0.437874 0.85 -139.599 0.900232
85870000 -3147.54 2.07536 0.437874 0.85 -139.599 0.900232
85880000 -3163.74 1.82797 0.437875 0.85 -139.599 0.900232
85890000 -3102.15 2.48322 0.437874 0.85 -139.599 0.900232
85900000 -3139.6 2.05234 0.437875 0.85 -139.599 0.900232
85910000 -3093.34 2.55617 0.437875 0.85 -139.599 0.900232
85920000 -3149.28 2.02431 0.437874 0.85 -139.599 0.900232
85930000 -3119.36 2.32095 0.437875 0.85 -139.599 0.900232
85940000 -3124.57 2.20455 0.437875 0.85 -139.599 0.900232
85950000 -3136.52 2.05506 0.437877 0.85 -139.599 0.900232
85960000 -3142.77 1.99497 0.437877 0.85 -139.599 0.900232
85970000 -3104.16 2.35794 0.437877 0.85 -139.599 0.900232
85980000 -3127.63 2.2049 0.437878 0.85 -139.599 0.900232
85990000 -3139.94 2.08566 0.437877 0.85 -139.599 0.900232
86000000 -3106.95 2.46379 0.437877 0.85 -139.599 0.900232
86010000 -3140.39 2.09592 0.437876 0.85 -139.599 0.900232
86020000 -3111.54 2.40096 0.437877 0.85 -139.599 0.900232
86030000 -3130.34 2.20244 0.437876 0.85 -139.599 0.900232
86040000 -3144.97 2.07825 0.437877 0.85 -139.599 0.900232
86050000 -3107.63 2.3774 0.437876 0.85 -139.599 0.900232
86060000 -3094.74 2.47648 0.437876 0.85 -139.599 0.900232
86070000 -3144.99 2.04439 0.437877 0.85 -139.599 0.900232
86080000 -3116.93 2.27008 0.437878 0.85 -139.599 0.900232
86090000 -3067.8 2.70476 0.437877 0.85 -139.599 0.900232
86100000 -3074.33 2.65631 0.437878 0.85 -139.599 0.900232
86110000 -3100.1 2.41909 0.437879 0.85 -139.599 0.900232
86120000 -3093.7 2.43263 0.437878 0.85 -139.599 0.900232
86130000 -3130.75 2.05216 0.437878 0.85 -139.599 0.900232
86140000 -3131.76 2.12566 0.437878 0.85 -139.599 0.900232
86150000 -3094.72 2.49453 0.437879 0.85 -139.599 0.900232
86160000 -3077.91 2.64924 0.437878 0.85 -139.599 0.900232
86170000 -3128.02 2.14081 0.437878 0.85 -139.599 0.900232
86180000 -3091.56 2.48069 0.437878 0.85 -139.599 0.900232
86190000 -3116.59 2.2421 0.437878 0.85 -139.599 0.900232
86200000 -3112.42 2.27969 0.437878 0.85 -139.599 0.900232
86210000 -3152.18 1.98166 0.437877 0.85 -139.599 0.900232
86220000 -3157.75 1.90921 0.437878 0.85 -139.599 0.900232
86230000 -3122.86 2.13815 0.437878 0.85 -139.599 0.900232
86240000 -3100.43 2.37056 0.437879 0.85 -139.599 0.900232
86250000 -3114.54 2.28958 0.437879 0.85 -139.599 0.900232
86260000 -3127.8 2.14987 0.437878 0.85 -139.599 0.900232
86270000 -3166.53 1.75792 0.43788 0.85 -139.599 0.900232
86280000 -3103.19 2.36737 0.437879 0.85 -139.599 0.900232
86290000 -3120.53 2.21295 0.43788 0.85 -139.599 0.900232
86300000 -3099.56 2.44827 0.43788 0.85 -139.599 0.900232
86310000 -3127.7 2.10773 0.43788 0.85 -139.599 0.900232
86320000 -3143.05 1.99128 0.43788 0.85 -139.599 0.900232
86330000 -3110 2.2471 0.437881 0.85 -139.599 0.900232
86340000 -3132.16 2.13621 0.437882 0.85 -139.599 0.900232
86350000 -3118.56 2.24646 0.437882 0.85 -139.599 0.900232
86360000 -3138.73 2.09058 0.437882 0.85 -139.599 0.900232
86370000 -3120.26 2.25371 0.437881 0.85 -139.599 0.900232
86380000 -3072.72 2.72732 0.437881 0.85 -139.599 0.900232
86390000 -3112.21 2.31745 0.43788 0.85 -139.599 0.900232
86400000 -3085.97 2.64564 0.43788 0.85 -139.599 0.900232
86410000 -3102.46 2.41235 0.43788 0.85 -139.599 0.900232
86420000 -3121.83 2.27599 0.43788 0.85 -139.599 0.900232
86430000 -3130.59 2.15907 0.437881 0.85 -139.599 0.900232
86440000 -3133.49 2.1467 0.43788 0.85 -139.599 0.900232
86450000 -3136.82 2.02655 0.437881 0.85 -139.599 0.900232
86460000 -3156.07 1.91704 0.437881 0.85 -139.599 0.900232
86470000 -3086.73 2.61131 0.437881 0.85 -139.599 0.900232
86480000 -3135.12 2.13989 0.43788 0.85 -139.599 0.900232
86490000 -3113.27 2.30679 0.43788 0.85 -139.599 0.900232
86500000 -3139.68 2.10545 0.43788 0.85 -139.599 0.900232
86510000 -3123.94 2.13892 0.437881 0.85 -139.599 0.900232
86520000 -3100.05 2.4691 0.437882 0.85 -139.599 0.900232
86530000 -3141.74 2.00591 0.437882 0.85 -139.599 0.900232
86540000 -3134.72 2.08795 0.437881 0.85 -139.599 0.900232
86550000 -3134.32 2.12143 0.437882 0.85 -139.599 0.900232
86560000 -3116.13 2.30971 0.437881 0.85 -139.599 0.900232
86570000 -3075.64 2.70059 0.437881 0.85 -139.599 0.900232
86580000 -3086.8 2.561 0.437881 0.85 -139.599 0.900232
86590000 -3116.67 2.3195 0.437882 0.85 -139.599 0.900232
86600000 -3122.41 2.18247 0.437881 0.85 -139.599 0.900232
86610000 -3138.3 2.12518 0.437881 0.85 -139.599 0.900232
86620000 -3149.83 2.04046 0.43788 0.85 -139.599 0.900232
86630000 -3142.26 2.12796 0.437881 0.85 -139.599 0.900232
86640000 -3119.89 2.31456 0.437881 0.85 -139.599 0.900232
86650000 -3106.05 2.38242 0.437881 0.85 -139.599 0.900232
86660000 -3105.73 2.44864 0.437881 0.85 -139.599 0.900232
86670000 -3122.5 2.2309 0.43788 0.85 -139.599 0.900232
86680000 -3139.44 1.99987 0.437879 0.85 -139.599 0.900232
86690000 -3129.29 2.09092 0.43788 0.85 -139.599 0.900232
86700000 -3094.29 2.41724 0.43788 0.85 -139.599 0.900232
86710000 -3095.68 2.47693 0.437881 0.85 -139.599 0.900232
86720000 -3125.09 2.19451 0.437881 0.85 -139.599 0.900232
86730000 -3101.95 2.40566 0.437881 0.85 -139.599 0.900232
86740000 -3116.5 2.29644 0.437881 0.85 -139.599 0.900232
86750000 -3105.46 2.30277 0.437882 0.85 -139.599 0.900232
86760000 -3124.57 2.17397 0.437881 0.85 -139.599 0.900232
86770000 -3123.96 2.20627 0.437881 0.85 -139.599 0.900232
86780000 -3108.11 2.29927 0.437881 0.85 -139.599 0.900232
86790000 -3110.31 2.28942 0.437881 0.85 -139.599 0.900232
86800000 -3152.65 1.96333 0.437881 0.85 -139.599 0.900232
86810000 -3123.65 2.25052 0.437881 0.85 -139.599 0.900232
86820000 -3146.85 2.03212 0.43788 0.85 -139.599 0.900232
86830000 -3113.01 2.38597 0.437881 0.85 -139.599 0.900232
86840000 -3093.18 2.51787 0.437881 0.85 -139.599 0.900232
86850000 -3089.12 2.62698 0.437881 0.85 -139.599 0.900232
86860000 -3120.44 2.28592 0.437879 0.85 -139.599 0.900232
86870000 -3111.07 2.35058 0.43788 0.85 -139.599 0.900232
86880000 -3086.84 2.58209 0.437879 0.85 -139.599 0.900232
86890000 -3113.28 2.38554 0.437878 0.85 -139.599 0.900232
86900000 -3100.54 2.44057 0.437879 0.85 -139.599 0.900232
86910000 -3119.6 2.24348 0.437878 0.85 -139.599 0.900232
86920000 -3128.38 2.14891 0.437878 0.85 -139.599 0.900232
86930000 -3131.89 2.12406 0.437878 0.85 -139.599 0.900232
86940000 -3105.12 2.3201 0.437879 0.85 -139.599 0.900232
86950000 -3145.48 1.95106 0.437879 0.85 -139.599 0.900232
86960000 -3113.02 2.2829 0.437879 0.85 -139.599 0.900232
86970000 -3150 1.88401 0.43788 0.85 -139.599 0.900232
86980000 -3133.01 2.12593 0.43788 0.85 -139.599 0.900232
86990000 -3125.07 2.20611 0.437881 0.85 -139.599 0.900232
87000000 -3127.03 2.27593 0.437881 0.85 -139.599 0.900232
87010000 -3085.47 2.59772 0.437881 0.85 -139.599 0.900232
87020000 -3118.82 2.30569 0.437881 0.85 -139.599 0.900232
87030000 -3120.86 2.26034 0.43788 0.85 -139.599 0.900232
87040000 -3123.65 2.09439 0.437881 0.85 -139.599 0.900232
87050000 -3131.45 2.09895 0.437881 0.85 -139.599 0.900232
87060000 -3127.87 2.13322 0.437882 0.85 -139.599 0.900232
87070000 -3117.65 2.22591 0.437883 0.85 -139.599 0.900232
87080000 -3113.22 2.32386 0.437882 0.85 -139.599 0.900232
87090000 -3108.13 2.41847 0.437882 0.85 -139.599 0.900232
87100000 -3124.95 2.2002 0.437883 0.85 -139.599 0.900232
87110000 -3108.72 2.33237 0.437884 0.85 -139.599 0.900232
87120000 -3147.87 1.98882 0.437883 0.85 -139.599 0.900232
87130000 -3119.08 2.28006 0.437883 0.85 -139.599 0.900232
87140000 -3106.82 2.29313 0.437883 0.85 -139.599 0.900232
87150000 -3134.33 2.09228 0.437883 0.85 -139.599 0.900232
87160000 -3084.83 2.65798 0.437883 0.85 -139.599 0.900232
87170000 -3083.58 2.65108 0.437883 0.85 -139.599 0.900232
87180000 -3123.93 2.32395 0.437884 0.85 -139.599 0.900232
87190000 -3122.51 2.25989 0.437884 0.85 -139.599 0.900232
87200000 -3062.22 2.88721 0.437884 0.85 -139.599 0.900232
87210000 -3116.4 2.28262 0.437884 0.85 -139.599 0.900232
87220000 -3108.58 2.38268 0.437884 0.85 -139.599 0.900232
87230000 -3103.6 2.46444 0.437884 0.85 -139.599 0.900232
87240000 -3109.5 2.29288 0.437884 0.85 -139.599 0.900232
87250000 -3093.52 2.54581 0.437884 0.85 -139.599 0.900232
87260000 -3138.82 2.09447 0.437883 0.85 -139.599 0.900232
87270000 -3101.2 2.34166 0.437884 0.85 -139.599 0.900232
87280000 -3115.48 2.24667 0.437884 0.85 -139.599 0.900232
87290000 -3110.91 2.32368 0.437884 0.85 -139.599 0.900232
87300000 -3113.99 2.30752 0.437883 0.85 -139.599 0.900232
87310000 -3099.61 2.41946 0.437882 0.85 -139.599 0.900232
87320000 -3100.87 2.43681 0.437881 0.85 -139.599 0.900232
87330000 -3101.89 2.39241 0.43788 0.85 -139.599 0.900232
87340000 -3091.02 2.55084 0.43788 0.85 -139.599 0.900232
87350000 -3080.52 2.7137 0.437878 0.85 -139.599 0.900232
87360000 -3091.66 2.55313 0.437877 0.85 -139.599 0.900232
87370000 -3081.84 2.69111 0.437876 0.85 -139.599 0.900232
87380000 -3058.31 2.86844 0.437875 0.85 -139.599 0.900232
87390000 -3114.22 2.31314 0.437875 0.85 -139.599 0.900232
87400000 -3106.99 2.38478 0.437874 0.85 -139.599 0.900232
87410000 -3102.48 2.41371 0.437873 0.85 -139.599 0.900232
87420000 -3096.12 2.4949 0.437872 0.85 -139.599 0.900232
87430000 -3088.08 2.61536 0.437873 0.85 -139.599 0.900232
87440000 -3126.93 2.24877 0.437873 0.85 -139.599 0.900232
87450000 -3105.24 2.43294 0.437873 0.85 -139.599 0.900232
87460000 -3143.98 2.02448 0.437873 0.85 -139.599 0.900232
87470000 -3136.24 2.15515 0.437872 0.85 -139.599 0.900232
87480000 -3094.27 2.51063 0.437872 0.85 -139.599 0.900232
87490000 -3113.9 2.26196 0.437872 0.85 -139.599 0.900232
87500000 -3163.44 1.81825 0.437871 0.85 -139.599 0.900232
87510000 -3102.49 2.40214 0.437872 0.85 -139.599 0.900232
87520000 -3108.25 2.38407 0.437871 0.85 -139.599 0.900232
87530000 -3091.2 2.54441 0.437872 0.85 -139.599 0.900232
87540000 -3100.22 2.44604 0.43787 0.85 -139.599 0.900232
87550000 -3106.9 2.32903 0.437869 0.85 -139.599 0.900232
87560000 -3110.43 2.41013 0.437869 0.85 -139.599 0.900232
87570000 -3143.42 2.03951 0.437869 0.85 -139.599 0.900232
87580000 -3103.56 2.53018 0.437869 0.85 -139.599 0.900232
87590000 -3106.77 2.5163 0.437869 0.85 -139.599 0.900232
87600000 -3078.57 2.72695 0.437869 0.85 -139.599 0.900232
87610000 -3123.16 2.20819 0.437869 0.85 -139.599 0.900232
87620000 -3099 2.48857 0.437869 0.85 -139.599 0.900232
87630000 -3146.79 1.98449 0.437868 0.85 -139.599 0.900232
87640000 -3098.38 2.45149 0.437868 0.85 -139.599 0.900232
87650000 -3126.58 2.22185 0.437868 0.85 -139.599 0.900232
87660000 -3131.18 2.21884 0.437869 0.85 -139.599 0.900232
87670000 -3123.12 2.22877 0.437869 0.85 -139.599 0.900232
87680000 -3126.49 2.16259 0.437868 0.85 -139.599 0.900232
87690000 -3151.24 1.90034 0.43787 0.85 -139.599 0.900232
87700000 -3114.86 2.27755 0.437869 0.85 -139.599 0.900232
87710000 -3104.89 2.45179 0.43787 0.85 -139.599 0.900232
87720000 -3105.22 2.36148 0.43787 0.85 -139.599 0.900232
87730000 -3108.37 2.36059 0.43787 0.85 -139.599 0.900232
87740000 -3127.84 2.12133 0.437871 0.85 -139.599 0.900232
87750000 -3142.47 2.01456 0.437871 0.85 -139.599 0.900232
87760000 -3130.94 2.14723 0.437871 0.85 -139.599 0.900232
87770000 -3129.77 2.11316 0.437872 0.85 -139.599 0.900232
87780000 -3132.04 2.18682 0.437873 0.85 -139.599 0.900232
87790000 -3130.53 2.12988 0.437873 0.85 -139.599 0.900232
87800000 -3090.25 2.54376 0.437873 0.85 -139.599 0.900232
87810000 -3121.31 2.27387 0.437872 0.85 -139.599 0.900232
87820000 -3133.29 2.08437 0.437873 0.85 -139.599 0.900232
87830000 -3138.84 2.12488 0.437873 0.85 -139.599 0.900232
87840000 -3111.25 2.3987 0.437873 0.85 -139.599 0.900232
87850000 -3148.81 2.05898 0.437872 0.85 -139.599 0.900232
87860000 -3136.43 2.09512 0.437872 0.85 -139.599 0.900232
87870000 -3116.63 2.31519 0.437873 0.85 -139.599 0.900232
87880000 -3086.44 2.56627 0.437873 0.85 -139.599 0.900232
87890000 -3091.57 2.55251 0.437871 0.85 -139.599 0.900232
87900000 -3124.53 2.15927 0.43787 0.85 -139.599 0.900232
87910000 -3116.33 2.20986 0.43787 0.85 -139.599 0.900232
87920000 -3129.79 2.16947 0.437871 0.85 -139.599 0.900232
87930000 -3130.95 2.10083 0.437872 0.85 -139.599 0.900232
87940000 -3114.42 2.26297 0.437872 0.85 -139.599 0.900232
87950000 -3091.06 2.47672 0.437873 0.85 -139.599 0.900232
87960000 -3103.73 2.415 0.437872 0.85 -139.599 0.900232
87970000 -3102.88 2.36089 0.437872 0.85 -139.599 0.900232
87980000 -3101.81 2.37901 0.437872 0.85 -139.599 0.900232
87990000 -3139.11 1.97459 0.437872 0.85 -139.599 0.900232
88000000 -3143.4 2.00984 0.437873 0.85 -139.599 0.900232
88010000 -3116.29 2.23162 0.437871 0.85 -139.599 0.900232
88020000 -3127 2.10516 0.437872 0.85 -139.599 0.900232
88030000 -3121.09 2.1533 0.437871 0.85 -139.599 0.900232
88040000 -3115.2 2.20627 0.437871 0.85 -139.599 0.900232
88050000 -3117.59 2.18602 0.437872 0.85 -139.599 0.900232
88060000 -3134.18 2.097 0.437872 0.85 -139.599 0.900232
88070000 -3076.32 2.62133 0.437872 0.85 -139.599 0.900232
88080000 -3111.07 2.32201 0.437873 0.85 -139.599 0.900232
88090000 -3071.4 2.68942 0.437873 0.85 -139.599 0.900232
88100000 -3102.1 2.36275 0.437873 0.85 -139.599 0.900232
88110000 -3105.48 2.36923 0.437874 0.85 -139.599 0.900232
88120000 -3082.97 2.5701 0.437874 0.85 -139.599 0.900232
88130000 -3119.12 2.21173 0.437874 0.85 -139.599 0.900232
88140000 -3145.52 1.98539 0.437874 0.85 -139.599 0.900232
88150000 -3123.75 2.19063 0.437874 0.85 -139.599 0.900232
88160000 -3130.15 2.16887 0.437874 0.85 -139.599 0.900232
88170000 -3119.35 2.17554 0.437874 0.85 -139.599 0.900232
88180000 -3104.23 2.35785 0.437874 0.85 -139.599 0.900232
88190000 -3097.64 2.48318 0.437874 0.85 -139.599 0.900232
88200000 -3096.02 2.446 0.437873 0.85 -139.599 0.900232
88210000 -3079.42 2.53496 0.437873 0.85 -139.599 0.900232
88220000 -3063.46 2.77258 0.437873 0.85 -139.599 0.900232
88230000 -3098.32 2.445 0.437873 0.85 -139.599 0.900232
88240000 -3099.57 2.42614 0.437873 0.85 -139.599 0.900232
88250000 -3054.33 2.89868 0.437872 0.85 -139.599 0.900232
88260000 -3103.8 2.41641 0.437872 0.85 -139.599 0.900232
88270000 -3084.84 2.56769 0.43787 0.85 -139.599 0.900232
88280000 -3105.66 2.43929 0.43787 0.85 -139.599 0.900232
88290000 -3092.5 2.51894 0.437869 0.85 -139.599 0.900232
88300000 -3115.86 2.27284 0.43787 0.85 -139.599 0.900232
88310000 -3119.3 2.32604 0.437869 0.85 -139.599 0.900232
88320000 -3126.7 2.22709 0.437869 0.85 -139.599 0.900232
88330000 -3098.01 2.45929 0.437868 0.85 -139.599 0.900232
88340000 -3128.15 2.12181 0.437868 0.85 -139.599 0.900232
88350000 -3144.31 1.99369 0.437869 0.85 -139.599 0.900232
88360000 -3127 2.16426 0.437867 0.85 -139.599 0.900232
88370000 -3120.24 2.21261 0.437866 0.85 -139.599 0.900232
88380000 -3092.87 2.48748 0.437866 0.85 -139.599 0.900232
88390000 -3112.59 2.30631 0.437866 0.85 -139.599 0.900232
88400000 -3114.74 2.27265 0.437865 0.85 -139.599 0.900232
88410000 -3136.7 2.06503 0.437866 0.85 -139.599 0.900232
88420000 -3098.16 2.44103 0.437867 0.85 -139.599 0.900232
88430000 -3137.42 2.0092 0.437868 0.85 -139.599 0.900232
88440000 -3112.13 2.23189 0.437868 0.85 -139.599 0.900232
88450000 -3118.3 2.19194 0.437868 0.85 -139.599 0.900232
88460000 -3169 1.69562 0.437868 0.85 -139.599 0.900232
88470000 -3152.69 1.88572 0.437868 0.85 -139.599 0.900232
88480000 -3159.89 1.79849 0.437868 0.85 -139.599 0.900232
88490000 -3125.35 2.1982 0.437868 0.85 -139.599 0.900232
88500000 -3134.38 2.0679 0.437867 0.85 -139.599 0.900232
88510000 -3138.3 2.04761 0.437867 0.85 -139.599 0.900232
88520000 -3135.27 1.97677 0.437867 0.85 -139.599 0.900232
88530000 -3121 2.15492 0.437868 0.85 -139.599 0.900232
88540000 -3132.35 2.06139 0.437869 0.85 -139.599 0.900232
88550000 -3092.65 2.46108 0.437869 0.85 -139.599 0.900232
88560000 -3108.25 2.39677 0.437869 0.85 -139.599 0.900232
88570000 -3092.08 2.54809 0.437869 0.85 -139.599 0.900232
88580000 -3118.05 2.24113 0.437871 0.85 -139.599 0.900232
88590000 -3114.07 2.28219 0.43787 0.85 -139.599 0.900232
88600000 -3121.71 2.23671 0.437871 0.85 -139.599 0.900232
88610000 -3122.57 2.1279 0.437871 0.85 -139.599 0.900232
88620000 -3125.24 2.16692 0.437871 0.85 -139.599 0.900232
88630000 -3146.22 2.06265 0.437872 0.85 -139.599 0.900232
88640000 -3141.89 2.03442 0.437871 0.85 -139.599 0.900232
88650000 -3129.72 2.19286 0.437871 0.85 -139.599 0.900232
88660000 -3142.15 2.04411 0.437872 0.85 -139.599 0.900232
88670000 -3113.13 2.35574 0.437871 0.85 -139.599 0.900232
88680000 -3154.12 1.92798 0.437871 0.85 -139.599 0.900232
88690000 -3136.57 2.06319 0.437871 0.85 -139.599 0.900232
88700000 -3132.6 2.06251 0.437872 0.85 -139.599 0.900232
88710000 -3154.22 1.91963 0.437873 0.85 -139.599 0.900232
88720000 -3123.66 2.19284 0.437873 0.85 -139.599 0.900232
88730000 -3149.5 1.96292 0.437873 0.85 -139.599 0.900232
88740000 -3117.62 2.25291 0.437873 0.85 -139.599 0.900232
88750000 -3117.42 2.29297 0.437874 0.85 -139.599 0.900232
88760000 -3137.5 2.12717 0.437874 0.85 -139.599 0.900232
88770000 -3136.82 2.14399 0.437874 0.85 -139.599 0.900232
88780000 -3108.1 2.41568 0.437874 0.85 -139.599 0.900232
88790000 -3165.4 1.84343 0.437874 0.85 -139.599 0.900232
88800000 -3112.63 2.33384 0.437874 0.85 -139.599 0.900232
88810000 -3159.56 1.8813 0.437873 0.85 -139.599 0.900232
88820000 -3113.02 2.33973 0.437874 0.85 -139.599 0.900232
88830000 -3117.98 2.30191 0.437874 0.85 -139.599 0.900232
88840000 -3148.14 1.97844 0.437873 0.85 -139.599 0.900232
88850000 -3094.14 2.44051 0.437873 0.85 -139.599 0.900232
88860000 -3124.74 2.18902 0.437873 0.85 -139.599 0.900232
88870000 -3132.88 2.07664 0.437872 0.85 -139.599 0.900232
88880000 -3152.59 1.87553 0.437872 0.85 -139.599 0.900232
88890000 -3136.45 2.0342 0.437873 0.85 -139.599 0.900232
88900000 -3160.27 1.87355 0.437873 0.85 -139.599 0.900232
88910000 -3127.47 2.14666 0.437872 0.85 -139.599 0.900232
88920000 -3113.25 2.33066 0.437872 0.85 -139.599 0.900232
88930000 -3119.99 2.35203 0.437873 0.85 -139.599 0.900232
88940000 -3110.91 2.3596 0.437873 0.85 -139.599 0.900232
88950000 -3110.54 2.22892 0.437873 0.85 -139.599 0.900232
88960000 -3140.04 2.06302 0.437873 0.85 -139.599 0.900232
88970000 -3116.41 2.26039 0.437872 0.85 -139.599 0.900232
88980000 -3111.67 2.32098 0.437872 0.85 -139.599 0.900232
88990000 -3106.52 2.37084 0.437873 0.85 -139.599 0.900232
89000000 -3104.7 2.35636 0.437872 0.85 -139.599 0.900232
89010000 -3106.82 2.40886 0.437872 0.85 -139.599 0.900232
89020000 -3125.36 2.15587 0.437872 0.85 -139.599 0.900232
89030000 -3147.58 1.99882 0.437872 0.85 -139.599 0.900232
89040000 -3124.84 2.17776 0.437872 0.85 -139.599 0.900232
89050000 -3133.57 2.02405 0.437871 0.85 -139.599 0.900232
89060000 -3121.9 2.19949 0.437872 0.85 -139.599 0.900232
89070000 -3100.78 2.39236 0.437871 0.85 -139.599 0.900232
89080000 -3110.22 2.28261 0.437872 0.85 -139.599 0.900232
89090000 -3124.47 2.11313 0.437872 0.85 -139.599 0.900232
89100000 -3108.19 2.32493 0.437872 0.85 -139.599 0.900232
89110000 -3100.21 2.43013 0.437872 0.85 -139.599 0.900232
89120000 -3122.92 2.21158 0.437871 0.85 -139.599 0.900232
89130000 -3115.8 2.29741 0.437872 0.85 -139.599 0.900232
89140000 -3143.03 2.06291 0.437871 0.85 -139.599 0.900232
89150000 -3142.39 2.01842 0.437871 0.85 -139.599 0.900232
89160000 -3125.44 2.22653 0.437872 0.85 -139.599 0.900232
89170000 -3141.13 2.04566 0.437872 0.85 -139.599 0.900232
89180000 -3106.67 2.3356 0.437872 0.85 -139.599 0.900232
89190000 -3124.43 2.19692 0.437872 0.85 -139.599 0.900232
89200000 -3135.75 2.11886 0.437872 0.85 -139.599 0.900232
89210000 -3131.28 2.13029 0.437872 0.85 -139.599 0.900232
89220000 -3118.93 2.25256 0.437873 0.85 -139.599 0.900232
89230000 -3129.55 2.16521 0.437873 0.85 -139.599 0.900232
89240000 -3127.47 2.13154 0.437874 0.85 -139.599 0.900232
89250000 -3130.87 2.16241 0.437874 0.85 -139.599 0.900232
89260000 -3131.34 2.135 0.437874 0.85 -139.599 0.900232
89270000 -3136.95 2.08528 0.437875 0.85 -139.599 0.900232
89280000 -3161.61 1.83412 0.437877 0.85 -139.599 0.900232
89290000 -3134.07 2.08286 0.437878 0.85 -139.599 0.900232
89300000 -3113.23 2.276 0.437878 0.85 -139.599 0.900232
89310000 -3116.85 2.29824 0.437878 0.85 -139.599 0.900232
89320000 -3110.33 2.32521 0.437878 0.85 -139.599 0.900232
89330000 -3150.09 1.95085 0.437879 0.85 -139.599 0.900232
89340000 -3112.75 2.33307 0.437879 0.85 -139.599 0.900232
89350000 -3108.53 2.34115 0.437879 0.85 -139.599 0.900232
89360000 -3097.66 2.45525 0.437879 0.85 -139.599 0.900232
89370000 -3108.66 2.35897 0.437879 0.85 -139.599 0.900232
89380000 -3114.01 2.32327 0.437879 0.85 -139.599 0.900232
89390000 -3110.59 2.34271 0.437878 0.85 -139.599 0.900232
89400000 -3133.59 2.11981 0.437877 0.85 -139.599 0.900232
89410000 -3105.46 2.38422 0.437877 0.85 -139.599 0.900232
89420000 -3113.71 2.28014 0.437877 0.85 -139.599 0.900232
89430000 -3139.39 2.0339 0.437878 0.85 -139.599 0.900232
89440000 -3116.62 2.33065 0.437878 0.85 -139.599 0.900232
89450000 -3058.43 2.89484 0.437878 0.85 -139.599 0.900232
89460000 -3125.97 2.24107 0.437878 0.85 -139.599 0.900232
89470000 -3104.75 2.47266 0.437878 0.85 -139.599 0.900232
89480000 -3114.37 2.30668 0.437879 0.85 -139.599 0.900232
89490000 -3098 2.46807 0.437879 0.85 -139.599 0.900232
89500000 -3108.47 2.43663 0.437879 0.85 -139.599 0.900232
89510000 -3085.2 2.59817 0.437878 0.85 -139.599 0.900232
89520000 -3090.02 2.58304 0.437877 0.85 -139.599 0.900232
89530000 -3082.98 2.60899 0.437876 0.85 -139.599 0.900232
89540000 -3117.04 2.29755 0.437876 0.85 -139.599 0.900232
89550000 -3144.02 2.04675 0.437876 0.85 -139.599 0.900232
89560000 -3121.61 2.24683 0.437875 0.85 -139.599 0.900232
89570000 -3115.78 2.26353 0.437876 0.85 -139.599 0.900232
89580000 -3100.23 2.36458 0.437876 0.85 -139.599 0.900232
89590000 -3175.21 1.66625 0.437877 0.85 -139.599 0.900232
89600000 -3126.05 2.12784 0.437877 0.85 -139.599 0.900232
89610000 -3136.27 2.06038 0.437877 0.85 -139.599 0.900232
89620000 -3120.17 2.15122 0.437877 0.85 -139.599 0.900232
89630000 -3107.34 2.35925 0.437878 0.85 -139.599 0.900232
89640000 -3139.61 2.00349 0.437879 0.85 -139.599 0.900232
89650000 -3128.8 2.14955 0.437881 0.85 -139.599 0.900232
89660000 -3120.9 2.24092 0.437882 0.85 -139.599 0.900232
89670000 -3114.23 2.29832 0.437883 0.85 -139.599 0.900232
89680000 -3131.32 2.08519 0.437884 0.85 -139.599 0.900232
89690000 -3130.09 2.09905 0.437883 0.85 -139.599 0.900232
89700000 -3121.17 2.13553 0.437884 0.85 -139.599 0.900232
89710000 -3109.21 2.34687 0.437885 0.85 -139.599 0.900232
89720000 -3085.02 2.62576 0.437885 0.85 -139.599 0.900232
89730000 -3058.06 2.96836 0.437885 0.85 -139.599 0.900232
89740000 -3127.21 2.24141 0.437884 0.85 -139.599 0.900232
89750000 -3140.64 2.04054 0.437885 0.85 -139.599 0.900232
89760000 -3105.46 2.33138 0.437885 0.85 -139.599 0.900232
89770000 -3095.16 2.47842 0.437884 0.85 -139.599 0.900232
89780000 -3081.09 2.66285 0.437884 0.85 -139.599 0.900232
89790000 -3107.63 2.36028 0.437884 0.85 -139.599 0.900232
89800000 -3106.81 2.33053 0.437884 0.85 -139.599 0.900232
89810000 -3092.09 2.47883 0.437884 0.85 -139.599 0.900232
89820000 -3128.98 2.16642 0.437884 0.85 -139.599 0.900232
89830000 -3102.16 2.4019 0.437885 0.85 -139.599 0.900232
89840000 -3139.32 2.00256 0.437885 0.85 -139.599 0.900232
89850000 -3111.67 2.2608 0.437885 0.85 -139.599 0.900232
89860000 -3131.36 2.11177 0.437885 0.85 -139.599 0.900232
89870000 -3101.44 2.34131 0.437886 0.85 -139.599 0.900232
89880000 -3102.79 2.32569 0.437886 0.85 -139.599 0.900232
89890000 -3119.68 2.25116 0.437885 0.85 -139.599 0.900232
89900000 -3130.27 2.02113 0.437885 0.85 -139.599 0.900232
89910000 -3094.84 2.44682 0.437885 0.85 -139.599 0.900232
89920000 -3106.86 2.3758 0.437886 0.85 -139.599 0.900232
89930000 -3116.07 2.31926 0.437885 0.85 -139.599 0.900232
89940000 -3122.53 2.18402 0.437884 0.85 -139.599 0.900232
89950000 -3104.99 2.37511 0.437884 0.85 -139.599 0.900232
89960000 -3114.83 2.22346 0.437885 0.85 -139.599 0.900232
89970000 -3128.47 2.12728 0.437885 0.85 -139.599 0.900232
89980000 -3092.63 2.48784 0.437887 0.85 -139.599 0.900232
89990000 -3126.25 2.11781 0.437887 0.85 -139.599 0.900232
90000000 -3120.79 2.2398 0.437887 0.85 -139.599 0.900232
90010000 -3137.24 2.03906 0.437887 0.85 -139.599 0.900232
90020000 -3137.96 2.08289 0.437886 0.85 -139.599 0.900232
90030000 -3112.59 2.33377 0.437887 0.85 -139.599 0.900232
90040000 -3126.81 2.26359 0.437887 0.85 -139.599 0.900232
90050000 -3108.15 2.32925 0.437888 0.85 -139.599 0.900232
90060000 -3125.52 2.15202 0.437888 0.85 -139.599 0.900232
90070000 -3080.28 2.61658 0.437888 0.85 -139.599 0.900232
90080000 -3123.32 2.16521 0.437887 0.85 -139.599 0.900232
90090000 -3121.37 2.20396 0.437888 0.85 -139.599 0.900232
90100000 -3081.72 2.70829 0.437888 0.85 -139.599 0.900232
90110000 -3132.05 2.14266 0.437889 0.85 -139.599 0.900232
90120000 -3098.38 2.48207 0.437889 0.85 -139.599 0.900232
90130000 -3103.43 2.36546 0.437888 0.85 -139.599 0.900232
90140000 -3127.05 2.08324 0.437888 0.85 -139.599 0.900232
90150000 -3093.17 2.46692 0.437887 0.85 -139.599 0.900232
90160000 -3119.96 2.22544 0.437887 0.85 -139.599 0.900232
90170000 -3125.19 2.16834 0.437887 0.85 -139.599 0.900232
90180000 -3113.96 2.32519 0.437888 0.85 -139.599 0.900232
90190000 -3126.42 2.16023 0.437887 0.85 -139.599 0.900232
90200000 -3137.9 2.10196 0.437887 0.85 -139.599 0.900232
90210000 -3118.06 2.28177 0.437887 0.85 -139.599 0.900232
90220000 -3107 2.37924 0.437887 0.85 -139.599 0.900232
90230000 -3124.86 2.1753 0.437888 0.85 -139.599 0.900232
90240000 -3104.22 2.37177 0.437888 0.85 -139.599 0.900232
90250000 -3071.57 2.70701 0.437887 0.85 -139.599 0.900232
90260000 -3073.41 2.71038 0.437887 0.85 -139.599 0.900232
90270000 -3117.06 2.25516 0.437887 0.85 -139.599 0.900232
90280000 -3129.03 2.16329 0.437886 0.85 -139.599 0.900232
90290000 -3123.57 2.23444 0.437886 0.85 -139.599 0.900232
90300000 -3134.12 2.11939 0.437886 0.85 -139.599 0.900232
90310000 -3120.62 2.12443 0.437886 0.85 -139.599 0.900232
90320000 -3121.12 2.18853 0.437887 0.85 -139.599 0.900232
90330000 -3132.8 2.11542 0.437886 0.85 -139.599 0.900232
90340000 -3119.66 2.19031 0.437886 0.85 -139.599 0.900232
90350000 -3102.4 2.40578 0.437886 0.85 -139.599 0.900232
90360000 -3139.93 2.02187 0.437887 0.85 -139.599 0.900232
90370000 -3127.51 2.19331 0.437887 0.85 -139.599 0.900232
90380000 -3141.24 2.0737 0.437887 0.85 -139.599 0.900232
90390000 -3116.28 2.35486 0.437887 0.85 -139.599 0.900232
90400000 -3133.32 2.09455 0.437887 0.85 -139.599 0.900232
90410000 -3161.63 1.80719 0.437888 0.85 -139.599 0.900232
90420000 -3157.62 1.78703 0.437888 0.85 -139.599 0.900232
90430000 -3142.59 1.97712 0.437888 0.85 -139.599 0.900232
90440000 -3132.9 2.06819 0.437888 0.85 -139.599 0.900232
90450000 -3140.81 1.96349 0.437889 0.85 -139.599 0.900232
90460000 -3113.28 2.29906 0.437889 0.85 -139.599 0.900232
90470000 -3124.12 2.21628 0.43789 0.85 -139.599 0.900232
90480000 -3132.26 2.15031 0.43789 0.85 -139.599 0.900232
90490000 -3134.14 2.09687 0.437889 0.85 -139.599 0.900232
90500000 -3140.47 2.06995 0.43789 0.85 -139.599 0.900232
90510000 -3113.69 2.29668 0.437893 0.85 -139.599 0.900232
90520000 -3142.09 2.00459 0.437892 0.85 -139.599 0.900232
90530000 -3151.39 1.92775 0.437894 0.85 -139.599 0.900232
90540000 -3137.36 2.06627 0.437893 0.85 -139.599 0.900232
90550000 -3125.81 2.23107 0.437894 0.85 -139.599 0.900232
90560000 -3104.28 2.3852 0.437893 0.85 -139.599 0.900232
90570000 -3126.33 2.19114 0.437893 0.85 -139.599 0.900232
90580000 -3126.18 2.17125 0.437892 0.85 -139.599 0.900232
90590000 -3095.13 2.47582 0.437893 0.85 -139.599 0.900232
90600000 -3149.57 2.0003 0.437893 0.85 -139.599 0.900232
90610000 -3124.17 2.17065 0.437892 0.85 -139.599 0.900232
90620000 -3132.96 2.11255 0.437892 0.85 -139.599 0.900232
90630000 -3137.09 2.08324 0.437893 0.85 -139.599 0.900232
90640000 -3135.67 2.03101 0.437893 0.85 -139.599 0.900232
90650000 -3122.27 2.18159 0.437894 0.85 -139.599 0.900232
90660000 -3144.9 1.96934 0.437895 0.85 -139.599 0.900232
90670000 -3144 2.01611 0.437896 0.85 -139.599 0.900232
90680000 -3181.11 1.61403 0.437896 0.85 -139.599 0.900232
90690000 -3128.18 2.07892 0.437896 0.85 -139.599 0.900232
90700000 -3107.26 2.32972 0.437896 0.85 -139.599 0.900232
90710000 -3124.92 2.1909 0.437896 0.85 -139.599 0.900232
90720000 -3151.68 1.84458 0.437897 0.85 -139.599 0.900232
90730000 -3161.29 1.81836 0.437898 0.85 -139.599 0.900232
90740000 -3126.35 2.13451 0.437899 0.85 -139.599 0.900232
90750000 -3140.11 2.083 0.437899 0.85 -139.599 0.900232
90760000 -3156.41 1.84641 0.437899 0.85 -139.599 0.900232
90770000 -3127.32 2.13528 0.437899 0.85 -139.599 0.900232
90780000 -3152.84 1.85406 0.437898 0.85 -139.599 0.900232
90790000 -3133.12 2.10171 0.437898 0.85 -139.599 0.900232
90800000 -3125.1 2.17136 0.437899 0.85 -139.599 0.900232
90810000 -3109.82 2.31755 0.437899 0.85 -139.599 0.900232
90820000 -3146.74 1.97611 0.437899 0.85 -139.599 0.900232
90830000 -3136.4 2.0274 0.4379 0.85 -139.599 0.900232
90840000 -3117.24 2.27632 0.4379 0.85 -139.599 0.900232
90850000 -3129.03 2.12456 0.4379 0.85 -139.599 0.900232
90860000 -3132.03 2.07037 0.4379 0.85 -139.599 0.900232
90870000 -3130.15 2.1164 0.437901 0.85 -139.599 0.900232
90880000 -3095.95 2.45404 0.437902 0.85 -139.599 0.900232
90890000 -3129.5 2.21119 0.437901 0.85 -139.599 0.900232
90900000 -3097.47 2.46624 0.4379 0.85 -139.599 0.900232
90910000 -3114.99 2.39709 0.4379 0.85 -139.599 0.900232
90920000 -3151.85 1.99399 0.4379 0.85 -139.599 0.900232
90930000 -3142.86 2.08008 0.437899 0.85 -139.599 0.900232
90940000 -3106.39 2.3655 0.4379 0.85 -139.599 0.900232
90950000 -3102.32 2.38305 0.4379 0.85 -139.599 0.900232
90960000 -3138.63 1.98943 0.437901 0.85 -139.599 0.900232
90970000 -3125.18 2.18469 0.437901 0.85 -139.599 0.900232
90980000 -3133.28 2.17157 0.437901 0.85 -139.599 0.900232
90990000 -3109.01 2.32748 0.437901 0.85 -139.599 0.900232
91000000 -3105.53 2.43643 0.437901 0.85 -139.599 0.900232
91010000 -3105.81 2.39497 0.437901 0.85 -139.599 0.900232
91020000 -3121.56 2.22803 0.4379 0.85 -139.599 0.900232
91030000 -3139.92 2.08766 0.4379 0.85 -139.599 0.900232
91040000 -3120.03 2.22555 0.437899 0.85 -139.599 0.900232
91050000 -3098.63 2.46247 0.437898 0.85 -139.599 0.900232
91060000 -3077.96 2.67648 0.437897 0.85 -139.599 0.900232
91070000 -3094.96 2.5336 0.437897 0.85 -139.599 0.900232
91080000 -3115.36 2.2481 0.437896 0.85 -139.599 0.900232
91090000 -3089.72 2.56645 0.437897 0.85 -139.599 0.900232
91100000 -3126.31 2.18224 0.437896 0.85 -139.599 0.900232
91110000 -3086.69 2.5725 0.437896 0.85 -139.599 0.900232
91120000 -3122.63 2.23614 0.437896 0.85 -139.599 0.900232
91130000 -3092.6 2.51252 0.437897 0.85 -139.599 0.900232
91140000 -3083.85 2.58717 0.437897 0.85 -139.599 0.900232
91150000 -3102.27 2.41729 0.437896 0.85 -139.599 0.900232
91160000 -3083.94 2.63837 0.437896 0.85 -139.599 0.900232
91170000 -3100.14 2.48184 0.437895 0.85 -139.599 0.900232
91180000 -3107.94 2.38999 0.437894 0.85 -139.599 0.900232
91190000 -3150.51 1.9622 0.437895 0.85 -139.599 0.900232
91200000 -3153.16 1.89338 0.437895 0.85 -139.599 0.900232
91210000 -3135.15 2.12146 0.437896 0.85 -139.599 0.900232
91220000 -3138.87 2.01313 0.437897 0.85 -139.599 0.900232
91230000 -3100.2 2.40364 0.437898 0.85 -139.599 0.900232
91240000 -3108.99 2.34279 0.437897 0.85 -139.599 0.900232
91250000 -3108.66 2.2669 0.437897 0.85 -139.599 0.900232
91260000 -3122.84 2.12821 0.437897 0.85 -139.599 0.900232
91270000 -3100 2.46352 0.437896 0.85 -139.599 0.900232
91280000 -3097.73 2.53888 0.437896 0.85 -139.599 0.900232
91290000 -3087.06 2.60251 0.437895 0.85 -139.599 0.900232
91300000 -3084.23 2.5958 0.437895 0.85 -139.599 0.900232
91310000 -3110.09 2.36154 0.437894 0.85 -139.599 0.900232
91320000 -3099.89 2.51481 0.437895 0.85 -139.599 0.900232
91330000 -3114.22 2.38189 0.437893 0.85 -139.599 0.900232
91340000 -3112.13 2.39424 0.437894 0.85 -139.599 0.900232
91350000 -3105.14 2.45794 0.437893 0.85 -139.599 0.900232
91360000 -3089.17 2.591 0.437892 0.85 -139.599 0.900232
91370000 -3095.69 2.51433 0.437892 0.85 -139.599 0.900232
91380000 -3128.75 2.20734 0.437892 0.85 -139.599 0.900232
91390000 -3136.05 2.19744 0.437891 0.85 -139.599 0.900232
91400000 -3115.12 2.30325 0.437891 0.85 -139.599 0.900232
91410000 -3096.12 2.47317 0.437891 0.85 -139.599 0.900232
91420000 -3121.57 2.24168 0.437892 0.85 -139.599 0.900232
91430000 -3100.2 2.51636 0.437891 0.85 -139.599 0.900232
91440000 -3131.98 2.14999 0.43789 0.85 -139.599 0.900232
91450000 -3127.23 2.23753 0.43789 0.85 -139.599 0.900232
91460000 -3121.03 2.23579 0.43789 0.85 -139.599 0.900232
91470000 -3124.07 2.18822 0.437889 0.85 -139.599 0.900232
91480000 -3122.54 2.20081 0.437889 0.85 -139.599 0.900232
91490000 -3135.22 2.03886 0.437888 0.85 -139.599 0.900232
91500000 -3159.84 1.83176 0.437889 0.85 -139.599 0.900232
91510000 -3128.47 2.14991 0.437889 0.85 -139.599 0.900232
91520000 -3124.09 2.19327 0.437888 0.85 -139.599 0.900232
91530000 -3105.81 2.38488 0.437887 0.85 -139.599 0.900232
91540000 -3114.02 2.39813 0.437886 0.85 -139.599 0.900232
91550000 -3083.49 2.68138 0.437886 0.85 -139.599 0.900232
91560000 -3110.96 2.3514 0.437885 0.85 -139.599 0.900232
91570000 -3084.53 2.58621 0.437885 0.85 -139.599 0.900232
91580000 -3121.09 2.22249 0.437885 0.85 -139.599 0.900232
91590000 -3122.34 2.21684 0.437886 0.85 -139.599 0.900232
91600000 -3100.87 2.41938 0.437885 0.85 -139.599 0.900232
91610000 -3101.54 2.40641 0.437885 0.85 -139.599 0.900232
91620000 -3112.81 2.31469 0.437886 0.85 -139.599 0.900232
91630000 -3123.78 2.20944 0.437886 0.85 -139.599 0.900232
91640000 -3125.44 2.18017 0.437886 0.85 -139.599 0.900232
91650000 -3099.09 2.4861 0.437886 0.85 -139.599 0.900232
91660000 -3066.06 2.83824 0.437885 0.85 -139.599 0.900232
91670000 -3124.74 2.25287 0.437885 0.85 -139.599 0.900232
91680000 -3094.18 2.54733 0.437885 0.85 -139.599 0.900232
91690000 -3103.28 2.41185 0.437885 0.85 -139.599 0.900232
91700000 -3129.73 2.08949 0.437885 0.85 -139.599 0.900232
91710000 -3140.69 2.07764 0.437886 0.85 -139.599 0.900232
91720000 -3159.77 1.85555 0.437886 0.85 -139.599 0.900232
91730000 -3152.35 1.96078 0.437886 0.85 -139.599 0.900232
91740000 -3109.88 2.29463 0.437887 0.85 -139.599 0.900232
91750000 -3114.52 2.27685 0.437888 0.85 -139.599 0.900232
91760000 -3110 2.33991 0.437886 0.85 -139.599 0.900232
91770000 -3100.65 2.52186 0.437887 0.85 -139.599 0.900232
91780000 -3104.23 2.4691 0.437887 0.85 -139.599 0.900232
91790000 -3132.6 2.11971 0.437886 0.85 -139.599 0.900232
91800000 -3127.59 2.15826 0.437887 0.85 -139.599 0.900232
91810000 -3084.84 2.58344 0.437887 0.85 -139.599 0.900232
91820000 -3119.73 2.18737 0.437887 0.85 -139.599 0.900232
91830000 -3121.33 2.14874 0.437888 0.85 -139.599 0.900232
91840000 -3121.14 2.23555 0.437888 0.85 -139.599 0.900232
91850000 -3141.81 2.00514 0.437888 0.85 -139.599 0.900232
91860000 -3160.29 1.82865 0.43789 0.85 -139.599 0.900232
91870000 -3115.76 2.25802 0.437891 0.85 -139.599 0.900232
91880000 -3156.58 1.85708 0.437892 0.85 -139.599 0.900232
91890000 -3129.57 2.20379 0.437891 0.85 -139.599 0.900232
91900000 -3128.68 2.17593 0.437891 0.85 -139.599 0.900232
91910000 -3142.49 2.03194 0.437891 0.85 -139.599 0.900232
91920000 -3130.29 2.07863 0.437892 0.85 -139.599 0.900232
91930000 -3094.4 2.44911 0.437892 0.85 -139.599 0.900232
91940000 -3122.54 2.1966 0.437892 0.85 -139.599 0.900232
91950000 -3109.96 2.30814 0.437891 0.85 -139.599 0.900232
91960000 -3140.5 2.02884 0.437891 0.85 -139.599 0.900232
91970000 -3113.46 2.34204 0.437892 0.85 -139.599 0.900232
91980000 -3131.52 2.15964 0.437891 0.85 -139.599 0.900232
91990000 -3163.56 1.77535 0.437891 0.85 -139.599 0.900232
92000000 -3162.6 1.79044 0.437893 0.85 -139.599 0.900232
92010000 -3151.11 1.876 0.437893 0.85 -139.599 0.900232
92020000 -3153.47 1.93058 0.437894 0.85 -139.599 0.900232
92030000 -3154.53 1.87297 0.437894 0.85 -139.599 0.900232
92040000 -3094.07 2.47594 0.437895 0.85 -139.599 0.900232
92050000 -3120.56 2.24433 0.437896 0.85 -139.599 0.900232
92060000 -3113.58 2.19435 0.437896 0.85 -139.599 0.900232
92070000 -3160.2 1.79941 0.437897 0.85 -139.599 0.900232
92080000 -3105.16 2.40034 0.437897 0.85 -139.599 0.900232
92090000 -3122.51 2.23965 0.437898 0.85 -139.599 0.900232
92100000 -3127.19 2.22526 0.437897 0.85 -139.599 0.900232
92110000 -3095.43 2.53878 0.437898 0.85 -139.599 0.900232
92120000 -3154.44 1.90658 0.437897 0.85 -139.599 0.900232
92130000 -3157.41 1.92504 0.437897 0.85 -139.599 0.900232
92140000 -3144.33 2.09199 0.437896 0.85 -139.599 0.900232
92150000 -3078.4 2.68636 0.437896 0.85 -139.599 0.900232
92160000 -3120.53 2.22235 0.437895 0.85 -139.599 0.900232
92170000 -3119.66 2.24675 0.437895 0.85 -139.599 0.900232
92180000 -3063.68 2.74918 0.437895 0.85 -139.599 0.900232
92190000 -3120.06 2.26307 0.437894 0.85 -139.599 0.900232
92200000 -3118.99 2.31807 0.437893 0.85 -139.599 0.900232
92210000 -3163.11 1.80457 0.437894 0.85 -139.599 0.900232
92220000 -3131.07 2.08115 0.437895 0.85 -139.599 0.900232
92230000 -3106.69 2.42901 0.437896 0.85 -139.599 0.900232
92240000 -3107.55 2.39443 0.437895 0.85 -139.599 0.900232
92250000 -3116.49 2.30882 0.437895 0.85 -139.599 0.900232
92260000 -3081.04 2.63262 0.437894 0.85 -139.599 0.900232
92270000 -3099.22 2.46744 0.437894 0.85 -139.599 0.900232
92280000 -3084.46 2.53569 0.437893 0.85 -139.599 0.900232
92290000 -3102.67 2.41767 0.437892 0.85 -139.599 0.900232
92300000 -3119.16 2.2457 0.437892 0.85 -139.599 0.900232
92310000 -3080.04 2.63114 0.437892 0.85 -139.599 0.900232
92320000 -3120.21 2.29673 0.437893 0.85 -139.599 0.900232
92330000 -3091.41 2.47674 0.437892 0.85 -139.599 0.900232
92340000 -3103.12 2.4274 0.437891 0.85 -139.599 0.900232
92350000 -3085.96 2.58521 0.437891 0.85 -139.599 0.900232
92360000 -3104.69 2.4176 0.43789 0.85 -139.599 0.900232
92370000 -3076.42 2.70171 0.437889 0.85 -139.599 0.900232
92380000 -3102.28 2.44552 0.437888 0.85 -139.599 0.900232
92390000 -3110.41 2.36518 0.437889 0.85 -139.599 0.900232
92400000 -3104.49 2.481 0.437888 0.85 -139.599 0.900232
92410000 -3129.08 2.08669 0.437887 0.85 -139.599 0.900232
92420000 -3078.16 2.68958 0.437887 0.85 -139.599 0.900232
92430000 -3061.88 2.91956 0.437886 0.85 -139.599 0.900232
92440000 -3080.64 2.68936 0.437884 0.85 -139.599 0.900232
92450000 -3082.5 2.67502 0.437884 0.85 -139.599 0.900232
92460000 -3104.26 2.39782 0.437884 0.85 -139.599 0.900232
92470000 -3062.31 2.79581 0.437883 0.85 -139.599 0.900232
92480000 -3101.19 2.41679 0.437883 0.85 -139.599 0.900232
92490000 -3110.71 2.29725 0.437882 0.85 -139.599 0.900232
92500000 -3126.42 2.16068 0.437882 0.85 -139.599 0.900232
92510000 -3082.05 2.72033 0.437881 0.85 -139.599 0.900232
92520000 -3109.25 2.35318 0.437881 0.85 -139.599 0.900232
92530000 -3093.18 2.56422 0.437882 0.85 -139.599 0.900232
92540000 -3120.27 2.17044 0.437882 0.85 -139.599 0.900232
92550000 -3102.88 2.43394 0.437881 0.85 -139.599 0.900232
92560000 -3133.93 2.09997 0.437882 0.85 -139.599 0.900232
92570000 -3100.14 2.41809 0.437881 0.85 -139.599 0.900232
92580000 -3118.2 2.34562 0.437881 0.85 -139.599 0.900232
92590000 -3107.13 2.37418 0.43788 0.85 -139.599 0.900232
92600000 -3122.06 2.21214 0.43788 0.85 -139.599 0.900232
92610000 -3129.8 2.16198 0.43788 0.85 -139.599 0.900232
92620000 -3168.53 1.77183 0.437881 0.85 -139.599 0.900232
92630000 -3128.09 2.11939 0.437881 0.85 -139.599 0.900232
92640000 -3116.96 2.25552 0.437881 0.85 -139.599 0.900232
92650000 -3099.95 2.32846 0.437881 0.85 -139.599 0.900232
92660000 -3096.57 2.49391 0.437883 0.85 -139.599 0.900232
92670000 -3124.13 2.29337 0.437883 0.85 -139.599 0.900232
92680000 -3122.65 2.21976 0.437883 0.85 -139.599 0.900232
92690000 -3100.59 2.40784 0.437882 0.85 -139.599 0.900232
92700000 -3149.71 2.01411 0.437882 0.85 -139.599 0.900232
92710000 -3120.25 2.25455 0.437882 0.85 -139.599 0.900232
92720000 -3129.64 2.04012 0.437882 0.85 -139.599 0.900232
92730000 -3118.05 2.23695 0.437882 0.85 -139.599 0.900232
92740000 -3100.69 2.35561 0.437882 0.85 -139.599 0.900232
92750000 -3132.3 2.12837 0.437883 0.85 -139.599 0.900232
92760000 -3093.74 2.49295 0.437883 0.85 -139.599 0.900232
92770000 -3109.96 2.33078 0.437883 0.85 -139.599 0.900232
92780000 -3099.51 2.47592 0.437882 0.85 -139.599 0.900232
92790000 -3098.68 2.49621 0.437881 0.85 -139.599 0.900232
92800000 -3133.18 2.1375 0.437881 0.85 -139.599 0.900232
92810000 -3137.16 2.07942 0.43788 0.85 -139.599 0.900232
92820000 -3132.63 2.16549 0.43788 0.85 -139.599 0.900232
92830000 -3101.7 2.47763 0.437881 0.85 -139.599 0.900232
92840000 -3106.25 2.43261 0.437881 0.85 -139.599 0.900232
92850000 -3101.24 2.4828 0.437881 0.85 -139.599 0.900232
92860000 -3123.95 2.17997 0.43788 0.85 -139.599 0.900232
92870000 -3150.55 1.89189 0.43788 0.85 -139.599 0.900232
92880000 -3134.18 2.19054 0.43788 0.85 -139.599 0.900232
92890000 -3133.25 2.0752 0.437882 0.85 -139.599 0.900232
92900000 -3133.41 2.09696 0.437883 0.85 -139.599 0.900232
92910000 -3132.03 2.18591 0.437883 0.85 -139.599 0.900232
92920000 -3111.35 2.32235 0.437883 0.85 -139.599 0.900232
92930000 -3121.59 2.31562 0.437883 0.85 -139.599 0.900232
92940000 -3109.22 2.45057 0.437883 0.85 -139.599 0.900232
92950000 -3130.12 2.22317 0.437883 0.85 -139.599 0.900232
92960000 -3142.89 2.01345 0.437884 0.85 -139.599 0.900232
92970000 -3158.53 1.84951 0.437885 0.85 -139.599 0.900232
92980000 -3171.21 1.70211 0.437885 0.85 -139.599 0.900232
92990000 -3127.88 2.10174 0.437886 0.85 -139.599 0.900232
93000000 -3118.45 2.2997 0.437886 0.85 -139.599 0.900232
93010000 -3117.85 2.19312 0.437886 0.85 -139.599 0.900232
93020000 -3111.26 2.32398 0.437885 0.85 -139.599 0.900232
93030000 -3118.55 2.25215 0.437884 0.85 -139.599 0.900232
93040000 -3086.02 2.52084 0.437885 0.85 -139.599 0.900232
93050000 -3112.54 2.35272 0.437884 0.85 -139.599 0.900232
93060000 -3123.33 2.16793 0.437885 0.85 -139.599 0.900232
93070000 -3152.07 1.91896 0.437885 0.85 -139.599 0.900232
93080000 -3123.15 2.15655 0.437884 0.85 -139.599 0.900232
93090000 -3116.26 2.19714 0.437884 0.85 -139.599 0.900232
93100000 -3129.08 2.08036 0.437884 0.85 -139.599 0.900232
93110000 -3134.03 2.01927 0.437886 0.85 -139.599 0.900232
93120000 -3099.8 2.40944 0.437885 0.85 -139.599 0.900232
93130000 -3124.19 2.08258 0.437885 0.85 -139.599 0.900232
93140000 -3139.9 2.02737 0.437885 0.85 -139.599 0.900232
93150000 -3133.31 2.03905 0.437884 0.85 -139.599 0.900232
93160000 -3099.24 2.44692 0.437885 0.85 -139.599 0.900232
93170000 -3147.5 1.9658 0.437885 0.85 -139.599 0.900232
93180000 -3114.31 2.238 0.437885 0.85 -139.599 0.900232
93190000 -3146.72 1.9533 0.437886 0.85 -139.599 0.900232
93200000 -3122.83 2.16454 0.437886 0.85 -139.599 0.900232
93210000 -3159.63 1.78627 0.437888 0.85 -139.599 0.900232
93220000 -3139.1 2.01557 0.437888 0.85 -139.599 0.900232
93230000 -3149.64 1.9715 0.437889 0.85 -139.599 0.900232
93240000 -3136.59 2.06274 0.437889 0.85 -139.599 0.900232
93250000 -3148.82 2.01042 0.43789 0.85 -139.599 0.900232
93260000 -3126.58 2.20954 0.43789 0.85 -139.599 0.900232
93270000 -3129.41 2.09729 0.43789 0.85 -139.599 0.900232
93280000 -3162.77 1.83799 0.43789 0.85 -139.599 0.900232
93290000 -3100.72 2.40422 0.43789 0.85 -139.599 0.900232
93300000 -3167.12 1.75989 0.43789 0.85 -139.599 0.900232
93310000 -3114.34 2.30164 0.437889 0.85 -139.599 0.900232
93320000 -3095.73 2.47409 0.437888 0.85 -139.599 0.900232
93330000 -3113.14 2.31834 0.437888 0.85 -139.599 0.900232
93340000 -3108.95 2.24891 0.437887 0.85 -139.599 0.900232
93350000 -3112.02 2.29386 0.437889 0.85 -139.599 0.900232
93360000 -3143.47 2.0164 0.43789 0.85 -139.599 0.900232
93370000 -3130.3 2.08842 0.43789 0.85 -139.599 0.900232
93380000 -3117.62 2.29159 0.43789 0.85 -139.599 0.900232
93390000 -3116.98 2.30637 0.437889 0.85 -139.599 0.900232
93400000 -3141.2 2.01065 0.437888 0.85 -139.599 0.900232
93410000 -3108.65 2.33219 0.437889 0.85 -139.599 0.900232
93420000 -3127.17 2.17329 0.437888 0.85 -139.599 0.900232
93430000 -3136.92 2.13842 0.437888 0.85 -139.599 0.900232
93440000 -3102.21 2.35561 0.437888 0.85 -139.599 0.900232
93450000 -3107.62 2.38015 0.437888 0.85 -139.599 0.900232
93460000 -3101.35 2.5031 0.437887 0.85 -139.599 0.900232
93470000 -3117.92 2.28394 0.437886 0.85 -139.599 0.900232
93480000 -3126.96 2.17894 0.437886 0.85 -139.599 0.900232
93490000 -3125.14 2.16128 0.437885 0.85 -139.599 0.900232
93500000 -3101.77 2.40286 0.437885 0.85 -139.599 0.900232
93510000 -3125.46 2.10761 0.437885 0.85 -139.599 0.900232
93520000 -3148.91 1.856 0.437885 0.85 -139.599 0.900232
93530000 -3113.07 2.22636 0.437886 0.85 -139.599 0.900232
93540000 -3138.94 1.99984 0.437886 0.85 -139.599 0.900232
93550000 -3109.51 2.33153 0.437887 0.85 -139.599 0.900232
93560000 -3104.82 2.33967 0.437887 0.85 -139.599 0.900232
93570000 -3103.95 2.43424 0.437887 0.85 -139.599 0.900232
93580000 -3128.68 2.16459 0.437887 0.85 -139.599 0.900232
93590000 -3095.16 2.40951 0.437887 0.85 -139.599 0.900232
93600000 -3118.91 2.138 0.437886 0.85 -139.599 0.900232
93610000 -3126.58 2.13843 0.437885 0.85 -139.599 0.900232
93620000 -3125.22 2.19218 0.437885 0.85 -139.599 0.900232
93630000 -3109.16 2.34571 0.437885 0.85 -139.599 0.900232
93640000 -3099.61 2.43426 0.437885 0.85 -139.599 0.900232
93650000 -3131.55 2.09643 0.437885 0.85 -139.599 0.900232
93660000 -3106.48 2.34524 0.437885 0.85 -139.599 0.900232
93670000 -3107.29 2.3612 0.437885 0.85 -139.599 0.900232
93680000 -3140.94 2.04136 0.437886 0.85 -139.599 0.900232
93690000 -3147.26 1.90274 0.437886 0.85 -139.599 0.900232
93700000 -3114.53 2.24432 0.437886 0.85 -139.599 0.900232
93710000 -3113.14 2.2775 0.437886 0.85 -139.599 0.900232
93720000 -3102.03 2.35866 0.437886 0.85 -139.599 0.900232
93730000 -3138.21 2.01575 0.437886 0.85 -139.599 0.900232
93740000 -3135.45 2.06436 0.437886 0.85 -139.599 0.900232
93750000 -3098.73 2.51488 0.437886 0.85 -139.599 0.900232
93760000 -3124.44 2.21471 0.437886 0.85 -139.599 0.900232
93770000 -3116.36 2.33827 0.437887 0.85 -139.599 0.900232
93780000 -3096.64 2.39971 0.437886 0.85 -139.599 0.900232
93790000 -3137.21 2.06752 0.437887 0.85 -139.599 0.900232
93800000 -3146.19 1.99163 0.437887 0.85 -139.599 0.900232
93810000 -3104.48 2.42742 0.437887 0.85 -139.599 0.900232
93820000 -3110.42 2.33787 0.437888 0.85 -139.599 0.900232
93830000 -3095.11 2.42019 0.437888 0.85 -139.599 0.900232
93840000 -3110.07 2.31504 0.437888 0.85 -139.599 0.900232
93850000 -3111.65 2.23617 0.437887 0.85 -139.599 0.900232
93860000 -3082.77 2.56639 0.437887 0.85 -139.599 0.900232
93870000 -3133.98 2.06052 0.437886 0.85 -139.599 0.900232
93880000 -3115.28 2.35275 0.437886 0.85 -139.599 0.900232
93890000 -3077.4 2.65322 0.437886 0.85 -139.599 0.900232
93900000 -3137.62 2.06538 0.437885 0.85 -139.599 0.900232
93910000 -3130.31 2.168 0.437885 0.85 -139.599 0.900232
93920000 -3118.29 2.34564 0.437885 0.85 -139.599 0.900232
93930000 -3074.44 2.67237 0.437884 0.85 -139.599 0.900232
93940000 -3089.44 2.50719 0.437884 0.85 -139.599 0.900232
93950000 -3074.61 2.7206 0.437883 0.85 -139.599 0.900232
93960000 -3124.59 2.13636 0.437883 0.85 -139.599 0.900232
93970000 -3106.15 2.40477 0.437883 0.85 -139.599 0.900232
93980000 -3112.08 2.35171 0.437882 0.85 -139.599 0.900232
93990000 -3091.37 2.56205 0.437882 0.85 -139.599 0.900232
94000000 -3069.52 2.7023 0.437881 0.85 -139.599 0.900232
94010000 -3109.6 2.32216 0.43788 0.85 -139.599 0.900232
94020000 -3105.35 2.37902 0.43788 0.85 -139.599 0.900232
94030000 -3111.53 2.29421 0.43788 0.85 -139.599 0.900232
94040000 -3115.9 2.30842 0.43788 0.85 -139.599 0.900232
94050000 -3104.53 2.35998 0.43788 0.85 -139.599 0.900232
94060000 -3102.89 2.4052 0.43788 0.85 -139.599 0.900232
94070000 -3102.01 2.4454 0.43788 0.85 -139.599 0.900232
94080000 -3083.09 2.49634 0.43788 0.85 -139.599 0.900232
94090000 -3111.49 2.34322 0.43788 0.85 -139.599 0.900232
94100000 -3105.3 2.32333 0.43788 0.85 -139.599 0.900232
94110000 -3115.06 2.29565 0.437879 0.85 -139.599 0.900232
94120000 -3141.32 2.02121 0.43788 0.85 -139.599 0.900232
94130000 -3123.19 2.24065 0.437881 0.85 -139.599 0.900232
94140000 -3099.32 2.44652 0.437881 0.85 -139.599 0.900232
94150000 -3125.47 2.18011 0.437882 0.85 -139.599 0.900232
94160000 -3129.3 2.18584 0.437881 0.85 -139.599 0.900232
94170000 -3148.83 1.95018 0.43788 0.85 -139.599 0.900232
94180000 -3113.21 2.3045 0.437879 0.85 -139.599 0.900232
94190000 -3141.82 2.0431 0.437879 0.85 -139.599 0.900232
94200000 -3140.96 2.05053 0.437879 0.85 -139.599 0.900232
94210000 -3135.79 2.13407 0.43788 0.85 -139.599 0.900232
94220000 -3145.23 2.04787 0.43788 0.85 -139.599 0.900232
94230000 -3126.08 2.22069 0.43788 0.85 -139.599 0.900232
94240000 -3124.35 2.15391 0.43788 0.85 -139.599 0.900232
94250000 -3163.08 1.82655 0.437881 0.85 -139.599 0.900232
94260000 -3121.46 2.23865 0.43788 0.85 -139.599 0.900232
94270000 -3108.58 2.36937 0.437879 0.85 -139.599 0.900232
94280000 -3137.14 2.04167 0.43788 0.85 -139.599 0.900232
94290000 -3092 2.52122 0.437879 0.85 -139.599 0.900232
94300000 -3101.47 2.41476 0.437878 0.85 -139.599 0.900232
94310000 -3119.37 2.33263 0.437878 0.85 -139.599 0.900232
94320000 -3145.89 2.02553 0.437878 0.85 -139.599 0.900232
94330000 -3136.59 2.1093 0.437878 0.85 -139.599 0.900232
94340000 -3099.31 2.43249 0.437877 0.85 -139.599 0.900232
94350000 -3117.41 2.25495 0.437877 0.85 -139.599 0.900232
94360000 -3114.36 2.31332 0.437876 0.85 -139.599 0.900232
94370000 -3116.23 2.28672 0.437877 0.85 -139.599 0.900232
94380000 -3115.62 2.25842 0.437875 0.85 -139.599 0.900232
94390000 -3158.65 1.87266 0.437876 0.85 -139.599 0.900232
94400000 -3115.34 2.32323 0.437877 0.85 -139.599 0.900232
94410000 -3173.28 1.75632 0.437877 0.85 -139.599 0.900232
94420000 -3137.58 2.04825 0.437878 0.85 -139.599 0.900232
94430000 -3164.44 1.75965 0.437879 0.85 -139.599 0.900232
94440000 -3133.6 2.08404 0.437878 0.85 -139.599 0.900232
94450000 -3143.92 1.99987 0.437879 0.85 -139.599 0.900232
94460000 -3132.94 2.10283 0.43788 0.85 -139.599 0.900232
94470000 -3138.86 2.09412 0.437879 0.85 -139.599 0.900232
94480000 -3143.99 2.02254 0.43788 0.85 -139.599 0.900232
94490000 -3150.62 1.93904 0.43788 0.85 -139.599 0.900232
94500000 -3129.3 2.10026 0.437881 0.85 -139.599 0.900232
94510000 -3183.54 1.56549 0.437881 0.85 -139.599 0.900232
94520000 -3122.08 2.26598 0.437882 0.85 -139.599 0.900232
94530000 -3133.28 2.16171 0.437882 0.85 -139.599 0.900232
94540000 -3140.43 2.04358 0.437882 0.85 -139.599 0.900232
94550000 -3142.97 1.98571 0.437883 0.85 -139.599 0.900232
94560000 -3132.11 2.15954 0.437884 0.85 -139.599 0.900232
94570000 -3140.49 2.02694 0.437885 0.85 -139.599 0.900232
94580000 -3139.03 2.09694 0.437885 0.85 -139.599 0.900232
94590000 -3097.74 2.45432 0.437885 0.85 -139.599 0.900232
94600000 -3112.93 2.3581 0.437884 0.85 -139.599 0.900232
94610000 -3089.86 2.5097 0.437885 0.85 -139.599 0.900232
94620000 -3124.92 2.17057 0.437885 0.85 -139.599 0.900232
94630000 -3103.09 2.40281 0.437885 0.85 -139.599 0.900232
94640000 -3125.33 2.16773 0.437885 0.85 -139.599 0.900232
94650000 -3126.8 2.21385 0.437885 0.85 -139.599 0.900232
94660000 -3172.17 1.75802 0.437885 0.85 -139.599 0.900232
94670000 -3109.96 2.36027 0.437886 0.85 -139.599 0.900232
94680000 -3129.49 2.19706 0.437886 0.85 -139.599 0.900232
94690000 -3129.77 2.20073 0.437887 0.85 -139.599 0.900232
94700000 -3130.24 2.15075 0.437886 0.85 -139.599 0.900232
94710000 -3119.57 2.21627 0.437886 0.85 -139.599 0.900232
94720000 -3126.96 2.17669 0.437886 0.85 -139.599 0.900232
94730000 -3146.14 1.94612 0.437887 0.85 -139.599 0.900232
94740000 -3140.57 1.99412 0.437887 0.85 -139.599 0.900232
94750000 -3114.09 2.2856 0.437886 0.85 -139.599 0.900232
94760000 -3086.44 2.5744 0.437886 0.85 -139.599 0.900232
94770000 -3143.35 2.01065 0.437886 0.85 -139.599 0.900232
94780000 -3124.15 2.18731 0.437886 0.85 -139.599 0.900232
94790000 -3155.57 1.84323 0.437885 0.85 -139.599 0.900232
94800000 -3133.98 1.97065 0.437886 0.85 -139.599 0.900232
94810000 -3147.78 1.88876 0.437887 0.85 -139.599 0.900232
94820000 -3142.15 1.95485 0.437887 0.85 -139.599 0.900232
94830000 -3151.77 1.88139 0.437888 0.85 -139.599 0.900232
94840000 -3141.17 1.97969 0.437889 0.85 -139.599 0.900232
94850000 -3166.66 1.70186 0.437888 0.85 -139.599 0.900232
94860000 -3158.63 1.7367 0.437889 0.85 -139.599 0.900232
94870000 -3121.58 2.14574 0.437889 0.85 -139.599 0.900232
94880000 -3105.64 2.27483 0.437889 0.85 -139.599 0.900232
94890000 -3137.08 2.0157 0.437889 0.85 -139.599 0.900232
94900000 -3146.42 1.89844 0.437889 0.85 -139.599 0.900232
94910000 -3123.62 2.11717 0.43789 0.85 -139.599 0.900232
94920000 -3109.06 2.29223 0.43789 0.85 -139.599 0.900232
94930000 -3147.64 1.93538 0.437891 0.85 -139.599 0.900232
94940000 -3174.06 1.63348 0.437892 0.85 -139.599 0.900232
94950000 -3167.2 1.74559 0.437892 0.85 -139.599 0.900232
94960000 -3154.11 1.91347 0.437893 0.85 -139.599 0.900232
94970000 -3123.31 2.19359 0.437893 0.85 -139.599 0.900232
94980000 -3132.94 2.12345 0.437893 0.85 -139.599 0.900232
94990000 -3133.58 2.12803 0.437894 0.85 -139.599 0.900232
95000000 -3131.46 2.11198 0.437895 0.85 -139.599 0.900232
95010000 -3120.49 2.20781 0.437895 0.85 -139.599 0.900232
95020000 -3120.55 2.2898 0.437896 0.85 -139.599 0.900232
95030000 -3157.78 1.85956 0.437896 0.85 -139.599 0.900232
95040000 -3129.22 2.14736 0.437897 0.85 -139.599 0.900232
95050000 -3107.57 2.34076 0.437898 0.85 -139.599 0.900232
95060000 -3142.03 1.97805 0.437899 0.85 -139.599 0.900232
95070000 -3119.5 2.2484 0.437899 0.85 -139.599 0.900232
95080000 -3159.43 1.79802 0.437899 0.85 -139.599 0.900232
95090000 -3150.72 1.90862 0.437899 0.85 -139.599 0.900232
95100000 -3139.42 2.15596 0.4379 0.85 -139.599 0.900232
95110000 -3117.11 2.34075 0.4379 0.85 -139.599 0.900232
95120000 -3113.97 2.33247 0.437899 0.85 -139.599 0.900232
95130000 -3126.2 2.26438 0.4379 0.85 -139.599 0.900232
95140000 -3128.41 2.25799 0.437899 0.85 -139.599 0.900232
95150000 -3122.33 2.25385 0.437899 0.85 -139.599 0.900232
95160000 -3144.6 1.99394 0.4379 0.85 -139.599 0.900232
95170000 -3122.64 2.25609 0.4379 0.85 -139.599 0.900232
95180000 -3150.59 2.02197 0.437901 0.85 -139.599 0.900232
95190000 -3139.09 2.0267 0.4379 0.85 -139.599 0.900232
95200000 -3165.93 1.79101 0.4379 0.85 -139.599 0.900232
95210000 -3156.02 1.85989 0.437901 0.85 -139.599 0.900232
95220000 -3169.42 1.72462 0.437902 0.85 -139.599 0.900232
95230000 -3127.73 2.12196 0.437902 0.85 -139.599 0.900232
95240000 -3119.41 2.17824 0.437902 0.85 -139.599 0.900232
95250000 -3157.83 1.75924 0.437902 0.85 -139.599 0.900232
95260000 -3099.33 2.36233 0.437903 0.85 -139.599 0.900232
95270000 -3123 2.11728 0.437902 0.85 -139.599 0.900232
95280000 -3111.09 2.31226 0.437902 0.85 -139.599 0.900232
95290000 -3123.79 2.12753 0.437901 0.85 -139.599 0.900232
95300000 -3123.58 2.18312 0.437902 0.85 -139.599 0.900232
95310000 -3133.32 2.10746 0.437903 0.85 -139.599 0.900232
95320000 -3113.56 2.30243 0.437903 0.85 -139.599 0.900232
95330000 -3137.46 2.02036 0.437903 0.85 -139.599 0.900232
95340000 -3095.27 2.3967 0.437902 0.85 -139.599 0.900232
95350000 -3132.67 2.05975 0.437902 0.85 -139.599 0.900232
95360000 -3101.8 2.46649 0.437902 0.85 -139.599 0.900232
95370000 -3103.37 2.42591 0.437903 0.85 -139.599 0.900232
95380000 -3072.11 2.74754 0.437903 0.85 -139.599 0.900232
95390000 -3117.66 2.28811 0.437903 0.85 -139.599 0.900232
95400000 -3118.01 2.27077 0.437903 0.85 -139.599 0.900232
95410000 -3116.79 2.26009 0.437902 0.85 -139.599 0.900232
95420000 -3108.17 2.39275 0.437902 0.85 -139.599 0.900232
95430000 -3076.88 2.68557 0.437901 0.85 -139.599 0.900232
95440000 -3073.92 2.77761 0.437901 0.85 -139.599 0.900232
95450000 -3116.98 2.31507 0.4379 0.85 -139.599 0.900232
95460000 -3081.84 2.61776 0.4379 0.85 -139.599 0.900232
95470000 -3080.36 2.6117 0.4379 0.85 -139.599 0.900232
95480000 -3132.43 2.11307 0.437899 0.85 -139.599 0.900232
95490000 -3123.23 2.26631 0.4379 0.85 -139.599 0.900232
95500000 -3115.61 2.34033 0.437899 0.85 -139.599 0.900232
95510000 -3118.06 2.26654 0.437899 0.85 -139.599 0.900232
95520000 -3115.28 2.28061 0.437899 0.85 -139.599 0.900232
95530000 -3112.06 2.31696 0.437899 0.85 -139.599 0.900232
95540000 -3122.64 2.23448 0.437899 0.85 -139.599 0.900232
95550000 -3168.21 1.69969 0.437899 0.85 -139.599 0.900232
95560000 -3102.99 2.37763 0.4379 0.85 -139.599 0.900232
95570000 -3138.45 2.03775 0.4379 0.85 -139.599 0.900232
95580000 -3118.72 2.25233 0.4379 0.85 -139.599 0.900232
95590000 -3109.71 2.31617 0.437898 0.85 -139.599 0.900232
95600000 -3125.59 2.20045 0.437899 0.85 -139.599 0.900232
95610000 -3100.5 2.43033 0.437899 0.85 -139.599 0.900232
95620000 -3140.42 2.08509 0.437899 0.85 -139.599 0.900232
95630000 -3130 2.16483 0.437899 0.85 -139.599 0.900232
95640000 -3167.68 1.75882 0.437899 0.85 -139.599 0.900232
95650000 -3116.64 2.27029 0.4379 0.85 -139.599 0.900232
95660000 -3100.59 2.40296 0.4379 0.85 -139.599 0.900232
95670000 -3113.37 2.21598 0.4379 0.85 -139.599 0.900232
95680000 -3127.85 2.13257 0.437899 0.85 -139.599 0.900232
95690000 -3115.04 2.21788 0.437899 0.85 -139.599 0.900232
95700000 -3111.25 2.28136 0.437899 0.85 -139.599 0.900232
95710000 -3110.66 2.23847 0.4379 0.85 -139.599 0.900232
95720000 -3144.52 2.01852 0.437899 0.85 -139.599 0.900232
95730000 -3109.38 2.2843 0.437899 0.85 -139.599 0.900232
95740000 -3122.79 2.19888 0.4379 0.85 -139.599 0.900232
95750000 -3145.18 1.9478 0.437901 0.85 -139.599 0.900232
95760000 -3145.94 1.90541 0.437902 0.85 -139.599 0.900232
95770000 -3154.61 1.83867 0.437902 0.85 -139.599 0.900232
95780000 -3147.43 1.92395 0.437903 0.85 -139.599 0.900232
95790000 -3117.55 2.20048 0.437904 0.85 -139.599 0.900232
95800000 -3158.88 1.85618 0.437905 0.85 -139.599 0.900232
95810000 -3134.12 2.07568 0.437906 0.85 -139.599 0.900232
95820000 -3121.03 2.26442 0.437906 0.85 -139.599 0.900232
95830000 -3126.79 2.15155 0.437908 0.85 -139.599 0.900232
95840000 -3100.61 2.39153 0.437908 0.85 -139.599 0.900232
95850000 -3167.75 1.70282 0.437908 0.85 -139.599 0.900232
95860000 -3150.48 1.889 0.437909 0.85 -139.599 0.900232
95870000 -3149.09 1.90879 0.43791 0.85 -139.599 0.900232
95880000 -3124.46 2.13345 0.43791 0.85 -139.599 0.900232
95890000 -3157.78 1.85913 0.437911 0.85 -139.599 0.900232
95900000 -3128.29 2.15589 0.437911 0.85 -139.599 0.900232
95910000 -3095.79 2.46595 0.437912 0.85 -139.599 0.900232
95920000 -3137.13 2.06355 0.437912 0.85 -139.599 0.900232
95930000 -3145.46 1.95781 0.437912 0.85 -139.599 0.900232
95940000 -3103.98 2.41636 0.437913 0.85 -139.599 0.900232
95950000 -3085.07 2.57976 0.437914 0.85 -139.599 0.900232
95960000 -3114.6 2.32209 0.437914 0.85 -139.599 0.900232
95970000 -3143.76 2.02327 0.437914 0.85 -139.599 0.900232
95980000 -3131.36 2.13761 0.437914 0.85 -139.599 0.900232
95990000 -3096.81 2.47927 0.437914 0.85 -139.599 0.900232
96000000 -3112.36 2.3086 0.437915 0.85 -139.599 0.900232
96010000 -3134.43 2.09164 0.437915 0.85 -139.599 0.900232
96020000 -3141.43 2.00019 0.437915 0.85 -139.599 0.900232
96030000 -3139.37 2.04948 0.437915 0.85 -139.599 0.900232
96040000 -3133.42 2.08108 0.437915 0.85 -139.599 0.900232
96050000 -3115.97 2.27661 0.437915 0.85 -139.599 0.900232
96060000 -3110.74 2.31848 0.437914 0.85 -139.599 0.900232
96070000 -3105.24 2.37187 0.437915 0.85 -139.599 0.900232
96080000 -3134.99 2.11466 0.437916 0.85 -139.599 0.900232
96090000 -3086.07 2.56252 0.437915 0.85 -139.599 0.900232
96100000 -3092.14 2.49102 0.437914 0.85 -139.599 0.900232
96110000 -3079.84 2.59144 0.437914 0.85 -139.599 0.900232
96120000 -3160.05 1.80431 0.437914 0.85 -139.599 0.900232
96130000 -3178.81 1.66409 0.437915 0.85 -139.599 0.900232
96140000 -3126.33 2.12734 0.437915 0.85 -139.599 0.900232
96150000 -3104.82 2.33797 0.437915 0.85 -139.599 0.900232
96160000 -3108.46 2.35399 0.437915 0.85 -139.599 0.900232
96170000 -3137.41 2.11908 0.437915 0.85 -139.599 0.900232
96180000 -3119.31 2.24466 0.437915 0.85 -139.599 0.900232
96190000 -3140.04 2.06678 0.437914 0.85 -139.599 0.900232
96200000 -3110.3 2.3513 0.437915 0.85 -139.599 0.900232
96210000 -3125.15 2.31266 0.437915 0.85 -139.599 0.900232
96220000 -3115.86 2.33152 0.437915 0.85 -139.599 0.900232
96230000 -3114.37 2.34706 0.437914 0.85 -139.599 0.900232
96240000 -3150.4 1.96089 0.437913 0.85 -139.599 0.900232
96250000 -3111.26 2.30701 0.437913 0.85 -139.599 0.900232
96260000 -3119.31 2.25546 0.437913 0.85 -139.599 0.900232
96270000 -3124.54 2.15344 0.437913 0.85 -139.599 0.900232
96280000 -3139.72 2.02152 0.437914 0.85 -139.599 0.900232
96290000 -3182.83 1.58537 0.437914 0.85 -139.599 0.900232
96300000 -3130.47 2.14888 0.437914 0.85 -139.599 0.900232
96310000 -3134.81 2.03597 0.437914 0.85 -139.599 0.900232
96320000 -3143.67 2.06084 0.437916 0.85 -139.599 0.900232
96330000 -3148.96 2.02163 0.437916 0.85 -139.599 0.900232
96340000 -3107.67 2.36261 0.437917 0.85 -139.599 0.900232
96350000 -3128.7 2.15865 0.437918 0.85 -139.599 0.900232
96360000 -3118.61 2.29308 0.437917 0.85 -139.599 0.900232
96370000 -3115.16 2.30638 0.437916 0.85 -139.599 0.900232
96380000 -3115.47 2.35183 0.437916 0.85 -139.599 0.900232
96390000 -3150.88 1.96901 0.437917 0.85 -139.599 0.900232
96400000 -3094.67 2.45119 0.437916 0.85 -139.599 0.900232
96410000 -3142 2.05568 0.437916 0.85 -139.599 0.900232
96420000 -3130.12 2.17746 0.437915 0.85 -139.599 0.900232
96430000 -3135.12 2.09691 0.437916 0.85 -139.599 0.900232
96440000 -3097.08 2.48074 0.437916 0.85 -139.599 0.900232
96450000 -3120.15 2.1708 0.437916 0.85 -139.599 0.900232
96460000 -3141.29 1.97223 0.437917 0.85 -139.599 0.900232
96470000 -3145.09 2.01734 0.437917 0.85 -139.599 0.900232
96480000 -3110.03 2.38545 0.437917 0.85 -139.599 0.900232
96490000 -3103.87 2.38342 0.437917 0.85 -139.599 0.900232
96500000 -3146.17 1.97006 0.437917 0.85 -139.599 0.900232
96510000 -3130.99 2.15166 0.437917 0.85 -139.599 0.900232
96520000 -3142.15 1.99106 0.437918 0.85 -139.599 0.900232
96530000 -3138.5 2.08771 0.437918 0.85 -139.599 0.900232
96540000 -3099.26 2.4656 0.437919 0.85 -139.599 0.900232
96550000 -3160.7 1.85492 0.437919 0.85 -139.599 0.900232
96560000 -3123.8 2.19494 0.437919 0.85 -139.599 0.900232
96570000 -3130.27 2.13276 0.437919 0.85 -139.599 0.900232
96580000 -3128.2 2.1515 0.437918 0.85 -139.599 0.900232
96590000 -3147.17 1.94381 0.437919 0.85 -139.599 0.900232
96600000 -3090.47 2.51733 0.437919 0.85 -139.599 0.900232
96610000 -3132.97 2.09746 0.437919 0.85 -139.599 0.900232
96620000 -3100.67 2.43297 0.437919 0.85 -139.599 0.900232
96630000 -3113.17 2.29738 0.43792 0.85 -139.599 0.900232
96640000 -3097.61 2.41649 0.43792 0.85 -139.599 0.900232
96650000 -3106.1 2.36563 0.43792 0.85 -139.599 0.900232
96660000 -3097.73 2.46756 0.437921 0.85 -139.599 0.900232
96670000 -3085.45 2.55866 0.43792 0.85 -139.599 0.900232
96680000 -3113.85 2.26906 0.43792 0.85 -139.599 0.900232
96690000 -3099.46 2.38451 0.437919 0.85 -139.599 0.900232
96700000 -3076.61 2.68116 0.437919 0.85 -139.599 0.900232
96710000 -3104.39 2.36337 0.437919 0.85 -139.599 0.900232
96720000 -3075.93 2.6571 0.437919 0.85 -139.599 0.900232
96730000 -3099.72 2.39773 0.437917 0.85 -139.599 0.900232
96740000 -3083.94 2.56098 0.437917 0.85 -139.599 0.900232
96750000 -3119.05 2.26172 0.437916 0.85 -139.599 0.900232
96760000 -3118 2.31592 0.437916 0.85 -139.599 0.900232
96770000 -3134.8 2.10122 0.437916 0.85 -139.599 0.900232
96780000 -3090.96 2.52799 0.437917 0.85 -139.599 0.900232
96790000 -3103.13 2.47679 0.437917 0.85 -139.599 0.900232
96800000 -3075.47 2.74356 0.437916 0.85 -139.599 0.900232
96810000 -3099.07 2.45294 0.437916 0.85 -139.599 0.900232
96820000 -3108.22 2.41252 0.437915 0.85 -139.599 0.900232
96830000 -3082.63 2.56893 0.437915 0.85 -139.599 0.900232
96840000 -3093.22 2.45025 0.437914 0.85 -139.599 0.900232
96850000 -3142.23 2.03813 0.437915 0.85 -139.599 0.900232
96860000 -3116.92 2.27916 0.437916 0.85 -139.599 0.900232
96870000 -3109.23 2.31305 0.437916 0.85 -139.599 0.900232
96880000 -3146.98 1.94956 0.437915 0.85 -139.599 0.900232
96890000 -3114.61 2.35417 0.437915 0.85 -139.599 0.900232
96900000 -3155.19 1.84087 0.437915 0.85 -139.599 0.900232
96910000 -3130.75 2.14628 0.437915 0.85 -139.599 0.900232
96920000 -3140.2 2.02868 0.437915 0.85 -139.599 0.900232
96930000 -3148.62 2.02407 0.437916 0.85 -139.599 0.900232
96940000 -3117.23 2.28024 0.437917 0.85 -139.599 0.900232
96950000 -3098.66 2.5166 0.437917 0.85 -139.599 0.900232
96960000 -3129.36 2.18719 0.437917 0.85 -139.599 0.900232
96970000 -3090.72 2.56217 0.437916 0.85 -139.599 0.900232
96980000 -3131.12 2.20499 0.437916 0.85 -139.599 0.900232
96990000 -3114.3 2.29312 0.437915 0.85 -139.599 0.900232
97000000 -3112.1 2.36207 0.437914 0.85 -139.599 0.900232
97010000 -3142.07 1.9648 0.437914 0.85 -139.599 0.900232
97020000 -3148.58 1.97176 0.437914 0.85 -139.599 0.900232
97030000 -3154.29 1.86665 0.437915 0.85 -139.599 0.900232
97040000 -3114.68 2.25172 0.437915 0.85 -139.599 0.900232
97050000 -3120.4 2.20632 0.437915 0.85 -139.599 0.900232
97060000 -3117.56 2.26893 0.437915 0.85 -139.599 0.900232
97070000 -3124.31 2.19611 0.437915 0.85 -139.599 0.900232
97080000 -3113.26 2.27047 0.437916 0.85 -139.599 0.900232
97090000 -3149.8 1.91143 0.437917 0.85 -139.599 0.900232
97100000 -3105.93 2.37321 0.437916 0.85 -139.599 0.900232
97110000 -3138.21 2.0959 0.437916 0.85 -139.599 0.900232
97120000 -3139.63 2.11717 0.437916 0.85 -139.599 0.900232
97130000 -3116.24 2.34371 0.437915 0.85 -139.599 0.900232
97140000 -3111.97 2.32364 0.437914 0.85 -139.599 0.900232
97150000 -3104.02 2.38425 0.437914 0.85 -139.599 0.900232
97160000 -3138.07 2.06785 0.437915 0.85 -139.599 0.900232
97170000 -3120.13 2.19392 0.437915 0.85 -139.599 0.900232
97180000 -3093.46 2.49041 0.437915 0.85 -139.599 0.900232
97190000 -3089.57 2.5123 0.437915 0.85 -139.599 0.900232
97200000 -3126 2.14226 0.437915 0.85 -139.599 0.900232
97210000 -3144.36 1.99945 0.437914 0.85 -139.599 0.900232
97220000 -3127.94 2.1835 0.437914 0.85 -139.599 0.900232
97230000 -3128.9 2.1555 0.437914 0.85 -139.599 0.900232
97240000 -3126.26 2.17429 0.437914 0.85 -139.599 0.900232
97250000 -3117.28 2.30234 0.437913 0.85 -139.599 0.900232
97260000 -3098.96 2.53506 0.437913 0.85 -139.599 0.900232
97270000 -3087.89 2.66367 0.437912 0.85 -139.599 0.900232
97280000 -3085.4 2.61661 0.437911 0.85 -139.599 0.900232
97290000 -3106.7 2.39202 0.437912 0.85 -139.599 0.900232
97300000 -3107.37 2.38298 0.437911 0.85 -139.599 0.900232
97310000 -3136.91 2.13273 0.437911 0.85 -139.599 0.900232
97320000 -3115.33 2.32041 0.43791 0.85 -139.599 0.900232
97330000 -3091.31 2.57304 0.437909 0.85 -139.599 0.900232
97340000 -3090.69 2.54969 0.437909 0.85 -139.599 0.900232
97350000 -3104.92 2.44575 0.43791 0.85 -139.599 0.900232
97360000 -3122.65 2.31188 0.437909 0.85 -139.599 0.900232
97370000 -3149.91 1.9391 0.43791 0.85 -139.599 0.900232
97380000 -3139.3 2.14345 0.43791 0.85 -139.599 0.900232
97390000 -3139.52 2.07297 0.43791 0.85 -139.599 0.900232
97400000 -3128.54 2.19075 0.437909 0.85 -139.599 0.900232
97410000 -3136.52 2.07859 0.43791 0.85 -139.599 0.900232
97420000 -3107.81 2.41473 0.437909 0.85 -139.599 0.900232
97430000 -3139.84 2.0873 0.437909 0.85 -139.599 0.900232
97440000 -3147.73 1.96993 0.437909 0.85 -139.599 0.900232
97450000 -3132.46 2.12481 0.437908 0.85 -139.599 0.900232
97460000 -3105.83 2.37404 0.437908 0.85 -139.599 0.900232
97470000 -3100.75 2.52994 0.437908 0.85 -139.599 0.900232
97480000 -3094.51 2.48247 0.437907 0.85 -139.599 0.900232
97490000 -3112.64 2.33354 0.437907 0.85 -139.599 0.900232
97500000 -3103.32 2.41109 0.437907 0.85 -139.599 0.900232
97510000 -3096.28 2.54311 0.437907 0.85 -139.599 0.900232
97520000 -3122.4 2.2487 0.437907 0.85 -139.599 0.900232
97530000 -3142.06 2.06449 0.437907 0.85 -139.599 0.900232
97540000 -3122.36 2.17151 0.437907 0.85 -139.599 0.900232
97550000 -3093.85 2.50258 0.437906 0.85 -139.599 0.900232
97560000 -3110.31 2.36225 0.437906 0.85 -139.599 0.900232
97570000 -3138.35 2.16031 0.437906 0.85 -139.599 0.900232
97580000 -3126.14 2.24742 0.437907 0.85 -139.599 0.900232
97590000 -3136.43 2.04242 0.437907 0.85 -139.599 0.900232
97600000 -3151.45 1.90398 0.437907 0.85 -139.599 0.900232
97610000 -3106.23 2.37565 0.437908 0.85 -139.599 0.900232
97620000 -3114.81 2.25788 0.437909 0.85 -139.599 0.900232
97630000 -3093.72 2.46564 0.437909 0.85 -139.599 0.900232
97640000 -3150.72 1.9791 0.437908 0.85 -139.599 0.900232
97650000 -3098.26 2.44669 0.437908 0.85 -139.599 0.900232
97660000 -3084.5 2.55034 0.437908 0.85 -139.599 0.900232
97670000 -3130.97 2.17648 0.437908 0.85 -139.599 0.900232
97680000 -3128.83 2.09614 0.437908 0.85 -139.599 0.900232
97690000 -3099.32 2.48679 0.437907 0.85 -139.599 0.900232
97700000 -3074.31 2.64835 0.437906 0.85 -139.599 0.900232
97710000 -3122.32 2.22258 0.437905 0.85 -139.599 0.900232
97720000 -3108.51 2.30817 0.437905 0.85 -139.599 0.900232
97730000 -3128.35 2.07265 0.437905 0.85 -139.599 0.900232
97740000 -3130.87 2.06582 0.437905 0.85 -139.599 0.900232
97750000 -3111.6 2.3096 0.437905 0.85 -139.599 0.900232
97760000 -3124.58 2.26116 0.437904 0.85 -139.599 0.900232
97770000 -3105.87 2.34936 0.437903 0.85 -139.599 0.900232
97780000 -3107.73 2.33977 0.437904 0.85 -139.599 0.900232
97790000 -3108.82 2.36711 0.437904 0.85 -139.599 0.900232
97800000 -3146.32 2.00432 0.437904 0.85 -139.599 0.900232
97810000 -3073.98 2.692 0.437904 0.85 -139.599 0.900232
97820000 -3093.02 2.45435 0.437904 0.85 -139.599 0.900232
97830000 -3117.23 2.292 0.437904 0.85 -139.599 0.900232
97840000 -3142.7 1.98139 0.437904 0.85 -139.599 0.900232
97850000 -3142.59 2.00167 0.437904 0.85 -139.599 0.900232
97860000 -3101.2 2.39466 0.437905 0.85 -139.599 0.900232
97870000 -3125.39 2.26647 0.437904 0.85 -139.599 0.900232
97880000 -3110.69 2.30697 0.437903 0.85 -139.599 0.900232
97890000 -3156.13 1.8577 0.437904 0.85 -139.599 0.900232
97900000 -3127.81 2.13434 0.437903 0.85 -139.599 0.900232
97910000 -3141.8 2.07858 0.437903 0.85 -139.599 0.900232
97920000 -3148.21 1.97315 0.437903 0.85 -139.599 0.900232
97930000 -3130.53 2.08226 0.437904 0.85 -139.599 0.900232
97940000 -3107.13 2.39274 0.437903 0.85 -139.599 0.900232
97950000 -3117.69 2.26641 0.437902 0.85 -139.599 0.900232
97960000 -3171.24 1.7007 0.437902 0.85 -139.599 0.900232
97970000 -3106.09 2.39524 0.437902 0.85 -139.599 0.900232
97980000 -3149.61 1.94591 0.437902 0.85 -139.599 0.900232
97990000 -3110.97 2.35059 0.437903 0.85 -139.599 0.900232
98000000 -3123.56 2.20576 0.437903 0.85 -139.599 0.900232
98010000 -3090.3 2.55568 0.437902 0.85 -139.599 0.900232
98020000 -3118.43 2.19851 0.437902 0.85 -139.599 0.900232
98030000 -3148.78 1.89547 0.437902 0.85 -139.599 0.900232
98040000 -3108.07 2.31013 0.437902 0.85 -139.599 0.900232
98050000 -3099.27 2.40373 0.437902 0.85 -139.599 0.900232
98060000 -3121.22 2.19811 0.437901 0.85 -139.599 0.900232
98070000 -3075.42 2.66704 0.4379 0.85 -139.599 0.900232
98080000 -3096.44 2.49641 0.4379 0.85 -139.599 0.900232
98090000 -3105.31 2.49066 0.437899 0.85 -139.599 0.900232
98100000 -3120.52 2.19578 0.437899 0.85 -139.599 0.900232
98110000 -3116.04 2.23429 0.437899 0.85 -139.599 0.900232
98120000 -3115.66 2.28002 0.4379 0.85 -139.599 0.900232
98130000 -3127.3 2.26548 0.4379 0.85 -139.599 0.900232
98140000 -3090.16 2.55039 0.4379 0.85 -139.599 0.900232
98150000 -3101.46 2.45768 0.437901 0.85 -139.599 0.900232
98160000 -3125.71 2.14871 0.4379 0.85 -139.599 0.900232
98170000 -3123.25 2.20051 0.4379 0.85 -139.599 0.900232
98180000 -3082.98 2.6733 0.4379 0.85 -139.599 0.900232
98190000 -3144.38 1.97804 0.4379 0.85 -139.599 0.900232
98200000 -3128.59 2.11931 0.4379 0.85 -139.599 0.900232
98210000 -3126.38 2.1492 0.437899 0.85 -139.599 0.900232
98220000 -3126.06 2.2033 0.437898 0.85 -139.599 0.900232
98230000 -3116.76 2.29732 0.437898 0.85 -139.599 0.900232
98240000 -3119.91 2.26943 0.437897 0.85 -139.599 0.900232
98250000 -3098.76 2.60465 0.437897 0.85 -139.599 0.900232
98260000 -3136.18 2.13975 0.437897 0.85 -139.599 0.900232
98270000 -3140.98 2.11279 0.437897 0.85 -139.599 0.900232
98280000 -3121.13 2.26058 0.437897 0.85 -139.599 0.900232
98290000 -3144.17 1.99033 0.437896 0.85 -139.599 0.900232
98300000 -3100.02 2.42096 0.437897 0.85 -139.599 0.900232
98310000 -3130.41 2.10854 0.437896 0.85 -139.599 0.900232
98320000 -3168.35 1.74211 0.437897 0.85 -139.599 0.900232
98330000 -3129.29 2.13475 0.437897 0.85 -139.599 0.900232
98340000 -3107.23 2.42489 0.437896 0.85 -139.599 0.900232
98350000 -3089.69 2.53682 0.437896 0.85 -139.599 0.900232
98360000 -3114.15 2.26818 0.437896 0.85 -139.599 0.900232
98370000 -3111.42 2.24461 0.437896 0.85 -139.599 0.900232
98380000 -3184.28 1.59297 0.437896 0.85 -139.599 0.900232
98390000 -3150.41 1.91971 0.437897 0.85 -139.599 0.900232
98400000 -3085.77 2.61076 0.437897 0.85 -139.599 0.900232
98410000 -3128.8 2.15812 0.437897 0.85 -139.599 0.900232
98420000 -3133.06 2.19571 0.437897 0.85 -139.599 0.900232
98430000 -3113.78 2.29738 0.437897 0.85 -139.599 0.900232
98440000 -3093.58 2.53667 0.437898 0.85 -139.599 0.900232
98450000 -3087.24 2.61552 0.437899 0.85 -139.599 0.900232
98460000 -3123.07 2.21451 0.437899 0.85 -139.599 0.900232
98470000 -3147.89 1.98382 0.4379 0.85 -139.599 0.900232
98480000 -3131.97 2.10374 0.437901 0.85 -139.599 0.900232
98490000 -3160.37 1.83275 0.437901 0.85 -139.599 0.900232
98500000 -3144.64 2.04497 0.437902 0.85 -139.599 0.900232
98510000 -3122.19 2.23748 0.437902 0.85 -139.599 0.900232
98520000 -3154.29 1.87745 0.437901 0.85 -139.599 0.900232
98530000 -3126.19 2.24899 0.437901 0.85 -139.599 0.900232
98540000 -3115.27 2.23496 0.437901 0.85 -139.599 0.900232
98550000 -3101.35 2.43898 0.437902 0.85 -139.599 0.900232
98560000 -3133.61 2.06501 0.437902 0.85 -139.599 0.900232
98570000 -3138.31 2.03714 0.437904 0.85 -139.599 0.900232
98580000 -3141.58 2.04879 0.437904 0.85 -139.599 0.900232
98590000 -3147.05 1.94303 0.437905 0.85 -139.599 0.900232
98600000 -3175.72 1.76283 0.437906 0.85 -139.599 0.900232
98610000 -3119.92 2.25848 0.437906 0.85 -139.599 0.900232
98620000 -3108.99 2.35716 0.437907 0.85 -139.599 0.900232
98630000 -3115.81 2.28452 0.437905 0.85 -139.599 0.900232
98640000 -3128.7 2.16504 0.437905 0.85 -139.599 0.900232
98650000 -3111.45 2.29245 0.437904 0.85 -139.599 0.900232
98660000 -3117 2.23362 0.437905 0.85 -139.599 0.900232
98670000 -3108.76 2.32564 0.437905 0.85 -139.599 0.900232
98680000 -3104.1 2.38444 0.437906 0.85 -139.599 0.900232
98690000 -3098.53 2.429 0.437905 0.85 -139.599 0.900232
98700000 -3114.12 2.2361 0.437905 0.85 -139.599 0.900232
98710000 -3101.56 2.45621 0.437905 0.85 -139.599 0.900232
98720000 -3128.01 2.28375 0.437905 0.85 -139.599 0.900232
98730000 -3110.52 2.3663 0.437905 0.85 -139.599 0.900232
98740000 -3107.74 2.35866 0.437905 0.85 -139.599 0.900232
98750000 -3111.1 2.35156 0.437905 0.85 -139.599 0.900232
98760000 -3132.55 2.14862 0.437905 0.85 -139.599 0.900232
98770000 -3128.28 2.1978 0.437904 0.85 -139.599 0.900232
98780000 -3104.24 2.36394 0.437905 0.85 -139.599 0.900232
98790000 -3149.69 1.92364 0.437905 0.85 -139.599 0.900232
98800000 -3137.1 2.07884 0.437905 0.85 -139.599 0.900232
98810000 -3115.88 2.28031 0.437906 0.85 -139.599 0.900232
98820000 -3104.56 2.42746 0.437905 0.85 -139.599 0.900232
98830000 -3135.98 2.02371 0.437905 0.85 -139.599 0.900232
98840000 -3139.68 2.02665 0.437904 0.85 -139.599 0.900232
98850000 -3104.09 2.41894 0.437905 0.85 -139.599 0.900232
98860000 -3120.46 2.25543 0.437905 0.85 -139.599 0.900232
98870000 -3079.46 2.66276 0.437904 0.85 -139.599 0.900232
98880000 -3096.84 2.53875 0.437904 0.85 -139.599 0.900232
98890000 -3139.99 2.08796 0.437904 0.85 -139.599 0.900232
98900000 -3082.67 2.674 0.437904 0.85 -139.599 0.900232
98910000 -3078.39 2.72564 0.437903 0.85 -139.599 0.900232
98920000 -3061.26 2.81934 0.437903 0.85 -139.599 0.900232
98930000 -3102.89 2.39275 0.437901 0.85 -139.599 0.900232
98940000 -3079.38 2.63223 0.437902 0.85 -139.599 0.900232
98950000 -3104.7 2.37227 0.437902 0.85 -139.599 0.900232
98960000 -3100.72 2.37678 0.437901 0.85 -139.599 0.900232
98970000 -3154.95 1.91015 0.4379 0.85 -139.599 0.900232
98980000 -3130.34 2.1449 0.437899 0.85 -139.599 0.900232
98990000 -3136.8 2.04629 0.437899 0.85 -139.599 0.900232
99000000 -3109.48 2.30002 0.437899 0.85 -139.599 0.900232
99010000 -3112.49 2.30754 0.437899 0.85 -139.599 0.900232
99020000 -3141.25 2.03161 0.437899 0.85 -139.599 0.900232
99030000 -3116.45 2.25857 0.4379 0.85 -139.599 0.900232
99040000 -3104.29 2.41798 0.4379 0.85 -139.599 0.900232
99050000 -3108.72 2.36819 0.4379 0.85 -139.599 0.900232
99060000 -3110.79 2.32113 0.437899 0.85 -139.599 0.900232
99070000 -3102.48 2.45625 0.437898 0.85 -139.599 0.900232
99080000 -3124.62 2.21701 0.437898 0.85 -139.599 0.900232
99090000 -3103.11 2.40464 0.437898 0.85 -139.599 0.900232
99100000 -3128.93 2.14217 0.437898 0.85 -139.599 0.900232
99110000 -3138.03 2.05413 0.437897 0.85 -139.599 0.900232
99120000 -3116.81 2.26305 0.437897 0.85 -139.599 0.900232
99130000 -3121.59 2.26694 0.437896 0.85 -139.599 0.900232
99140000 -3137.27 2.13289 0.437896 0.85 -139.599 0.900232
99150000 -3142.87 2.01895 0.437896 0.85 -139.599 0.900232
99160000 -3101.26 2.4935 0.437895 0.85 -139.599 0.900232
99170000 -3118.71 2.27866 0.437895 0.85 -139.599 0.900232
99180000 -3136.25 2.09011 0.437895 0.85 -139.599 0.900232
99190000 -3124.71 2.20781 0.437895 0.85 -139.599 0.900232
99200000 -3114.25 2.33052 0.437895 0.85 -139.599 0.900232
99210000 -3121.9 2.26881 0.437895 0.85 -139.599 0.900232
99220000 -3082.51 2.58753 0.437894 0.85 -139.599 0.900232
99230000 -3125.43 2.22318 0.437894 0.85 -139.599 0.900232
99240000 -3148.26 1.89985 0.437894 0.85 -139.599 0.900232
99250000 -3152.84 1.88965 0.437893 0.85 -139.599 0.900232
99260000 -3152.64 1.86075 0.437893 0.85 -139.599 0.900232
99270000 -3136.41 2.07172 0.437893 0.85 -139.599 0.900232
99280000 -3121.35 2.21438 0.437894 0.85 -139.599 0.900232
99290000 -3118.36 2.28525 0.437893 0.85 -139.599 0.900232
99300000 -3104.33 2.425 0.437894 0.85 -139.599 0.900232
99310000 -3128.61 2.2088 0.437894 0.85 -139.599 0.900232
99320000 -3112.95 2.27652 0.437895 0.85 -139.599 0.900232
99330000 -3117.5 2.26213 0.437894 0.85 -139.599 0.900232
99340000 -3126.86 2.21105 0.437895 0.85 -139.599 0.900232
99350000 -3121.96 2.24133 0.437895 0.85 -139.599 0.900232
99360000 -3169.75 1.66603 0.437896 0.85 -139.599 0.900232
99370000 -3123.33 2.16743 0.437896 0.85 -139.599 0.900232
99380000 -3129.35 2.16472 0.437897 0.85 -139.599 0.900232
99390000 -3137.43 2.06836 0.437897 0.85 -139.599 0.900232
99400000 -3128.44 2.14516 0.437897 0.85 -139.599 0.900232
99410000 -3118.82 2.28351 0.437897 0.85 -139.599 0.900232
99420000 -3150.79 1.88433 0.437898 0.85 -139.599 0.900232
99430000 -3129.01 2.08878 0.437899 0.85 -139.599 0.900232
99440000 -3140.88 2.06189 0.437898 0.85 -139.599 0.900232
99450000 -3126.47 2.14012 0.437899 0.85 -139.599 0.900232
99460000 -3166.91 1.72832 0.437899 0.85 -139.599 0.900232
99470000 -3129.58 2.1369 0.437899 0.85 -139.599 0.900232
99480000 -3092.12 2.45485 0.4379 0.85 -139.599 0.900232
99490000 -3119.11 2.20943 0.4379 0.85 -139.599 0.900232
99500000 -3123.28 2.1813 0.437901 0.85 -139.599 0.900232
99510000 -3133.71 2.03242 0.437901 0.85 -139.599 0.900232
99520000 -3135.68 2.00484 0.437901 0.85 -139.599 0.900232
99530000 -3130.5 2.04664 0.437901 0.85 -139.599 0.900232
99540000 -3118.9 2.25455 0.437902 0.85 -139.599 0.900232
99550000 -3118.66 2.30825 0.437903 0.85 -139.599 0.900232
99560000 -3115.48 2.27933 0.437903 0.85 -139.599 0.900232
99570000 -3154.8 1.87779 0.437903 0.85 -139.599 0.900232
99580000 -3132.43 2.05006 0.437903 0.85 -139.599 0.900232
99590000 -3113.51 2.30479 0.437904 0.85 -139.599 0.900232
99600000 -3107.6 2.32077 0.437905 0.85 -139.599 0.900232
99610000 -3126.6 2.16513 0.437905 0.85 -139.599 0.900232
99620000 -3129.29 2.13987 0.437904 0.85 -139.599 0.900232
99630000 -3119.65 2.22225 0.437904 0.85 -139.599 0.900232
99640000 -3091.02 2.495 0.437904 0.85 -139.599 0.900232
99650000 -3072.45 2.68462 0.437903 0.85 -139.599 0.900232
99660000 -3106.45 2.38076 0.437902 0.85 -139.599 0.900232
99670000 -3109.43 2.33937 0.437902 0.85 -139.599 0.900232
99680000 -3076.35 2.70852 0.437902 0.85 -139.599 0.900232
99690000 -3143.39 2.07406 0.437903 0.85 -139.599 0.900232
99700000 -3132.94 2.16769 0.437903 0.85 -139.599 0.900232
99710000 -3117.15 2.244 0.437903 0.85 -139.599 0.900232
99720000 -3118.94 2.24774 0.437902 0.85 -139.599 0.900232
99730000 -3105.45 2.40841 0.437902 0.85 -139.599 0.900232
99740000 -3097.14 2.56662 0.437901 0.85 -139.599 0.900232
99750000 -3116.6 2.28243 0.4379 0.85 -139.599 0.900232
99760000 -3112.01 2.41132 0.437899 0.85 -139.599 0.900232
99770000 -3111 2.38525 0.437899 0.85 -139.599 0.900232
99780000 -3129.05 2.15707 0.437899 0.85 -139.599 0.900232
99790000 -3137.9 2.12356 0.4379 0.85 -139.599 0.900232
99800000 -3134.84 2.11959 0.4379 0.85 -139.599 0.900232
99810000 -3147.96 1.96987 0.437899 0.85 -139.599 0.900232
99820000 -3154.48 1.86536 0.437899 0.85 -139.599 0.900232
99830000 -3166.33 1.76695 0.4379 0.85 -139.599 0.900232
99840000 -3132.46 2.15581 0.437901 0.85 -139.599 0.900232
99850000 -3156.8 1.8381 0.437901 0.85 -139.599 0.900232
99860000 -3141.19 1.9486 0.437902 0.85 -139.599 0.900232
99870000 -3162.31 1.714 0.437903 0.85 -139.599 0.900232
99880000 -3144.36 1.89812 0.437903 0.85 -139.599 0.900232
99890000 -3140.92 1.9639 0.437904 0.85 -139.599 0.900232
99900000 -3157.93 1.80788 0.437904 0.85 -139.599 0.900232
99910000 -3142.11 2.04844 0.437906 0.85 -139.599 0.900232
99920000 -3163 1.75888 0.437906 0.85 -139.599 0.900232
99930000 -3133.69 1.99565 0.437906 0.85 -139.599 0.900232
99940000 -3127.26 2.07526 0.437907 0.85 -139.599 0.900232
99950000 -3146.17 1.95165 0.437909 0.85 -139.599 0.900232
99960000 -3118.61 2.22599 0.437909 0.85 -139.599 0.900232
99970000 -3187.56 1.50992 0.437909 0.85 -139.599 0.900232
99980000 -3125.76 2.10611 0.43791 0.85 -139.599 0.900232
99990000 -3146.72 1.88469 0.437911 0.85 -139.599 0.900232
